time_days,dt_days,pressure_mean_bar,pressure_min_bar,pressure_max_bar,free_H2_kg,dissolved_H2_kg,gas_phase_production_kg_day,water_phase_production_kg_day,produced_dry_gas_H2_mole_fraction,bhp_bar,H2_kg,native_H2_kg,H2_rate_kg_day,H2_produced_kg,H2_supplied_kg,H2_balance_residual_kg,H2_physical_balance_residual_kg,N2_kg,native_N2_kg,N2_rate_kg_day,N2_produced_kg,N2_supplied_kg,N2_balance_residual_kg,N2_physical_balance_residual_kg,CH4_kg,native_CH4_kg,CH4_rate_kg_day,CH4_produced_kg,CH4_supplied_kg,CH4_balance_residual_kg,CH4_physical_balance_residual_kg,H2O_kg,native_H2O_kg,H2O_rate_kg_day,H2O_produced_kg,H2O_supplied_kg,H2O_balance_residual_kg,H2O_physical_balance_residual_kg
0.0,0.0,6.434540057784027,5.999557826243381,7.7100319676250875,872958.8128822612,25222.797731826613,0.0,0.0,0.0,6.0,898181.6106140763,898181.4109560957,0.0,0.0,0.0,0.0,0.0,126620.51583094963,126620.48957179357,0.0,0.0,0.0,0.0,0.0,74405.3770680575,74405.36163977478,0.0,0.0,0.0,0.0,0.0,2616886244.923656,2616885752.908214,0.0,0.0,0.0,0.0,0.0
0.0001,0.0001,6.434541053927806,5.999557820780091,7.710032060162064,872958.8057630305,25222.8076893793,92.52481378486215,6.914113129593217e-09,0.9800016540369257,2.9999999999999996,898181.6134523934,898181.4137812061,71.74881945685877,0.007174881945685877,0.01,-7.602064476183723e-09,1.3199134120180436e-05,126620.51481531543,126620.48855432835,10.174646297259587,0.0010174646297259587,0.0,-5.97324748040709e-10,1.8304265126916752e-06,74405.3764868094,74405.36105727962,5.824949568089814,0.0005824949568089814,0.0,-2.0906340623527003e-10,1.2468609678343472e-06,2616886245.1936865,2616885752.907734,4.776398469568083,0.00047763984695680826,0.0,-2.535171353738614e-06,0.2705081383515955
0.00025,0.00015000000000000001,6.4345425601378174,5.999557800309133,7.710032202078619,872958.795084359,25222.82262573565,92.52325768172894,7.035839922094306e-09,0.9800016538911044,2.9999999999999996,898181.6177100927,898181.4180190797,71.74759488151777,0.017937021177913542,0.025,5.226302439431674e-09,3.303760820954488e-05,126620.51329189567,126620.48702815497,10.174472572662172,0.0025436355156252845,0.0,-3.0902319834991143e-09,4.581548868374391e-06,74405.37561495838,74405.36018355051,5.824850276483714,0.0014562224982815385,0.0,-1.7739789038781484e-09,3.1233807836249586e-06,2616886245.6014338,2616885752.9072824,4.776339958101111,0.0011940908406719748,0.0,0.0002623510335430686,0.6789718580220685
0.00047500000000000005,0.00022500000000000005,6.434544843529891,5.999557742036805,7.710032427655022,872958.7790666971,25222.845030326847,92.52092719382748,7.218930995277517e-09,0.9800016536733299,2.9999999999999996,898181.6240970221,898181.4243763518,71.74576089863592,0.034079817380106625,0.04750000000000001,7.346766309895836e-08,6.276323488222518e-05,126620.51100683135,126620.48473895357,10.17421239398076,0.004832833304270956,0.0,-6.696473953474169e-09,8.715023021998655e-06,74405.37430722665,74405.35887299178,5.824701572446617,0.0027667803520820275,0.0,-2.6478879913346964e-09,5.94950744595233e-06,2616886246.218606,2616885752.9067307,4.776252335983092,0.002268747616268171,0.0,0.0007853072170982489,1.2972187560086021
0.0008125000000000001,0.0003375,6.434548317264782,5.99955759279069,7.710032811675952,872958.7550410004,25222.878637336,92.51743960692399,7.494670201472667e-09,0.9800016533488124,2.9999999999999996,898181.6336783373,898181.4339131952,71.7430163226683,0.058293085389007175,0.08125000000000002,1.8487421823976113e-07,0.00010734645852847335,126620.5075794001,126620.48130527468,10.173823032825982,0.008266498577849725,0.0,-2.0318712322039967e-08,1.4949047308200972e-05,74405.37234572756,74405.35690722261,5.824479034830243,0.004732542026337235,0.0,-1.0147326627400755e-08,1.0212092908097777e-05,2616886247.156115,2616885752.906323,4.776121224094137,0.003880688529399942,0.0,0.0019895523599663483,2.2363397568277397
0.00131875,0.00050625,6.434553620697469,5.999557230410644,7.710033538509315,872958.7190042072,25222.929048106547,92.51222646712748,7.91071479883051e-09,0.9800016528680752,2.9999999999999996,898181.6480523087,898181.4482206133,71.73891378884463,0.09461091049460976,0.13187500000000002,4.281194722344228e-07,0.00017414294628706473,126620.50243861065,126620.4761550183,10.17324102087802,0.013416701844669223,0.0,-7.342476463292891e-08,2.436286433068688e-05,74405.36940370165,74405.35395873709,5.82414638953592,0.007681016136039794,0.0,-2.155619692034011e-08,1.666029375959211e-05,2616886248.5863533,2616885752.906403,4.77592527577962,0.0062985007002633745,0.0,0.004487473173407906,3.6689958159163276
0.002078125,0.0007593750000000001,6.4345617373256,5.999446878912911,7.710035090734974,872958.6649529418,25223.004664786768,92.50444751896099,8.540150568406507e-09,0.9800016521581177,2.9999999999999996,898181.6696177237,898181.469686585,71.73279200934991,0.14908299942670986,0.2078125,9.88768251969363e-07,0.0002741468435399075,126620.49472843514,126620.4684303154,10.172372541006288,0.021141347242995875,0.0,-1.3092310469434154e-07,3.883274668991729e-05,74405.36499114893,74405.34953637442,5.8236500161980915,0.01210335036709022,0.0,-5.00006875747e-08,2.644180464141284e-05,2616886250.7789416,2616885752.9080377,4.775632960946839,0.009924996979982382,0.0,0.009748567231447226,5.865210641511232
0.0032171875,0.0011390624999999999,6.434574150537714,5.999226983215209,7.7100387233797125,872958.5838847732,25223.11809084048,92.49286978369054,9.49503309136945e-09,0.9800016511167681,2.9999999999999996,898181.7019756163,898181.5018963254,71.72368058184487,0.23078075433946754,0.32171875,2.2340505903550856e-06,0.00042354435991104333,126620.48316491909,126620.45684469219,10.17107991879418,0.03272684296299737,0.0,-2.584181722636858e-07,6.081241937387627e-05,74405.35837337708,74405.34290364913,5.822911228766714,0.018736010188607304,0.0,-1.1546535157516691e-07,4.132977165076032e-05,2616886254.1558323,2616885752.9132185,4.7751980637798335,0.015364246024506598,0.0,0.020368651999848393,9.247540549888033
0.00492578125,0.0017085937499999996,6.434592944561649,5.998900378201192,7.710047504488465,872958.4622994149,25223.288231711234,92.47570369843218,1.0948737562809402e-08,0.9800016495646949,2.9999999999999996,898181.7505311244,898181.5502321374,71.71017093883799,0.35330430421699777,0.492578125,2.220982695089191e-06,0.0006432273769845231,126620.46582375167,126620.43946972452,10.1691633308117,0.05010181187275142,0.0,-2.5718442353550586e-07,9.461391049248036e-05,74405.34844917207,74405.3329565312,5.82181582187495,0.028683128315513957,0.0,-1.1526581272097713e-07,6.424289303925274e-05,2616886259.359194,2616885752.905064,4.774553617856289,0.02352201849501574,0.0,0.020372032227925895,14.45905983358901
0.007488671874999999,0.0025628906249999996,6.434621047678746,5.998417608979383,7.7100682069680015,872958.2799865007,25223.543446036645,92.45039610514227,1.516966786322816e-08,0.9800016470543657,2.9999999999999996,898181.8234325371,898181.6227869345,71.6902531531401,0.5370385819270572,0.7488671874999999,2.233243297733445e-06,0.000989855315286614,126620.43981115766,126620.4134145141,10.166337742376925,0.0761570235632729,0.0,-2.5590940878894575e-07,0.00013723158975097183,74405.33356251473,74405.31803999317,5.820200889195967,0.04359966661005096,0.0,-1.149993222038237e-07,9.412384398096996e-05,2616886267.3521996,2616885752.8928027,4.773604335598945,0.03575624429418163,0.0,0.02034486734105663,22.46429981195165
0.011333007812499999,0.0038443359374999994,6.434662062007614,5.997709010263946,7.71011383204324,872958.0066118283,25223.92627335518,92.41339218397322,2.1726445102111534e-08,0.9800016434216403,2.9999999999999996,898181.9328851878,898181.7317310754,71.66112862620712,0.8125280340265952,1.13330078125,2.232549572767084e-06,0.0014983643142976177,126620.40080902625,126620.37434757908,10.162206028833559,0.11522395740419691,0.0,-2.5708479275965423e-07,0.00020203402189603037,74405.31124235148,74405.29567426503,5.817839469470799,0.06596539596114348,0.0,-1.1379404418754291e-07,0.0001396899480143876,2616886279.6719527,2616885752.874489,4.7722180811881945,0.054102253765280696,0.0,0.020376992077048274,34.80239899143618
0.01709951171875,0.00576650390625,6.434720019637493,5.996679487348528,7.71020529055132,872957.5967456142,25224.500524114916,92.3599297464086,3.1041819286924344e-08,0.980001638372313,2.9999999999999996,898182.0972697329,898181.895389948,71.61904725313092,1.225519549773678,1.709951171875,2.230267643676953e-06,0.0022240344962549674,126620.34234599622,126620.3157816057,10.156236076353373,0.17378993241128582,0.0,-2.554546755240139e-07,0.00030497899989667676,74405.27778540565,74405.26214534533,5.814427461743184,0.09949431463189282,0.0,-1.1481882214448014e-07,0.0002116627832674245,2616886298.5944757,2616885752.846958,4.770218986222937,0.08160974018300318,0.0,0.020353808328755135,53.7524294995519
0.025749267578125,0.008649755859375,6.434798881535977,5.995205211076709,7.710369428998519,872956.9824390048,25225.361914703626,92.2839924809922,5.1733901737334045e-08,0.9800016308480299,2.9999999999999996,898182.3443537026,898182.1413953188,71.55926894078435,1.8444897555868187,2.5749267578125,2.220890582549373e-06,0.0033026241353759644,126620.25470900076,126620.22800599421,10.147755642139668,0.26156554123638914,0.0,-2.581228430442728e-07,0.0004435923610187076,74405.22763317962,74405.21189389158,5.809580694473246,0.14974576928442468,0.0,-1.1391740634136838e-07,0.0003108914047398881,2616886327.360593,2616885752.805734,4.767387255328832,0.12284647602869345,0.0,0.020366541336310634,82.55978333134486
0.0387239013671875,0.012974633789062502,6.434901655337173,5.993135934555245,7.710631020047807,872956.0619407622,25226.65402399343,92.17863726686345,8.556770117735578e-08,0.9800016204507966,2.9999999999999996,898182.7159647581,898182.5114796249,71.47632000772767,2.771868832276926,3.8723901367187503,2.224783204773928e-06,0.004829377371609489,126620.1234025082,126620.09649526323,10.13598797703272,0.39307627332872913,0.0,-2.5700883737878044e-07,0.0006478318899051927,74405.1524903692,74405.13660396817,5.802855316206606,0.2250356919431199,0.0,-1.1466538285542782e-07,0.0004580036512181751,2616886370.924302,2616885752.7439313,4.763474051464168,0.1846508074101429,0.0,0.020368008643053048,126.1852969217595
0.05818585205078125,0.01946195068359375,6.435028627665007,5.990307588773765,7.710999753062332,872954.6831950839,25228.59222375733,92.03695207057221,1.3993738077184077e-07,0.9800016061716078,2.9999999999999996,898183.2754188388,898183.0687775905,71.36474313404656,4.160765943699076,5.818585205078126,2.2334740741314363e-06,0.006985501199519462,126619.92673024353,126619.89953723049,10.12015890704846,0.5900343068878383,0.0,-2.5619198729120995e-07,0.0009336007878401054,74405.03994070902,74405.02384514242,5.793809013203717,0.3377945172282516,0.0,-1.1513162190279758e-07,0.0006671687473890353,2616886436.4552355,2616885752.6513243,4.758241156210859,0.27725546213296476,0.0,0.020365642034087805,191.80883495660927
0.08737877807617188,0.029192926025390628,6.435174439785044,5.9865664355672,7.711457915039585,872952.6189971851,25231.499580437932,91.85363673483317,2.0540034038576714e-07,0.9800015874564503,2.9999999999999996,898184.1185776215,898183.9089400979,71.2203387432368,6.23989602413365,8.737877807617188,2.2187443562415865e-06,0.009981761787656751,126619.63229066579,126619.60469823754,10.099672447446308,0.8848732975268143,0.0,-2.585045655312257e-07,0.0013330136818916483,74404.87144235306,74404.85504868308,5.7821014006783855,0.5065909756895632,0.0,-1.1601417670981107e-07,0.0009652712552121745,2616886534.6494064,2616885752.512612,4.751524348872042,0.41596636095742867,0.0,0.020364134700104453,290.141716807277
0.13116816711425783,0.04378938903808595,6.435325409600955,5.981793322926252,7.711956627432158,872949.5300967898,25235.86070642608,91.6264989570116,2.3709446235038217e-07,0.9800015634074897,2.9999999999999996,898185.3908032243,898185.1770221686,71.04133925625365,9.350752866612389,13.116816711425784,2.228160958850367e-06,0.014125303220573926,126619.19168296352,126619.16355176907,10.074277809789205,1.3260197678174301,0.0,-2.5668114522758856e-07,0.0018717817002618098,74404.6192930062,74404.60248946131,5.767589547291802,0.7591501981879221,0.0,-1.1528748000699807e-07,0.0013751468869260819,2616886681.515314,2616885752.304903,4.743292580771406,0.6236722450982946,0.0,0.020361183239163694,437.21533036048527
0.19685225067138673,0.0656840835571289,6.435460462692753,5.975896978554807,7.712427012887604,872944.9099872216,25242.402537856942,91.35628526086754,1.0830708937298986e-07,0.9800015334238579,2.9999999999999996,898187.3125250745,898187.0931402497,70.82827417788273,14.003043145919673,19.685225067138674,2.232832354565062e-06,0.019729076987584193,126618.53265774656,126618.50381754895,10.044049999163809,1.9857539872144863,0.0,-2.5741166420623074e-07,0.0025807841419756006,74404.24214824245,74404.22478517299,5.750316797676727,1.136854487206482,0.0,-1.1458464643787636e-07,0.0019346721645423504,2616886901.4495,2616885751.9939833,4.7336443944513595,0.9345973390331725,0.0,0.020366515516326844,657.4604414361706
0.29537837600708006,0.09852612533569333,6.435557700385078,5.968744451914554,7.712807039924099,872938.0027500743,25252.215495352983,91.04378264098395,0.0,0.9800014972942024,2.9999999999999996,898190.2182454242,898189.991613226,70.58168097600894,20.95718269216585,29.53783760070801,2.2217979562810797e-06,0.026976439414909237,126617.54741315791,126617.51766318514,10.009064701928931,2.9719083505298,0.0,-2.5790713387152664e-07,0.00349055880734106,74403.6783127942,74403.6601982403,5.730327158218139,1.7014414190116098,0.0,-1.1547766698427608e-07,0.0026861557189135077,2616887231.4790716,2616885751.5286674,4.722709804827935,1.3999076371877575,0.0,0.020360994884290662,987.9553232675283
0.4431675640106201,0.14778918800354002,6.435602614422926,5.960051205051893,7.71307125959816,872927.681053059,25266.93522750374,90.68630762554102,0.0,0.9800014535000026,2.9999999999999996,898194.6162805628,898194.3810531157,70.2993165864073,31.34666160767478,44.31675640106201,2.226648376790763e-06,0.03557169318244746,126616.07517204394,126616.04435228147,9.96900330611987,4.4452192543458615,0.0,-2.577516760027265e-07,0.004560348656955426,74402.83577353052,74402.81670037107,5.7074396386242165,2.544939288783101,0.0,-1.1493011431440436e-07,0.0036447618049377795,2616887727.2195115,2616885750.8324986,4.710548094389618,2.096075715109222,0.0,0.02036017326962236,1484.391931237265
0.6648513460159301,0.22168378200531003,6.435589707465387,5.949349634219288,7.713239777912698,872912.2757857011,25289.015326933022,90.22857687972278,9.411891461851536e-09,0.9800013992609854,2.9999999999999996,898201.2911126341,898201.0452978851,69.93805903523028,46.85079504071527,66.48513460159302,2.228531769787878e-06,0.04615899698600856,126613.87780026457,126613.84574792472,9.917750125016024,6.64382361104305,0.0,-2.5781394796808854e-07,0.005792925980646402,74401.5782460038,74401.55794546548,5.678155135850397,3.8036941941112916,0.0,-1.1519166331908082e-07,0.004872140417707449,2616888472.8094425,2616885749.791787,4.694612593037969,3.1367951897836344,0.0,0.020368245050968348,2231.0225817231394
0.9973770190238951,0.332525673007965,6.4355157455479235,5.93612367492444,7.713358774192592,872889.344319475,25322.13662569265,89.56905242897874,2.0677841695225768e-07,0.9800013334347492,2.9999999999999996,898211.4809451695,898211.2142883339,69.41893128936437,69.93437188720483,99.73770190238952,2.2230405818390864e-06,0.0670010780185919,126610.60690175067,126610.5723303923,9.844104675834847,9.917241143535888,0.0,-2.577360067590462e-07,0.00831194457010831,74399.70634105738,74399.6838099612,5.636062586769787,5.6778296988919275,0.0,-1.1468402671965805e-07,0.007102698771249472,2616889600.7396383,2616885748.238904,4.669954083788146,4.689674814411582,0.0,0.02036472148555646,3360.505657156178
1.4961655285358426,0.49878850951194753,6.43537104580974,5.919867846797353,7.713474277186689,872855.2331180694,25371.8203630978,88.83659409270709,0.0,0.9800012523089049,2.9999999999999996,898227.0534811676,898226.7557622638,68.84155582566395,104.27174890997128,149.61655285358427,2.2244989850150887e-06,0.0980631477782481,126605.74141341733,126605.70306057084,9.762193252920868,14.786510965727878,0.0,-2.5700216355062366e-07,0.012093433425555133,74396.92183989706,74396.89595501858,5.589252537343443,8.465684641279335,0.0,-1.1492072715668655e-07,0.010456480838296756,2616891303.763164,2616885745.9227366,4.643592476778832,7.005845384684989,0.0,0.020367937175223005,5065.845353441326
2.244348292803764,0.7481827642679213,6.435133978368344,5.900351881511125,7.713621754505367,872804.5341760532,25446.34896466,88.03424152175576,4.501485126992148e-09,0.9800011554177109,2.9999999999999996,898250.8831407109,898250.5418452303,68.20819177144253,155.30394237524564,224.4348292803764,2.229467213510361e-06,0.1416397294934768,126598.5100225715,126598.466385529,9.672335940194833,22.023186006390812,0.0,-2.581833662418376e-07,0.01737762825758793,74392.78329184515,74392.75258733465,5.53790849205988,12.609052325131492,0.0,-1.1500552865584268e-07,0.015276112781142714,2616893879.2936397,2616885742.469265,4.61580532256001,10.45931137024052,0.0,0.020362262116741192,7644.829295043336
2.992531057071685,0.7481827642679213,6.436472917412258,5.884286774948317,7.716929931702005,872754.2813032469,25520.96065508996,87.2444658123983,2.171598910507235e-07,0.9800010772207483,2.9999999999999996,898275.2419583348,898274.7928720954,67.5867608459958,205.8711919329177,299.2531057071685,2.2254420173339895e-06,0.24943048430156978,126591.35143933473,126591.29566748513,9.58417967683874,29.193904050248452,0.0,-2.5819369042778817e-07,0.02951243534429082,74388.69072008571,74388.6469218744,5.487516762201751,16.71471778524215,0.0,-1.1513834152765412e-07,0.02836981345540579,2616903053.938278,2616885739.0380945,4.586008744521906,13.890484069673779,0.0,0.020364497987987562,16822.90510628113
4.114805203473567,1.1222741464018822,6.4379570238875,5.865194034801718,7.721182828928782,872679.6192090391,25632.975950431166,86.41330955305392,0.0,0.9800009854395545,2.9999999999999996,898312.5951594716,898311.9046718061,66.93160951072936,280.9868068638756,411.48052034735673,2.226991171028203e-06,0.49083191187918374,126580.72736996917,126580.64389814436,9.491236500233313,39.845673391846184,0.0,-2.5736185449432014e-07,0.05721241138567024,74382.62187374823,74382.54803876988,5.434396866652743,22.81360088997392,0.0,-1.149317299109498e-07,0.05840658070449223,2616924368.614801,2616885733.924939,4.556066675438508,19.003639908801592,0.0,0.02036497212556654,38142.694784852036
5.79821642307639,1.6834112196028226,6.438680642043573,5.843673849443388,7.724766975828704,872568.8454441739,25801.024482411092,85.4777789939036,7.12852067651613e-08,0.9800008850438106,2.9999999999999996,898369.8699265851,898368.8134895931,66.19434566668009,392.41911103343233,579.821642307639,2.223221827080124e-06,0.8567812346539085,126564.96603672914,126564.84231196118,9.386646589420447,55.64725957492313,0.0,-2.5746582110741656e-07,0.097465354426582,74373.61953989301,74373.50035117389,5.37461523986827,31.86128848581648,0.0,-1.1507581376690723e-07,0.1037603213342706,2616957613.9695377,2616885726.3122644,4.522171569219999,26.61631426539544,0.0,0.020364615584650636,71395.6621960136
7.79821642307639,2.0,6.445111235198289,5.824660278517864,7.7499638837447185,872438.5629287846,26000.97176971806,84.6029640889852,0.0,0.9800008005187486,2.9999999999999996,898439.5346985015,898437.8019819682,65.50575381475548,523.4306186629433,779.821642307639,2.227856157333008e-06,1.533060780509686,126546.46170404,126546.26437945986,9.288966250384833,74.2251920756928,0.0,-2.5802432901400607e-07,0.1710651660644089,74363.06750278777,74362.8628085412,5.3187713162768775,42.498831118370234,0.0,-1.152069870613559e-07,0.18926584864728113,2617016083.895475,2616885717.3333187,4.489472707568008,35.595259680531456,0.0,0.02036429860396538,129874.56707860448
9.79821642307639,2.0,6.452224165633922,5.8099890801517775,7.7706007156975065,872310.0416294452,26200.318850051175,84.00503286134067,0.0,0.9800007384735863,2.9999999999999996,898510.3604794983,898507.7335472729,65.034217343991,653.4990533509254,979.821642307639,2.220474243586068e-06,2.4272764653117065,126528.1115008306,126527.82022938564,9.22207502147174,92.66934211863628,0.0,-2.892913357754878e-07,0.2650119995967657,74352.62003232485,74352.30174301422,5.280532754665771,53.059896627701775,0.0,-1.3286019395764015e-07,0.30286089505413827,2617095010.5813384,2616885708.39692,4.4682077412121535,44.531675162955764,0.0,0.02038127486372332,208810.18935758178
11.79821642307639,2.0,6.4589350010853455,5.798416917154223,7.787505411971174,872212.0270992116,26369.598844340067,83.51776501949767,1.458919138328842e-08,0.9800006926002011,2.9999999999999996,898581.6259435524,898578.4330741548,64.65023655841435,782.799526467754,1179.821642307639,2.219218458776595e-06,2.993213636211749,126509.8332696547,126509.48501625819,9.16760656398018,111.00455524659664,0.0,-2.887896783931865e-07,0.32199395166425404,74342.1904677592,74341.80296255568,5.2493902291556225,63.55867708601302,0.0,-1.330887897665889e-07,0.3720767877124018,2617137282.517881,2616885699.4958563,4.4505316825367265,53.43273852802922,0.0,0.020380720869795255,251091.02696345784
13.79821642307639,2.0,6.465987287198845,5.7891629180078,7.8034548965689385,872158.1090604571,26494.93927423676,83.06911318824613,1.499742690429702e-07,0.9800006593833203,2.9999999999999996,898653.0483346927,898649.8379710155,64.29755157032947,911.394629608413,1379.821642307639,2.2205867935554124e-06,3.0107079172385056,126491.59790598352,126491.24985376463,9.117581246958148,129.23971774051293,0.0,-2.884279126647016e-07,0.3217927744027804,74331.74582573037,74331.36140502749,5.220778764018666,74.00023461405036,0.0,-1.332406043275114e-07,0.36899228692018937,2617125472.298998,2616885690.629449,4.433201756914121,62.299142041857465,0.0,0.02037684028886133,239289.6744839341
15.79821642307639,2.0,6.472502882126167,5.7816138799797585,7.816463288232776,872167.1668722851,26557.11962952344,82.72293041227881,1.846516506752614e-07,0.9800006348406697,2.9999999999999996,898724.28650181,898721.7875531304,64.02520894058775,1039.4450474895884,1579.821642307639,2.2166943836054998e-06,2.2992929156473565,126473.3610974424,126473.09194910125,9.078952331170456,147.39762240285384,0.0,-2.894721262691746e-07,0.24288889561469773,74321.24597054491,74320.96403697984,5.198684023814006,84.39760266167836,0.0,-1.3326094006060885e-07,0.2665051490967443,2617054203.2712955,2616885681.789283,4.420085301358248,71.13931264457396,0.0,0.0203813510864137,168029.48695220528
17.79821642307639,2.0,6.478749491744129,5.775321315005298,7.835845130279129,872193.8786728048,26601.927109690794,82.44783088463927,0.0,0.9800006165719787,2.9999999999999996,898795.8057824969,898794.170210673,63.80863599940506,1167.0623194883985,1779.821642307639,-6.824190359111526e-05,1.4358456014319927,126455.17455259411,126454.99545809183,9.04823433206537,165.4940910669846,0.0,-2.2634760341588844e-05,0.15281271145960318,74310.7646781834,74310.60179903095,5.18111272330786,94.75982810829409,0.0,-1.263554041486259e-05,0.14743823420248248,2616968987.76506,2616885673.337335,4.4098478298609844,79.95900830429593,0.0,0.38812932175198966,82822.80041226548
19.79821642307639,2.0,6.486472645865568,5.769975118142379,7.8629451682015405,872211.3050109859,26656.779665313363,82.22364233498281,0.0,0.9800006029558888,2.9999999999999996,898868.0846762981,898866.9061522424,63.6320291638275,1294.3263778160535,1979.821642307639,-6.834481132500514e-05,0.9787977302378295,126437.08435030725,126436.94908682106,9.023185575860978,183.54046221870655,0.0,-2.2753809872710917e-05,0.10898157632752259,74300.36617502829,74300.26823305136,5.166782952289716,105.09339401287352,0.0,-1.271054580342934e-05,0.082500983669064,2616916456.7957644,2616885664.5255365,4.401644643004617,88.76229759030517,0.0,0.37962003522093823,30300.63440604978
21.79821642307639,2.0,6.495411508359328,5.76537756965713,7.889674322553498,872221.170206693,26719.90104134522,82.03780385050179,0.0,0.9800005930042879,2.9999999999999996,898941.0712480374,898939.9350216178,63.48554592867816,1421.2974696734098,2179.821642307639,-0.00010711210143199423,0.9364613269053734,126419.07984977936,126418.94427735543,9.00240989081967,201.54528200034588,0.0,-1.2437793657227303e-05,0.109300830071561,74290.04544476056,74289.95844580997,5.15489634807804,115.4031867090296,0.0,-7.255782492165963e-06,0.07156341209227435,2616900464.497389,2616885655.8350496,4.394951682925918,97.55220095615701,0.0,0.4790364931137958,14317.125933809093
23.79821642307639,2.0,6.503505045765559,5.761389733938816,7.91189069729013,872237.2643899713,26777.18299112698,81.88178737718343,0.0,0.9800005861255974,2.9999999999999996,899014.4473810993,899013.2100181252,63.36250174600082,1548.0224731654114,2379.821642307639,-0.00010711265258578351,1.037597880852445,126401.12385113718,126400.97435924946,8.984959052886202,219.51520010611827,0.0,-1.2437990818625622e-05,0.12322029366302445,74279.76253959184,74279.6686244824,5.1449106638807915,125.69300803679118,0.0,-7.255597552102699e-06,0.0784795711389279,2616898602.223148,2616885647.056218,4.389415914415624,106.33103278498825,0.0,0.479036840011446,12463.630524667313
25.79821642307639,2.0,6.51010514170123,5.757902460754071,7.929029548105813,872263.8296665405,26824.18468111609,81.74927512901746,0.0,0.9800005812805251,2.9999999999999996,899088.0143476538,899086.6941280842,63.257941154450606,1674.5383554743125,2579.821642307639,-0.0001148447686318832,1.1204467442526038,126383.19513728972,126383.03410100618,8.970130314730056,237.45546073557838,0.0,-1.0051811983657899e-05,0.1347670756620971,74269.49442668978,74269.39577763877,5.136424113011383,135.96585626281396,0.0,-5.8732000809413876e-06,0.08321489509782509,2616896335.0069776,2616885638.3066893,4.384779546825417,115.10059187863908,0.0,0.4990670487745774,10205.18391344999
27.79821642307639,2.0,6.515199642049327,5.7548278576493095,7.9415838324220696,872300.8399993577,26860.821563845413,81.63526335706567,0.0,0.9800005785068919,2.9999999999999996,899161.661563205,899160.3582492203,63.16793949017797,1800.8742344546686,2779.821642307639,-0.00011472834330561454,1.1035412757232734,126365.28307559525,126365.11936691678,8.957366740211757,255.3701942160019,0.0,-1.066078630174161e-05,0.1374388616145552,74259.23052511751,74259.13754080956,5.129118242235352,146.22409274728466,0.0,-6.21793537902704e-06,0.07754980730146599,2616887695.530535,2616885629.549994,4.380838884440596,123.86226964752026,0.0,0.5040495471174324,1574.4691488818341
29.79821642307639,2.0,6.520122296774706,5.752109710612507,7.955717015730838,872339.3433415719,26896.22797886857,81.52277865927194,5.520536954502771e-08,0.9800005773330068,2.9999999999999996,899235.5713204362,899234.1995908546,63.079329183622704,1927.032892821914,2979.821642307639,-0.00011472681671875762,1.1719568742146294,126347.40348881605,126347.22976472513,8.944801096062257,273.2597964081264,0.0,-1.066032069729772e-05,0.1474542745467602,74248.99135637024,74248.89369252081,5.121924144625946,156.46794103653656,0.0,-6.21743538431474e-06,0.08222934928335235,2616886356.8528857,2616885620.796554,4.376724290166405,132.61571822785308,0.0,0.5040582241909703,244.5449479641812
30.0,0.20178357692361004,6.520619362904179,5.751839115102297,7.957189178749415,872343.2285899443,26899.800411789536,81.51108509741418,8.769852190847589e-08,0.9800005772955027,2.9999999999999996,899243.0290017364,899241.6514331939,63.07012466378588,1939.7594081735906,3000.0,-0.0001147281409430434,1.1777958337652308,126345.59976874707,126345.42511415179,8.943495801431924,275.06444698114063,0.0,-1.0660642885795824e-05,0.1483847785740977,74247.95853348808,74247.86032314475,5.121176815293338,157.5013104123847,0.0,-6.2176494282084604e-06,0.08277584297152885,2616886365.209553,2616885619.9134836,4.376287904601546,133.4987812548911,0.0,0.5040507823264022,253.7846780329978
32.0,2.0,6.524925969174004,5.749461912565407,7.969129188594771,872386.2125953884,26930.929651088143,81.39806421124393,7.3290469640858815e-09,0.980000577710912,2.9999999999999996,899317.1422464754,899315.688832949,62.98130017400559,2065.7220085216018,3200.0,-0.00011462503744041896,1.253640920788257,126327.74886125725,126327.56331309795,8.930900450197074,292.9262478815348,0.0,-1.0814082656906976e-05,0.1592781891507684,74237.73694362753,74237.63239482637,5.113964114546414,167.72923864147754,0.0,-6.306930913524411e-06,0.08911421151435661,2616886482.721978,2616885611.1682887,4.371899479823897,142.2425802145389,0.0,0.5026548300174056,380.040902415314
34.0,2.0,6.528706378134127,5.747340157357071,7.979354707741091,872433.0073469083,26958.402818129525,81.2933927540093,2.3033012527037776e-08,0.9800005791974247,2.9999999999999996,899391.4101650357,899389.8906601695,62.8990864377656,2191.520181397133,3400.0,-0.00011452900389485876,1.319732356624172,126309.92046905265,126309.7248268214,8.919242960450186,310.76473380243516,0.0,-1.1169734705163137e-05,0.1693719054554208,74227.52826825106,74227.41781990218,5.107287384635605,177.94381341074876,0.0,-6.461849636707484e-06,0.09501360431130479,2616886586.7779613,2616885602.43174,4.367775994190913,150.9781322029207,0.0,0.5016579177949723,492.8324374702547
36.0,2.0,6.532064745446354,5.745432772156171,7.98831919432914,872482.8833485219,26982.93417429876,81.20048863461557,4.550063852107581e-08,0.9800005815194381,2.9999999999999996,899465.8175228226,899464.2384531738,62.82610355516536,2317.172388507464,3600.0,-0.00011441443029980292,1.379297253853565,126292.1120236844,126291.90703696139,8.908894746258719,328.5825232949526,0.0,-1.1537228829183732e-05,0.1787160297196806,74217.33102145334,74217.21510056175,5.101359567436889,188.14653254562253,0.0,-6.667411440730575e-06,0.10048594146755363,2616886692.549968,2616885593.703306,4.364130811255241,159.70639382543118,0.0,0.5014859312966564,607.3327056044534
38.0,2.0,6.535076687325833,5.7437097456097375,7.9962900981996095,872535.3385666312,27005.042488281815,81.11753169538004,7.04115959407402e-08,0.9800005846266338,2.9999999999999996,899540.3810549144,899538.716602719,62.76092529104014,2442.694239089544,3800.0,-0.00011428708739913418,1.4646799277275022,126274.32125617923,126274.10772960147,8.899653459705995,346.3818302143646,0.0,-1.1977737756296847e-05,0.1872554439633518,74207.14378578357,74207.0229704254,5.096064942292677,198.33866243020788,0.0,-6.919173358710395e-06,0.10538015628156927,2616886665.6367197,2616885584.9816155,4.36088807275284,168.42816997093686,0.0,0.5015714220477037,589.1412336878253
40.0,2.0,6.537804200600554,5.7421471814640075,8.003471495902655,872589.8719784196,27025.153858271686,81.04309262188721,9.460236060244022e-08,0.9800005883741487,2.9999999999999996,899615.0258366955,899613.3117399216,62.702431453904794,2568.099101997354,4000.0,-0.00011417674750191509,1.5143246165484925,126256.54641416707,126256.32500863951,8.891360222703646,364.16455065977186,0.0,-1.2494287716435792e-05,0.1951338772063309,74196.965721302,74196.84034483608,5.091312646236249,208.52128772268037,0.0,-7.216025608158816e-06,0.1099409671805347,2616886660.4396796,2616885576.265262,4.357988393644896,177.14414675822667,0.0,0.501194792894637,592.660170394091
42.0,2.0,6.540298684401939,5.740725200140877,8.010022779715062,872646.1412921194,27043.621458678044,80.97600488591743,1.207666894256623e-07,0.9800005923468093,2.9999999999999996,899689.7627507972,899688.0123251219,62.64970745900559,2693.3985169153652,4200.0,-0.00011405840086808894,1.5506536363154737,126238.78574023646,126238.55723716631,8.883885454351411,381.93232156847466,0.0,-1.3058782997177332e-05,0.20223085530255958,74186.79575995325,74186.66628737365,5.087028569975933,218.69534486263223,0.0,-7.538501051840285e-06,0.11403675838886329,2616886704.1260104,2616885567.5544353,4.3553835233511835,185.85491380492903,0.0,0.5011349658176982,645.0572682360814
44.0,2.0,6.542595054831089,5.739427643189006,8.016013589075056,872703.9159967315,27060.68548743749,80.91532927910342,1.400974411905189e-07,0.980000597056544,2.9999999999999996,899764.6014841681,899762.8082845017,62.60201734659166,2818.6025516085488,4400.0,-0.00011998546142422128,1.593421700379622,126221.03823038617,126220.80298976178,8.877124499854682,399.68657056818404,0.0,-1.1463606711004104e-05,0.2089700047209817,74176.63338852709,74176.49998257955,5.083152857561548,228.8616505777553,0.0,-6.617474468839646e-06,0.11797104734603181,2616886749.655683,2616885558.860769,4.353034715192975,194.56098323531498,0.0,0.5135379380737675,699.293010289148
46.0,2.0,6.54471946347527,5.738240819660536,8.021527751462976,872763.0081042867,27076.526128603306,80.86028473235285,1.595920960929355e-07,0.9800006018067022,2.9999999999999996,899839.5342328913,899837.6907842566,62.55874832639145,2943.7200482613316,4600.0,-0.000123577783597284,1.643667076355996,126203.30240350138,126203.06100898176,8.870990726109234,417.4285520204025,0.0,-1.0791406168664253e-05,0.21512457215015957,74166.47763442824,74166.3407110419,5.079635963040435,239.02092250383618,0.0,-6.229040025118593e-06,0.12148887458357649,2616886751.2473245,2616885550.1652126,4.350909876403831,203.26280298812264,0.0,0.5198015270935912,709.5864714680421
48.0,2.0,6.546696187382093,5.737153395724158,8.026637618604164,872823.2377078431,27091.31078441785,80.81022873741901,1.7081838436042274e-07,0.9800006072316498,2.9999999999999996,899914.5484922631,899912.6519825964,62.51939696073552,3068.7588421828027,4800.0,-0.0001313164921157295,1.6967203696167417,126185.57692686164,126185.3301863455,8.865412400032247,435.159376820467,0.0,-8.62760731479284e-06,0.22047273247648036,74156.3278407649,74156.18783853865,5.076436876454754,249.17379625674567,0.0,-4.979385437309247e-06,0.12456896415443452,2616886735.345025,2616885541.4819326,4.348982671014874,211.9607683301524,0.0,0.5344868779734497,702.3821374059276
50.0,2.0,6.548544404079019,5.736156118740552,8.031398828476465,872884.4405006244,27105.172076543466,80.76464101215635,1.8235541614179924e-07,0.980000612540763,2.9999999999999996,899989.6125771675,899987.6848730933,62.48355481223805,3193.7259518072788,5000.0,-0.0001311951236857567,1.7279148984780477,126167.86161103666,126167.60952168972,8.8603319426187,452.8800407057044,0.0,-9.398145095929067e-06,0.22582079272814326,74146.18388731031,74146.0407927986,5.0735226492543655,259.3208415552544,0.0,-5.420934087396745e-06,0.12766080806972013,2616886755.7416725,2616885532.7875767,4.347231790400643,220.6552319109537,0.0,0.5345944941140885,731.473248440037
52.0,2.0,6.550280436263089,5.73523993556321,8.035855582331234,872946.5221393344,27118.222821441548,80.72302765199956,1.8712630661001868e-07,0.9800006183326365,2.9999999999999996,900064.7449607755,900062.7831915166,62.45083477382671,3318.627621354932,5200.0,-0.00014322409333544783,1.761968054157478,126150.15536483956,126149.89813699678,8.855694153000005,470.5914290117044,0.0,-5.785087466847472e-06,0.23096290163545063,74136.04514890727,74135.89907145196,5.070861715338463,269.4625649859313,0.0,-3.336891040817136e-06,0.13064583570803734,2616886796.0702157,2616885524.12077,4.3456371969606895,229.34650630487508,0.0,0.5590621901900192,780.4930660201461
54.0,2.0,6.551916500306206,5.734397503274941,8.040037925139128,873009.3820217359,27130.54774977312,80.68499011111092,1.8868802563820106e-07,0.9800006243195356,2.9999999999999996,900139.9297715072,900137.9413435597,62.42092402916002,3443.469469413252,5400.0,-0.00014312276834971271,1.7886268441543507,126132.45687100972,126132.19522660211,8.851454778978665,488.29433856966176,0.0,-6.621799855111021e-06,0.2353786297517786,74125.910874682,74125.76221344662,5.068428762838769,279.59942251160885,0.0,-3.816552066382428e-06,0.1332291361110265,2616886856.4290195,2616885515.4320984,4.344182728821498,238.03487176251807,0.0,0.5587560589353018,849.5402352268735
56.0,2.0,6.553462764813225,5.733622433088711,8.043974699468043,873072.947379627,27142.217483710356,80.65018536881004,1.8833490667123303e-07,0.9800006303380943,2.9999999999999996,900215.1648633367,900213.154236941,62.39355335667408,3568.2565761266005,5600.0,-0.00014302805448096478,1.810825387058685,126114.76594428273,126114.50007433927,8.84757569707995,505.98948996382165,0.0,-7.490476889415731e-06,0.23960329691686866,74115.78094399624,74115.62980897803,5.06620198553891,289.73182648268664,0.0,-4.314064085519931e-06,0.13570242143430278,2616886910.1941986,2616885506.7462435,4.342854517852001,246.72058079822207,0.0,0.5586101828351104,911.9911234198346
58.0,2.0,6.55492885813471,5.732909080560736,8.047691141123384,873137.1519330173,27153.29889908358,80.61831343724626,1.839022837309531e-07,0.9800006366806893,2.9999999999999996,900290.4508321023,900288.4172620025,62.36848752375694,3692.9935511741146,5800.0,-0.00014291907973529305,1.8337692001896357,126097.08165242871,126096.81202664456,8.844023397818425,523.6775367594585,0.0,-8.389551794607542e-06,0.24335823853311922,74105.6548225301,74105.50148402461,5.064162219226444,299.8601509211395,0.0,-4.829028398489754e-06,0.13790539373724187,2616886944.890017,2616885498.063067,4.341640480346741,255.40386175891555,0.0,0.5587146260420184,955.370222804753
60.0,2.0,6.556322640167393,5.7322524382179125,8.051209854919303,873201.9698853343,27163.84651749793,80.58911188980656,1.767224861142853e-07,0.9800006432649155,2.9999999999999996,900365.8164028295,900363.72622105,62.345520527735665,3817.684592229586,6000.0,-0.00014281606581789674,1.8903809828143494,126079.40366641618,126079.13048834549,8.840768690926724,541.3590741413119,0.0,-9.30677367705357e-06,0.2469096078622215,74095.53224690138,74095.3768979299,5.062292767129825,309.9847364553992,0.0,-5.389477962580713e-06,0.139915299280176,2616886882.4116607,2616885489.3821507,4.340530080736819,264.0849219203892,0.0,0.5588584781589816,901.5729266048374
62.0,2.0,6.557651497787197,5.731648153761509,8.05456348018408,873267.2694029205,27173.912478653787,80.56235489928264,1.6964915596033548e-07,0.9800006497085898,2.9999999999999996,900441.1818815713,900439.0772713418,62.32447490137195,3942.33354203233,6200.0,-0.00014272152930061566,1.9048095273783474,126061.73172110626,126061.45491427332,8.837786572482392,559.0346472862767,0.0,-1.0233979878648825e-05,0.2505374429057383,74085.41319831353,74085.25573875097,5.060579324105665,320.1058951036105,0.0,-5.920199043885077e-06,0.14202535964460594,2616886891.7665734,2616885480.703124,4.339514270971784,272.7639504623328,0.0,0.5588604164038316,919.6068679046546
64.0,2.0,6.5589218371795885,5.73109199437937,8.057749548512113,873333.0349914134,27183.541369813353,80.53782661773565,1.6034584645876418e-07,0.9800006563827767,2.9999999999999996,900516.5763612273,900514.4669086634,62.30518139313573,4066.9439048186014,6400.0,-0.0001426136750524165,1.909651969659535,126044.0650797964,126043.78480760413,8.835052859009636,576.704753004296,0.0,-1.118515001508058e-05,0.25400185106764184,74075.29721260036,74075.13772208484,5.0590080603176775,330.22391122424585,0.0,-6.465699811997183e-06,0.14405576710839796,2616886929.6692157,2616885472.0260835,4.3385844656184664,281.4411193935697,0.0,0.5589887707059233,966.1866790859525
66.0,2.0,6.5601389760446205,5.730580269422031,8.060787195084913,873399.2528618329,27192.770263893166,80.51534075273061,1.4953697917669568e-07,0.9800006632563618,2.9999999999999996,900592.0231257248,900589.8919213319,62.28749371213601,4191.518892242873,6600.0,-0.0001425209247827297,1.9314038913671538,126026.40299953753,126026.11971304186,8.832546809225342,594.3698466227466,0.0,-1.2128967114222178e-05,0.257015210645136,74065.18382516013,74065.02258732152,5.057567111414771,340.3390454470754,0.0,-7.006183352586959e-06,0.14580254970854867,2616886947.983345,2616885463.3507514,4.337733269491471,290.11658593255265,0.0,0.5591232402919104,993.176274977505
68.0,2.0,6.561307087436667,5.7301096430083165,8.063682738192933,873465.879982013,27201.628610550364,80.49473073980246,1.3778533624757946e-07,0.98000067030384,2.9999999999999996,900667.5085925633,900665.3493593269,62.27128104248695,4316.061454327847,6800.0,-0.0001424409447281505,1.9594328149223657,126008.74521537549,126008.45921232736,8.830249875003522,612.0303463727537,0.0,-1.309345725530875e-05,0.2597307986065971,74055.07290723482,74054.9100950338,5.056245867387031,350.45153718184946,0.0,-7.559129983292223e-06,0.14737635917180114,2616886952.7831388,2616885454.676517,4.336954092710298,298.79049411797325,0.0,0.558797035453722,1006.649976883171
70.0,2.0,6.5624298517305,5.729677114138536,8.066447398664419,873532.8877466378,27210.14241771256,80.47584834835456,1.260008075267736e-07,0.9800006773766052,2.9999999999999996,900743.0301643495,900740.8365056436,62.256426880979184,4440.5743080898055,7000.0,-0.0001423623079972458,1.993858363023719,125991.09174899115,125990.80292017241,8.828145595309277,629.6866375633722,0.0,-1.405778721164097e-05,0.26255560489107665,74044.96446285523,74044.80002465856,5.055034910942604,360.56160700373465,0.0,-8.112490206713119e-06,0.14900180147259334,2616886931.098972,2616885446.0037026,4.336241087124313,307.46297629222187,0.0,0.558464840500676,993.6382921491554
72.0,2.0,6.563511048379778,5.729280015795861,8.069091514551655,873600.221998783,27218.338566189752,80.45856265493123,1.1429045855544911e-07,0.980000684453935,2.9999999999999996,900818.5605649719,900816.3508489773,62.24282838025377,4565.059964850313,7200.0,-0.000142268020681513,2.0099157459344497,125973.44218162302,125973.1504803982,8.826219388433163,647.3390763402385,0.0,-1.5055138646857813e-05,0.26542701362268417,74034.85828066002,74034.69217228798,5.053925900303152,370.66945880434093,0.0,-8.682463999321044e-06,0.15067140686176117,2616886932.3074446,2616885437.332683,4.335589100231602,316.13415449268507,0.0,0.5586234868256952,1003.5179430783479
74.0,2.0,6.564553472239687,5.728915918220583,8.071624362247533,873667.8776870399,27226.236897787683,80.44275528780638,1.023314879982653e-07,0.9800006916773937,2.9999999999999996,900894.1145848233,900891.890063794,62.23039263269257,4689.520750115698,7400.0,-0.0001421859924448654,2.024720862696995,125955.79557619807,125955.50156342052,8.824458008871801,664.9879923579822,0.0,-1.6015070968933287e-05,0.2677376064195869,74024.7538122887,74024.58634921929,5.052911259061087,380.7752813224631,0.0,-9.233032187694334e-06,0.15202555367227433,2616886942.259192,2616885428.6626325,4.334993489512402,324.8041414717099,0.0,0.5585598448178075,1022.1396774748227
76.0,2.0,6.565560158042938,5.728582595923623,8.074053848260384,873735.8271613066,27233.85896470199,80.42831906403376,9.040092920079425e-08,0.9800006990346928,2.9999999999999996,900969.686126007,900967.4519930303,62.219035421498155,4813.958820958695,7600.0,-0.00014210671361070126,2.034332889437792,125938.15249222038,125937.85586341753,8.822849514562511,682.6336913871072,0.0,-1.698893731827411e-05,0.27035265785696083,74014.65136709031,74014.48238035038,5.051984155178714,390.8792496328205,0.0,-9.791579998363886e-06,0.1535486656320586,2616886966.6269283,2616885419.993713,4.334450063195302,333.4730415981005,0.0,0.5585404079149612,1055.1763139407824
78.0,2.0,6.566533706073354,5.728278005851871,8.076388062975177,873804.0549199268,27241.22323342282,80.41515648833804,7.871048764248589e-08,0.9800007065204748,2.9999999999999996,901045.2781533478,901043.0346328453,62.20868013476407,4938.376181228223,7800.0,-0.00014202213242242578,2.043720499748815,125920.5122351577,125920.2130963253,8.821383041299862,700.2764574697069,0.0,-1.7998565226662322e-05,0.272861677775154,74004.55055764646,74004.38010302978,5.051138370855041,400.9815263745306,0.0,-1.0370475877152785e-05,0.15501596349821511,2616886992.3956323,2616885411.325847,4.333955020129565,342.14095163835964,0.0,0.5585846950002633,1089.612927918572
80.0,2.0,6.567476523969939,5.728000258260135,8.078633637829011,873872.5473027367,27248.346827324192,80.40317820176718,6.741892810033629e-08,0.9800007141225571,2.9999999999999996,901120.8941300602,901118.6361198484,62.19925654260253,5062.774694313428,8000.0,-0.00014193389324645977,2.0582102973876317,125902.87467725348,125902.5729980711,8.820048629461263,717.9165547286294,0.0,-1.89938390349198e-05,0.2754010324762248,73994.45129307854,73994.2793660384,5.050368210248633,411.0822627950278,0.0,-1.0941350012672046e-05,0.15648781607382034,2616887006.4086514,2616885402.65897,4.333504886873675,350.807961412107,0.0,0.5587171990027286,1112.2929567772499
82.0,2.0,6.5683906077184435,5.7277476034832215,8.080795401925986,873941.3172052174,27255.243795182007,80.3923021980853,5.664340340819649e-08,0.9800007218343992,2.9999999999999996,901196.5610003985,901194.2547195535,62.19070018797377,5187.156094689375,8200.0,-0.00014185278087097686,2.1064810115949513,125885.23915089971,125884.93532281824,8.818837137721244,735.5542290040719,0.0,-1.9971256051576347e-05,0.2775489541488696,73984.35315993623,73984.18002859171,5.049668443531813,421.1815996820914,0.0,-1.1500978928324912e-05,0.15769156082745894,2616886936.861645,2616885393.9929333,4.333096485501881,359.4741543831107,0.0,0.5588735641715061,1051.412143618035
84.0,2.0,6.5692780012882785,5.7275184255514064,8.082881089998564,874010.2677373403,27261.929580874053,80.38245334749274,4.646811467802855e-08,0.9800007296515765,2.9999999999999996,901272.1973182111,901269.8888156101,62.182952012828316,5311.521998715032,8400.0,-0.00014177055163600016,2.1087028498568543,125867.60568045785,125867.29984146792,8.817740190094444,753.1897093842608,0.0,-2.0941394723195117e-05,0.27955889248278254,73974.25627799192,73974.08195948122,5.049034278320607,431.27966823873265,0.0,-1.205483005151109e-05,0.15887817316087194,2616886955.6803756,2616885385.32758,4.33272691271749,368.1396082085457,0.0,0.5589740914192589,1078.8963277977791
86.0,2.0,6.570140356332855,5.727311229518977,8.08489336131232,874079.4248648908,27268.415825856224,80.37356280699638,3.698826231267861e-08,0.9800007374823518,2.9999999999999996,901347.840690747,901345.5368999945,62.17595784509511,5435.873914405222,8600.0,-0.00014169597125146538,2.103991075986414,125849.97421823141,125849.66634024271,8.816750143688823,770.8232096716384,0.0,-2.1879226437704347e-05,0.28159695341321367,73964.16054811863,73963.98503626275,5.048461340900257,441.37659092053315,0.0,-1.2591502070335991e-05,0.16007098166397782,2616886998.4412904,2616885376.662951,4.332393514300435,376.8043952371466,0.0,0.5591321374761833,1130.3220296289312
88.0,2.0,6.570979101819131,5.72712463087804,8.086835325100362,874148.8037828073,27274.71266782539,80.3655670884723,2.8158062615941077e-08,0.9800007453844207,2.9999999999999996,901423.5164506319,901421.1975644695,62.16966780235712,5560.213250009937,8800.0,-0.00014161620129016228,2.119086565577163,125832.34448928482,125832.03461949594,8.815859896033029,788.4549294637045,0.0,-2.2833925868326332e-05,0.28358779889185826,73954.06583150939,73953.88914458068,5.04794556773601,451.47248205600516,0.0,-1.3138097358478262e-05,0.16124550789862724,2616887009.973421,2616885367.9989166,4.332093850504218,385.468582938155,0.0,0.5592854718769331,1150.518348048171
90.0,2.0,6.571795982625652,5.726957345566516,8.088710852395016,874218.376316992,27280.832746980337,80.35840773328812,1.9988325984069763e-08,0.9800007534016978,2.9999999999999996,901499.2090639743,901496.8694926468,62.16403594396384,5684.541321897865,9000.0,-0.00014155103417579085,2.139771795933484,125814.71623503807,125814.40449274155,8.815062910232927,806.0850552841704,0.0,-2.3767849484102044e-05,0.2854593726052599,73943.97193949444,73943.7941776092,5.047483218679102,461.5674484933634,0.0,-1.3672214663529303e-05,0.1623199303076035,2616887011.686868,2616885359.3351836,4.33182568040058,394.1322342989562,0.0,0.5592038271544197,1160.8954465029356
92.0,2.0,6.572592252952532,5.726808180658275,8.090523785137087,874288.1375067875,27286.785160875737,80.35203085472632,1.2506446073643883e-08,0.9800007615327954,2.9999999999999996,901574.922667661,901572.5514529198,62.15901989414529,5808.859361686155,9200.0,-0.00014148967602523044,2.1714152708809706,125797.08934271097,125796.77578544729,8.814353175867037,823.7137616359045,0.0,-2.4710380444048496e-05,0.2872733972411652,73933.87884483566,73933.70003536044,5.0470708543820315,471.66159020212746,0.0,-1.4212217308795516e-05,0.16336698029573427,2616886983.886187,2616885350.671912,4.331586942838425,402.795408184633,0.0,0.5591062856767053,1141.7579392744158
94.0,2.0,6.573368864114544,5.726676029596782,8.092277746647612,874358.0462280212,27292.5773054903,80.3463867785769,5.726276356051222e-09,0.9800007697763492,2.9999999999999996,901650.62353351,901648.2422811221,62.1545805861731,5933.168522858501,9400.0,-0.00015211503705359064,2.181442292265274,125779.46369495499,125779.14833787744,8.813725152003519,841.3412119399115,0.0,-2.197621802224603e-05,0.2890759452682232,73923.78648597794,73923.60662633282,5.046705304026986,481.7550008101814,0.0,-1.2631776598936995e-05,0.16441873062171908,2616886980.515839,2616885342.030971,4.331375742099593,411.4581596688322,0.0,0.5809166268400077,1147.0503427819303
96.0,2.0,6.574127107004036,5.726559864268232,8.093975968413499,874428.1078800735,27298.218506034438,80.3414296257873,0.0,0.9800007781328746,2.9999999999999996,901726.3263861041,901723.9409173146,62.15068193587127,6057.469886730244,9600.0,-0.00015205081581370905,2.1856587580914493,125761.8390800614,125761.52198950243,8.813173720024096,858.9675593799598,0.0,-2.2911177893547574e-05,0.2908084917266933,73913.69474524236,73913.5138585207,5.046383638362929,491.84776808690725,0.0,-1.3167173221972917e-05,0.16544527177387636,2616886998.7140083,2616885333.36863,4.331190331528994,420.1205403318902,0.0,0.580956172039123,1173.9108926764031
98.0,2.0,6.574868027723798,5.726458726466694,8.095621563088626,874498.3169108136,27303.716412286016,80.33711688210106,0.0,0.980000786603467,2.9999999999999996,901802.0333230981,901799.6463363777,62.147290502985534,6181.764467736215,9800.0,-0.0001519817415100988,2.187176758048736,125744.21549419913,125743.8966002958,8.812694136167071,876.5929476522939,0.0,-2.3845474402151012e-05,0.29261090179318217,73903.60361815986,73903.42165170221,5.0461031425569525,501.93997437202114,0.0,-1.3700547526696027e-05,0.16652447438599438,2616887029.3327,2616885324.706624,4.331029100391486,428.78259853267315,0.0,0.5810084714854042,1213.191642321583
100.0,2.0,6.575592430682053,5.7263717186825085,8.09721735956626,874568.6720376511,27309.076966582783,80.33340895478949,0.0,0.9800007951903449,2.9999999999999996,901877.7490042334,901875.357586159,62.14437514330709,6306.053218022829,10000.0,-0.0001519138204457704,2.1916081799681706,125726.5924619132,125726.272035383,8.812281981629939,894.2175116155538,0.0,-2.4795024955892586e-05,0.2941425791193524,73893.51277751129,73893.32992858134,5.045861287993462,512.0316969480081,0.0,-1.4245433817450248e-05,0.1674064018042145,2616887053.9934034,2616885316.044933,4.330890541859005,437.44437961639113,0.0,0.5810983663911315,1246.5141270643587
102.0,2.0,6.576301398769705,5.726298006555475,8.09876598322771,874639.1706562882,27314.308009542572,80.33026921461584,0.0,0.9800008038953765,2.9999999999999996,901953.4786658311,901951.0737721525,62.14190704144992,6430.337032105729,10200.0,-0.00015183740470092744,2.2050838606228353,125708.9700715674,125708.64816809326,8.81193316852978,911.8413779526134,0.0,-2.574769609964278e-05,0.2956185703776555,73883.42234959942,73883.23861656588,5.045655734941667,522.1230084178914,0.0,-1.4791008766223968e-05,0.16828995981802564,2616887059.3102508,2616885307.383516,4.330773269694472,446.1059261557801,0.0,0.5812278983337933,1260.492520928119
104.0,2.0,6.57699550301635,5.726236809179184,8.100269881003985,874709.82626538,27319.413702428294,80.32766354096171,0.0,0.9800008127200913,2.9999999999999996,902029.2399678079,902026.7940445828,62.13985935337061,6554.61675081247,10400.0,-0.00016070044512161985,2.2461045441086753,125691.34813101613,125691.02488240058,8.811643889120129,929.4646657308537,0.0,-2.366213573168352e-05,0.2969657973504809,73873.33212194846,73873.14764916613,5.045484303575439,532.2139770250423,0.0,-1.3583609984380018e-05,0.1690309160102288,2616886991.5990386,2616885298.7403593,4.330675994895524,454.76727814557114,0.0,0.5994233596519507,1201.442660759707
106.0,2.0,6.577675684658304,5.726187400477688,8.101734902474231,874780.554738512,27324.401818864288,80.32556035817355,0.0,0.9800008216671743,2.9999999999999996,902104.9565573791,902102.517630182,62.13820723626248,6678.893165284995,10600.0,-0.0001606287023605546,2.2391085878425656,125673.72642265394,125673.40206023135,8.811410618706587,947.0874869682668,0.0,-2.4593951593487873e-05,0.2980786725750022,73863.24210749498,73863.05695867904,5.045344976389039,542.3046669778204,0.0,-1.4117925388745789e-05,0.16970641530576813,2616887011.9657445,2616885290.079285,4.330597526815457,463.4284731992021,0.0,0.5995442517533434,1230.470561707808
108.0,2.0,6.578342639885948,5.7261491022306235,8.103161317316747,874851.3943550164,27329.277175758434,80.32393029962121,0.0,0.9800008307395818,2.9999999999999996,902180.6715307777,902178.2437750802,62.13692758402581,6803.1670204530465,10800.0,-0.00016056243475759402,2.227937154493702,125656.10504978328,125655.77959913352,8.811230078873132,964.709947126013,0.0,-2.5534044198138872e-05,0.2991659596568752,73853.15232268638,73852.9664863889,5.045235876750401,552.3951387313211,0.0,-1.4654556935056462e-05,0.1703933602041161,2616887051.8930864,2616885281.4183736,4.33053675997186,472.0895467191458,0.0,0.5997062116384768,1279.0589771657706
110.0,2.0,6.578997186457735,5.72612127744814,8.104547187310697,874922.3621532925,27334.04556313796,80.32274589900742,0.0,0.9800008399404807,2.9999999999999996,902256.4077164312,902253.9717775896,62.13599878460055,6927.439018022247,11000.0,-0.0001604837816557847,2.236120377179759,125638.48398996895,125638.15739979636,8.811099203072727,982.3321455321585,0.0,-2.646505697612156e-05,0.30030455147982593,73843.06267014277,73842.87617528322,5.045155249227792,562.4854492297767,0.0,-1.5261784596987127e-05,0.17105131504865767,2616887068.8708434,2616885272.757552,4.3304926621063515,480.7505320433585,0.0,0.5998700980154581,1304.6977194670644
112.0,2.0,6.579639644824346,5.7261033269002715,8.105895602114707,874993.4433680283,27338.709681096174,80.32198141969644,0.0,0.9800008492732083,2.9999999999999996,902332.1530491258,902329.7009764732,62.135400585893315,7051.709819194034,11200.0,-0.00016042847346398048,2.252254243579955,125620.86323600559,125620.53536867008,8.811015117621414,999.9541757674014,0.0,-2.735608734383277e-05,0.30158082336117786,73832.97321095393,73832.7859718749,5.045101448720257,572.5756521272172,0.0,-1.5772670622027363e-05,0.17179502365365806,2616887066.003742,2616885264.0966105,4.330464267461455,489.4114605782814,0.0,0.5998570321388002,1310.491546809513
114.0,2.0,6.5802705966780035,5.726094686892187,8.107209441921697,875064.6416456229,27343.273804203898,80.32161274016394,0.0,0.9800008587412424,2.9999999999999996,902407.9154498262,902405.4307485208,62.13511400584266,7175.9800472057195,11400.0,-0.0001603691835043719,2.284882955626017,125603.24219842437,125602.9134174992,8.810975128953064,1017.5761260253075,0.0,-2.8269058020669036e-05,0.30249350004487496,73822.88358423373,73822.6958254852,5.045072933166217,582.6657979935496,0.0,-1.629602616048942e-05,0.17231416978188463,2616887016.655314,2616885255.4356847,4.330450672202004,498.0723619226854,0.0,0.5998325113694705,1269.804019904558
116.0,2.0,6.580890696672173,5.726094830844151,8.108492410734433,875135.903917207,27347.74337500021,80.32161740388425,0.0,0.9800008683481926,2.9999999999999996,902483.647292207,902481.1605058403,62.13512137188695,7300.250289949494,11600.0,-0.00016030585538828745,2.2869680802323273,125585.62133246713,125585.291463124,8.810976729230617,1035.1980794837687,0.0,-2.9185805487941252e-05,0.3035810012620459,73812.79408585155,73812.60568842622,5.045068266743592,592.7559345270369,0.0,-1.6821524354782014e-05,0.1729523210909747,2616887013.1087456,2616885246.77494,4.330451036023078,506.73326399473154,0.0,0.5999899163624036,1274.9183535828968
118.0,2.0,6.5815005527537,5.72610326449781,8.109742482675136,875207.2495506764,27352.122765979948,80.32197440069959,0.0,0.9800008780977609,2.9999999999999996,902559.3723166594,902556.8896936063,62.13540614904508,7424.521102247584,11800.0,-0.00016024179058149457,2.282804830756504,125568.0002839577,125567.6694270958,8.811017571966438,1052.8201146277015,0.0,-3.0070074899413157e-05,0.304567635775129,73802.70451932336,73802.51551570787,5.045086105931162,602.8461067388992,0.0,-1.732801388243388e-05,0.1735580047673011,2616887034.916044,2616885238.11409,4.330464573756919,515.3941931422454,0.0,0.6000690158110729,1305.3865813906891
120.0,2.0,6.582100496710006,5.726119521983616,8.110961481484289,875278.6822661682,27356.41454060085,80.32266398691516,0.0,0.9800008879937095,2.9999999999999996,902635.0968067679,902632.6177880738,62.13595279845457,7548.793007844493,12000.0,-0.00016017733832995873,2.2792005360988696,125550.37887000997,125550.04723525976,8.811095451962792,1070.4423055316272,0.0,-3.100218805229815e-05,0.3053445919629212,73792.61475027849,73792.425264799,5.045125188039001,612.9363571149771,0.0,-1.7860798720903404e-05,0.17403933596881416,2616887063.7688985,2616885229.453207,4.330490548458804,524.055174239163,0.0,0.6001671628995382,1342.9004167394683
122.0,2.0,6.582690890751636,5.726143166779229,8.112150932313735,875350.2028138876,27360.621502394228,80.32366771510118,0.0,0.9800008980398569,2.9999999999999996,902710.8243162814,902708.34429453,62.13674680095792,7673.066501446409,12200.0,-0.00016011927073122934,2.2802036515131476,125532.75749867084,125532.42481776362,8.81120830866538,1088.064722148958,0.0,-3.1880996175459586e-05,0.30638987016027386,73782.52499914373,73782.33489562909,5.045184333119547,623.0267257812162,0.0,-1.8364480069976707e-05,0.17465686745038056,2616887085.540045,2616885220.7922387,4.3305282723583165,532.7162307838796,0.0,0.6002554039357619,1373.3326195816396
124.0,2.0,6.58327208150714,5.726173787791122,8.113312242388865,875421.8184450904,27364.746232195714,80.3249682581539,0.0,0.9800009082400519,2.9999999999999996,902786.5646772892,902784.0687455701,62.13777451872478,7797.342050483859,12400.0,-0.00016004167264327407,2.296113696822431,125515.1353485738,125514.8021080766,8.811354206538228,1105.6874305620345,0.0,-3.315493313493789e-05,0.3069481861944041,73772.43480637395,73772.24437027154,5.045262432747401,633.117250646711,0.0,-1.885653273347998e-05,0.1749889631601036,2616887070.8887606,2616885212.1312156,4.33057710014348,541.3773849841666,0.0,0.6003864642691497,1367.3424895640921
126.0,2.0,6.583844503665923,5.726210997350371,8.114446743662617,875493.526187991,27368.792043848458,80.32654931604584,0.0,0.9800009185981514,2.9999999999999996,902862.3182318385,902859.7906993888,62.13902312194351,7921.6200967277455,12600.0,-0.00015997909395082388,2.3277144900112035,125497.51314994729,125497.17904455768,8.8115313246712,1123.310493211377,0.0,-3.402451829970232e-05,0.30781220903600115,73762.34456050697,73762.15365288715,5.045358444075957,643.2079675348629,0.0,-1.9352768845237733e-05,0.17545998433854493,2616887008.3433166,2616885203.470095,4.330636425355165,550.038657834877,0.0,0.6005389002456241,1313.4583184031144
128.0,2.0,6.584408755567159,5.72625443255908,8.115555632106252,875565.2581031314,27372.76416093289,80.32839566628522,0.0,0.9800009291180238,2.9999999999999996,902938.0222640663,902935.5097381866,62.14048062861914,8045.901057984984,12800.0,-0.00015992408043530304,2.3127079749956465,125479.8901492426,125479.55556777996,8.811737962430758,1140.9339691362386,0.0,-3.487737717478012e-05,0.30828742919970864,73752.25392448647,73752.06270961212,5.0454713930629485,653.2989103209887,0.0,-1.9841677044496464e-05,0.17576674996723796,2616887034.319715,2616885194.808802,4.330705682172368,558.7000691992217,0.0,0.6006572348052259,1348.0961282354765
130.0,2.0,6.5849650579273975,5.726303750933559,8.116639906396584,875637.0564167235,27376.663975615258,80.33049297282979,0.0,0.9800009398035225,2.9999999999999996,903013.7203923374,903011.2254591014,62.142135754232434,8170.185329493449,13000.0,-0.00016750084614614025,2.2951077546094893,125462.266895244,125461.93162436722,8.811972518135464,1158.5579141725095,0.0,-3.325384091112937e-05,0.3089784668766242,73742.16316479149,73741.97150976064,5.045600362279823,663.3901110455483,0.0,-1.8968595895785256e-05,0.1762077795431196,2616887077.8516493,2616885186.162895,4.330784338182058,567.3616378755859,0.0,0.6163189859679505,1400.289631173163
132.0,2.0,6.585513624109681,5.726358631580123,8.117700786144932,875708.9386556633,27380.493016853718,80.33282783126451,0.0,0.9800009506584625,2.9999999999999996,903089.431672517,903086.9375032645,62.1439779473417,8294.473285388132,13200.0,-0.00016744302047300152,2.294343828853016,125444.64270617194,125444.30715655499,8.8122334941232,1176.182381160756,0.0,-3.407782560316264e-05,0.3092563830673498,73732.07186734547,73731.88002030288,5.045744493804202,673.4816000331567,0.0,-1.9438745653133083e-05,0.17639932112899714,2616887096.632932,2616885177.501305,4.3308718959954,576.0233816675767,0.0,0.6164726786240635,1427.7326578669176
134.0,2.0,6.586054720361933,5.726418772345004,8.118739335234423,875780.9004801275,27384.25342644149,80.33538764705719,0.0,0.9800009616869527,2.9999999999999996,903165.1539065689,903162.645508724,62.145997294001674,8418.765279976136,13400.0,-0.0001673955030128127,2.308572468764396,125427.01812431644,125426.68211675729,8.812519482872945,1193.807420126502,0.0,-3.490977792353078e-05,0.30971349330980047,73721.98031391887,73721.78821386294,5.045902981472668,683.5734059961021,0.0,-1.9915745042453636e-05,0.1766518574793281,2616887082.6830897,2616885168.8393726,4.3309678887099,584.6853174449965,0.0,0.616475987629542,1422.4447511913345
136.0,2.0,6.586588654278812,5.726483881364019,8.119756518063616,875852.9450964076,27387.947514496325,80.33816026823678,0.0,0.9800009728929909,2.9999999999999996,903240.892610906,903238.3491403281,62.1481842284769,8543.06164843309,13600.0,-0.0001673344595474191,2.343645262873906,125409.39262452147,125409.05645749414,8.812829126308396,1211.4330783791188,0.0,-3.5920315440307604e-05,0.3098719509539478,73711.88821755124,73711.69606328683,5.046075047415402,693.6655560909329,0.0,-2.0397021330609277e-05,0.17670558467750652,2616887012.0731635,2616885160.1772504,4.331071866036087,593.3474611770687,0.0,0.6164974700984658,1360.4969686996517
138.0,2.0,6.587115789240771,5.726553688823576,8.120753265793205,875925.0047334078,27391.578874753937,80.34113447376625,0.0,0.980000984279536,2.9999999999999996,903316.5836081608,903314.0480805468,62.15052991712176,8667.362708267334,13800.0,-0.00016728155605960637,2.3357023519201903,125391.76657094085,125391.43013433751,8.81316117114197,1229.0594007214027,0.0,-3.673465789688635e-05,0.3101407126164304,73701.79591217388,73701.6035428746,5.0462599731818365,703.7580760372966,0.0,-2.0862889869022183e-05,0.17692015368265857,2616887011.041531,2616885151.5150213,4.331183412320683,602.00982800171,0.0,0.616635233613124,1368.1277031008922
140.0,2.0,6.587636410941589,5.726627941041695,8.12173011060586,875997.1155464803,27395.149378065067,80.34429973523983,3.1855182149531365e-09,0.980000995850165,2.9999999999999996,903392.2649245447,903389.7420284566,62.153026071798564,8791.66876041093,14000.0,-0.00016722809414204676,2.323070879398074,125374.140008428,125373.80310465436,8.813514440892725,1246.6864296031881,0.0,-3.753602231881814e-05,0.31060708155837347,73691.70326062146,73691.51062824568,5.0464570846104095,713.8509902065175,0.0,-2.1322581687854836e-05,0.17718277048470554,2616887030.4760985,2616885142.8524976,4.331302141123652,610.6724322839574,0.0,0.6167157693699892,1396.2248748346165
142.0,2.0,6.588150691230913,5.726706397786258,8.122688052224978,876069.2834698934,27398.660377733846,80.34764609434215,7.249984606072932e-09,0.9800010076083984,2.9999999999999996,903467.9438476267,903465.4306988025,62.15566485306958,8915.98009011707,14200.0,-0.00016717614016670268,2.313323667493023,125356.51242939132,125356.17532818772,8.813887822753564,1264.3142052486953,0.0,-3.8357159837687504e-05,0.3108036903875018,73681.61007700881,73681.417296286,5.046665743975565,723.9443216944686,0.0,-2.1794311237499642e-05,0.1773306457811259,2616887050.9983506,2616885134.189735,4.331427681793422,619.3352876475442,0.0,0.6168084910500511,1425.409982281028
144.0,2.0,6.588658945031581,5.726788830043363,8.123627889339831,876141.5129619542,27402.11421052862,80.35116406608265,1.1466615734700195e-08,0.9800010195572235,2.9999999999999996,903543.6271724879,903541.1138211967,62.158438793795774,9040.29696770466,14400.0,-0.00016719429186196066,2.313526116307912,125338.8838772096,125338.54676688695,8.814280256965741,1281.9427657626268,0.0,-3.914399235327437e-05,0.31081202259997553,73671.51634150058,73671.32352514361,5.046885343909805,734.0380923822883,0.0,-2.2248881919040286e-05,0.17736582537293089,2616887055.488734,2616885125.5228705,4.331559682877928,627.9984070133,0.0,0.6130634616642965,1438.5634847949773
146.0,2.0,6.58916134836086,5.726875021950357,8.124550352589374,876213.8112377462,27405.512220084758,80.35484471966562,1.581587125939861e-08,0.9800010316997456,2.9999999999999996,903619.3234578326,903616.791139516,62.16134086316187,9164.619649430984,14600.0,-0.00016714863886591047,2.3324931872921297,125321.25460306548,125320.9173846101,8.814690745611697,1299.57214725385,0.0,-3.9929618424139335e-05,0.3109193696948296,73661.42214792002,73661.22929407046,5.047115312430999,744.1323230071503,0.0,-2.2697167878504843e-05,0.17740286967455177,2616887016.874624,2616885116.8595667,4.331697814276933,636.6618026418539,0.0,0.6131552381368692,1408.6127704305502
148.0,2.0,6.589658070727481,5.7269647707921925,8.125456150589917,876286.1589220873,27408.85603815809,80.35867967740909,2.0278908276330288e-08,0.9800010440392952,2.9999999999999996,903695.0149602449,903692.4624106395,62.16436446589628,9288.948378362777,14800.0,-0.00016709338888176717,2.352724531399872,125303.62424533062,125303.28714711011,8.815118352455496,1317.202383958761,0.0,-4.072470164828701e-05,0.3107983397467251,73651.32732648624,73651.13458338886,5.047355112851283,754.2270332328528,0.0,-2.3153067331804777e-05,0.17729166159301712,2616886959.6269207,2616885108.1960206,4.331841766484926,645.3254861748237,0.0,0.613292685749002,1360.028750888111
150.0,2.0,6.590149420466981,5.727057885966806,8.126345836260962,876358.5076706907,27412.14866472838,80.36266107005261,2.483754296853259e-08,0.9800010565791414,2.9999999999999996,903770.6563354192,903768.1274038783,62.1675034069447,9413.283385176666,15000.0,-0.00016704074732842855,2.3291065195699048,125285.99304878013,125285.65602192553,8.815562198062075,1334.833508354885,0.0,-4.151315397393773e-05,0.31072618538428287,73641.23211199079,73641.03937445655,5.047604240982868,764.3222417148186,0.0,-2.3603412500960985e-05,0.17728564810886382,2616886985.245069,2616885099.5321627,4.33199124890053,653.9894686726248,0.0,0.6134172466909149,1394.3108817127859
152.0,2.0,6.590635459556071,5.727154186621625,8.127220172371091,876430.9021051235,27415.39024872175,80.3667814352687,2.9474146828792923e-08,0.9800010693222732,2.9999999999999996,903846.2923538421,903843.7859003088,62.170751811482944,9537.624888799632,15200.0,-0.00016698728904884774,2.3066285654331296,125268.36088101668,125268.02397822427,8.816021448544157,1352.4655512519732,0.0,-4.231732759762963e-05,0.3106013190174508,73631.13638404896,73630.94364955838,5.04786221870492,774.4179661522284,0.0,-2.4064174908744462e-05,0.1772821436969707,2616887019.453498,2616885090.8680043,4.332145986010838,662.6537606446465,0.0,0.6135508744438312,1437.1836025445182
154.0,2.0,6.591116363473433,5.727253500905637,8.128080077948768,876503.3488540462,27418.582117573274,80.37103368549359,3.4171624620195865e-08,0.9800010822706537,2.9999999999999996,903921.9309716179,903919.4376921555,62.174104099189236,9661.97309699801,15400.0,-0.0001669421817496186,2.2934545396801695,125250.72761260149,125250.3909868447,8.816495312253169,1370.0985418764797,0.0,-4.307239919398853e-05,0.3103235283381309,73621.0399752314,73620.84739194188,5.048128592064215,784.5142233363567,0.0,-2.4496550395269878e-05,0.17713051025748427,2616887041.852454,2616885082.203526,4.332305716158592,671.3183720769637,0.0,0.6136840047590795,1468.2471702756636
156.0,2.0,6.591592342519846,5.7273556675073145,8.128925771497475,876575.8629624564,27421.72572298053,80.37541117271769,3.891349670080734e-08,0.9800010954273599,2.9999999999999996,903997.5886854407,903995.0825763827,62.17755503642921,9786.328207070868,15600.0,-0.00017264213056478184,2.3062784353260213,125233.09318623276,125232.75702180013,8.816983046209225,1387.732507968898,0.0,-4.2024539652629755e-05,0.30986325202138687,73610.94288057348,73610.75058667881,5.048402934966182,794.6110292062891,0.0,-2.3889681301625387e-05,0.17684172227166073,2616887012.861443,2616885073.5503035,4.332470194026561,679.9833124650168,0.0,0.6254018319295938,1447.921099520986
158.0,2.0,6.592063568307304,5.7274605334772275,8.12975762071419,876648.4429981993,27424.822435708877,80.37990762600468,4.369748659783738e-08,0.9800011087733131,2.9999999999999996,904073.2654339039,904070.7203770743,62.181099673806834,9910.690406418482,15800.0,-0.0001726028676785063,2.345226246125094,125215.4576550166,125215.12205314277,8.81748395786063,1405.3674758846194,0.0,-4.276618506082741e-05,0.3092999515813517,73600.84513810392,73600.6532165543,5.048684850013693,804.7083989063165,0.0,-2.4314163283634116e-05,0.17646895273969676,2616886916.2968397,2616885064.885025,4.332639188021011,688.6485908410588,0.0,0.6254017732181865,1360.021774568323
160.0,2.0,6.59253029940874,5.727567958270546,8.130576148603758,876720.9989746714,27427.87541449456,80.38451730471425,4.854190728332308e-08,0.9800011222833804,2.9999999999999996,904148.8743891674,904146.3509101687,62.18473347591404,10035.05987337031,16000.0,-0.00017255663806281518,2.3236484614626534,125197.82119976469,125197.48605758275,8.817997416152352,1423.003470716924,0.0,-4.3493900420799037e-05,0.3088395319780375,73590.74697759768,73590.55526818687,5.048973974947091,814.8063468562107,0.0,-2.4731700023039593e-05,0.176256396393228,2616886926.25111,2616885056.219537,4.3328124862426804,697.3142158135441,0.0,0.6255385026005342,1378.6416699036627
162.0,2.0,6.592992632038905,5.72767780903314,8.131381502638439,876793.5922395112,27430.884817044916,80.38923467798566,5.341066790546223e-08,0.9800011360108316,2.9999999999999996,904224.4770565544,904221.9740059817,62.1884521173831,10159.436777605077,16200.0,-0.00017250889686692972,2.303220083222186,125180.18373152667,125179.84901128999,8.81852278402582,1440.6405162849758,0.0,-4.421860762704455e-05,0.3084168620177934,73580.64823180003,73580.45672788315,5.049269944658268,824.9048867455272,0.0,-2.5146102871076437e-05,0.17605048806535706,2616886948.6065097,2616885047.553631,4.332989885329139,705.9801955842024,0.0,0.6256123208052031,1409.663049282933
164.0,2.0,6.59345061689767,5.7277899591176205,8.132175026716428,876866.2269752868,27433.851126512276,80.39405453846005,5.829120082258063e-08,0.9800011499584442,2.9999999999999996,904300.0781018,904297.5895030202,62.192251498738955,10283.821280602555,16400.0,-0.00017247295181732625,2.2887683263543295,125162.54499999352,125162.21089161433,8.819059479506562,1458.278635243989,0.0,-4.4935250116395764e-05,0.3078042878787528,73570.54874310236,73570.35758262202,5.049572425194079,835.0040315959153,0.0,-2.5556848981977964e-05,0.17570664078391474,2616886966.644575,2616885038.887368,4.33317119331166,714.6465379708258,0.0,0.6256920807805955,1436.3674571030583
166.0,2.0,6.593904445888506,5.727904287339959,8.132957327257612,876938.9091830741,27436.77575697521,80.39897190189663,6.317128937560973e-08,0.9800011641289047,2.9999999999999996,904375.6849400452,904373.1972476753,62.19612769618515,10408.213535994924,16600.0,-0.0001724254761938937,2.2878619639013777,125144.90514342766,125144.5716770228,8.81960694556979,1475.9178491351286,0.0,-4.5635641072294675e-05,0.30716161315831414,73560.44862598181,73560.25782002637,5.049881096890796,845.1037937896969,0.0,-2.5958718993024377e-05,0.17535171400834315,2616886960.119818,2616885030.220733,4.333356226422188,723.3132504236702,0.0,0.6257694971565115,1438.509412647486
168.0,2.0,6.594354165458907,5.728020677165216,8.133728099081551,877011.6497390757,27439.659052794286,80.40398197219008,6.803903918552764e-08,0.9800011785248043,2.9999999999999996,904451.3087918683,904448.7970938501,62.20007693407113,10532.613689863067,16800.0,-0.00017238251166418195,2.3118676550802775,125127.2640596802,125126.93134703129,8.820164646237053,1493.5581784276026,0.0,-4.633467801795632e-05,0.30640715816366537,73550.34775593971,73550.15742832092,5.050195652140739,855.2041850939784,0.0,-2.6359885168858455e-05,0.1748729761964114,2616886894.083143,2616885021.553702,4.3335448077801955,731.9803400392306,0.0,0.6258278245699103,1381.1398272866977
170.0,2.0,6.594799968101316,5.72813902039888,8.134487550620836,877084.4025651534,27442.503123644365,80.40908030062967,7.288303466535667e-08,0.980001193148633,2.9999999999999996,904526.9056887977,904524.3889024967,62.204095710207916,10657.021881283483,17000.0,-0.00017231552556040697,2.3169560049318534,125109.62175721418,125109.28988215259,8.820732084366568,1511.1996425963357,0.0,-4.704464799942798e-05,0.3055688608787932,73540.24626652467,73540.05639599818,5.05051580555849,865.3052167050953,0.0,-2.7071506565334857e-05,0.1744151722703009,2616886849.819838,2616885012.8863945,4.333736773379746,740.6478135859901,0.0,0.6259939944678763,1345.543995646232
172.0,2.0,6.595241979996324,5.728259215711118,8.13523590295247,877157.1486278365,27445.309319894,80.4142627230011,7.769226883119155e-08,0.9800012080027947,2.9999999999999996,904602.4579477324,904599.9725410537,62.20818074637364,10781.43824277623,17200.0,-0.00017226577620022,2.2855764323903713,125091.97824344633,125091.64726386243,8.821308794621428,1528.8422601855787,0.0,-4.774556828124332e-05,0.30467268227266686,73530.14411006033,73529.95471301788,5.050841289961598,875.4068992850185,0.0,-2.7471880798657367e-05,0.17394128784837903,2616886875.1491103,2616885004.2186313,4.333931969736699,749.3156775254635,0.0,0.6260947007564255,1379.5411318559077
174.0,2.0,6.595680368729716,5.728381166822511,8.135973553834484,877229.9282026101,27448.0784729979,80.41952528188001,8.245606544600849e-08,0.9800012230895332,2.9999999999999996,904678.006675606,904675.5478832396,62.21232892711869,10905.862900630467,17400.0,-0.00017222562746610492,2.2589621602237457,125074.33345669966,125074.00347449131,8.821894334819024,1546.4860488552167,0.0,-4.8447041990584694e-05,0.30367460524757917,73520.04120737164,73519.85236891317,5.051171851425134,885.5092429878688,0.0,-2.7873745125361893e-05,0.17338230201596616,2616886904.81934,2616884995.550486,4.334130250973234,757.98393802741,0.0,0.6262100229544103,1417.8796222696585
176.0,2.0,6.596115154002722,5.7285047809964444,8.136701084163716,877302.7484893026,27450.810788379575,80.42486416182575,8.716402098849994e-08,0.9800012384109525,2.9999999999999996,904753.559277682,904751.1148043536,62.21653724877904,11030.295975128025,17600.0,-0.00017661408128333278,2.2446387337513443,125056.68750072911,125056.35849850978,8.822488278684572,1564.1310254125858,0.0,-4.78712024687411e-05,0.3026951920621741,73509.93765572953,73509.74935479528,5.051507245140431,895.6122574781497,0.0,-2.75013568398208e-05,0.17284515018616275,2616886916.9749613,2616884986.8909364,4.334331476385737,766.6526009801814,0.0,0.6353232625911005,1438.7039062742183
178.0,2.0,6.596546520649093,5.728629969011246,8.13741884940425,877375.6199997021,27453.507531214862,80.43027568832677,9.180600827737368e-08,0.9800012539690666,2.9999999999999996,904829.1275309148,904826.6731987705,62.22080281867154,11154.737580765368,17800.0,-0.00017655980627750978,2.254497603957134,125039.04021129072,125038.71231740608,8.823090215715183,1581.7772058440162,0.0,-4.85434727579559e-05,0.3015861851010868,73499.83329738617,73499.64565977482,5.051847235337075,905.7159519488238,0.0,-2.805114070270065e-05,0.17218127749640644,2616886881.0357575,2616884978.221995,4.33453551040899,775.3216720009995,0.0,0.6354527856063896,1411.4337735558702
180.0,2.0,6.59697452916875,5.728756647112753,8.138127198918971,877448.5393825382,27456.16930507208,80.43575641258623,9.637224958929799e-08,0.9800012697658205,2.9999999999999996,904904.7086876119,904902.2229529732,62.22512292181606,11279.187826609,18000.0,-0.00017651345842750743,2.28590014459769,125021.3914949127,125021.0649171951,8.823699760641247,1599.4246053652987,0.0,-4.9233180106966756e-05,0.3002693283724511,73489.72812459341,73489.54127617761,5.0521916006888645,915.8203351502015,0.0,-2.844697166892729e-05,0.1713916861189091,2616886787.790622,2616884969.552638,4.334742225812318,783.9911564526241,0.0,0.6355804142634724,1326.8581227001828
182.0,2.0,6.597399301292723,5.72888474727902,8.1388264936295,877521.4136532806,27458.798391073182,80.44130355832593,1.0085368987010525e-07,0.9800012858024807,2.9999999999999996,904980.212044355,904977.7639618332,62.229495372062395,11403.646817353125,18200.0,-0.00017690934328129515,2.2482476318618865,125003.74153756608,125003.41628345083,8.824316603761723,1617.0732385728222,0.0,-4.9769918632591725e-05,0.29894518926789715,73479.62235938548,73479.43619554648,5.052540162825165,925.9254154758518,0.0,-2.875244638289587e-05,0.1707068038366515,2616886816.5776024,2616884960.883741,4.334951520530339,792.6610594936848,0.0,0.6365863033771575,1364.3150058933734
184.0,2.0,6.597820822420357,5.729014193322123,8.139516599214392,877594.3218203048,27461.393871131033,80.44691398665888,1.0524113888795464e-07,0.9800013020814408,2.9999999999999996,905055.7156914382,905053.2961264767,62.23391769861531,11528.114652750355,18400.0,-0.00017686859428067692,2.219730112276011,124986.0903807842,124985.76640198047,8.824940394635375,1634.723119362093,0.0,-5.045101420364517e-05,0.2976691966571252,73469.51586286812,73469.3304097154,5.052892719899479,936.0312009156507,0.0,-2.9143728852432105e-05,0.16999572627833004,2616886842.055035,2616884952.213497,4.335163278749874,801.3313860511845,0.0,0.6366691207950907,1398.4627651786868
186.0,2.0,6.598239194645187,5.729144910256393,8.140198154308502,877667.2630748075,27463.956588531255,80.4525845975698,1.0952546840536301e-07,0.9800013186023389,2.9999999999999996,905131.219663338,905128.8193515942,62.238387460273195,11652.5914276709,18600.0,-0.000176830573764164,2.2004769326813403,124968.43784921181,124968.11525971923,8.82557078715724,1652.3742609364076,0.0,-5.1137938044121256e-05,0.2962791985869444,73459.4085677547,73459.2239111742,5.053249073809326,946.1376990632693,0.0,-2.9537318823713576e-05,0.16919876047040816,2616886855.9581394,2616884943.542808,4.3353773858555025,810.0021408228955,0.0,0.6367347865185593,1421.0366242556652
188.0,2.0,6.598654546983097,5.729276828568655,8.140871457210974,877740.2456567396,27466.4874465794,80.45831252060081,1.1369796244283318e-07,0.9800013353663121,2.9999999999999996,905206.7331033235,905204.3335468374,62.24290239715336,11777.077232465208,18800.0,-0.0001767930225469172,2.1997217124444433,124950.78394699683,124950.46284414512,8.826207460946707,1670.0266758583011,0.0,-5.17901507919305e-05,0.2947919054995509,73449.30049636903,73449.11669271943,5.053609040394084,956.2449171440575,0.0,-2.991129724705388e-05,0.1683454555940216,2616886833.657178,2616884934.8716846,4.33559373580463,818.6733282945048,0.0,0.6367987534891881,1407.4068502328287
190.0,2.0,6.599066976305885,5.729409881915792,8.141536799167088,877813.2819119095,27468.987060099298,80.4640950133406,1.1775016170764321e-07,0.9800013523749551,2.9999999999999996,905282.2689720062,905279.8386261868,62.24746035049535,11901.572153166198,19000.0,-0.0001767426438163966,2.2305110961024184,124933.12854483162,124932.80914329134,8.826850109747854,1687.6803760777968,0.0,-5.242444035502558e-05,0.29308995978340135,73439.19151982984,73439.00874731228,5.0539724435910856,966.3528620312396,0.0,-3.0431259233409946e-05,0.1673138035808961,2616886737.148775,2616884926.2001257,4.3358122272564605,827.3449527490177,0.0,0.636864351037957,1319.5700718629398
192.0,2.0,6.599476676568282,5.729544011916269,8.142194475897847,877886.2943742354,27471.457981101106,80.46992967071108,1.2167399898697404e-07,0.9800013696298282,2.9999999999999996,905357.7523553316,905355.3345073699,62.25205942704379,12026.076272020286,19200.0,-0.00017670548550086096,2.2180132755820523,124915.47182035615,124915.15414570362,8.827498464986917,1705.3353730077706,0.0,-5.3082179874763824e-05,0.2913624142875051,73429.08185676477,73428.90006867706,5.054339128893583,976.4615402890267,0.0,-3.080869646510109e-05,0.16632899629621534,2616886713.3224883,2616884917.528182,4.336032771460816,836.0170182919393,0.0,0.6369862294087625,1304.4158506131062
194.0,2.0,6.599883624700184,5.729679163653554,8.14284451746848,877959.2989713807,27473.900038363736,80.47581423035477,1.2546164254357938e-07,0.9800013871324332,2.9999999999999996,905433.1990097467,905430.821107712,62.256697845903034,12150.58966771209,19400.0,-0.0001806715881684795,2.1780633824964752,124897.81392757833,124897.49784169508,8.828152274046777,1722.9916775558643,0.0,-5.254263192000508e-05,0.2897741845638393,73418.9715943471,73418.79065108932,5.054708950934445,986.5709581908957,0.0,-3.0494564498440013e-05,0.1654844804941149,2616886746.2875385,2616884908.8640084,4.33625528493216,844.6895288618036,0.0,0.6453231962152586,1346.0534114034601
196.0,2.0,6.6002878415804975,5.729815284309212,8.14348712874217,878032.3320989395,27476.313036676707,80.48174651352176,1.2910545259897508e-07,0.9800014048841946,2.9999999999999996,905508.6451356162,905506.2983599681,62.261373892013005,12275.112415496116,19600.0,-0.00018063143943436444,2.1469370360428,124880.15455156277,124879.84021845061,8.82881129367268,1740.6493001432095,0.0,-5.319975070960936e-05,0.2880207563425756,73408.86046041151,73408.68048717432,5.055081769716831,996.6811217303293,0.0,-3.087013101321645e-05,0.16451408434295445,2616886773.305074,2616884900.191145,4.3364796872246965,853.3624882362531,0.0,0.645419087235723,1381.7439064644025
198.0,2.0,6.6006893847192005,5.729952322597294,8.144122702124765,878105.4015479393,27478.69738692295,80.48772451303363,1.3290884305997195e-07,0.9800014228114131,2.9999999999999996,905584.0989348653,905581.7661881259,62.26608594232212,12399.64458738076,19800.0,-0.00018058896966977045,2.132908169827715,124862.49396079878,124862.18126714586,8.82947532798629,1758.3082507991821,0.0,-5.384852920542471e-05,0.28638064832557575,73398.74860818505,73398.56957185872,5.055457471814676,1006.7920366739587,0.0,-3.1242101044881565e-05,0.16357680151361365,2616886771.2092004,2616884891.5178304,4.336705903819388,862.0359000438918,0.0,0.6455163234938937,1388.3214444393386
200.0,2.0,6.6010883700101735,5.730090227809354,8.144751473330842,878178.5212395026,27481.05378851175,80.49374603823492,1.3665623587612073e-07,0.9800014409761691,2.9999999999999996,905659.5750280151,905657.2245235466,62.270832307338125,12524.186251995437,20000.0,-0.0001805535939638503,2.1506659342485364,124844.83159538233,124844.52097829117,8.830144109613851,1775.9685390184097,0.0,-5.448399292617978e-05,0.28430345110996313,73388.63569510478,73388.45789968644,5.055835903907327,1016.9037084817734,0.0,-3.1606565585207136e-05,0.16233552905544002,2616886701.248333,2616884882.8440576,4.336933854031843,870.7097677519555,0.0,0.6456112196678987,1327.0344447424645
202.0,2.0,6.601484874817252,5.730228955735319,8.145373677875394,878251.6521597703,27483.383445690513,80.49980924088278,1.4028233227457608e-07,0.9800014593954933,2.9999999999999996,905735.0356054583,905732.6733005032,62.27561154124551,12648.737475077929,20200.0,-0.00018051457300316542,2.162466459980351,124827.16790004294,124826.85934281108,8.83081742634664,1793.630173871103,0.0,-5.511139329428261e-05,0.28224296441317165,73378.52204908426,73378.34546543827,5.056216943892793,1027.016142369559,0.0,-3.1966957976692356e-05,0.16112339632491057,2616886627.8729343,2616884874.1698437,4.337163469680167,879.3840946913158,0.0,0.645724272767211,1262.3333730459606
204.0,2.0,6.601879044384286,5.730368468798171,8.145989512855394,878324.736090753,27485.688325630596,80.5059125795068,1.437815198944903e-07,0.9800014780703964,2.9999999999999996,905810.4244163858,905808.1124556783,62.28042243048897,12773.298319938907,20400.0,-0.00018047847697744146,2.1121222484725877,124809.50279133469,124809.19635196778,8.83149510623305,1811.293164083569,0.0,-5.574222223003744e-05,0.28012446862203433,73368.40769642228,73368.23226409176,5.0566004925984425,1037.129343354756,0.0,-3.232827134524996e-05,0.15997171953654288,2616886667.1895075,2616884865.4951725,4.337394693967849,888.0588840792515,0.0,0.6458424876071831,1310.3247355769017
206.0,2.0,6.602270807671658,5.730508727712247,8.146598773968188,878397.8438406332,27487.967150840406,80.51205443198943,1.4714822571335387e-07,0.9800014970018277,2.9999999999999996,905885.8109914729,905883.541928315,62.285263698106846,12897.868847335121,20600.0,-0.00018044559692498296,2.0692247317783767,124791.83639477547,124791.53199742764,8.83217696833391,1828.9575180202369,0.0,-5.6345700158999534e-05,0.2780818460737464,73358.29259872284,73358.1182908542,5.056986445733315,1047.2433162462225,0.0,-3.267436431997339e-05,0.1588469115636144,2616886706.4171567,2616884856.820039,4.337627466963568,896.7341390131786,0.0,0.6459637163951584,1358.2276397227124
208.0,2.0,6.602660218535383,5.730649588152702,8.147201968632267,878470.9865273671,27490.22023953239,80.51822856074493,1.5037461576979577e-07,0.980001516188608,2.9999999999999996,905961.2067668977,905958.9616674831,62.29013043508384,13022.449108205288,20800.0,-0.0001804072926461231,2.0452610267275304,124774.16846598028,124773.86627220202,8.832862317162315,1846.6232426545614,0.0,-5.693698744835274e-05,0.2758776852135725,73348.17660094883,73348.00354170623,5.057374404939345,1057.3580650561012,0.0,-3.301244987596874e-05,0.1575979474396263,2616886717.3513284,2616884848.144391,4.337861553934042,905.4098621210467,0.0,0.6460390886675214,1377.837534507216
210.0,2.0,6.603047400201766,5.730790643621445,8.147799302522673,878544.1711134623,27492.44842755882,80.52441718602688,1.5344784761605218e-07,0.9800015356290341,2.9999999999999996,906036.6195410244,906034.3716502079,62.29500865243077,13147.03912551015,21000.0,-0.00018037761765299365,2.048052458332677,124756.49892032656,124756.19917327388,8.833549168718237,1864.290340991998,0.0,-5.752769197897578e-05,0.27343036892284545,73338.05964985592,73337.88801489586,5.057763235471344,1067.473591527044,0.0,-3.335188284836477e-05,0.1561733254648061,2616886674.780047,2616884839.468258,4.3380962828543845,914.0860546867555,0.0,0.646098498553556,1343.9424456398194
212.0,2.0,6.603432486383812,5.730932122544827,8.148390958590062,878617.4027436291,27494.652647181472,80.53063037847176,1.5636967940070976e-07,0.9800015553252728,2.9999999999999996,906112.0553908125,906109.7718360303,62.299906273093995,13271.638938056338,21200.0,-0.00018200903650722466,2.0837147925376485,124738.82794046267,124738.53069585611,8.834238647261328,1881.9588182865207,0.0,-5.7650939425002434e-05,0.2709277995543289,73327.94185182973,73327.77170766979,5.0581535789997645,1077.5898986850434,0.0,-3.3419951250834856e-05,0.15468245727879548,2616886552.4977274,2616884830.795086,4.338332035486342,922.7627187577282,0.0,0.6495905724559634,1230.3367901650463
214.0,2.0,6.603815570495224,5.73107415057465,8.148977156477516,878690.5786557285,27496.835139008934,80.53687372424443,1.59138844774384e-07,0.9800015752789841,2.9999999999999996,906187.4137947358,906185.1621806847,62.304827691564086,13396.248593439466,21400.0,-0.00018197146710008383,2.0517740990035236,124721.15579539949,124720.86083250507,8.83493137643444,1899.6286810393894,0.0,-5.8249109315511305e-05,0.26864548924913834,73317.82349420112,73317.65461574576,5.058545791132386,1087.7069902673081,0.0,-3.376171139279904e-05,0.15341641093050384,2616886553.9443865,2616884822.1180687,4.338569024252374,931.4398568062329,0.0,0.6497114090466312,1240.4605873016858
216.0,2.0,6.604196719911237,5.731216766144798,8.14955776197385,878763.7542290885,27498.995744048436,80.5431489886029,1.6175189307942497e-07,0.9800015954913277,2.9999999999999996,906262.749973138,906260.5426321233,62.30977429611489,13520.868142031695,21600.0,-0.00018194063886767253,2.0075010934160673,124703.48260978141,124703.18957681753,8.835627553400718,1917.299936146191,0.0,-5.88298505590501e-05,0.26671497796564836,73307.70455878228,73307.53673544558,5.058939983767603,1097.8248702348433,0.0,-3.4094358397851465e-05,0.15236095962654872,2616886594.6215086,2616884813.440534,4.338807317071565,940.117471440376,0.0,0.6497914629590014,1289.8153240519177
218.0,2.0,6.604575799705197,5.731359968016028,8.150133004775979,878836.9553355358,27501.133308068576,80.54945619408923,1.642044781812245e-07,0.9800016159631595,2.9999999999999996,906338.088643608,906335.9131247895,62.31474610389461,13645.497634239484,21800.0,-0.0001970667035493534,1.9756637712598604,124685.80793127247,124685.5169261868,8.836327180851699,1934.9725905078944,0.0,-5.5098878419812536e-05,0.26469083073470756,73297.58474849972,73297.41806528541,5.059336157662347,1107.9435425501679,0.0,-3.193920292687835e-05,0.15122299239283166,2616886620.936734,2616884804.7935686,4.339046915885058,948.7955652721461,0.0,0.6809197910364446,1324.8086434848842
220.0,2.0,6.604952880053082,5.731503737142114,8.150703145256061,878910.1923050524,27503.248252238656,80.55579457756379,1.664919295750335e-07,0.9800016366944291,2.9999999999999996,906413.4405572924,906411.2736397958,62.319742513514925,13770.137119266514,22000.0,-0.00019703332145581953,1.9670624826867424,124668.13173086708,124667.84286523858,8.837030174086689,1952.6466508560677,0.0,-5.569892732637527e-05,0.262550773519024,73287.46404656184,73287.2985964137,5.05973426364058,1118.0630110774491,0.0,-3.228362947993446e-05,0.14998958179603505,2616886604.808161,2616884796.115073,4.339287792813521,957.4741408577731,0.0,0.680999969559025,1317.3586456528476
222.0,2.0,6.605329820005699,5.731648017182777,8.151270939319659,878983.4679424661,27505.353277673585,80.56216172471575,1.6860908767031543e-07,0.9800016576850996,2.9999999999999996,906488.821220139,906486.6241165714,62.32476162481014,13894.786642516134,22200.0,-0.00019700815028045326,1.9972485789185157,124650.45386764932,124650.16739202137,8.837736264036131,1970.32212338414,0.0,-5.638806715069222e-05,0.2601600838320337,73277.34235328417,73277.17832772399,5.0601341471869565,1128.1832793718231,0.0,-3.267897136538522e-05,0.148564598496705,2616886502.789865,2616884787.4362597,4.339529857291608,966.1532005723564,0.0,0.6812462266532293,1224.0194096025077
224.0,2.0,6.605706993701101,5.731792741986476,8.15183726741277,879056.7037390574,27507.452183084548,80.56855477740736,1.7055089716331015e-07,0.9800016789356147,2.9999999999999996,906564.1559221413,906561.9644921704,62.329801188886975,14019.446244893908,22400.0,-0.00021903138986090198,1.991552958927059,124632.77474981772,124632.49050744782,8.83844513189566,1987.9990136479314,0.0,-5.069782537248102e-05,0.25793251601817246,73267.22000940652,73267.05725975931,5.060535625388614,1138.3043506226004,0.0,-2.9392869691946544e-05,0.14729197162341734,2616886459.750704,2616884778.801669,4.3397730017870195,974.8327465759304,0.0,0.726201604464336,1189.65979440079
226.0,2.0,6.606083844339714,5.7319378701477115,8.152400554571207,879129.8924679818,27509.541421092174,80.57497196181502,1.7231288177223566e-07,0.9800017004465705,2.9999999999999996,906639.4338890763,906637.2947725853,62.334859809981644,14144.115964513872,22600.0,-0.00021899652710999362,1.939239513962093,124615.09443239383,124614.81219372424,8.839156579861365,2005.677326807654,0.0,-5.126167889102362e-05,0.2559282518523105,73257.09705469341,73256.93538226756,5.06093858450602,1148.4262277916125,0.0,-2.97156082069705e-05,0.1462144275276387,2616886505.8768835,2616884770.121733,4.340017159778887,983.5127808954882,0.0,0.7262999918626747,1244.466008415477
228.0,2.0,6.606459979534231,5.732083376678538,8.152960951972027,879203.0964266856,27511.617573592885,80.58141222466257,1.7389091021016166e-07,0.9800017222186738,2.9999999999999996,906714.714000277,906712.6148993088,62.33993665924624,14268.795837832366,22800.0,-0.00021895453392062336,1.899224033099017,124597.4127863333,124597.13245202125,8.839870490522712,2023.3570677886994,0.0,-5.198362191549677e-05,0.25402317236444105,73246.97332544214,73246.81269604186,5.061342956768216,1158.548913705149,0.0,-3.00277743008337e-05,0.1451710897972589,2616886543.1664476,2616884761.4413214,4.340262292016323,992.1933054795209,0.0,0.7264127602520603,1290.4360971322003
230.0,2.0,6.606835193951117,5.732229231365164,8.153518654866394,879276.3288692872,27513.679130566834,80.58787427652545,1.7528090154701264e-07,0.9800017442526433,2.9999999999999996,906790.0079998546,906787.9248378921,62.3450307221502,14393.485899276666,23000.0,-0.00021892694348935038,1.8832850550388684,124579.72964518999,124579.45127802278,8.84058672008765,2041.0382412288748,0.0,-5.254191614767478e-05,0.2520554692312089,73236.84870471068,73236.68919840296,5.061748659352184,1168.6724110238533,0.0,-3.0347965093824314e-05,0.14404767703263133,2616886542.3181405,2616884752.7603974,4.340508350216311,1000.8743221799534,0.0,0.7265055219334045,1298.268806699912
232.0,2.0,6.607209280576292,5.732375544836868,8.154073738266852,879349.6057332347,27515.72452785434,80.5943632098036,1.7708388749347588e-07,0.9800017664665306,2.9999999999999996,906865.3302610903,906863.2245460199,62.35014595634101,14518.186191189348,23200.0,-0.00021888640185352415,1.9058382033981616,124562.04481545754,124561.76866570191,8.841305868281609,2058.720852965438,0.0,-5.312622670317069e-05,0.24983747334772488,73226.72307224535,73226.56488599913,5.062156033807925,1178.7967230914692,0.0,-3.0684179364470765e-05,0.1427272793262091,2616886463.4392934,2616884744.0789866,4.340755528456955,1009.5558332368673,0.0,0.7266057893575635,1228.0714706346334
234.0,2.0,6.60758207668969,5.732522394271034,8.154626708445132,879422.8884270912,27517.753318259165,80.60088240700203,1.7883181824459257e-07,0.9800017889335407,2.9999999999999996,906940.6417453517,906938.5139759236,62.35528506349652,14642.896761316342,23400.0,-0.00021885568276047707,1.927892591804266,124544.35882538656,124544.08460859943,8.842028285535173,2076.4049095365085,0.0,-5.3657636726711644e-05,0.24790397343576842,73216.59678316135,73216.43975513284,5.062565280332546,1188.9218536521344,0.0,-3.098980459981249e-05,0.14156875599064733,2616886375.1958146,2616884735.39708,4.341003956469607,1018.2378411498065,0.0,0.7267070021624704,1148.5099997725483
236.0,2.0,6.607953675073027,5.732669761116257,8.155177896608722,879496.1079545664,27519.767270375745,80.60743109495972,1.8043100335863028e-07,0.9800018116674614,2.9999999999999996,907015.8752249422,907013.7930810683,62.36044744248294,14767.617656201308,23600.0,-0.0002188260477851145,1.8822670672743698,124526.67166422957,124526.39910032447,8.842753880660677,2094.09041729783,0.0,-5.4171268857317045e-05,0.2462505777621118,73206.46992370713,73206.31380214539,5.062976346355769,1199.0478063448459,0.0,-3.128454454781604e-05,0.1406619944823433,2616886411.6091256,2616884726.7146792,4.34125360589133,1026.9203483615893,0.0,0.7268135105150577,1193.6058179889696
238.0,2.0,6.608323926293022,5.732817559145106,8.155726783118265,879569.3359160088,27521.764481631064,80.61400550268563,1.8187714754570824e-07,0.9800018346693524,2.9999999999999996,907091.1003976377,907089.0618208419,62.365630127045655,14892.3489164554,23800.0,-0.00021879841369809583,1.8387000168368104,124508.9830564752,124508.71213534553,8.843482232579387,2111.7773817629886,0.0,-5.4685054237779696e-05,0.24460728856047353,73196.3422422868,73196.18702386947,5.0633889907205765,1209.174584326287,0.0,-3.157902756356634e-05,0.1397585555932892,2616886457.183898,2616884718.031744,4.341504334217166,1035.6033570300235,0.0,0.7268869410647767,1247.8635990153446
240.0,2.0,6.608692838886255,5.73296574149708,8.156273394681307,879642.5899681333,27523.744825657333,80.62060359928921,1.8316661899255845e-07,0.9800018579406948,2.9999999999999996,907166.3347937865,907164.3201397192,62.3708315199521,15017.090579495303,24000.0,-0.0002368811947235372,1.8147592055647692,124491.29334072286,124491.0237135798,8.844213114295052,2129.465807991579,0.0,-5.0222199206473306e-05,0.24331776480175904,73186.21390980021,73186.05942028198,5.063803083229259,1219.3021904927455,0.0,-2.9000059839745518e-05,0.13903223545730725,2616886481.431412,2616884709.385408,4.341756064979406,1044.2868691599824,0.0,0.764062992379877,1280.7946253931977
242.0,2.0,6.6090610640293175,5.7331142909903114,8.156818906152306,879715.8787236413,27525.71267209281,80.62722467028082,1.8429617626257836e-07,0.980001881483388,2.9999999999999996,907241.5913957339,907239.5680183219,62.37605105965498,15141.842681614613,24200.0,-0.00025615917911636643,1.8234632722342212,124473.60231796754,124473.33382546432,8.844946445578529,2147.155700882736,0.0,-4.544651983451331e-05,0.24218790064242057,73176.08480117771,73175.9309858847,5.0642185776076944,1229.4306276479608,0.0,-2.6242124704367598e-05,0.13836076817710818,2616886449.1831646,2616884700.7408304,4.342008771735785,1052.970886703454,0.0,0.803503032647086,1257.2303953132257
244.0,2.0,6.609425895541786,5.733263326389384,8.157362440034094,879789.2301780873,27527.649256102766,80.63387407263495,1.8526344962808054e-07,0.9800019053004322,2.9999999999999996,907316.8794341888,907314.805412112,62.38129296038213,15266.605267535377,24400.0,-0.00027644825604511425,1.8740876479496364,124455.90989442721,124455.6424648442,8.845682823488845,2164.8470665297136,0.0,-4.0419654396828264e-05,0.24113000729266787,73165.95484759872,73165.80171715622,5.064635814703121,1239.559899277367,0.0,-2.3341191536019323e-05,0.13767881859575937,2616886325.6912775,2616884692.097703,4.3422626593243105,1061.6554120221026,0.0,0.8449009098894749,1142.423033539284
246.0,2.0,6.60978804755621,5.733412840798346,8.157901606285103,879862.529368277,27529.561278000565,80.6405515642789,1.8606489314366997e-07,0.9800019293944224,2.9999999999999996,907392.0906462772,907390.0322980776,62.386557032405065,15391.378381600187,24600.0,-0.00027641788619803265,1.8584138011137838,124438.21619527336,124437.94961992052,8.846422220170405,2182.5399109700543,0.0,-4.090300126335933e-05,0.24027529378008694,73155.82426377115,73155.67160732292,5.065054778266434,1249.6900088339,0.0,-2.3617964643563027e-05,0.13720454755571154,2616886320.683794,2616884683.4127617,4.342517719501868,1070.3404474611064,0.0,0.8449950570841338,1146.100585495927
248.0,2.0,6.6101478348113725,5.733562795245567,8.158434988788546,879935.8105523443,27531.45050459063,80.64725546579488,1.866968389643689e-07,0.9800019537681043,2.9999999999999996,907467.2610569369,907465.2486141924,62.39184195568958,15516.162065511566,24800.0,-0.0002763917473203037,1.8125083722370618,124420.52103053535,124420.25529055209,8.847164447230696,2200.2342398645155,0.0,-4.1376970784767764e-05,0.23943945023665947,73145.69288807633,73145.54065632919,5.0654753603517815,1259.8209595546036,0.0,-2.3890988359198673e-05,0.1367795734372521,2616886375.154116,2616884674.727295,4.342773889219665,1079.0259952395456,0.0,0.845076069165998,1209.2564554064768
250.0,2.0,6.610505543953397,5.733713148725626,8.158962470651195,880009.1206233527,27533.318299940285,80.65398399953285,1.8715576290184114e-07,0.9800019784245975,2.9999999999999996,907542.4389232915,907540.4543183412,62.39714633325016,15640.956358178066,25000.0,-0.0002795763866743073,1.7846673933236161,124402.82405691547,124402.5594723538,8.847909305139455,2217.9300584747944,0.0,-4.0964983782032505e-05,0.23828444063474308,73135.56046340722,73135.4088616752,5.065897446701559,1269.9527544480068,0.0,-2.3651578203498502e-05,0.1361497977329691,2616886410.400428,2616884666.04785,4.343031101597451,1087.7120574427406,0.0,0.8516934824745022,1253.188829274253
252.0,2.0,6.610861256943863,5.733863912246494,8.15948496999395,880082.4728123473,27535.165074600645,80.66073771430969,1.8743837748612357e-07,0.9800020033669563,2.9999999999999996,907617.6378869468,907615.6493771772,62.402470597778276,15765.761299373622,25200.0,-0.00027954481265624054,1.788572244153329,124385.12559908687,124384.86215810686,8.848656854061453,2235.627372182917,0.0,-4.150379709244589e-05,0.23714032015095654,73125.42715677743,73125.27621922366,5.066321071498639,1280.0853965910042,0.0,-2.3960123598953942e-05,0.135485310934655,2616886393.4102015,2616884657.3613596,4.3432893784096995,1096.39863619956,0.0,0.8517817035578901,1244.8851817623042
254.0,2.0,6.611213538987295,5.734015227780488,8.160002123433216,880155.877586727,27536.98096628953,80.66752304271701,1.875413410812643e-07,0.9800020285998717,2.9999999999999996,907692.8585530184,907690.8337376104,62.407819810043264,15890.576938993709,25400.0,-0.0002794915890262928,1.8248779358727916,124367.42565565968,124367.16334193069,8.849407810201171,2253.3261878033195,0.0,-4.205956383884768e-05,0.2360125133677684,73115.29296514533,73115.1427256149,5.066746643947057,1290.2188898788984,0.0,-2.428098082418728e-05,0.13478696673269042,2616886305.263305,2616884648.6743183,4.3435489660668525,1105.0857341316937,0.0,0.8518383530376923,1165.4253833321332
256.0,2.0,6.611561830381248,5.734167154677502,8.160512692634992,880229.2792028787,27538.763099655207,80.67434272906436,1.8746067978387837e-07,0.980002054127833,2.9999999999999996,907768.0423025358,907766.0073453768,62.41319612990269,16015.403331253514,25600.0,-0.0002794653883029241,1.835019713103975,124349.72416946887,124349.4630164741,8.850162478071688,2271.026512759463,0.0,-4.2560013753245585e-05,0.2348512787011714,73105.15793167263,73105.00837665173,5.067174338028937,1300.3532385549563,0.0,-2.4568091930632363e-05,0.13410217008754444,2616886253.7627068,2616884639.986792,4.3438099705217335,1113.7733540727372,0.0,0.8519320680375131,1122.6124048425431
258.0,2.0,6.611906924679144,5.7343196624361905,8.16101629860699,880302.636909804,27540.517596538593,80.68119548509445,1.871922896513141e-07,0.9800020799550748,2.9999999999999996,907843.1545063391,907841.1701483121,62.41859854573722,16140.240528344988,25800.0,-0.00027943856912315823,1.7844206078407296,124332.02138607208,124331.7611745667,8.85092071212179,2288.7283541837064,0.0,-4.304317144487868e-05,0.23390930615687466,73095.02224589615,73094.87316823333,5.067604070571608,1310.4884466960996,0.0,-2.4845352299962542e-05,0.13362453475406255,2616886313.4115005,2616884631.298744,4.344072343856128,1122.4614987604496,0.0,0.8520288698550758,1190.9493432276126
260.0,2.0,6.612249245930845,5.734472701112171,8.161512975274716,880376.0278970628,27542.24631727382,80.68807914058361,1.8673224110601023e-07,0.9800021060873857,2.9999999999999996,907918.2742143349,907916.3220963705,62.42402535330586,16265.0885790516,26000.0,-0.00028067356106475927,1.7521793102459924,124314.31752141232,124314.05780992244,8.851682267728801,2306.431718719164,0.0,-4.315197156756767e-05,0.23340918184976545,73084.88592986722,73084.73709676802,5.06803570185792,1320.6245180998153,0.0,-2.490694942025584e-05,0.1333799095368704,2616886359.2640123,2616884622.612734,4.34433600442327,1131.1501707692962,0.0,0.8546905179839541,1245.4905271192413
262.0,2.0,6.61258913194547,5.734626242882089,8.162004646085686,880449.4592768665,27543.951509754257,80.69499251366264,1.8607670840121688e-07,0.9800021325312903,2.9999999999999996,907993.4107866167,907991.4631451431,62.429475626125935,16389.947530303853,26200.0,-0.0002806486991175916,1.7477028443281597,124296.61190091557,124296.35291548251,8.852447010258135,2324.1366127396805,0.0,-4.3571383685048204e-05,0.2326827056140246,73074.7485821137,73074.60015821755,5.068469155104172,1330.7614564100236,0.0,-2.514720699764439e-05,0.13297046622164999,2616886359.388823,2616884613.923611,4.344600908251105,1139.8393725857984,0.0,0.8547696576367798,1254.3045396313917
264.0,2.0,6.612925747002182,5.734780323587286,8.162488348544489,880522.9300952394,27545.627538874425,80.70193742404398,1.860069110789047e-07,0.9800021592150838,2.9999999999999996,908068.5576341113,908066.5932436687,62.43495075302873,16514.81743180991,26400.0,-0.0002806170887197368,1.7644518449160387,124278.9043657574,124278.6464846766,8.85321516947155,2341.8430430786234,0.0,-4.403834600452683e-05,0.2315778863835476,73064.61012317374,73064.46234882665,5.068904561304913,1340.8992655326333,0.0,-2.5415497930225683e-05,0.1323206488782489,2616886318.03092,2616884605.2339616,4.344867126245685,1148.5291068382899,0.0,0.8548543282190622,1221.6363708801905
266.0,2.0,6.613256961704802,5.734935096307014,8.162961880281351,880596.4553800011,27547.259751440433,80.70892076696329,1.8599331264776044e-07,0.9800021862092839,2.9999999999999996,908143.7151314421,908141.7123313023,62.44045619584667,16639.698344201606,26600.0,-0.0002805917174555361,1.8028615674120374,124261.1954526295,124260.93850923613,8.853987487981168,2359.5510180545857,0.0,-4.450285314305802e-05,0.23063973445414376,73054.47085658366,73054.32366386874,5.069342345605478,1351.0379502238443,0.0,-2.5682200885057682e-05,0.1317387500107543,2616886221.407004,2616884596.543785,4.345134923523297,1157.2193766853366,0.0,0.854947688296761,1133.7027245780978
268.0,2.0,6.613583879619055,5.735090554382355,8.16342485373414,880669.9369798162,27548.857258546992,80.71594230216047,1.8582709518385807e-07,0.9800022135423445,2.9999999999999996,908218.7942383646,908216.8203477631,62.44599178099966,16764.590327763606,26800.0,-0.0002805689327942673,1.7739520519062353,124243.48560292556,124243.22898094192,8.854763927787234,2377.26054591016,0.0,-4.494149607126019e-05,0.23031788608795978,73044.33115118156,73044.18409864334,5.069782486793635,1361.1775151974316,0.0,-2.5934013137884904e-05,0.1315983214908556,2616886247.0868616,2616884587.85307,4.3454042924070375,1165.9101852701506,0.0,0.8550409601530191,1168.0733908937773
270.0,2.0,6.613907185087362,5.7352466446523405,8.163877633230857,880743.4318470052,27550.423973094308,80.72299971712255,1.85504881194583e-07,0.9800022412233018,2.9999999999999996,908293.8558200985,908291.917236399,62.45155569423666,16889.49343915208,27000.0,-0.0002805445692501962,1.7386451743659563,124225.77392196083,124225.51789207867,8.855544226864133,2394.9716343638884,0.0,-4.535101288638543e-05,0.2297253750894015,73034.19041611839,73034.04364873785,5.070224835563515,1371.3179648685586,0.0,-2.6168377644353313e-05,0.1313129294544524,2616886296.1252728,2616884579.161779,4.345675145963124,1174.6015355620768,0.0,0.8551003966715598,1225.8031523261454
272.0,2.0,6.614227331286568,5.735403332400655,8.164320896583748,880816.968301728,27551.962625643187,80.73009152554668,1.8502340525836772e-07,0.980002269262013,2.9999999999999996,908368.9309273686,908367.0029428811,62.45714677156564,17014.40773269521,27200.0,-0.0002805193798849359,1.7280459875328233,124208.06030758879,124207.80523521322,8.856328215035896,2412.6842907939604,0.0,-4.578639027386089e-05,0.22876743311962855,73024.04855229174,73023.90230989706,5.0706692951801475,1381.4593034589188,0.0,-2.6418799279781524e-05,0.13078769316689431,2616886309.536351,2616884570.469963,4.345947428788405,1183.2934304196535,0.0,0.8551794011293623,1247.906125636786
274.0,2.0,6.6145438790240565,5.735560646131778,8.164753514083696,880890.5487773451,27553.470232655392,80.73721910380766,1.8437922442220877e-07,0.9800022976694799,2.9999999999999996,908444.01901,908442.0774107145,62.46276610068544,17139.33326489658,27400.0,-0.00028048462263541296,1.7416608203711803,124190.34539226942,124190.09100274259,8.857116041112969,2430.3985228761862,0.0,-4.617480090018944e-05,0.22808419597049578,73013.90591840538,73013.76007777202,5.071115951292582,1391.601535361504,0.0,-2.6641257136361673e-05,0.13038570938442717,2616886276.612964,2616884561.7776165,4.346221195095899,1191.9858728098454,0.0,0.8552752184452856,1223.6751809763493
276.0,2.0,6.614855530836931,5.735718685647433,8.165174506416092,880964.164880122,27554.93813681319,80.74438707306896,1.835683490107116e-07,0.980002326457931,2.9999999999999996,908519.1030169326,908517.1405761138,62.46841732131887,17264.27009953922,27600.0,-0.0002804426221700851,1.7625023955733923,124172.62867699943,124172.37518585358,8.857908215476634,2448.1143393071393,0.0,-4.663284971684334e-05,0.22718535693957165,73003.7622472059,73003.61694731434,5.0715650962728684,1401.7446655540496,0.0,-2.6906395078185597e-05,0.12984470245442026,2616886217.3835564,2616884553.084671,4.346496623568939,1200.6788660569832,0.0,0.8553229852363984,1173.1387664361641
278.0,2.0,6.6151619265973745,5.735877539722443,8.165583533178399,881037.7890154916,27556.364392759184,80.75159957235842,1.8258640638726596e-07,0.9800023556403942,2.9999999999999996,908594.15340825,908592.1923687498,62.4741036943486,17389.218306927916,27800.0,-0.0002804179930535611,1.7611011016160774,124154.91029750972,124154.65777503997,8.858705194301653,2465.8317496957425,0.0,-4.705785613623448e-05,0.22621625582905835,72993.61764713239,72993.47291308784,5.072016991595704,1411.8886995372409,0.0,-2.7149701509188162e-05,0.1292786121298377,2616886187.0533457,2616884544.3912115,4.3467738746988624,1209.372413806381,0.0,0.8554112238309699,1151.502103499832
280.0,2.0,6.615464081450391,5.736037179712047,8.165981602934359,881111.3985946398,27557.756364454814,80.7588554125489,1.8142950257028243e-07,0.9800023852287179,2.9999999999999996,908669.1549590939,908667.2327157329,62.47982429042506,17514.177955508767,28000.0,-0.00028485402071964927,1.7223005264058884,124137.19048824465,124136.93876212365,8.859506839527532,2483.5507633747975,0.0,-4.629512204701314e-05,0.22542066981895914,72983.4722802954,72983.32797041278,5.072471559192774,1422.0336426556264,0.0,-2.6706378321250668e-05,0.1288548935358449,2616886228.151765,2616884535.70626,4.347052904833027,1218.0665196160471,0.0,0.8645657281076637,1201.2946284989512
282.0,2.0,6.615762548091149,5.736197559546558,8.166368387937148,881185.0512997198,27559.117021872942,80.76615260488566,1.8009396994132494e-07,0.98000241523569,2.9999999999999996,908744.168321596,908742.2615606516,62.48557755208857,17639.149110612943,28200.0,-0.00028483113783295266,1.706818132679473,124119.46902486136,124119.21813589147,8.860312923446163,2501.27138922169,0.0,-4.668041492550401e-05,0.22458313341940084,72973.32593870218,72973.18211285296,5.072928669847299,1432.179499995321,0.0,-2.692650627977855e-05,0.12837064000746068,2616886241.4111524,2616884527.0116706,4.3473336395976006,1226.7611868952424,0.0,0.8646433924348003,1223.24868327128
284.0,2.0,6.6160573238786755,5.736358665405701,8.166740932587537,881258.7382765807,27560.44652576846,80.7734906230655,1.7857597708837616e-07,0.9800024456756881,2.9999999999999996,908819.1848023502,908817.2788345366,62.491363072746495,17764.131836758435,28400.0,-0.0002848006806743797,1.7060250324175286,124101.74578800202,124101.49588874879,8.861123380887488,2518.9936359834646,0.0,-4.706131949205883e-05,0.22359303585471935,72963.17857917446,72963.03533606169,5.073388287325362,1442.3262765699717,0.0,-2.7143124725625967e-05,0.12778768693783604,2616886229.9743314,2616884518.3165145,4.3476160606821415,1235.4564190166068,0.0,0.8647194163870608,1220.5070944087577
286.0,2.0,6.616348124604832,5.7365205169201845,8.167099472764587,881332.443824638,27561.743228673415,80.78087046585345,1.7687134243805184e-07,0.9800024765650303,2.9999999999999996,908894.187053311,908892.2844712614,62.49718164601733,17889.12620005047,28600.0,-0.00028478377134888433,1.702639285245823,124084.02100615084,124083.77201173618,8.861938316059277,2536.717512615583,0.0,-4.74418143312505e-05,0.2226878167907671,72953.03034577821,72952.88763490049,5.073850472287446,1452.4739775145465,0.0,-2.7359750447430997e-05,0.12725523526410143,2616886218.708681,2616884509.620788,4.3479002083607465,1244.1522194333284,0.0,0.8647934384553082,1217.9372445531098
288.0,2.0,6.616633105648593,5.736683244175686,8.167444105938895,881406.2063006527,27562.99402795162,80.78829818702624,1.7497441368062634e-07,0.9800025079216791,2.9999999999999996,908969.2003286052,908967.2783952347,62.5030380408164,18014.132276132103,28800.0,-0.00028472884514485486,1.721990661095333,124066.29421266126,124066.04649450484,8.862758396537032,2554.443029408657,0.0,-4.7880071178951766e-05,0.22141112028566567,72942.88095350935,72942.73900343092,5.074315607455159,1462.6226087294567,0.0,-2.7614405098574935e-05,0.12649418130649792,2616886149.2961164,2616884500.9244013,4.348186317192066,1252.8485920677124,0.0,0.8647792587219101,1157.2210524330078
290.0,2.0,6.616913176384752,5.736846956696436,8.167775590544537,881479.9402755336,27564.20652646602,80.79577892518215,1.7287917011642918e-07,0.9800025397644802,2.9999999999999996,909044.146802,909042.2605226412,62.508936306713935,18139.15014874553,29000.0,-0.0002847088981070556,1.6863366692778072,124048.56616371906,124048.31932577009,8.863584187477544,2572.170197783612,0.0,-4.823986910196254e-05,0.22053055304331792,72932.7309258328,72932.5894351912,5.074784016922498,1472.7721767633018,0.0,-2.7820281729873386e-05,0.1260345386078825,2616886179.781119,2616884492.227525,4.348474586947332,1261.545541241607,0.0,0.864852383574771,1196.4030041246026
292.0,2.0,6.617189127914198,5.737011507773634,8.168089408250962,881553.7143954933,27565.385160675185,80.80330609849301,1.705827203769077e-07,0.9800025721117327,2.9999999999999996,909119.0995561709,909117.230780108,62.514871278147446,18264.17989130183,29200.0,-0.000284685826045461,1.6688333964411868,124030.83654622942,124030.59049549494,8.864414946201084,2589.899027676014,0.0,-4.862262176175136e-05,0.21974295579821046,72922.57997447863,72922.43892441748,5.075255277593095,1482.922687318488,0.0,-2.8038813070452306e-05,0.1255937396263107,2616886196.091312,2616884483.530055,4.3487647671341,1270.2430707758751,0.0,0.8649117297020439,1221.4107267206994
294.0,2.0,6.617461255720042,5.7371768751822785,8.168385793140537,881627.5300184411,27566.531969402087,80.81087893128431,1.6891777070019972e-07,0.9800026049126499,2.9999999999999996,909194.0619878446,909192.1890955016,62.520842314696694,18389.22157593122,29400.0,-0.0002846628958650399,1.67294969960858,124013.10505896722,124012.85999393617,8.865250603888127,2607.6295288837905,0.0,-4.897360804534401e-05,0.21875690138085702,72912.42794461145,72912.28746551418,5.07572935108827,1493.0741460206646,0.0,-2.8239939638297074e-05,0.1250225746207434,2616886178.8367243,2616884474.832052,4.3490568305289825,1278.941184436933,0.0,0.8650225755134215,1212.8542527314582
296.0,2.0,6.617729327457389,5.737343082580624,8.168666493305851,881701.3709969878,27567.645652966046,80.81849856858872,1.6753563788177536e-07,0.9800026382252545,2.9999999999999996,909269.0166499553,909267.1353948308,62.52685034882094,18514.27527662886,29600.0,-0.0002846359711838886,1.6813125079061138,123995.37206591421,123995.12781106555,8.86609126493044,2625.3617114136514,0.0,-4.931436615152052e-05,0.2179463782313178,72902.27507344792,72902.135052721,5.076206298886612,1503.2265586184378,0.0,-2.843534343810461e-05,0.1245640088611708,2616886149.711002,2616884466.133437,4.349350823486374,1287.6398860839058,0.0,0.865109148328429,1192.4272319701363
298.0,2.0,6.6179930684140045,5.737510148774753,8.168933014529,881775.2138697909,27568.724751912905,80.82616593104855,1.6600201199456705e-07,0.9800026721081948,2.9999999999999996,909343.9386217041,909342.0696025845,62.532896136979346,18639.34106890282,29800.0,-0.00028460838439059444,1.6690765306811954,123977.63709558552,123977.39393667877,8.866937008376718,2643.0955854304048,0.0,-4.9684400437399745e-05,0.21685006629559211,72892.12110373132,72891.98168017299,5.076686168062346,1513.3799309545625,0.0,-2.8647230010392377e-05,0.1239666283850056,2616886152.7606573,2616884457.434214,4.349646783632163,1296.33917965117,0.0,0.865179674058254,1204.17618097487
300.0,2.0,6.618251159086564,5.73767821924112,8.169185919279046,881849.0994140247,27569.759708042104,80.83388783969626,1.6431202804330415e-07,0.9800027065844616,2.9999999999999996,909418.8591220693,909416.9916324989,62.53898505361892,18764.41903901006,30000.0,-0.00028458669476094656,1.6675470031223085,123959.90073826227,123959.65835914924,8.867788584952736,2660.83116260031,0.0,-5.004402419217513e-05,0.21606991294311229,72881.96632280674,72881.82734118728,5.077169389403449,1523.5342697333695,0.0,-2.8854133688582806e-05,0.12352448260980964,2616886124.093319,2616884448.7343965,4.349944976033184,1305.0390696032364,0.0,0.8652519686538653,1184.2087325556595
302.0,2.0,6.618504673372219,5.7378473094672096,8.169420375635164,881922.9965208521,27570.758431186838,80.8416651553789,1.6246173567129702e-07,0.9800027416773223,2.9999999999999996,909493.7549520356,909491.9013969421,62.5451177874736,18889.509274585005,30200.0,-0.00028456857398850843,1.6536125443599303,123942.16294562937,123941.9210666416,8.86864608015925,2678.568454760629,0.0,-5.039133975515142e-05,0.21556944037001813,72871.81072981535,72871.67202896181,5.077656013602083,1533.6895817605737,0.0,-2.9052399440843146e-05,0.12324351842562464,2616886128.065739,2616884440.033975,4.350245436605727,1313.7395604764479,0.0,0.8653215085523698,1196.8816436444777
304.0,2.0,6.618754184149497,5.7380173819416145,8.169635066669064,881996.9293778951,27571.72450154962,80.84949629760335,1.604477298279295e-07,0.9800027774104828,2.9999999999999996,909568.653879446,909566.7988107427,62.55129310828788,19014.611860801582,30400.0,-0.0002845514100044966,1.6551261713029817,123924.42311921688,123924.18204770719,8.869509306883614,2696.307473374396,0.0,-5.071198756922968e-05,0.21476164164414513,72861.6539478867,72861.51573690839,5.078145935616563,1543.8458736318069,0.0,-2.9234586008897168e-05,0.12275346101591822,2616886114.3451824,2616884431.3329496,4.3505481072630205,1322.4406566909738,0.0,0.8653922370858709,1191.8621831230112
306.0,2.0,6.618999998060383,5.738188402112628,8.169833073865446,882070.8701087399,27572.660485650213,80.85737981480796,1.582666574308551e-07,0.9800028138098974,2.9999999999999996,909643.5305943909,909641.6837908287,62.557509888529054,19139.72688057864,30600.0,-0.0002846883471647743,1.6468608933173527,123906.68173475131,123906.44129122856,8.870378091483119,2714.0482295573624,0.0,-5.1007647471124073e-05,0.21413335904298947,72851.49631152353,72851.3584586233,5.078639058202359,1554.0031517482116,0.0,-2.940326658062986e-05,0.12239521424498889,2616886119.653945,2616884422.631661,4.35085293486009,1331.142362560694,0.0,0.865809406702283,1205.8726515430853
308.0,2.0,6.6192418088352785,5.738360394907619,8.170015856591515,882144.8470668742,27573.56388095726,80.86531699911303,1.559144140626868e-07,0.9800028509029357,2.9999999999999996,909718.4109478318,909716.5562525338,62.563769158389775,19264.854418895422,30800.0,-0.0002846664465323556,1.6547526509784802,123888.93893537324,123888.69878575753,8.871252565819123,2731.7907346890006,0.0,-5.1347042244742624e-05,0.21383911260818422,72841.33785284753,72841.20018751318,5.07913545880525,1564.161422665822,0.0,-2.9595777959912084e-05,0.12220745585545956,2616886098.757008,2616884413.9294033,4.351159972013302,1339.8446825047206,0.0,0.8658717175196671,1193.6780345936488
310.0,2.0,6.619479082489657,5.738533360039417,8.17018489362504,882218.8241324768,27574.431679871654,80.87330798117463,1.533871381916902e-07,0.980002888717505,2.9999999999999996,909793.2558123515,909791.4161104955,62.57007103530522,19389.99456096603,31000.0,-0.00028463418493629433,1.639759241250431,123871.19424267358,123870.95451993846,8.872132731897302,2749.5350001527954,0.0,-5.170231770534883e-05,0.2134118767394284,72831.17834763511,72831.04091702698,5.079635140730496,1574.320692947283,0.0,-2.980051476697554e-05,0.12197252489886523,2616886109.0219126,2616884405.226509,4.351469226628751,1348.547620957978,0.0,0.8659159599617396,1212.6458775459603
312.0,2.0,6.619711235991593,5.738707405052302,8.170339231862183,882292.8358085301,27575.259439404173,80.88135791292444,1.5067979224972332e-07,0.980002927284931,2.9999999999999996,909868.0952479381,909866.2632713406,62.57641958584142,19515.147400137714,31200.0,-0.00028461732290452346,1.6320339995218092,123853.44779139086,123853.20848132907,8.873019149515624,2767.2810384518266,0.0,-5.201267458687653e-05,0.21299889305691977,72821.01785963948,72820.88063999506,5.080138427350641,1584.4809698019844,0.0,-2.997774299728917e-05,0.12176138397171599,2616886099.424673,2616884396.5230165,4.351780900896554,1357.2511827597712,0.0,0.8659851203058224,1211.7521998534296
314.0,2.0,6.619939218621009,5.738882574514696,8.17047320655948,882366.8738105185,27576.053851237255,80.8894690058405,1.4778688785805463e-07,0.9800029666339192,2.9999999999999996,909942.9276617541,909941.0976382325,62.58281656336247,19640.31303326444,31400.0,-0.0002845987146429252,1.6300809422573366,123835.69957779087,123835.46065692094,8.873912053227931,2785.0288625582825,0.0,-5.2314347158244345e-05,0.2126093995238989,72810.8563797098,72810.71934891454,5.0806454540134,1594.6422607100112,0.0,-3.0150228667480405e-05,0.1215723623181475,2616886092.900168,2616884387.8188863,4.352095083023579,1365.9553729258182,0.0,0.866045113623386,1213.9318848810794
316.0,2.0,6.6201634266001514,5.739058834349746,8.170588889583241,882440.9526826711,27576.81742466925,80.8976398428492,1.4470448964196968e-07,0.9800030067953996,2.9999999999999996,910017.7701073397,910015.9191165105,62.589260870188745,19765.491555004817,31600.0,-0.0002845803101081401,1.651048268278828,123817.9497706746,123817.71103407575,8.874811271153227,2802.778485100589,0.0,-5.261723345029168e-05,0.21242482556044706,72800.69394419102,72800.55703649181,5.081156124691609,1604.8045729593944,0.0,-3.0323579039759352e-05,0.1214490929198746,2616886053.89732,2616884379.1141405,4.3524117215201175,1374.6601963688584,0.0,0.8661227871627943,1183.6338601757736
318.0,2.0,6.620384008288305,5.739236159704039,8.170689388976546,882515.0271506181,27577.551910539507,80.90586943314443,1.4142866874836372e-07,0.9800030478018599,2.9999999999999996,910092.5790611587,910090.727613046,62.59575174469082,19890.6830584942,31800.0,-0.0002845555209205486,1.6515055766431033,123800.19836274187,123799.95960041496,8.875716678126764,2820.5299184568426,0.0,-5.292176547300187e-05,0.21245024907648258,72790.53060540144,72790.39369557748,5.081670370359566,1614.9679137001135,0.0,-3.0497184980049497e-05,0.12145104405362872,2616886050.064329,2616884370.408742,4.352730781395956,1383.3656579316503,0.0,0.8661857903844066,1188.5063310922033
320.0,2.0,6.6206009389481055,5.739414564143176,8.170776240198004,882589.1046168818,27578.257076038226,80.91415857022051,1.3795478071988088e-07,0.9800030896870712,2.9999999999999996,910167.3616929229,910165.5230334027,62.60228982856478,20015.88763815133,32000.0,-0.00028454159837565385,1.638716997960728,123782.44507381784,123782.20634341589,8.876628347465898,2838.2831751517742,0.0,-5.32259064129903e-05,0.2124180199834882,72780.36623126184,72780.22931893356,5.082188235529282,1625.1322901711721,0.0,-3.0670049227410345e-05,0.1214533755157845,2616886065.481153,2616884361.702703,4.353052296615324,1392.071762524881,0.0,0.8662514317413752,1212.6292595494172
322.0,2.0,6.620813436155285,5.739594058490107,8.170850441428893,882663.1944529875,27578.927490001322,80.92250806274937,1.3526198222789074e-07,0.9800031324100922,2.9999999999999996,910242.1219429866,910240.3052819821,62.608875732112445,20141.105389615554,32200.0,-0.0002844980590452906,1.6167185259146208,123764.68997298513,123764.4512503186,8.877546382292138,2856.0382679163586,0.0,-5.355861594580347e-05,0.21240995185416978,72770.20081261119,72770.06389907659,5.082709781296732,1635.2977097337657,0.0,-3.096442969763302e-05,0.12145428745998288,2616886087.751702,2616884352.9959927,4.353376302310039,1400.778515129501,0.0,0.8662936977689242,1243.6065609745328
324.0,2.0,6.621021269595952,5.7397747645109085,8.17090621459159,882737.3418963406,27579.560958986185,80.93092369943524,1.3295410238812917e-07,0.9800031760442517,2.9999999999999996,910316.9028553287,910315.074253913,62.615514046089274,20266.33641770773,32400.0,-0.0002844749251380563,1.6286589602241293,123746.93296277708,123746.69430721315,8.878471398047706,2873.795210712454,0.0,-5.38679641977069e-05,0.21234253989950957,72760.03426834362,72759.89742817619,5.083235362441766,1645.4641804586493,0.0,-3.1139942393565434e-05,0.12138074477047667,2616886051.030808,2616884344.288656,4.353703025810601,1409.4859211811222,0.0,0.8663633236087662,1215.5930731662907
326.0,2.0,6.621225221566681,5.739956698691699,8.170943889534918,882811.5081946861,27580.163482923956,80.93940636378453,1.3050303310460407e-07,0.9800032206671206,2.9999999999999996,910391.6716776118,910389.8298429138,62.622205508050655,20391.580828723832,32600.0,-0.0002844580594683066,1.6418922593438765,123729.17385803534,123728.93550000418,8.879403461300628,2891.554017635055,0.0,-5.4154334065970033e-05,0.21204472076351522,72749.86656455786,72749.72989797288,5.083765020150565,1655.6317104989503,0.0,-3.130295226583257e-05,0.1212069993125624,2616886017.322632,2616884335.580647,4.354032504785712,1418.1939861906935,0.0,0.8664190901686197,1190.5929620398451
328.0,2.0,6.621425773302111,5.740139826944224,8.170965825355417,882885.6769943796,27580.738637901388,80.94795465343813,1.279059973282715e-07,0.9800032663152027,2.9999999999999996,910466.4156322799,910464.5719448517,62.62894903508768,20516.83872679401,32800.0,-0.0002844499977072701,1.6437449976947391,123711.41269507301,123711.17481490891,8.880342399056683,2909.3147024331683,0.0,-5.44514932698803e-05,0.2115665565488598,72739.69769729092,72739.56130048657,5.084298658479889,1665.80030781591,0.0,-3.147229926980799e-05,0.12093704933158733,2616886005.529178,2616884326.8719807,4.354364688719873,1426.9027155681333,0.0,0.8664821429929361,1187.508237723895
330.0,2.0,6.62162284491648,5.740324127948432,8.170973680851732,882959.8598732149,27581.285728257066,80.956567756909,1.2516009018594284e-07,0.9800033130275426,2.9999999999999996,910541.1456014684,910539.3004568568,62.63574401022755,20642.110214814464,33000.0,-0.0002844243645085953,1.6452022066005156,123693.64958446058,123693.4122384455,8.881288103205446,2927.077278639579,0.0,-5.470849646371789e-05,0.21103215052789892,72729.52768914068,72729.39162790199,5.084836218661327,1675.9699802532325,0.0,-3.161955987707188e-05,0.12060133641921311,2616885989.731215,2616884318.1626577,4.354699549974759,1435.6121146680828,0.0,0.8665583135600627,1180.4196736814495
332.0,2.0,6.621816627667699,5.74050960709652,8.170969065982382,883034.0237389122,27581.80662915314,80.96524611168864,1.2226201365107035e-07,0.9800033608444207,2.9999999999999996,910615.8303680628,910614.0152752773,62.642590798908024,20767.39539641228,33200.0,-0.0002844060800271109,1.6151503988512559,123675.88449166577,123675.64775696244,8.88224060441763,2944.8417598484143,0.0,-5.49827177565021e-05,0.2104205645505317,72719.35662108706,72719.22087230372,5.085377721323422,1686.1407356958794,0.0,-3.177518510710797e-05,0.12028872544624392,2616886026.5399,2616884309.4526367,4.3550371093016,1444.322188886686,0.0,0.8666115131813967,1225.93843272595
334.0,2.0,6.622006262231908,5.740696267754613,8.170952110306144,883108.2069426276,27582.294920444132,80.97399006227587,1.1920845877489918e-07,0.9800034098071385,2.9999999999999996,910690.5018630732,910688.7162959209,62.64948969406057,20892.6943758004,33400.0,-0.00028437437140382826,1.5856247973570134,123658.11753737958,123657.88135682841,8.883199922533986,2962.6081596934823,0.0,-5.527168059415999e-05,0.2098661234344945,72709.18446432216,72709.0490257751,5.085923180980428,1696.3125820578402,0.0,-3.194184910171316e-05,0.11997832249971907,2616886053.530995,2616884300.7419033,4.355377383909358,1453.0329436545048,0.0,0.8666328673039061,1261.6402825598393
336.0,2.0,6.622191641979508,5.7408842068014225,8.170915553628367,883182.4608717588,27582.749148899078,80.98280435176292,1.15994451028178e-07,0.9800034599584494,2.9999999999999996,910765.2100206553,910763.4034070486,62.65644444644371,21018.00726469329,33600.0,-0.0002843538313754834,1.6066712723331875,123640.34880714332,123640.11302341426,8.884166567378577,2980.3764928282394,0.0,-5.555107100008172e-05,0.20946902193054484,72699.01125242867,72698.87607983283,5.086472892264157,1706.4855278423686,0.0,-3.209958481420472e-05,0.1197122135392874,2616885999.4326377,2616884292.030526,4.3557205616709345,1461.7443847778468,0.0,0.8666968467859988,1216.2533664825587
338.0,2.0,6.6223734115738875,5.741073464680903,8.170862301481986,883256.7372528804,27583.174512257607,80.99169109044054,1.1261571972237595e-07,0.9800035113406227,2.9999999999999996,910839.911765136,910838.0764935915,62.66345673715923,21143.334178167606,33800.0,-0.0002843365291482769,1.6353292274070554,123622.57817214368,123622.34274164814,8.88514075520373,2998.146774338647,0.0,-5.580678271144279e-05,0.20911553269388605,72688.8369798472,72688.70202572302,5.087026982087694,1716.6595818065439,0.0,-3.224522106393124e-05,0.11949359624532008,2616885938.6977367,2616884283.318473,4.356066728605592,1470.456518235058,0.0,0.8667770050469699,1164.2305989883844
340.0,2.0,6.622552112776324,5.74126400867239,8.170795359585489,883330.9852226237,27583.575551032896,81.00064894998154,1.0906922176908331e-07,0.9800035639980312,2.9999999999999996,910914.5607736561,910912.7354425134,62.670525545979416,21268.675229259567,34000.0,-0.000284322741208598,1.6253888394276146,123604.80563096181,123604.57049676475,8.886122317857302,3015.9190189743617,0.0,-5.605446358458721e-05,0.20881898654033648,72678.66163705656,72678.52685486629,5.087585357752281,1726.8347525220483,0.0,-3.238644831071724e-05,0.11932152111285177,2616885946.7748175,2616884274.605689,4.356415837461774,1479.1693499099815,0.0,0.8668248664939711,1181.0205113899315
342.0,2.0,6.622727537686112,5.741455812402209,8.170715460278528,883405.2595095962,27583.95000781323,81.00967689515299,1.0535185554808574e-07,0.9800036179760958,2.9999999999999996,910989.2095174111,910987.3801423642,62.6776500837047,21394.030529426975,34200.0,-0.0002843045076588169,1.6294327617943054,123587.03113586277,123586.7962743141,8.887111119423361,3033.6932412132082,0.0,-5.626626807497814e-05,0.20854612634138903,72668.48517995147,72668.35055885559,5.088147945056338,1737.011048412161,0.0,-3.250703639423591e-05,0.11916030613747353,2616885927.021064,2616884265.892233,4.356767852320451,1487.8828856146224,0.0,0.866904417265232,1169.980293432463
344.0,2.0,6.622899993700277,5.741648915709663,8.170624178971662,883479.5013327163,27584.30096426651,81.01877701781717,1.014598062814879e-07,0.980003673322982,2.9999999999999996,911063.8022969805,911062.010478347,62.684832019902956,21519.40019346678,34400.0,-0.0002842819376382977,1.5918763710360508,123569.25443264232,123569.02005918899,8.888107372611957,3051.4694559584323,0.0,-5.664615218847757e-05,0.20805765112254448,72658.30751416605,72658.17312898563,5.088714867962633,1747.1884781480862,0.0,-3.264107135692029e-05,0.11892425664200346,2616885978.2546163,2616884257.1780457,4.357122858799435,1496.5971313322214,0.0,0.8669629896310198,1229.928091605964
346.0,2.0,6.62306873190227,5.741843343974899,8.170519599970131,883553.773296659,27584.622354651296,81.02795073128699,9.73883793588018e-08,0.9800037300836439,2.9999999999999996,911138.3956513113,911136.6263333994,62.69207248969697,21644.784338446174,34600.0,-0.0002842500543920323,1.5693756811815547,123551.47599706156,123551.2418365021,8.889111213857172,3069.2476783861466,0.0,-5.690532543667359e-05,0.20784449806978955,72648.12882875759,72647.9945564203,5.08928620898301,1757.3670505660523,0.0,-3.2788437010822236e-05,0.11881126614412096,2616886002.8710804,2616884248.463093,4.357480916138217,1505.3120931644978,0.0,0.8669718761982494,1263.2595175762715
348.0,2.0,6.623233554184185,5.742039084094985,8.170397641590709,883628.1071882723,27584.912394742485,81.03719782544879,9.444308940017296e-08,0.9800037882067348,2.9999999999999996,911213.019583015,911211.2275908204,62.69937129617532,21770.183081038525,34800.0,-0.00028423673938959837,1.5920499772764742,123533.69595927358,123533.46159098313,8.890122635357546,3087.0279236568617,0.0,-5.715357701774337e-05,0.20805198080915943,72637.94920922059,72637.81483234529,5.089861966950649,1767.5467744999535,0.0,-3.292953783784469e-05,0.11891566304825574,2616885958.136534,2616884239.747464,4.357842021408373,1514.0277772073146,0.0,0.8670272950525941,1227.2406554345484
350.0,2.0,6.623394988646726,5.742236189150829,8.170259676068042,883702.4739952484,27585.17519944081,81.04652090070292,9.174605929857797e-08,0.9800038478185025,2.9999999999999996,911287.6491946892,911285.814129728,62.706730553998504,21895.596542146523,35000.0,-0.00028422113973647356,1.6351227595005184,123515.9139195105,123515.6793070159,8.8911418758342,3104.81020740853,0.0,-5.736913863074733e-05,0.2082959693916564,72627.76840442079,72627.63394765706,5.090442282600615,1777.7276590651547,0.0,-3.3052570643121726e-05,0.11899542844389543,2616885882.7568545,2616884231.031104,4.358206280015653,1522.744189767346,0.0,0.8670797629208664,1160.5773883147092
352.0,2.0,6.623553653508516,5.742434629043439,8.17010952654675,883776.795509253,27585.416259200196,81.05591870421924,8.893268491334262e-08,0.9800039089960316,2.9999999999999996,911362.211768455,911360.3858310969,62.71414932132522,22021.024840789174,35200.0,-0.00028420958551578224,1.625995167909423,123498.1298454584,123497.8949692557,8.892168762805472,3122.594544934141,0.0,-5.760372414442827e-05,0.2085594429113371,72617.58652386501,72617.45189340136,5.091027061355818,1787.9097131878664,0.0,-3.318555513942556e-05,0.11916899538505277,2616885901.518769,2616884222.3140078,4.358573647665401,1531.4613370626766,0.0,0.8671307295162478,1188.0564498632748
354.0,2.0,6.623709289656297,5.742634375998335,8.169947528010265,883851.1479864959,27585.632617158113,81.06539014136723,8.60012857968012e-08,0.9800039717897773,2.9999999999999996,911436.7806036544,911434.9425775864,62.721626765232024,22146.468094319636,35400.0,-0.00028418964211596176,1.6380838978293468,123480.3438880608,123480.10856274638,8.893203151435428,3140.380951237012,0.0,-5.7810183989204234e-05,0.2090083481803049,72607.40352782291,72607.26866083522,5.091616224311387,1798.092945636489,0.0,-3.330307049509429e-05,0.11940540190585125,2616885882.4857707,2616884213.5961967,4.3589440863896876,1540.179225235456,0.0,0.8672077946600893,1177.7413399510322
356.0,2.0,6.62386224920214,5.742835432497468,8.169775124820562,883925.4632216172,27585.82781225476,81.07493555236431,8.29497697346202e-08,0.9800040362524004,2.9999999999999996,911511.29103387,911509.4842512385,62.729163181632615,22271.926420682903,35600.0,-0.00028417424618965015,1.6068404766047024,123462.5562653701,123462.32007242659,8.894245056002712,3158.1694413490177,0.0,-5.801796305604512e-05,0.20987576949028153,72597.21966553212,72597.08424115031,5.092209783575736,1808.2773652036406,0.0,-3.34208314143325e-05,0.11996267826111762,2616885943.501642,2616884204.877601,4.359317614103022,1548.897860463662,0.0,0.8672475181053869,1247.475846704049
358.0,2.0,6.624012058684222,5.743037782812042,8.169590365796065,883999.7935744028,27585.997815346516,81.08455441099935,7.97763277105201e-08,0.9800041024373922,2.9999999999999996,911585.7913897501,911584.0107348878,62.73675818609196,22397.39993705509,35800.0,-0.0002841527893906459,1.5807127289153868,123444.76688577824,123444.52948339687,8.895294393790973,3175.9600301365995,0.0,-5.8260107380192494e-05,0.21108496520764675,72587.03479530694,72586.89862562019,5.0928076958815,1818.4629805954035,0.0,-3.3559189660081756e-05,0.12070784485035801,2616885999.707893,2616884196.158241,4.359694215011247,1557.6172488936845,0.0,0.8672755965653778,1312.4014858016435
360.0,2.0,6.6241581241346665,5.743241454870227,8.169388660752087,884074.2054737686,27586.137588335547,81.09424827287488,7.647846707869434e-08,0.9800041703993491,2.9999999999999996,911660.3430621033,911658.5219088431,62.744413030693345,22522.888763116476,36000.0,-0.0002841361201717518,1.6212111434797407,123426.97532322683,123426.73678055972,8.89635131375529,3193.75273276411,0.0,-5.84697454542038e-05,0.2122250413040092,72576.84859716172,72576.7118054,5.093410050426644,1828.6498006962568,0.0,-3.367852400515403e-05,0.12132980047977071,2616885939.9354496,2616884187.4381347,4.3600739544780724,1566.3373968026406,0.0,0.8673173806434988,1261.3491904160744
362.0,2.0,6.624301056894934,5.743446566205615,8.16917226885774,884148.6394805688,27586.25228352394,81.1040229864142,7.305212436261659e-08,0.980004240192955,2.9999999999999996,911734.8917640926,911733.0176441727,62.75213234065445,22648.393027797785,36200.0,-0.000284125235339161,1.6741778141367831,123409.18175243064,123408.94194748097,8.897416443422424,3211.5475656509548,0.0,-5.866164838153054e-05,0.21348713196084645,72566.66124247818,72566.523770867,5.094017209986598,1838.83783511623,0.0,-3.3791549867601134e-05,0.1220095369117189,2616885868.694667,2616884178.717262,4.360457065402845,1575.0583109334464,0.0,0.8673586324209737,1198.8293218091483
364.0,2.0,6.624441484791961,5.743653107042924,8.168944636823916,884223.0270721089,27586.347318129418,81.11387833671482,6.94952123852351e-08,0.980004311873093,2.9999999999999996,911809.3743902389,911807.4978122306,62.75991597677449,22773.912859751334,36400.0,-0.000284113732050173,1.6766359139728593,123391.38646491063,123391.14496782013,8.898489734041478,3229.344545119038,0.0,-5.885440305064549e-05,0.2151790800303388,72556.4729838937,72556.33451245626,5.094629150873098,1849.0270934179762,0.0,-3.39005446221563e-05,0.12300925418549014,2616885891.014229,2616884169.995627,4.3608435445209635,1583.7799980224884,0.0,0.8674108566558516,1229.8705708565033
365.0,1.0,6.624511018039092,5.7437567313213505,8.168828059300855,884260.2337855804,27586.388765294323,81.11882770363013,6.7670317239185e-08,0.9800043481925372,2.9999999999999996,911846.6225508736,911844.7339871669,62.763825068651116,22836.676684819984,36500.0,-0.00028410879167495295,1.6886216172788409,123382.48822287073,123382.24593922556,8.89902858357955,3238.243573702617,0.0,-5.8865400205831975e-05,0.215965623712691,72551.37849900695,72551.23957603908,5.0949364110476685,1854.1220298290239,0.0,-3.390667984604079e-05,0.12346077848201276,2616885881.852285,2616884165.6345844,4.361037708022112,1588.1410357305106,0.0,0.8674060651358104,1225.0696646520194
