time_days,cell,x_m,y_m,depth_m,pressure_bar,gas_saturation,gas_H2_mole_fraction,aqueous_H2_mole_fraction
0.0,0,55.55555555555556,55.55555555555556,102.5,5.999557826243381,0.7499389048457202,0.9728989537725385,7.971840295705841e-05
0.0,1,166.66666666666669,55.55555555555556,102.5,5.999557826243381,0.7499389048457202,0.9728989537725385,7.971840295705841e-05
0.0,2,277.77777777777777,55.55555555555556,102.5,5.999557826243381,0.7499389048457202,0.9728989537725385,7.971840295705841e-05
0.0,3,388.8888888888889,55.55555555555556,102.5,5.999557826243381,0.7499389048457202,0.9728989537725385,7.971840295705841e-05
0.0,4,500.0,55.55555555555556,102.5,5.999557826243381,0.7499389048457202,0.9728989537725385,7.971840295705841e-05
0.0,5,611.1111111111111,55.55555555555556,102.5,5.999557826243381,0.7499389048457202,0.9728989537725385,7.971840295705841e-05
0.0,6,722.2222222222223,55.55555555555556,102.5,5.999557826243381,0.7499389048457202,0.9728989537725385,7.971840295705841e-05
0.0,7,833.3333333333334,55.55555555555556,102.5,5.999557826243381,0.7499389048457202,0.9728989537725385,7.971840295705841e-05
0.0,8,944.4444444444445,55.55555555555556,102.5,5.999557826243381,0.7499389048457202,0.9728989537725385,7.971840295705841e-05
0.0,9,55.55555555555556,166.66666666666669,102.5,5.999557826243381,0.7499389048457202,0.9728989537725385,7.971840295705841e-05
0.0,10,166.66666666666669,166.66666666666669,102.5,5.999557826243381,0.7499389048457202,0.9728989537725385,7.971840295705841e-05
0.0,11,277.77777777777777,166.66666666666669,102.5,5.999557826243381,0.7499389048457202,0.9728989537725385,7.971840295705841e-05
0.0,12,388.8888888888889,166.66666666666669,102.5,5.999557826243381,0.7499389048457202,0.9728989537725385,7.971840295705841e-05
0.0,13,500.0,166.66666666666669,102.5,5.999557826243381,0.7499389048457202,0.9728989537725385,7.971840295705841e-05
0.0,14,611.1111111111111,166.66666666666669,102.5,5.999557826243381,0.7499389048457202,0.9728989537725385,7.971840295705841e-05
0.0,15,722.2222222222223,166.66666666666669,102.5,5.999557826243381,0.7499389048457202,0.9728989537725385,7.971840295705841e-05
0.0,16,833.3333333333334,166.66666666666669,102.5,5.999557826243381,0.7499389048457202,0.9728989537725385,7.971840295705841e-05
0.0,17,944.4444444444445,166.66666666666669,102.5,5.999557826243381,0.7499389048457202,0.9728989537725385,7.971840295705841e-05
0.0,18,55.55555555555556,277.77777777777777,102.5,5.999557826243381,0.7499389048457202,0.9728989537725385,7.971840295705841e-05
0.0,19,166.66666666666669,277.77777777777777,102.5,5.999557826243381,0.7499389048457202,0.9728989537725385,7.971840295705841e-05
0.0,20,277.77777777777777,277.77777777777777,102.5,5.999557826243381,0.7499389048457202,0.9728989537725385,7.971840295705841e-05
0.0,21,388.8888888888889,277.77777777777777,102.5,5.999557826243381,0.7499389048457202,0.9728989537725385,7.971840295705841e-05
0.0,22,500.0,277.77777777777777,102.5,5.999557826243381,0.7499389048457202,0.9728989537725385,7.971840295705841e-05
0.0,23,611.1111111111111,277.77777777777777,102.5,5.999557826243381,0.7499389048457202,0.9728989537725385,7.971840295705841e-05
0.0,24,722.2222222222223,277.77777777777777,102.5,5.999557826243381,0.7499389048457202,0.9728989537725385,7.971840295705841e-05
0.0,25,833.3333333333334,277.77777777777777,102.5,5.999557826243381,0.7499389048457202,0.9728989537725385,7.971840295705841e-05
0.0,26,944.4444444444445,277.77777777777777,102.5,5.999557826243381,0.7499389048457202,0.9728989537725385,7.971840295705841e-05
0.0,27,55.55555555555556,388.8888888888889,102.5,5.999557826243381,0.7499389048457202,0.9728989537725385,7.971840295705841e-05
0.0,28,166.66666666666669,388.8888888888889,102.5,5.999557826243381,0.7499389048457202,0.9728989537725385,7.971840295705841e-05
0.0,29,277.77777777777777,388.8888888888889,102.5,5.999557826243381,0.7499389048457202,0.9728989537725385,7.971840295705841e-05
0.0,30,388.8888888888889,388.8888888888889,102.5,5.999557826243381,0.7499389048457202,0.9728989537725385,7.971840295705841e-05
0.0,31,500.0,388.8888888888889,102.5,5.999557826243381,0.7499389048457202,0.9728989537725385,7.971840295705841e-05
0.0,32,611.1111111111111,388.8888888888889,102.5,5.999557826243381,0.7499389048457202,0.9728989537725385,7.971840295705841e-05
0.0,33,722.2222222222223,388.8888888888889,102.5,5.999557826243381,0.7499389048457202,0.9728989537725385,7.971840295705841e-05
0.0,34,833.3333333333334,388.8888888888889,102.5,5.999557826243381,0.7499389048457202,0.9728989537725385,7.971840295705841e-05
0.0,35,944.4444444444445,388.8888888888889,102.5,5.999557826243381,0.7499389048457202,0.9728989537725385,7.971840295705841e-05
0.0,36,55.55555555555556,500.0,102.5,5.999557826243381,0.7499389048457202,0.9728989537725385,7.971840295705841e-05
0.0,37,166.66666666666669,500.0,102.5,5.999557826243381,0.7499389048457202,0.9728989537725385,7.971840295705841e-05
0.0,38,277.77777777777777,500.0,102.5,5.999557826243381,0.7499389048457202,0.9728989537725385,7.971840295705841e-05
0.0,39,388.8888888888889,500.0,102.5,5.999557826243381,0.7499389048457202,0.9728989537725385,7.971840295705841e-05
0.0,40,500.0,500.0,102.5,5.999557826243381,0.7499389048457202,0.9728989537725385,7.971840295705841e-05
0.0,41,611.1111111111111,500.0,102.5,5.999557826243381,0.7499389048457202,0.9728989537725385,7.971840295705841e-05
0.0,42,722.2222222222223,500.0,102.5,5.999557826243381,0.7499389048457202,0.9728989537725385,7.971840295705841e-05
0.0,43,833.3333333333334,500.0,102.5,5.999557826243381,0.7499389048457202,0.9728989537725385,7.971840295705841e-05
0.0,44,944.4444444444445,500.0,102.5,5.999557826243381,0.7499389048457202,0.9728989537725385,7.971840295705841e-05
0.0,45,55.55555555555556,611.1111111111111,102.5,5.999557826243381,0.7499389048457202,0.9728989537725385,7.971840295705841e-05
0.0,46,166.66666666666669,611.1111111111111,102.5,5.999557826243381,0.7499389048457202,0.9728989537725385,7.971840295705841e-05
0.0,47,277.77777777777777,611.1111111111111,102.5,5.999557826243381,0.7499389048457202,0.9728989537725385,7.971840295705841e-05
0.0,48,388.8888888888889,611.1111111111111,102.5,5.999557826243381,0.7499389048457202,0.9728989537725385,7.971840295705841e-05
0.0,49,500.0,611.1111111111111,102.5,5.999557826243381,0.7499389048457202,0.9728989537725385,7.971840295705841e-05
0.0,50,611.1111111111111,611.1111111111111,102.5,5.999557826243381,0.7499389048457202,0.9728989537725385,7.971840295705841e-05
0.0,51,722.2222222222223,611.1111111111111,102.5,5.999557826243381,0.7499389048457202,0.9728989537725385,7.971840295705841e-05
0.0,52,833.3333333333334,611.1111111111111,102.5,5.999557826243381,0.7499389048457202,0.9728989537725385,7.971840295705841e-05
0.0,53,944.4444444444445,611.1111111111111,102.5,5.999557826243381,0.7499389048457202,0.9728989537725385,7.971840295705841e-05
0.0,54,55.55555555555556,722.2222222222223,102.5,5.999557826243381,0.7499389048457202,0.9728989537725385,7.971840295705841e-05
0.0,55,166.66666666666669,722.2222222222223,102.5,5.999557826243381,0.7499389048457202,0.9728989537725385,7.971840295705841e-05
0.0,56,277.77777777777777,722.2222222222223,102.5,5.999557826243381,0.7499389048457202,0.9728989537725385,7.971840295705841e-05
0.0,57,388.8888888888889,722.2222222222223,102.5,5.999557826243381,0.7499389048457202,0.9728989537725385,7.971840295705841e-05
0.0,58,500.0,722.2222222222223,102.5,5.999557826243381,0.7499389048457202,0.9728989537725385,7.971840295705841e-05
0.0,59,611.1111111111111,722.2222222222223,102.5,5.999557826243381,0.7499389048457202,0.9728989537725385,7.971840295705841e-05
0.0,60,722.2222222222223,722.2222222222223,102.5,5.999557826243381,0.7499389048457202,0.9728989537725385,7.971840295705841e-05
0.0,61,833.3333333333334,722.2222222222223,102.5,5.999557826243381,0.7499389048457202,0.9728989537725385,7.971840295705841e-05
0.0,62,944.4444444444445,722.2222222222223,102.5,5.999557826243381,0.7499389048457202,0.9728989537725385,7.971840295705841e-05
0.0,63,55.55555555555556,833.3333333333334,102.5,5.999557826243381,0.7499389048457202,0.9728989537725385,7.971840295705841e-05
0.0,64,166.66666666666669,833.3333333333334,102.5,5.999557826243381,0.7499389048457202,0.9728989537725385,7.971840295705841e-05
0.0,65,277.77777777777777,833.3333333333334,102.5,5.999557826243381,0.7499389048457202,0.9728989537725385,7.971840295705841e-05
0.0,66,388.8888888888889,833.3333333333334,102.5,5.999557826243381,0.7499389048457202,0.9728989537725385,7.971840295705841e-05
0.0,67,500.0,833.3333333333334,102.5,5.999557826243381,0.7499389048457202,0.9728989537725385,7.971840295705841e-05
0.0,68,611.1111111111111,833.3333333333334,102.5,5.999557826243381,0.7499389048457202,0.9728989537725385,7.971840295705841e-05
0.0,69,722.2222222222223,833.3333333333334,102.5,5.999557826243381,0.7499389048457202,0.9728989537725385,7.971840295705841e-05
0.0,70,833.3333333333334,833.3333333333334,102.5,5.999557826243381,0.7499389048457202,0.9728989537725385,7.971840295705841e-05
0.0,71,944.4444444444445,833.3333333333334,102.5,5.999557826243381,0.7499389048457202,0.9728989537725385,7.971840295705841e-05
0.0,72,55.55555555555556,944.4444444444445,102.5,5.999557826243381,0.7499389048457202,0.9728989537725385,7.971840295705841e-05
0.0,73,166.66666666666669,944.4444444444445,102.5,5.999557826243381,0.7499389048457202,0.9728989537725385,7.971840295705841e-05
0.0,74,277.77777777777777,944.4444444444445,102.5,5.999557826243381,0.7499389048457202,0.9728989537725385,7.971840295705841e-05
0.0,75,388.8888888888889,944.4444444444445,102.5,5.999557826243381,0.7499389048457202,0.9728989537725385,7.971840295705841e-05
0.0,76,500.0,944.4444444444445,102.5,5.999557826243381,0.7499389048457202,0.9728989537725385,7.971840295705841e-05
0.0,77,611.1111111111111,944.4444444444445,102.5,5.999557826243381,0.7499389048457202,0.9728989537725385,7.971840295705841e-05
0.0,78,722.2222222222223,944.4444444444445,102.5,5.999557826243381,0.7499389048457202,0.9728989537725385,7.971840295705841e-05
0.0,79,833.3333333333334,944.4444444444445,102.5,5.999557826243381,0.7499389048457202,0.9728989537725385,7.971840295705841e-05
0.0,80,944.4444444444445,944.4444444444445,102.5,5.999557826243381,0.7499389048457202,0.9728989537725385,7.971840295705841e-05
0.0,81,55.55555555555556,55.55555555555556,107.5,5.999852605290406,0.7498995277421171,0.9728992936851246,7.972234091504035e-05
0.0,82,166.66666666666669,55.55555555555556,107.5,5.999852605290406,0.7498995277421171,0.9728992936851246,7.972234091504035e-05
0.0,83,277.77777777777777,55.55555555555556,107.5,5.999852605290406,0.7498995277421171,0.9728992936851246,7.972234091504035e-05
0.0,84,388.8888888888889,55.55555555555556,107.5,5.999852605290406,0.7498995277421171,0.9728992936851246,7.972234091504035e-05
0.0,85,500.0,55.55555555555556,107.5,5.999852605290406,0.7498995277421171,0.9728992936851246,7.972234091504035e-05
0.0,86,611.1111111111111,55.55555555555556,107.5,5.999852605290406,0.7498995277421171,0.9728992936851246,7.972234091504035e-05
0.0,87,722.2222222222223,55.55555555555556,107.5,5.999852605290406,0.7498995277421171,0.9728992936851246,7.972234091504035e-05
0.0,88,833.3333333333334,55.55555555555556,107.5,5.999852605290406,0.7498995277421171,0.9728992936851246,7.972234091504035e-05
0.0,89,944.4444444444445,55.55555555555556,107.5,5.999852605290406,0.7498995277421171,0.9728992936851246,7.972234091504035e-05
0.0,90,55.55555555555556,166.66666666666669,107.5,5.999852605290406,0.7498995277421171,0.9728992936851246,7.972234091504035e-05
0.0,91,166.66666666666669,166.66666666666669,107.5,5.999852605290406,0.7498995277421171,0.9728992936851246,7.972234091504035e-05
0.0,92,277.77777777777777,166.66666666666669,107.5,5.999852605290406,0.7498995277421171,0.9728992936851246,7.972234091504035e-05
0.0,93,388.8888888888889,166.66666666666669,107.5,5.999852605290406,0.7498995277421171,0.9728992936851246,7.972234091504035e-05
0.0,94,500.0,166.66666666666669,107.5,5.999852605290406,0.7498995277421171,0.9728992936851246,7.972234091504035e-05
0.0,95,611.1111111111111,166.66666666666669,107.5,5.999852605290406,0.7498995277421171,0.9728992936851246,7.972234091504035e-05
0.0,96,722.2222222222223,166.66666666666669,107.5,5.999852605290406,0.7498995277421171,0.9728992936851246,7.972234091504035e-05
0.0,97,833.3333333333334,166.66666666666669,107.5,5.999852605290406,0.7498995277421171,0.9728992936851246,7.972234091504035e-05
0.0,98,944.4444444444445,166.66666666666669,107.5,5.999852605290406,0.7498995277421171,0.9728992936851246,7.972234091504035e-05
0.0,99,55.55555555555556,277.77777777777777,107.5,5.999852605290406,0.7498995277421171,0.9728992936851246,7.972234091504035e-05
0.0,100,166.66666666666669,277.77777777777777,107.5,5.999852605290406,0.7498995277421171,0.9728992936851246,7.972234091504035e-05
0.0,101,277.77777777777777,277.77777777777777,107.5,5.999852605290406,0.7498995277421171,0.9728992936851246,7.972234091504035e-05
0.0,102,388.8888888888889,277.77777777777777,107.5,5.999852605290406,0.7498995277421171,0.9728992936851246,7.972234091504035e-05
0.0,103,500.0,277.77777777777777,107.5,5.999852605290406,0.7498995277421171,0.9728992936851246,7.972234091504035e-05
0.0,104,611.1111111111111,277.77777777777777,107.5,5.999852605290406,0.7498995277421171,0.9728992936851246,7.972234091504035e-05
0.0,105,722.2222222222223,277.77777777777777,107.5,5.999852605290406,0.7498995277421171,0.9728992936851246,7.972234091504035e-05
0.0,106,833.3333333333334,277.77777777777777,107.5,5.999852605290406,0.7498995277421171,0.9728992936851246,7.972234091504035e-05
0.0,107,944.4444444444445,277.77777777777777,107.5,5.999852605290406,0.7498995277421171,0.9728992936851246,7.972234091504035e-05
0.0,108,55.55555555555556,388.8888888888889,107.5,5.999852605290406,0.7498995277421171,0.9728992936851246,7.972234091504035e-05
0.0,109,166.66666666666669,388.8888888888889,107.5,5.999852605290406,0.7498995277421171,0.9728992936851246,7.972234091504035e-05
0.0,110,277.77777777777777,388.8888888888889,107.5,5.999852605290406,0.7498995277421171,0.9728992936851246,7.972234091504035e-05
0.0,111,388.8888888888889,388.8888888888889,107.5,5.999852605290406,0.7498995277421171,0.9728992936851246,7.972234091504035e-05
0.0,112,500.0,388.8888888888889,107.5,5.999852605290406,0.7498995277421171,0.9728992936851246,7.972234091504035e-05
0.0,113,611.1111111111111,388.8888888888889,107.5,5.999852605290406,0.7498995277421171,0.9728992936851246,7.972234091504035e-05
0.0,114,722.2222222222223,388.8888888888889,107.5,5.999852605290406,0.7498995277421171,0.9728992936851246,7.972234091504035e-05
0.0,115,833.3333333333334,388.8888888888889,107.5,5.999852605290406,0.7498995277421171,0.9728992936851246,7.972234091504035e-05
0.0,116,944.4444444444445,388.8888888888889,107.5,5.999852605290406,0.7498995277421171,0.9728992936851246,7.972234091504035e-05
0.0,117,55.55555555555556,500.0,107.5,5.999852605290406,0.7498995277421171,0.9728992936851246,7.972234091504035e-05
0.0,118,166.66666666666669,500.0,107.5,5.999852605290406,0.7498995277421171,0.9728992936851246,7.972234091504035e-05
0.0,119,277.77777777777777,500.0,107.5,5.999852605290406,0.7498995277421171,0.9728992936851246,7.972234091504035e-05
0.0,120,388.8888888888889,500.0,107.5,5.999852605290406,0.7498995277421171,0.9728992936851246,7.972234091504035e-05
0.0,121,500.0,500.0,107.5,5.999852605290406,0.7498995277421171,0.9728992936851246,7.972234091504035e-05
0.0,122,611.1111111111111,500.0,107.5,5.999852605290406,0.7498995277421171,0.9728992936851246,7.972234091504035e-05
0.0,123,722.2222222222223,500.0,107.5,5.999852605290406,0.7498995277421171,0.9728992936851246,7.972234091504035e-05
0.0,124,833.3333333333334,500.0,107.5,5.999852605290406,0.7498995277421171,0.9728992936851246,7.972234091504035e-05
0.0,125,944.4444444444445,500.0,107.5,5.999852605290406,0.7498995277421171,0.9728992936851246,7.972234091504035e-05
0.0,126,55.55555555555556,611.1111111111111,107.5,5.999852605290406,0.7498995277421171,0.9728992936851246,7.972234091504035e-05
0.0,127,166.66666666666669,611.1111111111111,107.5,5.999852605290406,0.7498995277421171,0.9728992936851246,7.972234091504035e-05
0.0,128,277.77777777777777,611.1111111111111,107.5,5.999852605290406,0.7498995277421171,0.9728992936851246,7.972234091504035e-05
0.0,129,388.8888888888889,611.1111111111111,107.5,5.999852605290406,0.7498995277421171,0.9728992936851246,7.972234091504035e-05
0.0,130,500.0,611.1111111111111,107.5,5.999852605290406,0.7498995277421171,0.9728992936851246,7.972234091504035e-05
0.0,131,611.1111111111111,611.1111111111111,107.5,5.999852605290406,0.7498995277421171,0.9728992936851246,7.972234091504035e-05
0.0,132,722.2222222222223,611.1111111111111,107.5,5.999852605290406,0.7498995277421171,0.9728992936851246,7.972234091504035e-05
0.0,133,833.3333333333334,611.1111111111111,107.5,5.999852605290406,0.7498995277421171,0.9728992936851246,7.972234091504035e-05
0.0,134,944.4444444444445,611.1111111111111,107.5,5.999852605290406,0.7498995277421171,0.9728992936851246,7.972234091504035e-05
0.0,135,55.55555555555556,722.2222222222223,107.5,5.999852605290406,0.7498995277421171,0.9728992936851246,7.972234091504035e-05
0.0,136,166.66666666666669,722.2222222222223,107.5,5.999852605290406,0.7498995277421171,0.9728992936851246,7.972234091504035e-05
0.0,137,277.77777777777777,722.2222222222223,107.5,5.999852605290406,0.7498995277421171,0.9728992936851246,7.972234091504035e-05
0.0,138,388.8888888888889,722.2222222222223,107.5,5.999852605290406,0.7498995277421171,0.9728992936851246,7.972234091504035e-05
0.0,139,500.0,722.2222222222223,107.5,5.999852605290406,0.7498995277421171,0.9728992936851246,7.972234091504035e-05
0.0,140,611.1111111111111,722.2222222222223,107.5,5.999852605290406,0.7498995277421171,0.9728992936851246,7.972234091504035e-05
0.0,141,722.2222222222223,722.2222222222223,107.5,5.999852605290406,0.7498995277421171,0.9728992936851246,7.972234091504035e-05
0.0,142,833.3333333333334,722.2222222222223,107.5,5.999852605290406,0.7498995277421171,0.9728992936851246,7.972234091504035e-05
0.0,143,944.4444444444445,722.2222222222223,107.5,5.999852605290406,0.7498995277421171,0.9728992936851246,7.972234091504035e-05
0.0,144,55.55555555555556,833.3333333333334,107.5,5.999852605290406,0.7498995277421171,0.9728992936851246,7.972234091504035e-05
0.0,145,166.66666666666669,833.3333333333334,107.5,5.999852605290406,0.7498995277421171,0.9728992936851246,7.972234091504035e-05
0.0,146,277.77777777777777,833.3333333333334,107.5,5.999852605290406,0.7498995277421171,0.9728992936851246,7.972234091504035e-05
0.0,147,388.8888888888889,833.3333333333334,107.5,5.999852605290406,0.7498995277421171,0.9728992936851246,7.972234091504035e-05
0.0,148,500.0,833.3333333333334,107.5,5.999852605290406,0.7498995277421171,0.9728992936851246,7.972234091504035e-05
0.0,149,611.1111111111111,833.3333333333334,107.5,5.999852605290406,0.7498995277421171,0.9728992936851246,7.972234091504035e-05
0.0,150,722.2222222222223,833.3333333333334,107.5,5.999852605290406,0.7498995277421171,0.9728992936851246,7.972234091504035e-05
0.0,151,833.3333333333334,833.3333333333334,107.5,5.999852605290406,0.7498995277421171,0.9728992936851246,7.972234091504035e-05
0.0,152,944.4444444444445,833.3333333333334,107.5,5.999852605290406,0.7498995277421171,0.9728992936851246,7.972234091504035e-05
0.0,153,55.55555555555556,944.4444444444445,107.5,5.999852605290406,0.7498995277421171,0.9728992936851246,7.972234091504035e-05
0.0,154,166.66666666666669,944.4444444444445,107.5,5.999852605290406,0.7498995277421171,0.9728992936851246,7.972234091504035e-05
0.0,155,277.77777777777777,944.4444444444445,107.5,5.999852605290406,0.7498995277421171,0.9728992936851246,7.972234091504035e-05
0.0,156,388.8888888888889,944.4444444444445,107.5,5.999852605290406,0.7498995277421171,0.9728992936851246,7.972234091504035e-05
0.0,157,500.0,944.4444444444445,107.5,5.999852605290406,0.7498995277421171,0.9728992936851246,7.972234091504035e-05
0.0,158,611.1111111111111,944.4444444444445,107.5,5.999852605290406,0.7498995277421171,0.9728992936851246,7.972234091504035e-05
0.0,159,722.2222222222223,944.4444444444445,107.5,5.999852605290406,0.7498995277421171,0.9728992936851246,7.972234091504035e-05
0.0,160,833.3333333333334,944.4444444444445,107.5,5.999852605290406,0.7498995277421171,0.9728992936851246,7.972234091504035e-05
0.0,161,944.4444444444445,944.4444444444445,107.5,5.999852605290406,0.7498995277421171,0.9728992936851246,7.972234091504035e-05
0.0,162,55.55555555555556,55.55555555555556,112.5,6.000147398167091,0.749804890468588,0.9728996335802645,7.972627905711708e-05
0.0,163,166.66666666666669,55.55555555555556,112.5,6.000147398167091,0.749804890468588,0.9728996335802645,7.972627905711708e-05
0.0,164,277.77777777777777,55.55555555555556,112.5,6.000147398167091,0.749804890468588,0.9728996335802645,7.972627905711708e-05
0.0,165,388.8888888888889,55.55555555555556,112.5,6.000147398167091,0.749804890468588,0.9728996335802645,7.972627905711708e-05
0.0,166,500.0,55.55555555555556,112.5,6.000147398167091,0.749804890468588,0.9728996335802645,7.972627905711708e-05
0.0,167,611.1111111111111,55.55555555555556,112.5,6.000147398167091,0.749804890468588,0.9728996335802645,7.972627905711708e-05
0.0,168,722.2222222222223,55.55555555555556,112.5,6.000147398167091,0.749804890468588,0.9728996335802645,7.972627905711708e-05
0.0,169,833.3333333333334,55.55555555555556,112.5,6.000147398167091,0.749804890468588,0.9728996335802645,7.972627905711708e-05
0.0,170,944.4444444444445,55.55555555555556,112.5,6.000147398167091,0.749804890468588,0.9728996335802645,7.972627905711708e-05
0.0,171,55.55555555555556,166.66666666666669,112.5,6.000147398167091,0.749804890468588,0.9728996335802645,7.972627905711708e-05
0.0,172,166.66666666666669,166.66666666666669,112.5,6.000147398167091,0.749804890468588,0.9728996335802645,7.972627905711708e-05
0.0,173,277.77777777777777,166.66666666666669,112.5,6.000147398167091,0.749804890468588,0.9728996335802645,7.972627905711708e-05
0.0,174,388.8888888888889,166.66666666666669,112.5,6.000147398167091,0.749804890468588,0.9728996335802645,7.972627905711708e-05
0.0,175,500.0,166.66666666666669,112.5,6.000147398167091,0.749804890468588,0.9728996335802645,7.972627905711708e-05
0.0,176,611.1111111111111,166.66666666666669,112.5,6.000147398167091,0.749804890468588,0.9728996335802645,7.972627905711708e-05
0.0,177,722.2222222222223,166.66666666666669,112.5,6.000147398167091,0.749804890468588,0.9728996335802645,7.972627905711708e-05
0.0,178,833.3333333333334,166.66666666666669,112.5,6.000147398167091,0.749804890468588,0.9728996335802645,7.972627905711708e-05
0.0,179,944.4444444444445,166.66666666666669,112.5,6.000147398167091,0.749804890468588,0.9728996335802645,7.972627905711708e-05
0.0,180,55.55555555555556,277.77777777777777,112.5,6.000147398167091,0.749804890468588,0.9728996335802645,7.972627905711708e-05
0.0,181,166.66666666666669,277.77777777777777,112.5,6.000147398167091,0.749804890468588,0.9728996335802645,7.972627905711708e-05
0.0,182,277.77777777777777,277.77777777777777,112.5,6.000147398167091,0.749804890468588,0.9728996335802645,7.972627905711708e-05
0.0,183,388.8888888888889,277.77777777777777,112.5,6.000147398167091,0.749804890468588,0.9728996335802645,7.972627905711708e-05
0.0,184,500.0,277.77777777777777,112.5,6.000147398167091,0.749804890468588,0.9728996335802645,7.972627905711708e-05
0.0,185,611.1111111111111,277.77777777777777,112.5,6.000147398167091,0.749804890468588,0.9728996335802645,7.972627905711708e-05
0.0,186,722.2222222222223,277.77777777777777,112.5,6.000147398167091,0.749804890468588,0.9728996335802645,7.972627905711708e-05
0.0,187,833.3333333333334,277.77777777777777,112.5,6.000147398167091,0.749804890468588,0.9728996335802645,7.972627905711708e-05
0.0,188,944.4444444444445,277.77777777777777,112.5,6.000147398167091,0.749804890468588,0.9728996335802645,7.972627905711708e-05
0.0,189,55.55555555555556,388.8888888888889,112.5,6.000147398167091,0.749804890468588,0.9728996335802645,7.972627905711708e-05
0.0,190,166.66666666666669,388.8888888888889,112.5,6.000147398167091,0.749804890468588,0.9728996335802645,7.972627905711708e-05
0.0,191,277.77777777777777,388.8888888888889,112.5,6.000147398167091,0.749804890468588,0.9728996335802645,7.972627905711708e-05
0.0,192,388.8888888888889,388.8888888888889,112.5,6.000147398167091,0.749804890468588,0.9728996335802645,7.972627905711708e-05
0.0,193,500.0,388.8888888888889,112.5,6.000147398167091,0.749804890468588,0.9728996335802645,7.972627905711708e-05
0.0,194,611.1111111111111,388.8888888888889,112.5,6.000147398167091,0.749804890468588,0.9728996335802645,7.972627905711708e-05
0.0,195,722.2222222222223,388.8888888888889,112.5,6.000147398167091,0.749804890468588,0.9728996335802645,7.972627905711708e-05
0.0,196,833.3333333333334,388.8888888888889,112.5,6.000147398167091,0.749804890468588,0.9728996335802645,7.972627905711708e-05
0.0,197,944.4444444444445,388.8888888888889,112.5,6.000147398167091,0.749804890468588,0.9728996335802645,7.972627905711708e-05
0.0,198,55.55555555555556,500.0,112.5,6.000147398167091,0.749804890468588,0.9728996335802645,7.972627905711708e-05
0.0,199,166.66666666666669,500.0,112.5,6.000147398167091,0.749804890468588,0.9728996335802645,7.972627905711708e-05
0.0,200,277.77777777777777,500.0,112.5,6.000147398167091,0.749804890468588,0.9728996335802645,7.972627905711708e-05
0.0,201,388.8888888888889,500.0,112.5,6.000147398167091,0.749804890468588,0.9728996335802645,7.972627905711708e-05
0.0,202,500.0,500.0,112.5,6.000147398167091,0.749804890468588,0.9728996335802645,7.972627905711708e-05
0.0,203,611.1111111111111,500.0,112.5,6.000147398167091,0.749804890468588,0.9728996335802645,7.972627905711708e-05
0.0,204,722.2222222222223,500.0,112.5,6.000147398167091,0.749804890468588,0.9728996335802645,7.972627905711708e-05
0.0,205,833.3333333333334,500.0,112.5,6.000147398167091,0.749804890468588,0.9728996335802645,7.972627905711708e-05
0.0,206,944.4444444444445,500.0,112.5,6.000147398167091,0.749804890468588,0.9728996335802645,7.972627905711708e-05
0.0,207,55.55555555555556,611.1111111111111,112.5,6.000147398167091,0.749804890468588,0.9728996335802645,7.972627905711708e-05
0.0,208,166.66666666666669,611.1111111111111,112.5,6.000147398167091,0.749804890468588,0.9728996335802645,7.972627905711708e-05
0.0,209,277.77777777777777,611.1111111111111,112.5,6.000147398167091,0.749804890468588,0.9728996335802645,7.972627905711708e-05
0.0,210,388.8888888888889,611.1111111111111,112.5,6.000147398167091,0.749804890468588,0.9728996335802645,7.972627905711708e-05
0.0,211,500.0,611.1111111111111,112.5,6.000147398167091,0.749804890468588,0.9728996335802645,7.972627905711708e-05
0.0,212,611.1111111111111,611.1111111111111,112.5,6.000147398167091,0.749804890468588,0.9728996335802645,7.972627905711708e-05
0.0,213,722.2222222222223,611.1111111111111,112.5,6.000147398167091,0.749804890468588,0.9728996335802645,7.972627905711708e-05
0.0,214,833.3333333333334,611.1111111111111,112.5,6.000147398167091,0.749804890468588,0.9728996335802645,7.972627905711708e-05
0.0,215,944.4444444444445,611.1111111111111,112.5,6.000147398167091,0.749804890468588,0.9728996335802645,7.972627905711708e-05
0.0,216,55.55555555555556,722.2222222222223,112.5,6.000147398167091,0.749804890468588,0.9728996335802645,7.972627905711708e-05
0.0,217,166.66666666666669,722.2222222222223,112.5,6.000147398167091,0.749804890468588,0.9728996335802645,7.972627905711708e-05
0.0,218,277.77777777777777,722.2222222222223,112.5,6.000147398167091,0.749804890468588,0.9728996335802645,7.972627905711708e-05
0.0,219,388.8888888888889,722.2222222222223,112.5,6.000147398167091,0.749804890468588,0.9728996335802645,7.972627905711708e-05
0.0,220,500.0,722.2222222222223,112.5,6.000147398167091,0.749804890468588,0.9728996335802645,7.972627905711708e-05
0.0,221,611.1111111111111,722.2222222222223,112.5,6.000147398167091,0.749804890468588,0.9728996335802645,7.972627905711708e-05
0.0,222,722.2222222222223,722.2222222222223,112.5,6.000147398167091,0.749804890468588,0.9728996335802645,7.972627905711708e-05
0.0,223,833.3333333333334,722.2222222222223,112.5,6.000147398167091,0.749804890468588,0.9728996335802645,7.972627905711708e-05
0.0,224,944.4444444444445,722.2222222222223,112.5,6.000147398167091,0.749804890468588,0.9728996335802645,7.972627905711708e-05
0.0,225,55.55555555555556,833.3333333333334,112.5,6.000147398167091,0.749804890468588,0.9728996335802645,7.972627905711708e-05
0.0,226,166.66666666666669,833.3333333333334,112.5,6.000147398167091,0.749804890468588,0.9728996335802645,7.972627905711708e-05
0.0,227,277.77777777777777,833.3333333333334,112.5,6.000147398167091,0.749804890468588,0.9728996335802645,7.972627905711708e-05
0.0,228,388.8888888888889,833.3333333333334,112.5,6.000147398167091,0.749804890468588,0.9728996335802645,7.972627905711708e-05
0.0,229,500.0,833.3333333333334,112.5,6.000147398167091,0.749804890468588,0.9728996335802645,7.972627905711708e-05
0.0,230,611.1111111111111,833.3333333333334,112.5,6.000147398167091,0.749804890468588,0.9728996335802645,7.972627905711708e-05
0.0,231,722.2222222222223,833.3333333333334,112.5,6.000147398167091,0.749804890468588,0.9728996335802645,7.972627905711708e-05
0.0,232,833.3333333333334,833.3333333333334,112.5,6.000147398167091,0.749804890468588,0.9728996335802645,7.972627905711708e-05
0.0,233,944.4444444444445,833.3333333333334,112.5,6.000147398167091,0.749804890468588,0.9728996335802645,7.972627905711708e-05
0.0,234,55.55555555555556,944.4444444444445,112.5,6.000147398167091,0.749804890468588,0.9728996335802645,7.972627905711708e-05
0.0,235,166.66666666666669,944.4444444444445,112.5,6.000147398167091,0.749804890468588,0.9728996335802645,7.972627905711708e-05
0.0,236,277.77777777777777,944.4444444444445,112.5,6.000147398167091,0.749804890468588,0.9728996335802645,7.972627905711708e-05
0.0,237,388.8888888888889,944.4444444444445,112.5,6.000147398167091,0.749804890468588,0.9728996335802645,7.972627905711708e-05
0.0,238,500.0,944.4444444444445,112.5,6.000147398167091,0.749804890468588,0.9728996335802645,7.972627905711708e-05
0.0,239,611.1111111111111,944.4444444444445,112.5,6.000147398167091,0.749804890468588,0.9728996335802645,7.972627905711708e-05
0.0,240,722.2222222222223,944.4444444444445,112.5,6.000147398167091,0.749804890468588,0.9728996335802645,7.972627905711708e-05
0.0,241,833.3333333333334,944.4444444444445,112.5,6.000147398167091,0.749804890468588,0.9728996335802645,7.972627905711708e-05
0.0,242,944.4444444444445,944.4444444444445,112.5,6.000147398167091,0.749804890468588,0.9728996335802645,7.972627905711708e-05
0.0,243,55.55555555555556,55.55555555555556,117.5,6.000442204874086,0.749469512259529,0.9728999734578776,7.97302173832935e-05
0.0,244,166.66666666666669,55.55555555555556,117.5,6.000442204874086,0.749469512259529,0.9728999734578776,7.97302173832935e-05
0.0,245,277.77777777777777,55.55555555555556,117.5,6.000442204874086,0.749469512259529,0.9728999734578776,7.97302173832935e-05
0.0,246,388.8888888888889,55.55555555555556,117.5,6.000442204874086,0.749469512259529,0.9728999734578776,7.97302173832935e-05
0.0,247,500.0,55.55555555555556,117.5,6.000442204874086,0.749469512259529,0.9728999734578776,7.97302173832935e-05
0.0,248,611.1111111111111,55.55555555555556,117.5,6.000442204874086,0.749469512259529,0.9728999734578776,7.97302173832935e-05
0.0,249,722.2222222222223,55.55555555555556,117.5,6.000442204874086,0.749469512259529,0.9728999734578776,7.97302173832935e-05
0.0,250,833.3333333333334,55.55555555555556,117.5,6.000442204874086,0.749469512259529,0.9728999734578776,7.97302173832935e-05
0.0,251,944.4444444444445,55.55555555555556,117.5,6.000442204874086,0.749469512259529,0.9728999734578776,7.97302173832935e-05
0.0,252,55.55555555555556,166.66666666666669,117.5,6.000442204874086,0.749469512259529,0.9728999734578776,7.97302173832935e-05
0.0,253,166.66666666666669,166.66666666666669,117.5,6.000442204874086,0.749469512259529,0.9728999734578776,7.97302173832935e-05
0.0,254,277.77777777777777,166.66666666666669,117.5,6.000442204874086,0.749469512259529,0.9728999734578776,7.97302173832935e-05
0.0,255,388.8888888888889,166.66666666666669,117.5,6.000442204874086,0.749469512259529,0.9728999734578776,7.97302173832935e-05
0.0,256,500.0,166.66666666666669,117.5,6.000442204874086,0.749469512259529,0.9728999734578776,7.97302173832935e-05
0.0,257,611.1111111111111,166.66666666666669,117.5,6.000442204874086,0.749469512259529,0.9728999734578776,7.97302173832935e-05
0.0,258,722.2222222222223,166.66666666666669,117.5,6.000442204874086,0.749469512259529,0.9728999734578776,7.97302173832935e-05
0.0,259,833.3333333333334,166.66666666666669,117.5,6.000442204874086,0.749469512259529,0.9728999734578776,7.97302173832935e-05
0.0,260,944.4444444444445,166.66666666666669,117.5,6.000442204874086,0.749469512259529,0.9728999734578776,7.97302173832935e-05
0.0,261,55.55555555555556,277.77777777777777,117.5,6.000442204874086,0.749469512259529,0.9728999734578776,7.97302173832935e-05
0.0,262,166.66666666666669,277.77777777777777,117.5,6.000442204874086,0.749469512259529,0.9728999734578776,7.97302173832935e-05
0.0,263,277.77777777777777,277.77777777777777,117.5,6.000442204874086,0.749469512259529,0.9728999734578776,7.97302173832935e-05
0.0,264,388.8888888888889,277.77777777777777,117.5,6.000442204874086,0.749469512259529,0.9728999734578776,7.97302173832935e-05
0.0,265,500.0,277.77777777777777,117.5,6.000442204874086,0.749469512259529,0.9728999734578776,7.97302173832935e-05
0.0,266,611.1111111111111,277.77777777777777,117.5,6.000442204874086,0.749469512259529,0.9728999734578776,7.97302173832935e-05
0.0,267,722.2222222222223,277.77777777777777,117.5,6.000442204874086,0.749469512259529,0.9728999734578776,7.97302173832935e-05
0.0,268,833.3333333333334,277.77777777777777,117.5,6.000442204874086,0.749469512259529,0.9728999734578776,7.97302173832935e-05
0.0,269,944.4444444444445,277.77777777777777,117.5,6.000442204874086,0.749469512259529,0.9728999734578776,7.97302173832935e-05
0.0,270,55.55555555555556,388.8888888888889,117.5,6.000442204874086,0.749469512259529,0.9728999734578776,7.97302173832935e-05
0.0,271,166.66666666666669,388.8888888888889,117.5,6.000442204874086,0.749469512259529,0.9728999734578776,7.97302173832935e-05
0.0,272,277.77777777777777,388.8888888888889,117.5,6.000442204874086,0.749469512259529,0.9728999734578776,7.97302173832935e-05
0.0,273,388.8888888888889,388.8888888888889,117.5,6.000442204874086,0.749469512259529,0.9728999734578776,7.97302173832935e-05
0.0,274,500.0,388.8888888888889,117.5,6.000442204874086,0.749469512259529,0.9728999734578776,7.97302173832935e-05
0.0,275,611.1111111111111,388.8888888888889,117.5,6.000442204874086,0.749469512259529,0.9728999734578776,7.97302173832935e-05
0.0,276,722.2222222222223,388.8888888888889,117.5,6.000442204874086,0.749469512259529,0.9728999734578776,7.97302173832935e-05
0.0,277,833.3333333333334,388.8888888888889,117.5,6.000442204874086,0.749469512259529,0.9728999734578776,7.97302173832935e-05
0.0,278,944.4444444444445,388.8888888888889,117.5,6.000442204874086,0.749469512259529,0.9728999734578776,7.97302173832935e-05
0.0,279,55.55555555555556,500.0,117.5,6.000442204874086,0.749469512259529,0.9728999734578776,7.97302173832935e-05
0.0,280,166.66666666666669,500.0,117.5,6.000442204874086,0.749469512259529,0.9728999734578776,7.97302173832935e-05
0.0,281,277.77777777777777,500.0,117.5,6.000442204874086,0.749469512259529,0.9728999734578776,7.97302173832935e-05
0.0,282,388.8888888888889,500.0,117.5,6.000442204874086,0.749469512259529,0.9728999734578776,7.97302173832935e-05
0.0,283,500.0,500.0,117.5,6.000442204874086,0.749469512259529,0.9728999734578776,7.97302173832935e-05
0.0,284,611.1111111111111,500.0,117.5,6.000442204874086,0.749469512259529,0.9728999734578776,7.97302173832935e-05
0.0,285,722.2222222222223,500.0,117.5,6.000442204874086,0.749469512259529,0.9728999734578776,7.97302173832935e-05
0.0,286,833.3333333333334,500.0,117.5,6.000442204874086,0.749469512259529,0.9728999734578776,7.97302173832935e-05
0.0,287,944.4444444444445,500.0,117.5,6.000442204874086,0.749469512259529,0.9728999734578776,7.97302173832935e-05
0.0,288,55.55555555555556,611.1111111111111,117.5,6.000442204874086,0.749469512259529,0.9728999734578776,7.97302173832935e-05
0.0,289,166.66666666666669,611.1111111111111,117.5,6.000442204874086,0.749469512259529,0.9728999734578776,7.97302173832935e-05
0.0,290,277.77777777777777,611.1111111111111,117.5,6.000442204874086,0.749469512259529,0.9728999734578776,7.97302173832935e-05
0.0,291,388.8888888888889,611.1111111111111,117.5,6.000442204874086,0.749469512259529,0.9728999734578776,7.97302173832935e-05
0.0,292,500.0,611.1111111111111,117.5,6.000442204874086,0.749469512259529,0.9728999734578776,7.97302173832935e-05
0.0,293,611.1111111111111,611.1111111111111,117.5,6.000442204874086,0.749469512259529,0.9728999734578776,7.97302173832935e-05
0.0,294,722.2222222222223,611.1111111111111,117.5,6.000442204874086,0.749469512259529,0.9728999734578776,7.97302173832935e-05
0.0,295,833.3333333333334,611.1111111111111,117.5,6.000442204874086,0.749469512259529,0.9728999734578776,7.97302173832935e-05
0.0,296,944.4444444444445,611.1111111111111,117.5,6.000442204874086,0.749469512259529,0.9728999734578776,7.97302173832935e-05
0.0,297,55.55555555555556,722.2222222222223,117.5,6.000442204874086,0.749469512259529,0.9728999734578776,7.97302173832935e-05
0.0,298,166.66666666666669,722.2222222222223,117.5,6.000442204874086,0.749469512259529,0.9728999734578776,7.97302173832935e-05
0.0,299,277.77777777777777,722.2222222222223,117.5,6.000442204874086,0.749469512259529,0.9728999734578776,7.97302173832935e-05
0.0,300,388.8888888888889,722.2222222222223,117.5,6.000442204874086,0.749469512259529,0.9728999734578776,7.97302173832935e-05
0.0,301,500.0,722.2222222222223,117.5,6.000442204874086,0.749469512259529,0.9728999734578776,7.97302173832935e-05
0.0,302,611.1111111111111,722.2222222222223,117.5,6.000442204874086,0.749469512259529,0.9728999734578776,7.97302173832935e-05
0.0,303,722.2222222222223,722.2222222222223,117.5,6.000442204874086,0.749469512259529,0.9728999734578776,7.97302173832935e-05
0.0,304,833.3333333333334,722.2222222222223,117.5,6.000442204874086,0.749469512259529,0.9728999734578776,7.97302173832935e-05
0.0,305,944.4444444444445,722.2222222222223,117.5,6.000442204874086,0.749469512259529,0.9728999734578776,7.97302173832935e-05
0.0,306,55.55555555555556,833.3333333333334,117.5,6.000442204874086,0.749469512259529,0.9728999734578776,7.97302173832935e-05
0.0,307,166.66666666666669,833.3333333333334,117.5,6.000442204874086,0.749469512259529,0.9728999734578776,7.97302173832935e-05
0.0,308,277.77777777777777,833.3333333333334,117.5,6.000442204874086,0.749469512259529,0.9728999734578776,7.97302173832935e-05
0.0,309,388.8888888888889,833.3333333333334,117.5,6.000442204874086,0.749469512259529,0.9728999734578776,7.97302173832935e-05
0.0,310,500.0,833.3333333333334,117.5,6.000442204874086,0.749469512259529,0.9728999734578776,7.97302173832935e-05
0.0,311,611.1111111111111,833.3333333333334,117.5,6.000442204874086,0.749469512259529,0.9728999734578776,7.97302173832935e-05
0.0,312,722.2222222222223,833.3333333333334,117.5,6.000442204874086,0.749469512259529,0.9728999734578776,7.97302173832935e-05
0.0,313,833.3333333333334,833.3333333333334,117.5,6.000442204874086,0.749469512259529,0.9728999734578776,7.97302173832935e-05
0.0,314,944.4444444444445,833.3333333333334,117.5,6.000442204874086,0.749469512259529,0.9728999734578776,7.97302173832935e-05
0.0,315,55.55555555555556,944.4444444444445,117.5,6.000442204874086,0.749469512259529,0.9728999734578776,7.97302173832935e-05
0.0,316,166.66666666666669,944.4444444444445,117.5,6.000442204874086,0.749469512259529,0.9728999734578776,7.97302173832935e-05
0.0,317,277.77777777777777,944.4444444444445,117.5,6.000442204874086,0.749469512259529,0.9728999734578776,7.97302173832935e-05
0.0,318,388.8888888888889,944.4444444444445,117.5,6.000442204874086,0.749469512259529,0.9728999734578776,7.97302173832935e-05
0.0,319,500.0,944.4444444444445,117.5,6.000442204874086,0.749469512259529,0.9728999734578776,7.97302173832935e-05
0.0,320,611.1111111111111,944.4444444444445,117.5,6.000442204874086,0.749469512259529,0.9728999734578776,7.97302173832935e-05
0.0,321,722.2222222222223,944.4444444444445,117.5,6.000442204874086,0.749469512259529,0.9728999734578776,7.97302173832935e-05
0.0,322,833.3333333333334,944.4444444444445,117.5,6.000442204874086,0.749469512259529,0.9728999734578776,7.97302173832935e-05
0.0,323,944.4444444444445,944.4444444444445,117.5,6.000442204874086,0.749469512259529,0.9728999734578776,7.97302173832935e-05
0.0,324,55.55555555555556,55.55555555555556,122.5,6.000737025412036,0.7456957828946722,0.9729003133174152,7.973415589359035e-05
0.0,325,166.66666666666669,55.55555555555556,122.5,6.000737025412036,0.7456957828946722,0.9729003133174152,7.973415589359035e-05
0.0,326,277.77777777777777,55.55555555555556,122.5,6.000737025412036,0.7456957828946722,0.9729003133174152,7.973415589359035e-05
0.0,327,388.8888888888889,55.55555555555556,122.5,6.000737025412036,0.7456957828946722,0.9729003133174152,7.973415589359035e-05
0.0,328,500.0,55.55555555555556,122.5,6.000737025412036,0.7456957828946722,0.9729003133174152,7.973415589359035e-05
0.0,329,611.1111111111111,55.55555555555556,122.5,6.000737025412036,0.7456957828946722,0.9729003133174152,7.973415589359035e-05
0.0,330,722.2222222222223,55.55555555555556,122.5,6.000737025412036,0.7456957828946722,0.9729003133174152,7.973415589359035e-05
0.0,331,833.3333333333334,55.55555555555556,122.5,6.000737025412036,0.7456957828946722,0.9729003133174152,7.973415589359035e-05
0.0,332,944.4444444444445,55.55555555555556,122.5,6.000737025412036,0.7456957828946722,0.9729003133174152,7.973415589359035e-05
0.0,333,55.55555555555556,166.66666666666669,122.5,6.000737025412036,0.7456957828946722,0.9729003133174152,7.973415589359035e-05
0.0,334,166.66666666666669,166.66666666666669,122.5,6.000737025412036,0.7456957828946722,0.9729003133174152,7.973415589359035e-05
0.0,335,277.77777777777777,166.66666666666669,122.5,6.000737025412036,0.7456957828946722,0.9729003133174152,7.973415589359035e-05
0.0,336,388.8888888888889,166.66666666666669,122.5,6.000737025412036,0.7456957828946722,0.9729003133174152,7.973415589359035e-05
0.0,337,500.0,166.66666666666669,122.5,6.000737025412036,0.7456957828946722,0.9729003133174152,7.973415589359035e-05
0.0,338,611.1111111111111,166.66666666666669,122.5,6.000737025412036,0.7456957828946722,0.9729003133174152,7.973415589359035e-05
0.0,339,722.2222222222223,166.66666666666669,122.5,6.000737025412036,0.7456957828946722,0.9729003133174152,7.973415589359035e-05
0.0,340,833.3333333333334,166.66666666666669,122.5,6.000737025412036,0.7456957828946722,0.9729003133174152,7.973415589359035e-05
0.0,341,944.4444444444445,166.66666666666669,122.5,6.000737025412036,0.7456957828946722,0.9729003133174152,7.973415589359035e-05
0.0,342,55.55555555555556,277.77777777777777,122.5,6.000737025412036,0.7456957828946722,0.9729003133174152,7.973415589359035e-05
0.0,343,166.66666666666669,277.77777777777777,122.5,6.000737025412036,0.7456957828946722,0.9729003133174152,7.973415589359035e-05
0.0,344,277.77777777777777,277.77777777777777,122.5,6.000737025412036,0.7456957828946722,0.9729003133174152,7.973415589359035e-05
0.0,345,388.8888888888889,277.77777777777777,122.5,6.000737025412036,0.7456957828946722,0.9729003133174152,7.973415589359035e-05
0.0,346,500.0,277.77777777777777,122.5,6.000737025412036,0.7456957828946722,0.9729003133174152,7.973415589359035e-05
0.0,347,611.1111111111111,277.77777777777777,122.5,6.000737025412036,0.7456957828946722,0.9729003133174152,7.973415589359035e-05
0.0,348,722.2222222222223,277.77777777777777,122.5,6.000737025412036,0.7456957828946722,0.9729003133174152,7.973415589359035e-05
0.0,349,833.3333333333334,277.77777777777777,122.5,6.000737025412036,0.7456957828946722,0.9729003133174152,7.973415589359035e-05
0.0,350,944.4444444444445,277.77777777777777,122.5,6.000737025412036,0.7456957828946722,0.9729003133174152,7.973415589359035e-05
0.0,351,55.55555555555556,388.8888888888889,122.5,6.000737025412036,0.7456957828946722,0.9729003133174152,7.973415589359035e-05
0.0,352,166.66666666666669,388.8888888888889,122.5,6.000737025412036,0.7456957828946722,0.9729003133174152,7.973415589359035e-05
0.0,353,277.77777777777777,388.8888888888889,122.5,6.000737025412036,0.7456957828946722,0.9729003133174152,7.973415589359035e-05
0.0,354,388.8888888888889,388.8888888888889,122.5,6.000737025412036,0.7456957828946722,0.9729003133174152,7.973415589359035e-05
0.0,355,500.0,388.8888888888889,122.5,6.000737025412036,0.7456957828946722,0.9729003133174152,7.973415589359035e-05
0.0,356,611.1111111111111,388.8888888888889,122.5,6.000737025412036,0.7456957828946722,0.9729003133174152,7.973415589359035e-05
0.0,357,722.2222222222223,388.8888888888889,122.5,6.000737025412036,0.7456957828946722,0.9729003133174152,7.973415589359035e-05
0.0,358,833.3333333333334,388.8888888888889,122.5,6.000737025412036,0.7456957828946722,0.9729003133174152,7.973415589359035e-05
0.0,359,944.4444444444445,388.8888888888889,122.5,6.000737025412036,0.7456957828946722,0.9729003133174152,7.973415589359035e-05
0.0,360,55.55555555555556,500.0,122.5,6.000737025412036,0.7456957828946722,0.9729003133174152,7.973415589359035e-05
0.0,361,166.66666666666669,500.0,122.5,6.000737025412036,0.7456957828946722,0.9729003133174152,7.973415589359035e-05
0.0,362,277.77777777777777,500.0,122.5,6.000737025412036,0.7456957828946722,0.9729003133174152,7.973415589359035e-05
0.0,363,388.8888888888889,500.0,122.5,6.000737025412036,0.7456957828946722,0.9729003133174152,7.973415589359035e-05
0.0,364,500.0,500.0,122.5,6.000737025412036,0.7456957828946722,0.9729003133174152,7.973415589359035e-05
0.0,365,611.1111111111111,500.0,122.5,6.000737025412036,0.7456957828946722,0.9729003133174152,7.973415589359035e-05
0.0,366,722.2222222222223,500.0,122.5,6.000737025412036,0.7456957828946722,0.9729003133174152,7.973415589359035e-05
0.0,367,833.3333333333334,500.0,122.5,6.000737025412036,0.7456957828946722,0.9729003133174152,7.973415589359035e-05
0.0,368,944.4444444444445,500.0,122.5,6.000737025412036,0.7456957828946722,0.9729003133174152,7.973415589359035e-05
0.0,369,55.55555555555556,611.1111111111111,122.5,6.000737025412036,0.7456957828946722,0.9729003133174152,7.973415589359035e-05
0.0,370,166.66666666666669,611.1111111111111,122.5,6.000737025412036,0.7456957828946722,0.9729003133174152,7.973415589359035e-05
0.0,371,277.77777777777777,611.1111111111111,122.5,6.000737025412036,0.7456957828946722,0.9729003133174152,7.973415589359035e-05
0.0,372,388.8888888888889,611.1111111111111,122.5,6.000737025412036,0.7456957828946722,0.9729003133174152,7.973415589359035e-05
0.0,373,500.0,611.1111111111111,122.5,6.000737025412036,0.7456957828946722,0.9729003133174152,7.973415589359035e-05
0.0,374,611.1111111111111,611.1111111111111,122.5,6.000737025412036,0.7456957828946722,0.9729003133174152,7.973415589359035e-05
0.0,375,722.2222222222223,611.1111111111111,122.5,6.000737025412036,0.7456957828946722,0.9729003133174152,7.973415589359035e-05
0.0,376,833.3333333333334,611.1111111111111,122.5,6.000737025412036,0.7456957828946722,0.9729003133174152,7.973415589359035e-05
0.0,377,944.4444444444445,611.1111111111111,122.5,6.000737025412036,0.7456957828946722,0.9729003133174152,7.973415589359035e-05
0.0,378,55.55555555555556,722.2222222222223,122.5,6.000737025412036,0.7456957828946722,0.9729003133174152,7.973415589359035e-05
0.0,379,166.66666666666669,722.2222222222223,122.5,6.000737025412036,0.7456957828946722,0.9729003133174152,7.973415589359035e-05
0.0,380,277.77777777777777,722.2222222222223,122.5,6.000737025412036,0.7456957828946722,0.9729003133174152,7.973415589359035e-05
0.0,381,388.8888888888889,722.2222222222223,122.5,6.000737025412036,0.7456957828946722,0.9729003133174152,7.973415589359035e-05
0.0,382,500.0,722.2222222222223,122.5,6.000737025412036,0.7456957828946722,0.9729003133174152,7.973415589359035e-05
0.0,383,611.1111111111111,722.2222222222223,122.5,6.000737025412036,0.7456957828946722,0.9729003133174152,7.973415589359035e-05
0.0,384,722.2222222222223,722.2222222222223,122.5,6.000737025412036,0.7456957828946722,0.9729003133174152,7.973415589359035e-05
0.0,385,833.3333333333334,722.2222222222223,122.5,6.000737025412036,0.7456957828946722,0.9729003133174152,7.973415589359035e-05
0.0,386,944.4444444444445,722.2222222222223,122.5,6.000737025412036,0.7456957828946722,0.9729003133174152,7.973415589359035e-05
0.0,387,55.55555555555556,833.3333333333334,122.5,6.000737025412036,0.7456957828946722,0.9729003133174152,7.973415589359035e-05
0.0,388,166.66666666666669,833.3333333333334,122.5,6.000737025412036,0.7456957828946722,0.9729003133174152,7.973415589359035e-05
0.0,389,277.77777777777777,833.3333333333334,122.5,6.000737025412036,0.7456957828946722,0.9729003133174152,7.973415589359035e-05
0.0,390,388.8888888888889,833.3333333333334,122.5,6.000737025412036,0.7456957828946722,0.9729003133174152,7.973415589359035e-05
0.0,391,500.0,833.3333333333334,122.5,6.000737025412036,0.7456957828946722,0.9729003133174152,7.973415589359035e-05
0.0,392,611.1111111111111,833.3333333333334,122.5,6.000737025412036,0.7456957828946722,0.9729003133174152,7.973415589359035e-05
0.0,393,722.2222222222223,833.3333333333334,122.5,6.000737025412036,0.7456957828946722,0.9729003133174152,7.973415589359035e-05
0.0,394,833.3333333333334,833.3333333333334,122.5,6.000737025412036,0.7456957828946722,0.9729003133174152,7.973415589359035e-05
0.0,395,944.4444444444445,833.3333333333334,122.5,6.000737025412036,0.7456957828946722,0.9729003133174152,7.973415589359035e-05
0.0,396,55.55555555555556,944.4444444444445,122.5,6.000737025412036,0.7456957828946722,0.9729003133174152,7.973415589359035e-05
0.0,397,166.66666666666669,944.4444444444445,122.5,6.000737025412036,0.7456957828946722,0.9729003133174152,7.973415589359035e-05
0.0,398,277.77777777777777,944.4444444444445,122.5,6.000737025412036,0.7456957828946722,0.9729003133174152,7.973415589359035e-05
0.0,399,388.8888888888889,944.4444444444445,122.5,6.000737025412036,0.7456957828946722,0.9729003133174152,7.973415589359035e-05
0.0,400,500.0,944.4444444444445,122.5,6.000737025412036,0.7456957828946722,0.9729003133174152,7.973415589359035e-05
0.0,401,611.1111111111111,944.4444444444445,122.5,6.000737025412036,0.7456957828946722,0.9729003133174152,7.973415589359035e-05
0.0,402,722.2222222222223,944.4444444444445,122.5,6.000737025412036,0.7456957828946722,0.9729003133174152,7.973415589359035e-05
0.0,403,833.3333333333334,944.4444444444445,122.5,6.000737025412036,0.7456957828946722,0.9729003133174152,7.973415589359035e-05
0.0,404,944.4444444444445,944.4444444444445,122.5,6.000737025412036,0.7456957828946722,0.9729003133174152,7.973415589359035e-05
0.0,405,55.55555555555556,55.55555555555556,127.5,6.24504039695399,0.0,0.0,7.884770186366967e-05
0.0,406,166.66666666666669,55.55555555555556,127.5,6.24504039695399,0.0,0.0,7.884770186366967e-05
0.0,407,277.77777777777777,55.55555555555556,127.5,6.24504039695399,0.0,0.0,7.884770186366967e-05
0.0,408,388.8888888888889,55.55555555555556,127.5,6.24504039695399,0.0,0.0,7.884770186366967e-05
0.0,409,500.0,55.55555555555556,127.5,6.24504039695399,0.0,0.0,7.884770186366967e-05
0.0,410,611.1111111111111,55.55555555555556,127.5,6.24504039695399,0.0,0.0,7.884770186366967e-05
0.0,411,722.2222222222223,55.55555555555556,127.5,6.24504039695399,0.0,0.0,7.884770186366967e-05
0.0,412,833.3333333333334,55.55555555555556,127.5,6.24504039695399,0.0,0.0,7.884770186366967e-05
0.0,413,944.4444444444445,55.55555555555556,127.5,6.24504039695399,0.0,0.0,7.884770186366967e-05
0.0,414,55.55555555555556,166.66666666666669,127.5,6.24504039695399,0.0,0.0,7.884770186366967e-05
0.0,415,166.66666666666669,166.66666666666669,127.5,6.24504039695399,0.0,0.0,7.884770186366967e-05
0.0,416,277.77777777777777,166.66666666666669,127.5,6.24504039695399,0.0,0.0,7.884770186366967e-05
0.0,417,388.8888888888889,166.66666666666669,127.5,6.24504039695399,0.0,0.0,7.884770186366967e-05
0.0,418,500.0,166.66666666666669,127.5,6.24504039695399,0.0,0.0,7.884770186366967e-05
0.0,419,611.1111111111111,166.66666666666669,127.5,6.24504039695399,0.0,0.0,7.884770186366967e-05
0.0,420,722.2222222222223,166.66666666666669,127.5,6.24504039695399,0.0,0.0,7.884770186366967e-05
0.0,421,833.3333333333334,166.66666666666669,127.5,6.24504039695399,0.0,0.0,7.884770186366967e-05
0.0,422,944.4444444444445,166.66666666666669,127.5,6.24504039695399,0.0,0.0,7.884770186366967e-05
0.0,423,55.55555555555556,277.77777777777777,127.5,6.24504039695399,0.0,0.0,7.884770186366967e-05
0.0,424,166.66666666666669,277.77777777777777,127.5,6.24504039695399,0.0,0.0,7.884770186366967e-05
0.0,425,277.77777777777777,277.77777777777777,127.5,6.24504039695399,0.0,0.0,7.884770186366967e-05
0.0,426,388.8888888888889,277.77777777777777,127.5,6.24504039695399,0.0,0.0,7.884770186366967e-05
0.0,427,500.0,277.77777777777777,127.5,6.24504039695399,0.0,0.0,7.884770186366967e-05
0.0,428,611.1111111111111,277.77777777777777,127.5,6.24504039695399,0.0,0.0,7.884770186366967e-05
0.0,429,722.2222222222223,277.77777777777777,127.5,6.24504039695399,0.0,0.0,7.884770186366967e-05
0.0,430,833.3333333333334,277.77777777777777,127.5,6.24504039695399,0.0,0.0,7.884770186366967e-05
0.0,431,944.4444444444445,277.77777777777777,127.5,6.24504039695399,0.0,0.0,7.884770186366967e-05
0.0,432,55.55555555555556,388.8888888888889,127.5,6.24504039695399,0.0,0.0,7.884770186366967e-05
0.0,433,166.66666666666669,388.8888888888889,127.5,6.24504039695399,0.0,0.0,7.884770186366967e-05
0.0,434,277.77777777777777,388.8888888888889,127.5,6.24504039695399,0.0,0.0,7.884770186366967e-05
0.0,435,388.8888888888889,388.8888888888889,127.5,6.24504039695399,0.0,0.0,7.884770186366967e-05
0.0,436,500.0,388.8888888888889,127.5,6.24504039695399,0.0,0.0,7.884770186366967e-05
0.0,437,611.1111111111111,388.8888888888889,127.5,6.24504039695399,0.0,0.0,7.884770186366967e-05
0.0,438,722.2222222222223,388.8888888888889,127.5,6.24504039695399,0.0,0.0,7.884770186366967e-05
0.0,439,833.3333333333334,388.8888888888889,127.5,6.24504039695399,0.0,0.0,7.884770186366967e-05
0.0,440,944.4444444444445,388.8888888888889,127.5,6.24504039695399,0.0,0.0,7.884770186366967e-05
0.0,441,55.55555555555556,500.0,127.5,6.24504039695399,0.0,0.0,7.884770186366967e-05
0.0,442,166.66666666666669,500.0,127.5,6.24504039695399,0.0,0.0,7.884770186366967e-05
0.0,443,277.77777777777777,500.0,127.5,6.24504039695399,0.0,0.0,7.884770186366967e-05
0.0,444,388.8888888888889,500.0,127.5,6.24504039695399,0.0,0.0,7.884770186366967e-05
0.0,445,500.0,500.0,127.5,6.24504039695399,0.0,0.0,7.884770186366967e-05
0.0,446,611.1111111111111,500.0,127.5,6.24504039695399,0.0,0.0,7.884770186366967e-05
0.0,447,722.2222222222223,500.0,127.5,6.24504039695399,0.0,0.0,7.884770186366967e-05
0.0,448,833.3333333333334,500.0,127.5,6.24504039695399,0.0,0.0,7.884770186366967e-05
0.0,449,944.4444444444445,500.0,127.5,6.24504039695399,0.0,0.0,7.884770186366967e-05
0.0,450,55.55555555555556,611.1111111111111,127.5,6.24504039695399,0.0,0.0,7.884770186366967e-05
0.0,451,166.66666666666669,611.1111111111111,127.5,6.24504039695399,0.0,0.0,7.884770186366967e-05
0.0,452,277.77777777777777,611.1111111111111,127.5,6.24504039695399,0.0,0.0,7.884770186366967e-05
0.0,453,388.8888888888889,611.1111111111111,127.5,6.24504039695399,0.0,0.0,7.884770186366967e-05
0.0,454,500.0,611.1111111111111,127.5,6.24504039695399,0.0,0.0,7.884770186366967e-05
0.0,455,611.1111111111111,611.1111111111111,127.5,6.24504039695399,0.0,0.0,7.884770186366967e-05
0.0,456,722.2222222222223,611.1111111111111,127.5,6.24504039695399,0.0,0.0,7.884770186366967e-05
0.0,457,833.3333333333334,611.1111111111111,127.5,6.24504039695399,0.0,0.0,7.884770186366967e-05
0.0,458,944.4444444444445,611.1111111111111,127.5,6.24504039695399,0.0,0.0,7.884770186366967e-05
0.0,459,55.55555555555556,722.2222222222223,127.5,6.24504039695399,0.0,0.0,7.884770186366967e-05
0.0,460,166.66666666666669,722.2222222222223,127.5,6.24504039695399,0.0,0.0,7.884770186366967e-05
0.0,461,277.77777777777777,722.2222222222223,127.5,6.24504039695399,0.0,0.0,7.884770186366967e-05
0.0,462,388.8888888888889,722.2222222222223,127.5,6.24504039695399,0.0,0.0,7.884770186366967e-05
0.0,463,500.0,722.2222222222223,127.5,6.24504039695399,0.0,0.0,7.884770186366967e-05
0.0,464,611.1111111111111,722.2222222222223,127.5,6.24504039695399,0.0,0.0,7.884770186366967e-05
0.0,465,722.2222222222223,722.2222222222223,127.5,6.24504039695399,0.0,0.0,7.884770186366967e-05
0.0,466,833.3333333333334,722.2222222222223,127.5,6.24504039695399,0.0,0.0,7.884770186366967e-05
0.0,467,944.4444444444445,722.2222222222223,127.5,6.24504039695399,0.0,0.0,7.884770186366967e-05
0.0,468,55.55555555555556,833.3333333333334,127.5,6.24504039695399,0.0,0.0,7.884770186366967e-05
0.0,469,166.66666666666669,833.3333333333334,127.5,6.24504039695399,0.0,0.0,7.884770186366967e-05
0.0,470,277.77777777777777,833.3333333333334,127.5,6.24504039695399,0.0,0.0,7.884770186366967e-05
0.0,471,388.8888888888889,833.3333333333334,127.5,6.24504039695399,0.0,0.0,7.884770186366967e-05
0.0,472,500.0,833.3333333333334,127.5,6.24504039695399,0.0,0.0,7.884770186366967e-05
0.0,473,611.1111111111111,833.3333333333334,127.5,6.24504039695399,0.0,0.0,7.884770186366967e-05
0.0,474,722.2222222222223,833.3333333333334,127.5,6.24504039695399,0.0,0.0,7.884770186366967e-05
0.0,475,833.3333333333334,833.3333333333334,127.5,6.24504039695399,0.0,0.0,7.884770186366967e-05
0.0,476,944.4444444444445,833.3333333333334,127.5,6.24504039695399,0.0,0.0,7.884770186366967e-05
0.0,477,55.55555555555556,944.4444444444445,127.5,6.24504039695399,0.0,0.0,7.884770186366967e-05
0.0,478,166.66666666666669,944.4444444444445,127.5,6.24504039695399,0.0,0.0,7.884770186366967e-05
0.0,479,277.77777777777777,944.4444444444445,127.5,6.24504039695399,0.0,0.0,7.884770186366967e-05
0.0,480,388.8888888888889,944.4444444444445,127.5,6.24504039695399,0.0,0.0,7.884770186366967e-05
0.0,481,500.0,944.4444444444445,127.5,6.24504039695399,0.0,0.0,7.884770186366967e-05
0.0,482,611.1111111111111,944.4444444444445,127.5,6.24504039695399,0.0,0.0,7.884770186366967e-05
0.0,483,722.2222222222223,944.4444444444445,127.5,6.24504039695399,0.0,0.0,7.884770186366967e-05
0.0,484,833.3333333333334,944.4444444444445,127.5,6.24504039695399,0.0,0.0,7.884770186366967e-05
0.0,485,944.4444444444445,944.4444444444445,127.5,6.24504039695399,0.0,0.0,7.884770186366967e-05
0.0,486,55.55555555555556,55.55555555555556,132.5,6.733360285833439,0.0,0.0,8.5043285424629e-05
0.0,487,166.66666666666669,55.55555555555556,132.5,6.733360285833439,0.0,0.0,8.5043285424629e-05
0.0,488,277.77777777777777,55.55555555555556,132.5,6.733360285833439,0.0,0.0,8.5043285424629e-05
0.0,489,388.8888888888889,55.55555555555556,132.5,6.733360285833439,0.0,0.0,8.5043285424629e-05
0.0,490,500.0,55.55555555555556,132.5,6.733360285833439,0.0,0.0,8.5043285424629e-05
0.0,491,611.1111111111111,55.55555555555556,132.5,6.733360285833439,0.0,0.0,8.5043285424629e-05
0.0,492,722.2222222222223,55.55555555555556,132.5,6.733360285833439,0.0,0.0,8.5043285424629e-05
0.0,493,833.3333333333334,55.55555555555556,132.5,6.733360285833439,0.0,0.0,8.5043285424629e-05
0.0,494,944.4444444444445,55.55555555555556,132.5,6.733360285833439,0.0,0.0,8.5043285424629e-05
0.0,495,55.55555555555556,166.66666666666669,132.5,6.733360285833439,0.0,0.0,8.5043285424629e-05
0.0,496,166.66666666666669,166.66666666666669,132.5,6.733360285833439,0.0,0.0,8.5043285424629e-05
0.0,497,277.77777777777777,166.66666666666669,132.5,6.733360285833439,0.0,0.0,8.5043285424629e-05
0.0,498,388.8888888888889,166.66666666666669,132.5,6.733360285833439,0.0,0.0,8.5043285424629e-05
0.0,499,500.0,166.66666666666669,132.5,6.733360285833439,0.0,0.0,8.5043285424629e-05
0.0,500,611.1111111111111,166.66666666666669,132.5,6.733360285833439,0.0,0.0,8.5043285424629e-05
0.0,501,722.2222222222223,166.66666666666669,132.5,6.733360285833439,0.0,0.0,8.5043285424629e-05
0.0,502,833.3333333333334,166.66666666666669,132.5,6.733360285833439,0.0,0.0,8.5043285424629e-05
0.0,503,944.4444444444445,166.66666666666669,132.5,6.733360285833439,0.0,0.0,8.5043285424629e-05
0.0,504,55.55555555555556,277.77777777777777,132.5,6.733360285833439,0.0,0.0,8.5043285424629e-05
0.0,505,166.66666666666669,277.77777777777777,132.5,6.733360285833439,0.0,0.0,8.5043285424629e-05
0.0,506,277.77777777777777,277.77777777777777,132.5,6.733360285833439,0.0,0.0,8.5043285424629e-05
0.0,507,388.8888888888889,277.77777777777777,132.5,6.733360285833439,0.0,0.0,8.5043285424629e-05
0.0,508,500.0,277.77777777777777,132.5,6.733360285833439,0.0,0.0,8.5043285424629e-05
0.0,509,611.1111111111111,277.77777777777777,132.5,6.733360285833439,0.0,0.0,8.5043285424629e-05
0.0,510,722.2222222222223,277.77777777777777,132.5,6.733360285833439,0.0,0.0,8.5043285424629e-05
0.0,511,833.3333333333334,277.77777777777777,132.5,6.733360285833439,0.0,0.0,8.5043285424629e-05
0.0,512,944.4444444444445,277.77777777777777,132.5,6.733360285833439,0.0,0.0,8.5043285424629e-05
0.0,513,55.55555555555556,388.8888888888889,132.5,6.733360285833439,0.0,0.0,8.5043285424629e-05
0.0,514,166.66666666666669,388.8888888888889,132.5,6.733360285833439,0.0,0.0,8.5043285424629e-05
0.0,515,277.77777777777777,388.8888888888889,132.5,6.733360285833439,0.0,0.0,8.5043285424629e-05
0.0,516,388.8888888888889,388.8888888888889,132.5,6.733360285833439,0.0,0.0,8.5043285424629e-05
0.0,517,500.0,388.8888888888889,132.5,6.733360285833439,0.0,0.0,8.5043285424629e-05
0.0,518,611.1111111111111,388.8888888888889,132.5,6.733360285833439,0.0,0.0,8.5043285424629e-05
0.0,519,722.2222222222223,388.8888888888889,132.5,6.733360285833439,0.0,0.0,8.5043285424629e-05
0.0,520,833.3333333333334,388.8888888888889,132.5,6.733360285833439,0.0,0.0,8.5043285424629e-05
0.0,521,944.4444444444445,388.8888888888889,132.5,6.733360285833439,0.0,0.0,8.5043285424629e-05
0.0,522,55.55555555555556,500.0,132.5,6.733360285833439,0.0,0.0,8.5043285424629e-05
0.0,523,166.66666666666669,500.0,132.5,6.733360285833439,0.0,0.0,8.5043285424629e-05
0.0,524,277.77777777777777,500.0,132.5,6.733360285833439,0.0,0.0,8.5043285424629e-05
0.0,525,388.8888888888889,500.0,132.5,6.733360285833439,0.0,0.0,8.5043285424629e-05
0.0,526,500.0,500.0,132.5,6.733360285833439,0.0,0.0,8.5043285424629e-05
0.0,527,611.1111111111111,500.0,132.5,6.733360285833439,0.0,0.0,8.5043285424629e-05
0.0,528,722.2222222222223,500.0,132.5,6.733360285833439,0.0,0.0,8.5043285424629e-05
0.0,529,833.3333333333334,500.0,132.5,6.733360285833439,0.0,0.0,8.5043285424629e-05
0.0,530,944.4444444444445,500.0,132.5,6.733360285833439,0.0,0.0,8.5043285424629e-05
0.0,531,55.55555555555556,611.1111111111111,132.5,6.733360285833439,0.0,0.0,8.5043285424629e-05
0.0,532,166.66666666666669,611.1111111111111,132.5,6.733360285833439,0.0,0.0,8.5043285424629e-05
0.0,533,277.77777777777777,611.1111111111111,132.5,6.733360285833439,0.0,0.0,8.5043285424629e-05
0.0,534,388.8888888888889,611.1111111111111,132.5,6.733360285833439,0.0,0.0,8.5043285424629e-05
0.0,535,500.0,611.1111111111111,132.5,6.733360285833439,0.0,0.0,8.5043285424629e-05
0.0,536,611.1111111111111,611.1111111111111,132.5,6.733360285833439,0.0,0.0,8.5043285424629e-05
0.0,537,722.2222222222223,611.1111111111111,132.5,6.733360285833439,0.0,0.0,8.5043285424629e-05
0.0,538,833.3333333333334,611.1111111111111,132.5,6.733360285833439,0.0,0.0,8.5043285424629e-05
0.0,539,944.4444444444445,611.1111111111111,132.5,6.733360285833439,0.0,0.0,8.5043285424629e-05
0.0,540,55.55555555555556,722.2222222222223,132.5,6.733360285833439,0.0,0.0,8.5043285424629e-05
0.0,541,166.66666666666669,722.2222222222223,132.5,6.733360285833439,0.0,0.0,8.5043285424629e-05
0.0,542,277.77777777777777,722.2222222222223,132.5,6.733360285833439,0.0,0.0,8.5043285424629e-05
0.0,543,388.8888888888889,722.2222222222223,132.5,6.733360285833439,0.0,0.0,8.5043285424629e-05
0.0,544,500.0,722.2222222222223,132.5,6.733360285833439,0.0,0.0,8.5043285424629e-05
0.0,545,611.1111111111111,722.2222222222223,132.5,6.733360285833439,0.0,0.0,8.5043285424629e-05
0.0,546,722.2222222222223,722.2222222222223,132.5,6.733360285833439,0.0,0.0,8.5043285424629e-05
0.0,547,833.3333333333334,722.2222222222223,132.5,6.733360285833439,0.0,0.0,8.5043285424629e-05
0.0,548,944.4444444444445,722.2222222222223,132.5,6.733360285833439,0.0,0.0,8.5043285424629e-05
0.0,549,55.55555555555556,833.3333333333334,132.5,6.733360285833439,0.0,0.0,8.5043285424629e-05
0.0,550,166.66666666666669,833.3333333333334,132.5,6.733360285833439,0.0,0.0,8.5043285424629e-05
0.0,551,277.77777777777777,833.3333333333334,132.5,6.733360285833439,0.0,0.0,8.5043285424629e-05
0.0,552,388.8888888888889,833.3333333333334,132.5,6.733360285833439,0.0,0.0,8.5043285424629e-05
0.0,553,500.0,833.3333333333334,132.5,6.733360285833439,0.0,0.0,8.5043285424629e-05
0.0,554,611.1111111111111,833.3333333333334,132.5,6.733360285833439,0.0,0.0,8.5043285424629e-05
0.0,555,722.2222222222223,833.3333333333334,132.5,6.733360285833439,0.0,0.0,8.5043285424629e-05
0.0,556,833.3333333333334,833.3333333333334,132.5,6.733360285833439,0.0,0.0,8.5043285424629e-05
0.0,557,944.4444444444445,833.3333333333334,132.5,6.733360285833439,0.0,0.0,8.5043285424629e-05
0.0,558,55.55555555555556,944.4444444444445,132.5,6.733360285833439,0.0,0.0,8.5043285424629e-05
0.0,559,166.66666666666669,944.4444444444445,132.5,6.733360285833439,0.0,0.0,8.5043285424629e-05
0.0,560,277.77777777777777,944.4444444444445,132.5,6.733360285833439,0.0,0.0,8.5043285424629e-05
0.0,561,388.8888888888889,944.4444444444445,132.5,6.733360285833439,0.0,0.0,8.5043285424629e-05
0.0,562,500.0,944.4444444444445,132.5,6.733360285833439,0.0,0.0,8.5043285424629e-05
0.0,563,611.1111111111111,944.4444444444445,132.5,6.733360285833439,0.0,0.0,8.5043285424629e-05
0.0,564,722.2222222222223,944.4444444444445,132.5,6.733360285833439,0.0,0.0,8.5043285424629e-05
0.0,565,833.3333333333334,944.4444444444445,132.5,6.733360285833439,0.0,0.0,8.5043285424629e-05
0.0,566,944.4444444444445,944.4444444444445,132.5,6.733360285833439,0.0,0.0,8.5043285424629e-05
0.0,567,55.55555555555556,55.55555555555556,137.5,7.221690809656721,0.0,0.0,9.123729671153857e-05
0.0,568,166.66666666666669,55.55555555555556,137.5,7.221690809656721,0.0,0.0,9.123729671153857e-05
0.0,569,277.77777777777777,55.55555555555556,137.5,7.221690809656721,0.0,0.0,9.123729671153857e-05
0.0,570,388.8888888888889,55.55555555555556,137.5,7.221690809656721,0.0,0.0,9.123729671153857e-05
0.0,571,500.0,55.55555555555556,137.5,7.221690809656721,0.0,0.0,9.123729671153857e-05
0.0,572,611.1111111111111,55.55555555555556,137.5,7.221690809656721,0.0,0.0,9.123729671153857e-05
0.0,573,722.2222222222223,55.55555555555556,137.5,7.221690809656721,0.0,0.0,9.123729671153857e-05
0.0,574,833.3333333333334,55.55555555555556,137.5,7.221690809656721,0.0,0.0,9.123729671153857e-05
0.0,575,944.4444444444445,55.55555555555556,137.5,7.221690809656721,0.0,0.0,9.123729671153857e-05
0.0,576,55.55555555555556,166.66666666666669,137.5,7.221690809656721,0.0,0.0,9.123729671153857e-05
0.0,577,166.66666666666669,166.66666666666669,137.5,7.221690809656721,0.0,0.0,9.123729671153857e-05
0.0,578,277.77777777777777,166.66666666666669,137.5,7.221690809656721,0.0,0.0,9.123729671153857e-05
0.0,579,388.8888888888889,166.66666666666669,137.5,7.221690809656721,0.0,0.0,9.123729671153857e-05
0.0,580,500.0,166.66666666666669,137.5,7.221690809656721,0.0,0.0,9.123729671153857e-05
0.0,581,611.1111111111111,166.66666666666669,137.5,7.221690809656721,0.0,0.0,9.123729671153857e-05
0.0,582,722.2222222222223,166.66666666666669,137.5,7.221690809656721,0.0,0.0,9.123729671153857e-05
0.0,583,833.3333333333334,166.66666666666669,137.5,7.221690809656721,0.0,0.0,9.123729671153857e-05
0.0,584,944.4444444444445,166.66666666666669,137.5,7.221690809656721,0.0,0.0,9.123729671153857e-05
0.0,585,55.55555555555556,277.77777777777777,137.5,7.221690809656721,0.0,0.0,9.123729671153857e-05
0.0,586,166.66666666666669,277.77777777777777,137.5,7.221690809656721,0.0,0.0,9.123729671153857e-05
0.0,587,277.77777777777777,277.77777777777777,137.5,7.221690809656721,0.0,0.0,9.123729671153857e-05
0.0,588,388.8888888888889,277.77777777777777,137.5,7.221690809656721,0.0,0.0,9.123729671153857e-05
0.0,589,500.0,277.77777777777777,137.5,7.221690809656721,0.0,0.0,9.123729671153857e-05
0.0,590,611.1111111111111,277.77777777777777,137.5,7.221690809656721,0.0,0.0,9.123729671153857e-05
0.0,591,722.2222222222223,277.77777777777777,137.5,7.221690809656721,0.0,0.0,9.123729671153857e-05
0.0,592,833.3333333333334,277.77777777777777,137.5,7.221690809656721,0.0,0.0,9.123729671153857e-05
0.0,593,944.4444444444445,277.77777777777777,137.5,7.221690809656721,0.0,0.0,9.123729671153857e-05
0.0,594,55.55555555555556,388.8888888888889,137.5,7.221690809656721,0.0,0.0,9.123729671153857e-05
0.0,595,166.66666666666669,388.8888888888889,137.5,7.221690809656721,0.0,0.0,9.123729671153857e-05
0.0,596,277.77777777777777,388.8888888888889,137.5,7.221690809656721,0.0,0.0,9.123729671153857e-05
0.0,597,388.8888888888889,388.8888888888889,137.5,7.221690809656721,0.0,0.0,9.123729671153857e-05
0.0,598,500.0,388.8888888888889,137.5,7.221690809656721,0.0,0.0,9.123729671153857e-05
0.0,599,611.1111111111111,388.8888888888889,137.5,7.221690809656721,0.0,0.0,9.123729671153857e-05
0.0,600,722.2222222222223,388.8888888888889,137.5,7.221690809656721,0.0,0.0,9.123729671153857e-05
0.0,601,833.3333333333334,388.8888888888889,137.5,7.221690809656721,0.0,0.0,9.123729671153857e-05
0.0,602,944.4444444444445,388.8888888888889,137.5,7.221690809656721,0.0,0.0,9.123729671153857e-05
0.0,603,55.55555555555556,500.0,137.5,7.221690809656721,0.0,0.0,9.123729671153857e-05
0.0,604,166.66666666666669,500.0,137.5,7.221690809656721,0.0,0.0,9.123729671153857e-05
0.0,605,277.77777777777777,500.0,137.5,7.221690809656721,0.0,0.0,9.123729671153857e-05
0.0,606,388.8888888888889,500.0,137.5,7.221690809656721,0.0,0.0,9.123729671153857e-05
0.0,607,500.0,500.0,137.5,7.221690809656721,0.0,0.0,9.123729671153857e-05
0.0,608,611.1111111111111,500.0,137.5,7.221690809656721,0.0,0.0,9.123729671153857e-05
0.0,609,722.2222222222223,500.0,137.5,7.221690809656721,0.0,0.0,9.123729671153857e-05
0.0,610,833.3333333333334,500.0,137.5,7.221690809656721,0.0,0.0,9.123729671153857e-05
0.0,611,944.4444444444445,500.0,137.5,7.221690809656721,0.0,0.0,9.123729671153857e-05
0.0,612,55.55555555555556,611.1111111111111,137.5,7.221690809656721,0.0,0.0,9.123729671153857e-05
0.0,613,166.66666666666669,611.1111111111111,137.5,7.221690809656721,0.0,0.0,9.123729671153857e-05
0.0,614,277.77777777777777,611.1111111111111,137.5,7.221690809656721,0.0,0.0,9.123729671153857e-05
0.0,615,388.8888888888889,611.1111111111111,137.5,7.221690809656721,0.0,0.0,9.123729671153857e-05
0.0,616,500.0,611.1111111111111,137.5,7.221690809656721,0.0,0.0,9.123729671153857e-05
0.0,617,611.1111111111111,611.1111111111111,137.5,7.221690809656721,0.0,0.0,9.123729671153857e-05
0.0,618,722.2222222222223,611.1111111111111,137.5,7.221690809656721,0.0,0.0,9.123729671153857e-05
0.0,619,833.3333333333334,611.1111111111111,137.5,7.221690809656721,0.0,0.0,9.123729671153857e-05
0.0,620,944.4444444444445,611.1111111111111,137.5,7.221690809656721,0.0,0.0,9.123729671153857e-05
0.0,621,55.55555555555556,722.2222222222223,137.5,7.221690809656721,0.0,0.0,9.123729671153857e-05
0.0,622,166.66666666666669,722.2222222222223,137.5,7.221690809656721,0.0,0.0,9.123729671153857e-05
0.0,623,277.77777777777777,722.2222222222223,137.5,7.221690809656721,0.0,0.0,9.123729671153857e-05
0.0,624,388.8888888888889,722.2222222222223,137.5,7.221690809656721,0.0,0.0,9.123729671153857e-05
0.0,625,500.0,722.2222222222223,137.5,7.221690809656721,0.0,0.0,9.123729671153857e-05
0.0,626,611.1111111111111,722.2222222222223,137.5,7.221690809656721,0.0,0.0,9.123729671153857e-05
0.0,627,722.2222222222223,722.2222222222223,137.5,7.221690809656721,0.0,0.0,9.123729671153857e-05
0.0,628,833.3333333333334,722.2222222222223,137.5,7.221690809656721,0.0,0.0,9.123729671153857e-05
0.0,629,944.4444444444445,722.2222222222223,137.5,7.221690809656721,0.0,0.0,9.123729671153857e-05
0.0,630,55.55555555555556,833.3333333333334,137.5,7.221690809656721,0.0,0.0,9.123729671153857e-05
0.0,631,166.66666666666669,833.3333333333334,137.5,7.221690809656721,0.0,0.0,9.123729671153857e-05
0.0,632,277.77777777777777,833.3333333333334,137.5,7.221690809656721,0.0,0.0,9.123729671153857e-05
0.0,633,388.8888888888889,833.3333333333334,137.5,7.221690809656721,0.0,0.0,9.123729671153857e-05
0.0,634,500.0,833.3333333333334,137.5,7.221690809656721,0.0,0.0,9.123729671153857e-05
0.0,635,611.1111111111111,833.3333333333334,137.5,7.221690809656721,0.0,0.0,9.123729671153857e-05
0.0,636,722.2222222222223,833.3333333333334,137.5,7.221690809656721,0.0,0.0,9.123729671153857e-05
0.0,637,833.3333333333334,833.3333333333334,137.5,7.221690809656721,0.0,0.0,9.123729671153857e-05
0.0,638,944.4444444444445,833.3333333333334,137.5,7.221690809656721,0.0,0.0,9.123729671153857e-05
0.0,639,55.55555555555556,944.4444444444445,137.5,7.221690809656721,0.0,0.0,9.123729671153857e-05
0.0,640,166.66666666666669,944.4444444444445,137.5,7.221690809656721,0.0,0.0,9.123729671153857e-05
0.0,641,277.77777777777777,944.4444444444445,137.5,7.221690809656721,0.0,0.0,9.123729671153857e-05
0.0,642,388.8888888888889,944.4444444444445,137.5,7.221690809656721,0.0,0.0,9.123729671153857e-05
0.0,643,500.0,944.4444444444445,137.5,7.221690809656721,0.0,0.0,9.123729671153857e-05
0.0,644,611.1111111111111,944.4444444444445,137.5,7.221690809656721,0.0,0.0,9.123729671153857e-05
0.0,645,722.2222222222223,944.4444444444445,137.5,7.221690809656721,0.0,0.0,9.123729671153857e-05
0.0,646,833.3333333333334,944.4444444444445,137.5,7.221690809656721,0.0,0.0,9.123729671153857e-05
0.0,647,944.4444444444445,944.4444444444445,137.5,7.221690809656721,0.0,0.0,9.123729671153857e-05
0.0,648,55.55555555555556,55.55555555555556,142.5,7.7100319676250875,0.0,0.0,9.742974047468082e-05
0.0,649,166.66666666666669,55.55555555555556,142.5,7.7100319676250875,0.0,0.0,9.742974047468082e-05
0.0,650,277.77777777777777,55.55555555555556,142.5,7.7100319676250875,0.0,0.0,9.742974047468082e-05
0.0,651,388.8888888888889,55.55555555555556,142.5,7.7100319676250875,0.0,0.0,9.742974047468082e-05
0.0,652,500.0,55.55555555555556,142.5,7.7100319676250875,0.0,0.0,9.742974047468082e-05
0.0,653,611.1111111111111,55.55555555555556,142.5,7.7100319676250875,0.0,0.0,9.742974047468082e-05
0.0,654,722.2222222222223,55.55555555555556,142.5,7.7100319676250875,0.0,0.0,9.742974047468082e-05
0.0,655,833.3333333333334,55.55555555555556,142.5,7.7100319676250875,0.0,0.0,9.742974047468082e-05
0.0,656,944.4444444444445,55.55555555555556,142.5,7.7100319676250875,0.0,0.0,9.742974047468082e-05
0.0,657,55.55555555555556,166.66666666666669,142.5,7.7100319676250875,0.0,0.0,9.742974047468082e-05
0.0,658,166.66666666666669,166.66666666666669,142.5,7.7100319676250875,0.0,0.0,9.742974047468082e-05
0.0,659,277.77777777777777,166.66666666666669,142.5,7.7100319676250875,0.0,0.0,9.742974047468082e-05
0.0,660,388.8888888888889,166.66666666666669,142.5,7.7100319676250875,0.0,0.0,9.742974047468082e-05
0.0,661,500.0,166.66666666666669,142.5,7.7100319676250875,0.0,0.0,9.742974047468082e-05
0.0,662,611.1111111111111,166.66666666666669,142.5,7.7100319676250875,0.0,0.0,9.742974047468082e-05
0.0,663,722.2222222222223,166.66666666666669,142.5,7.7100319676250875,0.0,0.0,9.742974047468082e-05
0.0,664,833.3333333333334,166.66666666666669,142.5,7.7100319676250875,0.0,0.0,9.742974047468082e-05
0.0,665,944.4444444444445,166.66666666666669,142.5,7.7100319676250875,0.0,0.0,9.742974047468082e-05
0.0,666,55.55555555555556,277.77777777777777,142.5,7.7100319676250875,0.0,0.0,9.742974047468082e-05
0.0,667,166.66666666666669,277.77777777777777,142.5,7.7100319676250875,0.0,0.0,9.742974047468082e-05
0.0,668,277.77777777777777,277.77777777777777,142.5,7.7100319676250875,0.0,0.0,9.742974047468082e-05
0.0,669,388.8888888888889,277.77777777777777,142.5,7.7100319676250875,0.0,0.0,9.742974047468082e-05
0.0,670,500.0,277.77777777777777,142.5,7.7100319676250875,0.0,0.0,9.742974047468082e-05
0.0,671,611.1111111111111,277.77777777777777,142.5,7.7100319676250875,0.0,0.0,9.742974047468082e-05
0.0,672,722.2222222222223,277.77777777777777,142.5,7.7100319676250875,0.0,0.0,9.742974047468082e-05
0.0,673,833.3333333333334,277.77777777777777,142.5,7.7100319676250875,0.0,0.0,9.742974047468082e-05
0.0,674,944.4444444444445,277.77777777777777,142.5,7.7100319676250875,0.0,0.0,9.742974047468082e-05
0.0,675,55.55555555555556,388.8888888888889,142.5,7.7100319676250875,0.0,0.0,9.742974047468082e-05
0.0,676,166.66666666666669,388.8888888888889,142.5,7.7100319676250875,0.0,0.0,9.742974047468082e-05
0.0,677,277.77777777777777,388.8888888888889,142.5,7.7100319676250875,0.0,0.0,9.742974047468082e-05
0.0,678,388.8888888888889,388.8888888888889,142.5,7.7100319676250875,0.0,0.0,9.742974047468082e-05
0.0,679,500.0,388.8888888888889,142.5,7.7100319676250875,0.0,0.0,9.742974047468082e-05
0.0,680,611.1111111111111,388.8888888888889,142.5,7.7100319676250875,0.0,0.0,9.742974047468082e-05
0.0,681,722.2222222222223,388.8888888888889,142.5,7.7100319676250875,0.0,0.0,9.742974047468082e-05
0.0,682,833.3333333333334,388.8888888888889,142.5,7.7100319676250875,0.0,0.0,9.742974047468082e-05
0.0,683,944.4444444444445,388.8888888888889,142.5,7.7100319676250875,0.0,0.0,9.742974047468082e-05
0.0,684,55.55555555555556,500.0,142.5,7.7100319676250875,0.0,0.0,9.742974047468082e-05
0.0,685,166.66666666666669,500.0,142.5,7.7100319676250875,0.0,0.0,9.742974047468082e-05
0.0,686,277.77777777777777,500.0,142.5,7.7100319676250875,0.0,0.0,9.742974047468082e-05
0.0,687,388.8888888888889,500.0,142.5,7.7100319676250875,0.0,0.0,9.742974047468082e-05
0.0,688,500.0,500.0,142.5,7.7100319676250875,0.0,0.0,9.742974047468082e-05
0.0,689,611.1111111111111,500.0,142.5,7.7100319676250875,0.0,0.0,9.742974047468082e-05
0.0,690,722.2222222222223,500.0,142.5,7.7100319676250875,0.0,0.0,9.742974047468082e-05
0.0,691,833.3333333333334,500.0,142.5,7.7100319676250875,0.0,0.0,9.742974047468082e-05
0.0,692,944.4444444444445,500.0,142.5,7.7100319676250875,0.0,0.0,9.742974047468082e-05
0.0,693,55.55555555555556,611.1111111111111,142.5,7.7100319676250875,0.0,0.0,9.742974047468082e-05
0.0,694,166.66666666666669,611.1111111111111,142.5,7.7100319676250875,0.0,0.0,9.742974047468082e-05
0.0,695,277.77777777777777,611.1111111111111,142.5,7.7100319676250875,0.0,0.0,9.742974047468082e-05
0.0,696,388.8888888888889,611.1111111111111,142.5,7.7100319676250875,0.0,0.0,9.742974047468082e-05
0.0,697,500.0,611.1111111111111,142.5,7.7100319676250875,0.0,0.0,9.742974047468082e-05
0.0,698,611.1111111111111,611.1111111111111,142.5,7.7100319676250875,0.0,0.0,9.742974047468082e-05
0.0,699,722.2222222222223,611.1111111111111,142.5,7.7100319676250875,0.0,0.0,9.742974047468082e-05
0.0,700,833.3333333333334,611.1111111111111,142.5,7.7100319676250875,0.0,0.0,9.742974047468082e-05
0.0,701,944.4444444444445,611.1111111111111,142.5,7.7100319676250875,0.0,0.0,9.742974047468082e-05
0.0,702,55.55555555555556,722.2222222222223,142.5,7.7100319676250875,0.0,0.0,9.742974047468082e-05
0.0,703,166.66666666666669,722.2222222222223,142.5,7.7100319676250875,0.0,0.0,9.742974047468082e-05
0.0,704,277.77777777777777,722.2222222222223,142.5,7.7100319676250875,0.0,0.0,9.742974047468082e-05
0.0,705,388.8888888888889,722.2222222222223,142.5,7.7100319676250875,0.0,0.0,9.742974047468082e-05
0.0,706,500.0,722.2222222222223,142.5,7.7100319676250875,0.0,0.0,9.742974047468082e-05
0.0,707,611.1111111111111,722.2222222222223,142.5,7.7100319676250875,0.0,0.0,9.742974047468082e-05
0.0,708,722.2222222222223,722.2222222222223,142.5,7.7100319676250875,0.0,0.0,9.742974047468082e-05
0.0,709,833.3333333333334,722.2222222222223,142.5,7.7100319676250875,0.0,0.0,9.742974047468082e-05
0.0,710,944.4444444444445,722.2222222222223,142.5,7.7100319676250875,0.0,0.0,9.742974047468082e-05
0.0,711,55.55555555555556,833.3333333333334,142.5,7.7100319676250875,0.0,0.0,9.742974047468082e-05
0.0,712,166.66666666666669,833.3333333333334,142.5,7.7100319676250875,0.0,0.0,9.742974047468082e-05
0.0,713,277.77777777777777,833.3333333333334,142.5,7.7100319676250875,0.0,0.0,9.742974047468082e-05
0.0,714,388.8888888888889,833.3333333333334,142.5,7.7100319676250875,0.0,0.0,9.742974047468082e-05
0.0,715,500.0,833.3333333333334,142.5,7.7100319676250875,0.0,0.0,9.742974047468082e-05
0.0,716,611.1111111111111,833.3333333333334,142.5,7.7100319676250875,0.0,0.0,9.742974047468082e-05
0.0,717,722.2222222222223,833.3333333333334,142.5,7.7100319676250875,0.0,0.0,9.742974047468082e-05
0.0,718,833.3333333333334,833.3333333333334,142.5,7.7100319676250875,0.0,0.0,9.742974047468082e-05
0.0,719,944.4444444444445,833.3333333333334,142.5,7.7100319676250875,0.0,0.0,9.742974047468082e-05
0.0,720,55.55555555555556,944.4444444444445,142.5,7.7100319676250875,0.0,0.0,9.742974047468082e-05
0.0,721,166.66666666666669,944.4444444444445,142.5,7.7100319676250875,0.0,0.0,9.742974047468082e-05
0.0,722,277.77777777777777,944.4444444444445,142.5,7.7100319676250875,0.0,0.0,9.742974047468082e-05
0.0,723,388.8888888888889,944.4444444444445,142.5,7.7100319676250875,0.0,0.0,9.742974047468082e-05
0.0,724,500.0,944.4444444444445,142.5,7.7100319676250875,0.0,0.0,9.742974047468082e-05
0.0,725,611.1111111111111,944.4444444444445,142.5,7.7100319676250875,0.0,0.0,9.742974047468082e-05
0.0,726,722.2222222222223,944.4444444444445,142.5,7.7100319676250875,0.0,0.0,9.742974047468082e-05
0.0,727,833.3333333333334,944.4444444444445,142.5,7.7100319676250875,0.0,0.0,9.742974047468082e-05
0.0,728,944.4444444444445,944.4444444444445,142.5,7.7100319676250875,0.0,0.0,9.742974047468082e-05
30.0,0,55.55555555555556,55.55555555555556,102.5,6.0060650365250305,0.7499387630252521,0.9729064806131841,7.980533527820892e-05
30.0,1,166.66666666666669,55.55555555555556,102.5,6.005804083254773,0.7499387739180208,0.9729061790567113,7.980184910715043e-05
30.0,2,277.77777777777777,55.55555555555556,102.5,6.005199243880236,0.749938797885059,0.9729054798043352,7.979376881615878e-05
30.0,3,388.8888888888889,55.55555555555556,102.5,6.004304216868554,0.7499388404123681,0.9729044453634254,7.978181183291952e-05
30.0,4,500.0,55.55555555555556,102.5,6.003708896776778,0.7499388705255543,0.972903757214439,7.977385874324452e-05
30.0,5,611.1111111111111,55.55555555555556,102.5,6.004304216868558,0.749938840412368,0.9729044453634255,7.978181183291953e-05
30.0,6,722.2222222222223,55.55555555555556,102.5,6.005199243880241,0.749938797885059,0.972905479804336,7.979376881615885e-05
30.0,7,833.3333333333334,55.55555555555556,102.5,6.005804083254784,0.7499387739180209,0.9729061790567141,7.980184910715079e-05
30.0,8,944.4444444444445,55.55555555555556,102.5,6.006065036525048,0.7499387630252519,0.9729064806131861,7.980533527820923e-05
30.0,9,55.55555555555556,166.66666666666669,102.5,6.0058040832547706,0.7499387739180209,0.9729061790567114,7.98018491071503e-05
30.0,10,166.66666666666669,166.66666666666669,102.5,6.005168243774916,0.7499387990652795,0.9729054439539733,7.979335467267205e-05
30.0,11,277.77777777777777,166.66666666666669,102.5,6.0035810949949955,0.7499388774055343,0.9729036094322787,7.977215139130366e-05
30.0,12,388.8888888888889,166.66666666666669,102.5,6.000959149275086,0.7499390089145888,0.9729005761915102,7.973712380815914e-05
30.0,13,500.0,166.66666666666669,102.5,5.998886581049543,0.7499388598265009,0.9728981766672425,7.970943553681208e-05
30.0,14,611.1111111111111,166.66666666666669,102.5,6.000959149275091,0.7499390089145888,0.9729005761915108,7.97371238081592e-05
30.0,15,722.2222222222223,166.66666666666669,102.5,6.003581094995003,0.7499388774055343,0.9729036094322795,7.977215139130373e-05
30.0,16,833.3333333333334,166.66666666666669,102.5,6.005168243774927,0.7499387990652794,0.9729054439539659,7.979335467267159e-05
30.0,17,944.4444444444445,166.66666666666669,102.5,6.005804083254788,0.749938773918021,0.9729061790567147,7.980184910715085e-05
30.0,18,55.55555555555556,277.77777777777777,102.5,6.005199243880225,0.7499387978850591,0.9729054798043425,7.979376881615924e-05
30.0,19,166.66666666666669,277.77777777777777,102.5,6.003581094994991,0.7499388774055343,0.9729036094322778,7.977215139130346e-05
30.0,20,277.77777777777777,277.77777777777777,102.5,5.999175420071622,0.7499388794802877,0.9728985111291606,7.971329425182129e-05
30.0,21,388.8888888888889,277.77777777777777,102.5,5.990815861610863,0.7499383826199438,0.9728888164983056,7.960161520847737e-05
30.0,22,500.0,277.77777777777777,102.5,5.982343423589945,0.7499380677196065,0.9728789637874855,7.948842765594432e-05
30.0,23,611.1111111111111,277.77777777777777,102.5,5.990815861610867,0.7499383826199438,0.9728888164982984,7.960161520847692e-05
30.0,24,722.2222222222223,277.77777777777777,102.5,5.999175420071632,0.7499388794802875,0.9728985111291616,7.971329425182152e-05
30.0,25,833.3333333333334,277.77777777777777,102.5,6.0035810949950035,0.7499388774055341,0.9729036094322792,7.97721513913037e-05
30.0,26,944.4444444444445,277.77777777777777,102.5,6.0051992438802415,0.749938797885059,0.972905479804336,7.979376881615885e-05
30.0,27,55.55555555555556,388.8888888888889,102.5,6.004304216868541,0.749938840412368,0.9729044453634312,7.978181183291987e-05
30.0,28,166.66666666666669,388.8888888888889,102.5,6.000959149275074,0.7499390089145885,0.9729005761915077,7.97371238081588e-05
30.0,29,277.77777777777777,388.8888888888889,102.5,5.990815861610857,0.7499383826199438,0.9728888164983049,7.960161520847731e-05
30.0,30,388.8888888888889,388.8888888888889,102.5,5.967403752964075,0.7499379711842367,0.9728615222784944,7.928883978857133e-05
30.0,31,500.0,388.8888888888889,102.5,5.9316330059481395,0.7499375730708532,0.9728194069082685,7.881095064018072e-05
30.0,32,611.1111111111111,388.8888888888889,102.5,5.96740375296408,0.7499379711842366,0.9728615222784954,7.928883978857156e-05
30.0,33,722.2222222222223,388.8888888888889,102.5,5.990815861610864,0.7499383826199438,0.9728888164983056,7.960161520847737e-05
30.0,34,833.3333333333334,388.8888888888889,102.5,6.00095914927509,0.7499390089145885,0.9729005761915102,7.973712380815914e-05
30.0,35,944.4444444444445,388.8888888888889,102.5,6.004304216868561,0.749938840412368,0.972904445363426,7.978181183291972e-05
30.0,36,55.55555555555556,500.0,102.5,6.0037088967767644,0.7499388705255544,0.972903757214437,7.977385874324422e-05
30.0,37,166.66666666666669,500.0,102.5,5.998886581049529,0.7499388598265007,0.9728981766672481,7.970943553681224e-05
30.0,38,277.77777777777777,500.0,102.5,5.982343423589932,0.7499380677196066,0.9728789637874848,7.948842765594398e-05
30.0,39,388.8888888888889,500.0,102.5,5.931633005948133,0.7499375730708532,0.9728194069082674,7.88109506401805e-05
30.0,40,500.0,500.0,102.5,5.76587532690365,0.7499361934311298,0.9726175398401574,7.659634757921252e-05
30.0,41,611.1111111111111,500.0,102.5,5.931633005948133,0.7499375730708531,0.9728194069082665,7.881095064018044e-05
30.0,42,722.2222222222223,500.0,102.5,5.982343423589938,0.7499380677196066,0.9728789637874854,7.948842765594418e-05
30.0,43,833.3333333333334,500.0,102.5,5.99888658104954,0.7499388598265008,0.9728981766672505,7.97094355368126e-05
30.0,44,944.4444444444445,500.0,102.5,6.00370889677678,0.7499388705255546,0.9729037572144325,7.977385874324413e-05
30.0,45,55.55555555555556,611.1111111111111,102.5,6.004304216868543,0.7499388404123681,0.9729044453634317,7.978181183291991e-05
30.0,46,166.66666666666669,611.1111111111111,102.5,6.000959149275076,0.7499390089145886,0.9729005761915077,7.97371238081588e-05
30.0,47,277.77777777777777,611.1111111111111,102.5,5.990815861610859,0.7499383826199436,0.9728888164983039,7.960161520847723e-05
30.0,48,388.8888888888889,611.1111111111111,102.5,5.967403752964072,0.7499379711842367,0.9728615222784944,7.928883978857133e-05
30.0,49,500.0,611.1111111111111,102.5,5.9316330059481315,0.7499375730708532,0.9728194069082668,7.881095064018047e-05
30.0,50,611.1111111111111,611.1111111111111,102.5,5.96740375296407,0.7499379711842366,0.9728615222784938,7.928883978857127e-05
30.0,51,722.2222222222223,611.1111111111111,102.5,5.990815861610857,0.7499383826199436,0.9728888164983036,7.96016152084772e-05
30.0,52,833.3333333333334,611.1111111111111,102.5,6.000959149275084,0.7499390089145886,0.9729005761915093,7.973712380815908e-05
30.0,53,944.4444444444445,611.1111111111111,102.5,6.004304216868562,0.7499388404123678,0.9729044453634252,7.978181183291966e-05
30.0,54,55.55555555555556,722.2222222222223,102.5,6.005199243880228,0.7499387978850588,0.9729054798043419,7.979376881615905e-05
30.0,55,166.66666666666669,722.2222222222223,102.5,6.003581094994997,0.7499388774055342,0.9729036094322784,7.977215139130364e-05
30.0,56,277.77777777777777,722.2222222222223,102.5,5.999175420071626,0.7499388794802877,0.9728985111291613,7.971329425182134e-05
30.0,57,388.8888888888889,722.2222222222223,102.5,5.990815861610864,0.7499383826199438,0.9728888164983058,7.960161520847738e-05
30.0,58,500.0,722.2222222222223,102.5,5.982343423589938,0.7499380677196066,0.9728789637874856,7.948842765594405e-05
30.0,59,611.1111111111111,722.2222222222223,102.5,5.9908158616108524,0.7499383826199437,0.9728888164983036,7.960161520847707e-05
30.0,60,722.2222222222223,722.2222222222223,102.5,5.999175420071622,0.7499388794802876,0.9728985111291604,7.971329425182127e-05
30.0,61,833.3333333333334,722.2222222222223,102.5,6.003581094995003,0.7499388774055342,0.9729036094322792,7.97721513913037e-05
30.0,62,944.4444444444445,722.2222222222223,102.5,6.005199243880244,0.7499387978850591,0.972905479804337,7.979376881615893e-05
30.0,63,55.55555555555556,833.3333333333334,102.5,6.005804083254781,0.749938773918021,0.9729061790567141,7.980184910715066e-05
30.0,64,166.66666666666669,833.3333333333334,102.5,6.005168243774924,0.7499387990652795,0.9729054439539663,7.979335467267162e-05
30.0,65,277.77777777777777,833.3333333333334,102.5,6.003581094995007,0.7499388774055341,0.9729036094322793,7.977215139130385e-05
30.0,66,388.8888888888889,833.3333333333334,102.5,6.00095914927509,0.7499390089145886,0.9729005761915106,7.973712380815919e-05
30.0,67,500.0,833.3333333333334,102.5,5.998886581049542,0.7499388598265008,0.9728981766672506,7.970943553681261e-05
30.0,68,611.1111111111111,833.3333333333334,102.5,6.0009591492750864,0.7499390089145888,0.9729005761915098,7.973712380815912e-05
30.0,69,722.2222222222223,833.3333333333334,102.5,6.003581094994999,0.7499388774055343,0.9729036094322787,7.977215139130366e-05
30.0,70,833.3333333333334,833.3333333333334,102.5,6.005168243774927,0.7499387990652796,0.9729054439539667,7.979335467267166e-05
30.0,71,944.4444444444445,833.3333333333334,102.5,6.005804083254789,0.7499387739180209,0.9729061790567145,7.980184910715083e-05
30.0,72,55.55555555555556,944.4444444444445,102.5,6.006065036525051,0.7499387630252521,0.9729064806131875,7.980533527820949e-05
30.0,73,166.66666666666669,944.4444444444445,102.5,6.00580408325479,0.7499387739180209,0.972906179056715,7.980184910715087e-05
30.0,74,277.77777777777777,944.4444444444445,102.5,6.005199243880247,0.7499387978850589,0.9729054798043367,7.979376881615904e-05
30.0,75,388.8888888888889,944.4444444444445,102.5,6.004304216868567,0.7499388404123679,0.9729044453634269,7.978181183291979e-05
30.0,76,500.0,944.4444444444445,102.5,6.003708896776785,0.7499388705255546,0.9729037572144325,7.977385874324413e-05
30.0,77,611.1111111111111,944.4444444444445,102.5,6.00430421686856,0.7499388404123681,0.9729044453634259,7.978181183291971e-05
30.0,78,722.2222222222223,944.4444444444445,102.5,6.00519924388024,0.7499387978850591,0.9729054798043363,7.979376881615887e-05
30.0,79,833.3333333333334,944.4444444444445,102.5,6.005804083254783,0.7499387739180211,0.9729061790567145,7.980184910715083e-05
30.0,80,944.4444444444445,944.4444444444445,102.5,6.0060650365250465,0.7499387630252521,0.9729064806131861,7.980533527820923e-05
30.0,81,55.55555555555556,55.55555555555556,107.5,6.006518976793857,0.7498993412262317,0.9729070032034309,7.981139947521814e-05
30.0,82,166.66666666666669,55.55555555555556,107.5,6.006258104024388,0.7498993502466907,0.9729067016252063,7.980791436735127e-05
30.0,83,277.77777777777777,55.55555555555556,107.5,6.005653434971461,0.7498993783829809,0.9729060031856134,7.979983639568954e-05
30.0,84,388.8888888888889,55.55555555555556,107.5,6.004758636369713,0.7498994205010313,0.9729049692377032,7.978788247290268e-05
30.0,85,500.0,55.55555555555556,107.5,6.004163475992903,0.749899446355643,0.9729042810119743,7.977993148900635e-05
30.0,86,611.1111111111111,55.55555555555556,107.5,6.004758636369717,0.7498994205010313,0.9729049692377028,7.978788247290264e-05
30.0,87,722.2222222222223,55.55555555555556,107.5,6.005653434971466,0.749899378382981,0.9729060031856147,7.97998363956898e-05
30.0,88,833.3333333333334,55.55555555555556,107.5,6.0062581040244,0.7498993502466905,0.9729067016251985,7.980791436735077e-05
30.0,89,944.4444444444445,55.55555555555556,107.5,6.006518976793873,0.749899341226232,0.9729070032034347,7.981139947521872e-05
30.0,90,55.55555555555556,166.66666666666669,107.5,6.006258104024385,0.7498993502466907,0.9729067016252056,7.980791436735122e-05
30.0,91,166.66666666666669,166.66666666666669,107.5,6.005622436113419,0.7498993799077287,0.9729059673817483,7.979942227222344e-05
30.0,92,277.77777777777777,166.66666666666669,107.5,6.004035675627898,0.7498994516832955,0.9729041331753372,7.977822415000018e-05
30.0,93,388.8888888888889,166.66666666666669,107.5,6.001414523649469,0.7498995849087335,0.9729011012067325,7.974320717118179e-05
30.0,94,500.0,166.66666666666669,107.5,5.999343055952459,0.7498994897157867,0.9728987034983513,7.971553362396773e-05
30.0,95,611.1111111111111,166.66666666666669,107.5,6.001414523649474,0.7498995849087337,0.9729011012067328,7.974320717118182e-05
30.0,96,722.2222222222223,166.66666666666669,107.5,6.004035675627905,0.7498994516832955,0.9729041331753295,7.97782241499997e-05
30.0,97,833.3333333333334,166.66666666666669,107.5,6.00562243611343,0.7498993799077286,0.9729059673817495,7.979942227222397e-05
30.0,98,944.4444444444445,166.66666666666669,107.5,6.006258104024403,0.7498993502466907,0.9729067016252,7.980791436735103e-05
30.0,99,55.55555555555556,277.77777777777777,107.5,6.00565343497145,0.7498993783829809,0.9729060031856115,7.979983639568925e-05
30.0,100,166.66666666666669,277.77777777777777,107.5,6.004035675627892,0.7498994516832955,0.9729041331753362,7.97782241500001e-05
30.0,101,277.77777777777777,277.77777777777777,107.5,5.999631120057902,0.7498995113808025,0.9728990372022239,7.971938200112211e-05
30.0,102,388.8888888888889,277.77777777777777,107.5,5.991275889431525,0.749899003731359,0.9728893489732527,7.96077607964378e-05
30.0,103,500.0,277.77777777777777,107.5,5.982823116635933,0.7498986808124583,0.9728795208209675,7.949483600377018e-05
30.0,104,611.1111111111111,277.77777777777777,107.5,5.9912758894315274,0.7498990037313588,0.9728893489732527,7.96077607964378e-05
30.0,105,722.2222222222223,277.77777777777777,107.5,5.999631120057911,0.7498995113808027,0.9728990372022184,7.97193820011218e-05
30.0,106,833.3333333333334,277.77777777777777,107.5,6.004035675627906,0.7498994516832957,0.9729041331753312,7.977822414999984e-05
30.0,107,944.4444444444445,277.77777777777777,107.5,6.005653434971467,0.7498993783829809,0.9729060031856146,7.979983639568978e-05
30.0,108,55.55555555555556,388.8888888888889,107.5,6.004758636369701,0.7498994205010312,0.9729049692377002,7.978788247290229e-05
30.0,109,166.66666666666669,388.8888888888889,107.5,6.001414523649458,0.7498995849087338,0.9729011012067308,7.974320717118139e-05
30.0,110,277.77777777777777,388.8888888888889,107.5,5.991275889431518,0.7498990037313589,0.9728893489732516,7.960776079643757e-05
30.0,111,388.8888888888889,388.8888888888889,107.5,5.967906738686254,0.7498985628700628,0.9728621091418457,7.929555935426434e-05
30.0,112,500.0,388.8888888888889,107.5,5.932401134963492,0.7498981937974137,0.9728203151805317,7.882121265689589e-05
30.0,113,611.1111111111111,388.8888888888889,107.5,5.967906738686259,0.749898562870063,0.9728621091418479,7.92955593542644e-05
30.0,114,722.2222222222223,388.8888888888889,107.5,5.991275889431525,0.7498990037313589,0.9728893489732527,7.96077607964378e-05
30.0,115,833.3333333333334,388.8888888888889,107.5,6.001414523649474,0.7498995849087338,0.9729011012067332,7.974320717118186e-05
30.0,116,944.4444444444445,388.8888888888889,107.5,6.004758636369719,0.7498994205010313,0.9729049692377041,7.978788247290275e-05
30.0,117,55.55555555555556,500.0,107.5,6.004163475992889,0.749899446355643,0.9729042810119805,7.97799314890067e-05
30.0,118,166.66666666666669,500.0,107.5,5.999343055952446,0.7498994897157863,0.9728987034983484,7.971553362396735e-05
30.0,119,277.77777777777777,500.0,107.5,5.982823116635922,0.7498986808124584,0.9728795208209663,7.949483600376995e-05
30.0,120,388.8888888888889,500.0,107.5,5.932401134963486,0.749898193797414,0.9728203151805309,7.88212126568957e-05
30.0,121,500.0,500.0,107.5,5.751839115102297,0.7498974418531578,0.9725999858731547,7.64088132489876e-05
30.0,122,611.1111111111111,500.0,107.5,5.932401134963487,0.7498981937974137,0.97282031518053,7.882121265689563e-05
30.0,123,722.2222222222223,500.0,107.5,5.982823116635927,0.7498986808124584,0.9728795208209666,7.949483600377026e-05
30.0,124,833.3333333333334,500.0,107.5,5.999343055952456,0.7498994897157867,0.9728987034983516,7.971553362396776e-05
30.0,125,944.4444444444445,500.0,107.5,6.004163475992906,0.7498994463556428,0.9729042810119748,7.97799314890064e-05
30.0,126,55.55555555555556,611.1111111111111,107.5,6.004758636369703,0.7498994205010312,0.9729049692377006,7.978788247290233e-05
30.0,127,166.66666666666669,611.1111111111111,107.5,6.001414523649459,0.7498995849087338,0.9729011012067313,7.974320717118156e-05
30.0,128,277.77777777777777,611.1111111111111,107.5,5.9912758894315195,0.749899003731359,0.972889348973252,7.96077607964376e-05
30.0,129,388.8888888888889,611.1111111111111,107.5,5.967906738686252,0.749898562870063,0.9728621091418465,7.929555935426427e-05
30.0,130,500.0,611.1111111111111,107.5,5.932401134963484,0.7498981937974137,0.9728203151805302,7.88212126568955e-05
30.0,131,611.1111111111111,611.1111111111111,107.5,5.967906738686248,0.749898562870063,0.9728621091418459,7.929555935426436e-05
30.0,132,722.2222222222223,611.1111111111111,107.5,5.991275889431517,0.7498990037313592,0.9728893489732525,7.960776079643763e-05
30.0,133,833.3333333333334,611.1111111111111,107.5,6.001414523649467,0.7498995849087338,0.9729011012067325,7.974320717118179e-05
30.0,134,944.4444444444445,611.1111111111111,107.5,6.00475863636972,0.7498994205010311,0.9729049692377032,7.978788247290268e-05
30.0,135,55.55555555555556,722.2222222222223,107.5,6.005653434971454,0.749899378382981,0.9729060031856132,7.979983639568952e-05
30.0,136,166.66666666666669,722.2222222222223,107.5,6.0040356756278985,0.7498994516832956,0.9729041331753299,7.977822414999958e-05
30.0,137,277.77777777777777,722.2222222222223,107.5,5.999631120057906,0.7498995113808026,0.9728990372022165,7.97193820011215e-05
30.0,138,388.8888888888889,722.2222222222223,107.5,5.991275889431525,0.7498990037313589,0.9728893489732525,7.960776079643778e-05
30.0,139,500.0,722.2222222222223,107.5,5.982823116635927,0.749898680812458,0.9728795208209655,7.949483600377002e-05
30.0,140,611.1111111111111,722.2222222222223,107.5,5.991275889431513,0.7498990037313585,0.9728893489732499,7.960776079643742e-05
30.0,141,722.2222222222223,722.2222222222223,107.5,5.999631120057903,0.7498995113808024,0.9728990372022236,7.971938200112209e-05
30.0,142,833.3333333333334,722.2222222222223,107.5,6.004035675627905,0.7498994516832956,0.9729041331753305,7.977822414999978e-05
30.0,143,944.4444444444445,722.2222222222223,107.5,6.005653434971469,0.7498993783829809,0.972906003185615,7.979983639568982e-05
30.0,144,55.55555555555556,833.3333333333334,107.5,6.006258104024395,0.7498993502466905,0.9729067016252066,7.980791436735144e-05
30.0,145,166.66666666666669,833.3333333333334,107.5,6.005622436113428,0.7498993799077286,0.9729059673817487,7.979942227222362e-05
30.0,146,277.77777777777777,833.3333333333334,107.5,6.004035675627909,0.7498994516832959,0.9729041331753312,7.977822414999984e-05
30.0,147,388.8888888888889,833.3333333333334,107.5,6.0014145236494745,0.7498995849087337,0.9729011012067328,7.974320717118168e-05
30.0,148,500.0,833.3333333333334,107.5,5.999343055952457,0.7498994897157865,0.9728987034983505,7.971553362396766e-05
30.0,149,611.1111111111111,833.3333333333334,107.5,6.00141452364947,0.7498995849087337,0.9729011012067318,7.97432071711816e-05
30.0,150,722.2222222222223,833.3333333333334,107.5,6.004035675627901,0.7498994516832956,0.9729041331753302,7.977822414999976e-05
30.0,151,833.3333333333334,833.3333333333334,107.5,6.0056224361134305,0.7498993799077287,0.9729059673817497,7.9799422272224e-05
30.0,152,944.4444444444445,833.3333333333334,107.5,6.006258104024404,0.7498993502466909,0.9729067016252001,7.980791436735104e-05
30.0,153,55.55555555555556,944.4444444444445,107.5,6.006518976793876,0.7498993412262318,0.9729070032034346,7.98113994752187e-05
30.0,154,166.66666666666669,944.4444444444445,107.5,6.006258104024405,0.7498993502466907,0.9729067016252001,7.980791436735104e-05
30.0,155,277.77777777777777,944.4444444444445,107.5,6.005653434971473,0.7498993783829809,0.9729060031856154,7.979983639568985e-05
30.0,156,388.8888888888889,944.4444444444445,107.5,6.0047586363697265,0.7498994205010311,0.9729049692377043,7.978788247290291e-05
30.0,157,500.0,944.4444444444445,107.5,6.00416347599291,0.7498994463556429,0.9729042810119753,7.977993148900657e-05
30.0,158,611.1111111111111,944.4444444444445,107.5,6.0047586363697185,0.749899420501031,0.9729049692377026,7.978788247290263e-05
30.0,159,722.2222222222223,944.4444444444445,107.5,6.005653434971465,0.7498993783829808,0.9729060031856143,7.979983639568975e-05
30.0,160,833.3333333333334,944.4444444444445,107.5,6.006258104024399,0.7498993502466907,0.9729067016251989,7.98079143673508e-05
30.0,161,944.4444444444445,944.4444444444445,107.5,6.006518976793873,0.7498993412262318,0.9729070032034339,7.981139947521865e-05
30.0,162,55.55555555555556,55.55555555555556,112.5,6.007132955083133,0.7498046584827583,0.9729077112401289,7.981960173002674e-05
30.0,163,166.66666666666669,55.55555555555556,112.5,6.006872257348661,0.7498046671807785,0.9729074099387454,7.981611896279922e-05
30.0,164,277.77777777777777,55.55555555555556,112.5,6.00626796699361,0.749804693779764,0.972906712026963,7.980804604880701e-05
30.0,165,388.8888888888889,55.55555555555556,112.5,6.005373680397183,0.7498047347912622,0.9729056789276901,7.979609897397837e-05
30.0,166,500.0,55.55555555555556,112.5,6.0047788671073254,0.7498047598912824,0.9729049912746718,7.978815263223018e-05
30.0,167,611.1111111111111,55.55555555555556,112.5,6.005373680397186,0.7498047347912623,0.9729056789276908,7.979609897397842e-05
30.0,168,722.2222222222223,55.55555555555556,112.5,6.006267966993614,0.7498046937797641,0.972906712026964,7.980804604880738e-05
30.0,169,833.3333333333334,55.55555555555556,112.5,6.006872257348672,0.7498046671807783,0.9729074099387469,7.981611896279949e-05
30.0,170,944.4444444444445,55.55555555555556,112.5,6.007132955083149,0.7498046584827582,0.9729077112401223,7.981960173002635e-05
30.0,171,55.55555555555556,166.66666666666669,112.5,6.006872257348658,0.7498046671807784,0.9729074099387448,7.981611896279903e-05
30.0,172,166.66666666666669,166.66666666666669,112.5,6.006236972469767,0.749804695267158,0.9729066762369893,7.980763198351576e-05
30.0,173,277.77777777777777,166.66666666666669,112.5,6.004651087303903,0.7498047650569923,0.9729048434986816,7.978644556905114e-05
30.0,174,388.8888888888889,166.66666666666669,112.5,6.00203144994284,0.7498048940722286,0.972901813821256,7.97514488300605e-05
30.0,175,500.0,166.66666666666669,112.5,5.999962115655331,0.7498048762749471,0.9728994190079134,7.9723803788066e-05
30.0,176,611.1111111111111,166.66666666666669,112.5,6.002031449942844,0.7498048940722285,0.9729018138212561,7.975144883006064e-05
30.0,177,722.2222222222223,166.66666666666669,112.5,6.00465108730391,0.7498047650569921,0.9729048434986819,7.978644556905143e-05
30.0,178,833.3333333333334,166.66666666666669,112.5,6.006236972469777,0.7498046952671583,0.9729066762369837,7.980763198351544e-05
30.0,179,944.4444444444445,166.66666666666669,112.5,6.006872257348675,0.7498046671807785,0.9729074099387482,7.98161189627996e-05
30.0,180,55.55555555555556,277.77777777777777,112.5,6.006267966993597,0.749804693779764,0.9729067120269606,7.980804604880681e-05
30.0,181,166.66666666666669,277.77777777777777,112.5,6.004651087303897,0.7498047650569922,0.9729048434986803,7.978644556905088e-05
30.0,182,277.77777777777777,277.77777777777777,112.5,6.000248873688074,0.7498048981998621,0.9728997511145412,7.972763471417047e-05
30.0,183,388.8888888888889,277.77777777777777,112.5,5.991901739307473,0.7498043765847691,0.9728900743243126,7.961612171379583e-05
30.0,184,500.0,277.77777777777777,112.5,5.983485188358165,0.7498040413257285,0.9728802903938399,7.950368086805238e-05
30.0,185,611.1111111111111,277.77777777777777,112.5,5.991901739307476,0.7498043765847693,0.972890074324305,7.96161217137952e-05
30.0,186,722.2222222222223,277.77777777777777,112.5,6.000248873688081,0.7498048981998621,0.9728997511145424,7.972763471417058e-05
30.0,187,833.3333333333334,277.77777777777777,112.5,6.004651087303911,0.7498047650569923,0.972904843498683,7.978644556905153e-05
30.0,188,944.4444444444445,277.77777777777777,112.5,6.006267966993616,0.7498046937797641,0.9729067120269649,7.980804604880731e-05
30.0,189,55.55555555555556,388.8888888888889,112.5,6.005373680397171,0.7498047347912622,0.972905678927697,7.979609897397879e-05
30.0,190,166.66666666666669,388.8888888888889,112.5,6.002031449942829,0.7498048940722285,0.9729018138212537,7.975144883006018e-05
30.0,191,277.77777777777777,388.8888888888889,112.5,5.991901739307466,0.7498043765847692,0.9728900743243117,7.961612171379561e-05
30.0,192,388.8888888888889,388.8888888888889,112.5,5.968611660951675,0.7498038972881074,0.9728629327618095,7.930497676595935e-05
30.0,193,500.0,388.8888888888889,112.5,5.9339633971755115,0.7498035744331228,0.9728221626766803,7.884208416130926e-05
30.0,194,611.1111111111111,388.8888888888889,112.5,5.96861166095168,0.7498038972881077,0.9728629327618024,7.930497676595891e-05
30.0,195,722.2222222222223,388.8888888888889,112.5,5.991901739307473,0.7498043765847691,0.9728900743243126,7.961612171379583e-05
30.0,196,833.3333333333334,388.8888888888889,112.5,6.0020314499428435,0.7498048940722288,0.9729018138212575,7.975144883006077e-05
30.0,197,944.4444444444445,388.8888888888889,112.5,6.00537368039719,0.7498047347912622,0.9729056789276919,7.979609897397851e-05
30.0,198,55.55555555555556,500.0,112.5,6.004778867107312,0.7498047598912825,0.9729049912746701,7.97881526322299e-05
30.0,199,166.66666666666669,500.0,112.5,5.999962115655317,0.7498048762749471,0.9728994190079111,7.972380378806566e-05
30.0,200,277.77777777777777,500.0,112.5,5.983485188358153,0.7498040413257283,0.9728802903938458,7.950368086805272e-05
30.0,201,388.8888888888889,500.0,112.5,5.933963397175504,0.7498035744331227,0.9728221626766788,7.884208416130886e-05
30.0,202,500.0,500.0,112.5,5.7869361174173175,0.7498023578389439,0.972643838595195,7.687774219446253e-05
30.0,203,611.1111111111111,500.0,112.5,5.933963397175505,0.7498035744331228,0.9728221626766784,7.884208416130884e-05
30.0,204,722.2222222222223,500.0,112.5,5.983485188358158,0.7498040413257284,0.972880290393847,7.950368086805282e-05
30.0,205,833.3333333333334,500.0,112.5,5.999962115655327,0.7498048762749469,0.9728994190079118,7.972380378806586e-05
30.0,206,944.4444444444445,500.0,112.5,6.004778867107327,0.7498047598912825,0.9729049912746728,7.978815263223026e-05
30.0,207,55.55555555555556,611.1111111111111,112.5,6.005373680397174,0.7498047347912623,0.9729056789276977,7.979609897397885e-05
30.0,208,166.66666666666669,611.1111111111111,112.5,6.002031449942831,0.7498048940722286,0.9729018138212544,7.975144883006024e-05
30.0,209,277.77777777777777,611.1111111111111,112.5,5.991901739307468,0.749804376584769,0.9728900743243117,7.961612171379561e-05
30.0,210,388.8888888888889,611.1111111111111,112.5,5.968611660951673,0.7498038972881076,0.9728629327618095,7.930497676595935e-05
30.0,211,500.0,611.1111111111111,112.5,5.933963397175503,0.7498035744331227,0.9728221626766778,7.884208416130878e-05
30.0,212,611.1111111111111,611.1111111111111,112.5,5.968611660951669,0.7498038972881076,0.9728629327618088,7.930497676595929e-05
30.0,213,722.2222222222223,611.1111111111111,112.5,5.991901739307465,0.7498043765847691,0.9728900743243114,7.961612171379558e-05
30.0,214,833.3333333333334,611.1111111111111,112.5,6.002031449942838,0.7498048940722287,0.9729018138212556,7.975144883006047e-05
30.0,215,944.4444444444445,611.1111111111111,112.5,6.00537368039719,0.7498047347912623,0.9729056789276914,7.979609897397847e-05
30.0,216,55.55555555555556,722.2222222222223,112.5,6.006267966993603,0.749804693779764,0.9729067120269622,7.980804604880694e-05
30.0,217,166.66666666666669,722.2222222222223,112.5,6.0046510873039045,0.749804765056992,0.9729048434986813,7.978644556905112e-05
30.0,218,277.77777777777777,722.2222222222223,112.5,6.000248873688077,0.7498048981998623,0.972899751114542,7.972763471417054e-05
30.0,219,388.8888888888889,722.2222222222223,112.5,5.991901739307474,0.7498043765847691,0.9728900743243124,7.961612171379581e-05
30.0,220,500.0,722.2222222222223,112.5,5.983485188358158,0.7498040413257283,0.9728802903938465,7.950368086805278e-05
30.0,221,611.1111111111111,722.2222222222223,112.5,5.991901739307462,0.7498043765847693,0.9728900743243113,7.961612171379545e-05
30.0,222,722.2222222222223,722.2222222222223,112.5,6.000248873688074,0.7498048981998622,0.9728997511145415,7.97276347141705e-05
30.0,223,833.3333333333334,722.2222222222223,112.5,6.00465108730391,0.7498047650569922,0.9729048434986822,7.978644556905146e-05
30.0,224,944.4444444444445,722.2222222222223,112.5,6.006267966993618,0.749804693779764,0.9729067120269648,7.98080460488073e-05
30.0,225,55.55555555555556,833.3333333333334,112.5,6.006872257348667,0.7498046671807784,0.972907409938746,7.981611896279927e-05
30.0,226,166.66666666666669,833.3333333333334,112.5,6.006236972469774,0.7498046952671584,0.9729066762369919,7.980763198351611e-05
30.0,227,277.77777777777777,833.3333333333334,112.5,6.004651087303913,0.7498047650569921,0.9729048434986822,7.978644556905146e-05
30.0,228,388.8888888888889,833.3333333333334,112.5,6.002031449942846,0.7498048940722287,0.9729018138212572,7.975144883006074e-05
30.0,229,500.0,833.3333333333334,112.5,5.999962115655328,0.7498048762749471,0.972899419007913,7.972380378806595e-05
30.0,230,611.1111111111111,833.3333333333334,112.5,6.002031449942841,0.7498048940722287,0.972901813821256,7.97514488300605e-05
30.0,231,722.2222222222223,833.3333333333334,112.5,6.004651087303907,0.7498047650569923,0.9729048434986823,7.978644556905134e-05
30.0,232,833.3333333333334,833.3333333333334,112.5,6.006236972469778,0.7498046952671581,0.9729066762369913,7.980763198351592e-05
30.0,233,944.4444444444445,833.3333333333334,112.5,6.006872257348678,0.7498046671807784,0.9729074099387482,7.98161189627996e-05
30.0,234,55.55555555555556,944.4444444444445,112.5,6.0071329550831525,0.7498046584827582,0.9729077112401231,7.981960173002657e-05
30.0,235,166.66666666666669,944.4444444444445,112.5,6.006872257348678,0.7498046671807784,0.9729074099387476,7.981611896279954e-05
30.0,236,277.77777777777777,944.4444444444445,112.5,6.0062679669936205,0.7498046937797641,0.9729067120269654,7.980804604880765e-05
30.0,237,388.8888888888889,944.4444444444445,112.5,6.005373680397197,0.7498047347912623,0.972905678927693,7.979609897397873e-05
30.0,238,500.0,944.4444444444445,112.5,6.004778867107333,0.7498047598912823,0.9729049912746727,7.978815263223025e-05
30.0,239,611.1111111111111,944.4444444444445,112.5,6.005373680397189,0.7498047347912622,0.9729056789276912,7.979609897397846e-05
30.0,240,722.2222222222223,944.4444444444445,112.5,6.006267966993613,0.7498046937797641,0.9729067120269643,7.98080460488074e-05
30.0,241,833.3333333333334,944.4444444444445,112.5,6.006872257348672,0.7498046671807785,0.9729074099387477,7.981611896279955e-05
30.0,242,944.4444444444445,944.4444444444445,112.5,6.007132955083149,0.7498046584827583,0.9729077112401232,7.981960173002642e-05
30.0,243,55.55555555555556,55.55555555555556,117.5,6.007909593897771,0.7494692192226009,0.9729086076366429,7.98299770752335e-05
30.0,244,166.66666666666669,55.55555555555556,117.5,6.0076491732694155,0.7494692274665123,0.9729083067023016,7.98264980089669e-05
30.0,245,277.77777777777777,55.55555555555556,117.5,6.007045469881914,0.7494692550791883,0.972907609804675,7.981843295280612e-05
30.0,246,388.8888888888889,55.55555555555556,117.5,6.006151962430675,0.749469294417486,0.9729065777656936,7.980649628331604e-05
30.0,247,500.0,55.55555555555556,117.5,6.0055576534211825,0.7494693185099606,0.9729058908091498,7.979855667665277e-05
30.0,248,611.1111111111111,55.55555555555556,117.5,6.006151962430679,0.7494692944174858,0.9729065777656933,7.980649628331603e-05
30.0,249,722.2222222222223,55.55555555555556,117.5,6.007045469881918,0.7494692550791883,0.9729076098046759,7.981843295280632e-05
30.0,250,833.3333333333334,55.55555555555556,117.5,6.007649173269426,0.7494692274665123,0.9729083067023038,7.982649800896723e-05
30.0,251,944.4444444444445,55.55555555555556,117.5,6.007909593897786,0.7494692192226009,0.9729086076366454,7.982997707523384e-05
30.0,252,55.55555555555556,166.66666666666669,117.5,6.007649173269413,0.7494692274665121,0.9729083067023012,7.982649800896687e-05
30.0,253,166.66666666666669,166.66666666666669,117.5,6.0070144817810744,0.7494692565193787,0.9729075740277695,7.981801897320774e-05
30.0,254,277.77777777777777,166.66666666666669,117.5,6.005429924605371,0.7494693234263745,0.9729057431156664,7.97968502941814e-05
30.0,255,388.8888888888889,166.66666666666669,117.5,6.002812414991537,0.7494694496374734,0.9729027167332597,7.976188199997624e-05
30.0,256,500.0,166.66666666666669,117.5,6.00074570211725,0.7494695296526762,0.9729003256341727,7.973427199538905e-05
30.0,257,611.1111111111111,166.66666666666669,117.5,6.002812414991539,0.7494694496374738,0.9729027167332613,7.976188199997637e-05
30.0,258,722.2222222222223,166.66666666666669,117.5,6.0054299246053775,0.7494693234263747,0.9729057431156679,7.979685029418167e-05
30.0,259,833.3333333333334,166.66666666666669,117.5,6.007014481781085,0.7494692565193788,0.9729075740277714,7.981801897320804e-05
30.0,260,944.4444444444445,166.66666666666669,117.5,6.00764917326943,0.7494692274665121,0.9729083067023035,7.982649800896721e-05
30.0,261,55.55555555555556,277.77777777777777,117.5,6.007045469881901,0.7494692550791883,0.9729076098046813,7.981843295280649e-05
30.0,262,166.66666666666669,277.77777777777777,117.5,6.005429924605366,0.7494693234263747,0.972905743115667,7.979685029418145e-05
30.0,263,277.77777777777777,277.77777777777777,117.5,6.001031108595737,0.7494695499368345,0.9729006561178376,7.973808486613514e-05
30.0,264,388.8888888888889,277.77777777777777,117.5,5.9926940434396805,0.7494689804423725,0.9728909934462387,7.962670642711078e-05
30.0,265,500.0,277.77777777777777,117.5,5.984316319670203,0.7494685797218249,0.972881257224634,7.951478433888648e-05
30.0,266,611.1111111111111,277.77777777777777,117.5,5.992694043439683,0.7494689804423726,0.9728909934462395,7.962670642711085e-05
30.0,267,722.2222222222223,277.77777777777777,117.5,6.001031108595745,0.7494695499368346,0.9729006561178387,7.973808486613537e-05
30.0,268,833.3333333333334,277.77777777777777,117.5,6.005429924605378,0.7494693234263745,0.9729057431156678,7.979685029418166e-05
30.0,269,944.4444444444445,277.77777777777777,117.5,6.00704546988192,0.7494692550791884,0.9729076098046763,7.981843295280635e-05
30.0,270,55.55555555555556,388.8888888888889,117.5,6.006151962430663,0.749469294417486,0.9729065777656917,7.980649628331574e-05
30.0,271,166.66666666666669,388.8888888888889,117.5,6.002812414991525,0.7494694496374736,0.9729027167332583,7.976188199997598e-05
30.0,272,277.77777777777777,388.8888888888889,117.5,5.992694043439674,0.7494689804423725,0.9728909934462378,7.96267064271107e-05
30.0,273,388.8888888888889,388.8888888888889,117.5,5.969489513893696,0.7494683101934061,0.9728639589378909,7.931670450390236e-05
30.0,274,500.0,388.8888888888889,117.5,5.935697046786407,0.749468152716521,0.972824214004923,7.886524553052745e-05
30.0,275,611.1111111111111,388.8888888888889,117.5,5.969489513893701,0.7494683101934061,0.9728639589378832,7.931670450390173e-05
30.0,276,722.2222222222223,388.8888888888889,117.5,5.992694043439681,0.7494689804423725,0.9728909934462393,7.962670642711068e-05
30.0,277,833.3333333333334,388.8888888888889,117.5,6.002812414991539,0.7494694496374735,0.9729027167332608,7.976188199997646e-05
30.0,278,944.4444444444445,388.8888888888889,117.5,6.006151962430682,0.7494692944174858,0.9729065777656941,7.980649628331623e-05
30.0,279,55.55555555555556,500.0,117.5,6.005557653421169,0.7494693185099605,0.9729058908091474,7.979855667665227e-05
30.0,280,166.66666666666669,500.0,117.5,6.000745702117237,0.7494695296526761,0.9729003256341704,7.973427199538872e-05
30.0,281,277.77777777777777,500.0,117.5,5.984316319670191,0.749468579721825,0.9728812572246414,7.951478433888694e-05
30.0,282,388.8888888888889,500.0,117.5,5.935697046786401,0.7494681527165211,0.9728242140049231,7.886524553052732e-05
30.0,283,500.0,500.0,117.5,5.809232363625582,0.7494671323544921,0.9726714466462227,7.717563811858604e-05
30.0,284,611.1111111111111,500.0,117.5,5.935697046786401,0.7494681527165211,0.9728242140049238,7.886524553052737e-05
30.0,285,722.2222222222223,500.0,117.5,5.984316319670197,0.7494685797218248,0.9728812572246416,7.951478433888695e-05
30.0,286,833.3333333333334,500.0,117.5,6.000745702117246,0.7494695296526761,0.9729003256341718,7.973427199538884e-05
30.0,287,944.4444444444445,500.0,117.5,6.005557653421184,0.7494693185099606,0.9729058908091507,7.979855667665284e-05
30.0,288,55.55555555555556,611.1111111111111,117.5,6.006151962430666,0.7494692944174859,0.9729065777656917,7.980649628331574e-05
30.0,289,166.66666666666669,611.1111111111111,117.5,6.002812414991527,0.7494694496374735,0.972902716733259,7.976188199997619e-05
30.0,290,277.77777777777777,611.1111111111111,117.5,5.992694043439675,0.7494689804423725,0.9728909934462384,7.962670642711075e-05
30.0,291,388.8888888888889,611.1111111111111,117.5,5.969489513893693,0.7494683101934062,0.9728639589378908,7.931670450390234e-05
30.0,292,500.0,611.1111111111111,117.5,5.935697046786399,0.7494681527165212,0.9728242140049231,7.886524553052732e-05
30.0,293,611.1111111111111,611.1111111111111,117.5,5.9694895138936905,0.7494683101934062,0.9728639589378905,7.931670450390232e-05
30.0,294,722.2222222222223,611.1111111111111,117.5,5.992694043439673,0.7494689804423726,0.9728909934462389,7.962670642711052e-05
30.0,295,833.3333333333334,611.1111111111111,117.5,6.002812414991535,0.7494694496374734,0.97290271673326,7.976188199997627e-05
30.0,296,944.4444444444445,611.1111111111111,117.5,6.006151962430682,0.749469294417486,0.9729065777656866,7.98064962833156e-05
30.0,297,55.55555555555556,722.2222222222223,117.5,6.007045469881906,0.7494692550791885,0.9729076098046825,7.981843295280673e-05
30.0,298,166.66666666666669,722.2222222222223,117.5,6.005429924605371,0.7494693234263746,0.972905743115667,7.979685029418145e-05
30.0,299,277.77777777777777,722.2222222222223,117.5,6.001031108595741,0.7494695499368346,0.9729006561178383,7.973808486613533e-05
30.0,300,388.8888888888889,722.2222222222223,117.5,5.9926940434396805,0.7494689804423725,0.972890993446239,7.962670642711066e-05
30.0,301,500.0,722.2222222222223,117.5,5.984316319670197,0.749468579721825,0.9728812572246341,7.951478433888634e-05
30.0,302,611.1111111111111,722.2222222222223,117.5,5.99269404343967,0.7494689804423728,0.9728909934462382,7.962670642711059e-05
30.0,303,722.2222222222223,722.2222222222223,117.5,6.001031108595738,0.7494695499368346,0.9729006561178382,7.973808486613532e-05
30.0,304,833.3333333333334,722.2222222222223,117.5,6.005429924605378,0.7494693234263746,0.9729057431156679,7.979685029418167e-05
30.0,305,944.4444444444445,722.2222222222223,117.5,6.007045469881922,0.7494692550791882,0.9729076098046757,7.981843295280631e-05
30.0,306,55.55555555555556,833.3333333333334,117.5,6.007649173269422,0.7494692274665122,0.9729083067023028,7.982649800896714e-05
30.0,307,166.66666666666669,833.3333333333334,117.5,6.007014481781083,0.7494692565193786,0.9729075740277707,7.981801897320799e-05
30.0,308,277.77777777777777,833.3333333333334,117.5,6.005429924605382,0.7494693234263746,0.9729057431156684,7.979685029418185e-05
30.0,309,388.8888888888889,833.3333333333334,117.5,6.002812414991542,0.7494694496374735,0.9729027167332616,7.976188199997652e-05
30.0,310,500.0,833.3333333333334,117.5,6.000745702117247,0.7494695296526762,0.9729003256341726,7.97342719953889e-05
30.0,311,611.1111111111111,833.3333333333334,117.5,6.002812414991537,0.7494694496374738,0.9729027167332613,7.976188199997637e-05
30.0,312,722.2222222222223,833.3333333333334,117.5,6.005429924605376,0.7494693234263746,0.9729057431156671,7.97968502941816e-05
30.0,313,833.3333333333334,833.3333333333334,117.5,6.007014481781087,0.7494692565193787,0.9729075740277714,7.981801897320804e-05
30.0,314,944.4444444444445,833.3333333333334,117.5,6.0076491732694315,0.7494692274665122,0.9729083067023044,7.982649800896742e-05
30.0,315,55.55555555555556,944.4444444444445,117.5,6.007909593897789,0.749469219222601,0.9729086076366463,7.982997707523406e-05
30.0,316,166.66666666666669,944.4444444444445,117.5,6.0076491732694315,0.7494692274665123,0.9729083067023044,7.982649800896742e-05
30.0,317,277.77777777777777,944.4444444444445,117.5,6.007045469881924,0.7494692550791884,0.9729076098046766,7.981843295280638e-05
30.0,318,388.8888888888889,944.4444444444445,117.5,6.006151962430689,0.7494692944174858,0.9729065777656875,7.980649628331569e-05
30.0,319,500.0,944.4444444444445,117.5,6.0055576534211905,0.7494693185099606,0.972905890809151,7.9798556676653e-05
30.0,320,611.1111111111111,944.4444444444445,117.5,6.006151962430682,0.749469294417486,0.9729065777656866,7.98064962833156e-05
30.0,321,722.2222222222223,944.4444444444445,117.5,6.007045469881917,0.7494692550791883,0.9729076098046832,7.981843295280692e-05
30.0,322,833.3333333333334,944.4444444444445,117.5,6.007649173269426,0.7494692274665122,0.9729083067023034,7.98264980089672e-05
30.0,323,944.4444444444445,944.4444444444445,117.5,6.007909593897786,0.7494692192226009,0.9729086076366454,7.982997707523384e-05
30.0,324,55.55555555555556,55.55555555555556,122.5,6.008866937576396,0.7410519502080745,0.9729099806614294,7.98427885248579e-05
30.0,325,166.66666666666669,55.55555555555556,122.5,6.008606898851119,0.741050956898354,0.9729096804463171,7.983931457647581e-05
30.0,326,277.77777777777777,55.55555555555556,122.5,6.008004001630648,0.741048639566533,0.9729089840525251,7.983126023908793e-05
30.0,327,388.8888888888889,55.55555555555556,122.5,6.007111557288512,0.7410452050109725,0.9729079536356707,7.981933778059903e-05
30.0,328,500.0,55.55555555555556,122.5,6.006517902524079,0.7410427829086218,0.9729072679877581,7.981140694372649e-05
30.0,329,611.1111111111111,55.55555555555556,122.5,6.007111557288515,0.7410452050109733,0.9729079536356652,7.981933778059858e-05
30.0,330,722.2222222222223,55.55555555555556,122.5,6.008004001630653,0.7410486395665358,0.9729089840525211,7.98312602390876e-05
30.0,331,833.3333333333334,55.55555555555556,122.5,6.00860689885113,0.7410509568983545,0.9729096804463216,7.983931457647619e-05
30.0,332,944.4444444444445,55.55555555555556,122.5,6.008866937576411,0.741051950208076,0.9729099806614305,7.984278852485813e-05
30.0,333,55.55555555555556,166.66666666666669,122.5,6.008606898851115,0.7410509568983545,0.972909680446301,7.983931457647435e-05
30.0,334,166.66666666666669,166.66666666666669,122.5,6.0079730223165475,0.7410485216745267,0.9729089482557668,7.98308463735885e-05
30.0,335,277.77777777777777,166.66666666666669,122.5,6.006390276847801,0.7410425378234528,0.9729071205116236,7.980970194377784e-05
30.0,336,388.8888888888889,166.66666666666669,122.5,6.003775456170792,0.7410332188808608,0.9729040983281564,7.977476959156457e-05
30.0,337,500.0,166.66666666666669,122.5,6.001711393937366,0.7410241066936939,0.9729017110938961,7.9747195007962e-05
30.0,338,611.1111111111111,166.66666666666669,122.5,6.0037754561707946,0.7410332188808606,0.9729040983281554,7.977476959156449e-05
30.0,339,722.2222222222223,166.66666666666669,122.5,6.0063902768478075,0.7410425378234539,0.9729071205116212,7.980970194377763e-05
30.0,340,833.3333333333334,166.66666666666669,122.5,6.007973022316559,0.741048521674527,0.9729089482557699,7.98308463735889e-05
30.0,341,944.4444444444445,166.66666666666669,122.5,6.008606898851133,0.7410509568983547,0.9729096804463044,7.983931457647493e-05
30.0,342,55.55555555555556,277.77777777777777,122.5,6.008004001630637,0.7410486395665319,0.972908984052526,7.983126023908786e-05
30.0,343,166.66666666666669,277.77777777777777,122.5,6.006390276847796,0.7410425378234534,0.9729071205116263,7.980970194377805e-05
30.0,344,277.77777777777777,277.77777777777777,122.5,6.001995849670855,0.7410274925358964,0.9729020400737016,7.975099515190218e-05
30.0,345,388.8888888888889,277.77777777777777,122.5,5.993669204436953,0.7409761345063965,0.9728923941109043,7.963975607154944e-05
30.0,346,500.0,277.77777777777777,122.5,5.985320049434213,0.7409001482000028,0.9728826966026588,7.952821586780685e-05
30.0,347,611.1111111111111,277.77777777777777,122.5,5.993669204436957,0.7409761345063957,0.9728923941109096,7.963975607154986e-05
30.0,348,722.2222222222223,277.77777777777777,122.5,6.001995849670863,0.7410274925358945,0.9729020400737026,7.97509951519024e-05
30.0,349,833.3333333333334,277.77777777777777,122.5,6.0063902768478075,0.7410425378234544,0.9729071205116241,7.980970194377801e-05
30.0,350,944.4444444444445,277.77777777777777,122.5,6.008004001630655,0.7410486395665319,0.9729089840525208,7.983126023908758e-05
30.0,351,55.55555555555556,388.8888888888889,122.5,6.007111557288502,0.7410452050109725,0.9729079536356691,7.981933778059876e-05
30.0,352,166.66666666666669,388.8888888888889,122.5,6.00377545617078,0.7410332188808613,0.972904098328156,7.977476959156441e-05
30.0,353,277.77777777777777,388.8888888888889,122.5,5.993669204436948,0.7409761345063968,0.9728923941109043,7.96397560715493e-05
30.0,354,388.8888888888889,388.8888888888889,122.5,5.970530044198357,0.7407928570511614,0.9728654500831476,7.933062797122519e-05
30.0,355,500.0,388.8888888888889,122.5,5.9372722878371205,0.7403806997588528,0.9728263642226438,7.888631385808847e-05
30.0,356,611.1111111111111,388.8888888888889,122.5,5.970530044198363,0.7407928570511612,0.9728654500831466,7.933062797122526e-05
30.0,357,722.2222222222223,388.8888888888889,122.5,5.993669204436954,0.7409761345063978,0.9728923941109106,7.963975607154995e-05
30.0,358,833.3333333333334,388.8888888888889,122.5,6.0037754561707946,0.7410332188808613,0.97290409832815,7.977476959156405e-05
30.0,359,944.4444444444445,388.8888888888889,122.5,6.0071115572885185,0.7410452050109735,0.9729079536356676,7.981933778059892e-05
30.0,360,55.55555555555556,500.0,122.5,6.006517902524066,0.7410427829086222,0.972907267987759,7.981140694372642e-05
30.0,361,166.66666666666669,500.0,122.5,6.001711393937351,0.7410241066936942,0.9729017110938958,7.974719500796184e-05
30.0,362,277.77777777777777,500.0,122.5,5.9853200494342005,0.7409001482000037,0.9728826966026527,7.952821586780622e-05
30.0,363,388.8888888888889,500.0,122.5,5.937272287837114,0.7403806997588526,0.9728263642226423,7.888631385808822e-05
30.0,364,500.0,500.0,122.5,5.820898225392557,0.7378541446044065,0.97268616437585,7.733153035876111e-05
30.0,365,611.1111111111111,500.0,122.5,5.937272287837115,0.7403806997588539,0.9728263642226403,7.888631385808805e-05
30.0,366,722.2222222222223,500.0,122.5,5.985320049434207,0.7409001482000043,0.9728826966026571,7.952821586780658e-05
30.0,367,833.3333333333334,500.0,122.5,6.001711393937362,0.7410241066936941,0.9729017110938969,7.974719500796207e-05
30.0,368,944.4444444444445,500.0,122.5,6.006517902524081,0.7410427829086225,0.972907267987754,7.981140694372629e-05
30.0,369,55.55555555555556,611.1111111111111,122.5,6.007111557288503,0.7410452050109739,0.972907953635667,7.981933778059858e-05
30.0,370,166.66666666666669,611.1111111111111,122.5,6.003775456170781,0.7410332188808605,0.9729040983281526,7.977476959156413e-05
30.0,371,277.77777777777777,611.1111111111111,122.5,5.99366920443695,0.740976134506397,0.9728923941109064,7.963975607154947e-05
30.0,372,388.8888888888889,611.1111111111111,122.5,5.970530044198355,0.7407928570511606,0.972865450083143,7.933062797122481e-05
30.0,373,500.0,611.1111111111111,122.5,5.937272287837113,0.7403806997588532,0.9728263642226367,7.888631385808776e-05
30.0,374,611.1111111111111,611.1111111111111,122.5,5.970530044198353,0.7407928570511609,0.9728654500831446,7.933062797122495e-05
30.0,375,722.2222222222223,611.1111111111111,122.5,5.993669204436947,0.7409761345063955,0.9728923941109073,7.963975607154969e-05
30.0,376,833.3333333333334,611.1111111111111,122.5,6.00377545617079,0.7410332188808596,0.9729040983281496,7.977476959156388e-05
30.0,377,944.4444444444445,611.1111111111111,122.5,6.007111557288519,0.7410452050109729,0.9729079536356643,7.981933778059865e-05
30.0,378,55.55555555555556,722.2222222222223,122.5,6.008004001630642,0.7410486395665336,0.9729089840525261,7.983126023908788e-05
30.0,379,166.66666666666669,722.2222222222223,122.5,6.006390276847801,0.7410425378234544,0.9729071205116235,7.980970194377769e-05
30.0,380,277.77777777777777,722.2222222222223,122.5,6.00199584967086,0.7410274925358926,0.9729020400737012,7.975099515190214e-05
30.0,381,388.8888888888889,722.2222222222223,122.5,5.993669204436955,0.7409761345063974,0.9728923941109092,7.96397560715497e-05
30.0,382,500.0,722.2222222222223,122.5,5.985320049434207,0.7409001482000032,0.9728826966026595,7.952821586780677e-05
30.0,383,611.1111111111111,722.2222222222223,122.5,5.9936692044369435,0.7409761345063939,0.9728923941109068,7.96397560715495e-05
30.0,384,722.2222222222223,722.2222222222223,122.5,6.001995849670856,0.7410274925358932,0.9729020400737036,7.975099515190234e-05
30.0,385,833.3333333333334,722.2222222222223,122.5,6.006390276847808,0.7410425378234526,0.9729071205116242,7.980970194377803e-05
30.0,386,944.4444444444445,722.2222222222223,122.5,6.008004001630657,0.741048639566532,0.9729089840525207,7.983126023908771e-05
30.0,387,55.55555555555556,833.3333333333334,122.5,6.008606898851124,0.7410509568983545,0.9729096804463027,7.983931457647463e-05
30.0,388,166.66666666666669,833.3333333333334,122.5,6.007973022316556,0.7410485216745265,0.9729089482557675,7.983084637358855e-05
30.0,389,277.77777777777777,833.3333333333334,122.5,6.006390276847812,0.7410425378234547,0.9729071205116269,7.980970194377824e-05
30.0,390,388.8888888888889,833.3333333333334,122.5,6.003775456170797,0.7410332188808596,0.9729040983281505,7.97747695915641e-05
30.0,391,500.0,833.3333333333334,122.5,6.001711393937364,0.7410241066936921,0.9729017110938961,7.9747195007962e-05
30.0,392,611.1111111111111,833.3333333333334,122.5,6.003775456170792,0.7410332188808602,0.9729040983281521,7.977476959156422e-05
30.0,393,722.2222222222223,833.3333333333334,122.5,6.006390276847805,0.7410425378234525,0.9729071205116235,7.980970194377797e-05
30.0,394,833.3333333333334,833.3333333333334,122.5,6.00797302231656,0.7410485216745266,0.9729089482557683,7.983084637358878e-05
30.0,395,944.4444444444445,833.3333333333334,122.5,6.008606898851135,0.7410509568983558,0.9729096804463014,7.983931457647468e-05
30.0,396,55.55555555555556,944.4444444444445,122.5,6.008866937576415,0.7410519502080771,0.9729099806614373,7.984278852485869e-05
30.0,397,166.66666666666669,944.4444444444445,122.5,6.008606898851135,0.7410509568983549,0.9729096804462969,7.98393145764743e-05
30.0,398,277.77777777777777,944.4444444444445,122.5,6.00800400163066,0.7410486395665323,0.9729089840525227,7.983126023908788e-05
30.0,399,388.8888888888889,944.4444444444445,122.5,6.007111557288526,0.7410452050109738,0.9729079536356703,7.981933778059913e-05
30.0,400,500.0,944.4444444444445,122.5,6.006517902524086,0.7410427829086208,0.9729072679877543,7.981140694372631e-05
30.0,401,611.1111111111111,944.4444444444445,122.5,6.0071115572885185,0.7410452050109725,0.9729079536356713,7.981933778059922e-05
30.0,402,722.2222222222223,944.4444444444445,122.5,6.008004001630652,0.7410486395665326,0.9729089840525228,7.983126023908774e-05
30.0,403,833.3333333333334,944.4444444444445,122.5,6.00860689885113,0.7410509568983554,0.9729096804463178,7.983931457647586e-05
30.0,404,944.4444444444445,944.4444444444445,122.5,6.008866937576411,0.7410519502080757,0.9729099806614291,7.984278852485801e-05
30.0,405,55.55555555555556,55.55555555555556,127.5,6.400783267527863,0.0015668610236209304,0.9760642739163069,8.531650842391914e-05
30.0,406,166.66666666666669,55.55555555555556,127.5,6.40057137744404,0.0015675486700976427,0.9760640143859599,8.531366661639005e-05
30.0,407,277.77777777777777,55.55555555555556,127.5,6.40007472531972,0.0015691607265248268,0.9760634060801334,8.530700566957566e-05
30.0,408,388.8888888888889,55.55555555555556,127.5,6.399330673288921,0.0015715765012658746,0.9760624947265066,8.529702668005185e-05
30.0,409,500.0,55.55555555555556,127.5,6.398832982444733,0.001573193139241047,0.9760618851291611,8.529035181653485e-05
30.0,410,611.1111111111111,55.55555555555556,127.5,6.399330673288912,0.0015715765012658794,0.9760624947265082,8.529702668005184e-05
30.0,411,722.2222222222223,55.55555555555556,127.5,6.400074725319698,0.0015691607265248377,0.9760634060801366,8.530700566957565e-05
30.0,412,833.3333333333334,55.55555555555556,127.5,6.400571377444033,0.0015675486700976503,0.9760640143859635,8.531366661639005e-05
30.0,413,944.4444444444445,55.55555555555556,127.5,6.400783267527879,0.0015668610236209233,0.9760642739163043,8.531650842391906e-05
30.0,414,55.55555555555556,166.66666666666669,127.5,6.400571377444033,0.0015675486700976488,0.9760640143859621,8.531366661639009e-05
30.0,415,166.66666666666669,166.66666666666669,127.5,6.400046999586726,0.001569250753924066,0.9760633721497299,8.530663382317287e-05
30.0,416,277.77777777777777,166.66666666666669,127.5,6.398722162306847,0.0015735525734357461,0.9760617493397887,8.528886553022849e-05
30.0,417,388.8888888888889,166.66666666666669,127.5,6.39650038271141,0.0015807717833352963,0.9760590269799007,8.525906776001872e-05
30.0,418,500.0,166.66666666666669,127.5,6.394761068088943,0.0015864307732511484,0.9760568946921491,8.523574064334425e-05
30.0,419,611.1111111111111,166.66666666666669,127.5,6.396500382711429,0.0015807717833352867,0.9760590269798975,8.525906776001877e-05
30.0,420,722.2222222222223,166.66666666666669,127.5,6.398722162306839,0.0015735525734357477,0.9760617493397882,8.528886553022845e-05
30.0,421,833.3333333333334,166.66666666666669,127.5,6.400046999586734,0.0015692507539240626,0.9760633721497285,8.53066338231729e-05
30.0,422,944.4444444444445,166.66666666666669,127.5,6.400571377444032,0.0015675486700976497,0.976064014385963,8.531366661639e-05
30.0,423,55.55555555555556,277.77777777777777,127.5,6.400074725319716,0.0015691607265248281,0.9760634060801338,8.530700566957569e-05
30.0,424,166.66666666666669,277.77777777777777,127.5,6.398722162306841,0.001573552573435748,0.9760617493397887,8.528886553022849e-05
30.0,425,277.77777777777777,277.77777777777777,127.5,6.3949792987625855,0.0015857164620774274,0.9760571620879909,8.523866746488623e-05
30.0,426,388.8888888888889,277.77777777777777,127.5,6.3875847134888115,0.0016098215431576864,0.9760480822953286,8.513949328229214e-05
30.0,427,500.0,277.77777777777777,127.5,6.380518414865204,0.0016329488032150864,0.9760393828926546,8.504472133858157e-05
30.0,428,611.1111111111111,277.77777777777777,127.5,6.387584713488854,0.0016098215431576655,0.9760480822953227,8.513949328229222e-05
30.0,429,722.2222222222223,277.77777777777777,127.5,6.3949792987625615,0.0015857164620774408,0.9760571620879954,8.523866746488633e-05
30.0,430,833.3333333333334,277.77777777777777,127.5,6.398722162306816,0.0015735525734357585,0.9760617493397916,8.528886553022844e-05
30.0,431,944.4444444444445,277.77777777777777,127.5,6.400074725319726,0.0015691607265248232,0.9760634060801316,8.530700566957566e-05
30.0,432,55.55555555555556,388.8888888888889,127.5,6.399330673288914,0.0015715765012658761,0.9760624947265069,8.529702668005186e-05
30.0,433,166.66666666666669,388.8888888888889,127.5,6.396500382711403,0.001580771783335301,0.9760590269799024,8.525906776001875e-05
30.0,434,277.77777777777777,388.8888888888889,127.5,6.387584713488806,0.0016098215431576911,0.9760480822953304,8.513949328229214e-05
30.0,435,388.8888888888889,388.8888888888889,127.5,6.367938390015908,0.0016742135723303395,0.9760238460654518,8.48759991973932e-05
30.0,436,500.0,388.8888888888889,127.5,6.342337246183474,0.0017589591085113547,0.9759919975939182,8.453263185414794e-05
30.0,437,611.1111111111111,388.8888888888889,127.5,6.367938390015918,0.001674213572330335,0.9760238460654497,8.487599919739318e-05
30.0,438,722.2222222222223,388.8888888888889,127.5,6.387584713488816,0.0016098215431576861,0.9760480822953288,8.513949328229217e-05
30.0,439,833.3333333333334,388.8888888888889,127.5,6.396500382711397,0.0015807717833353021,0.9760590269799019,8.52590677600187e-05
30.0,440,944.4444444444445,388.8888888888889,127.5,6.399330673288915,0.0015715765012658766,0.976062494726507,8.529702668005188e-05
30.0,441,55.55555555555556,500.0,127.5,6.398832982444709,0.0015731931392410584,0.9760618851291645,8.529035181653484e-05
30.0,442,166.66666666666669,500.0,127.5,6.3947610680889255,0.001586430773251159,0.976056894692153,8.52357406433443e-05
30.0,443,277.77777777777777,500.0,127.5,6.380518414865183,0.0016329488032150949,0.9760393828926569,8.504472133858162e-05
30.0,444,388.8888888888889,500.0,127.5,6.342337246183487,0.001758959108511348,0.9759919975939159,8.453263185414788e-05
30.0,445,500.0,500.0,127.5,6.266217840220487,0.00201649026757735,0.9758954661330778,8.35116490690453e-05
30.0,446,611.1111111111111,500.0,127.5,6.34233724618349,0.001758959108511346,0.9759919975939159,8.453263185414788e-05
30.0,447,722.2222222222223,500.0,127.5,6.3805184148651914,0.0016329488032150933,0.976039382892657,8.504472133858163e-05
30.0,448,833.3333333333334,500.0,127.5,6.394761068088927,0.0015864307732511562,0.9760568946921512,8.523574064334428e-05
30.0,449,944.4444444444445,500.0,127.5,6.398832982444722,0.0015731931392410537,0.9760618851291638,8.529035181653493e-05
30.0,450,55.55555555555556,611.1111111111111,127.5,6.3993306732888895,0.0015715765012658907,0.9760624947265116,8.529702668005182e-05
30.0,451,166.66666666666669,611.1111111111111,127.5,6.396500382711407,0.0015807717833352978,0.9760590269799009,8.525906776001875e-05
30.0,452,277.77777777777777,611.1111111111111,127.5,6.387584713488803,0.001609821543157692,0.9760480822953304,8.513949328229214e-05
30.0,453,388.8888888888889,611.1111111111111,127.5,6.367938390015899,0.0016742135723303425,0.9760238460654513,8.487599919739316e-05
30.0,454,500.0,611.1111111111111,127.5,6.342337246183492,0.0017589591085113454,0.9759919975939157,8.453263185414787e-05
30.0,455,611.1111111111111,611.1111111111111,127.5,6.36793839001591,0.0016742135723303389,0.976023846065451,8.487599919739314e-05
30.0,456,722.2222222222223,611.1111111111111,127.5,6.387584713488857,0.0016098215431576634,0.9760480822953216,8.513949328229213e-05
30.0,457,833.3333333333334,611.1111111111111,127.5,6.396500382711424,0.0015807717833352909,0.9760590269798995,8.525906776001879e-05
30.0,458,944.4444444444445,611.1111111111111,127.5,6.399330673288911,0.001571576501265878,0.9760624947265073,8.529702668005176e-05
30.0,459,55.55555555555556,722.2222222222223,127.5,6.40007472531972,0.0015691607265248268,0.9760634060801334,8.530700566957566e-05
30.0,460,166.66666666666669,722.2222222222223,127.5,6.398722162306821,0.0015735525734357568,0.9760617493397915,8.528886553022842e-05
30.0,461,277.77777777777777,722.2222222222223,127.5,6.394979298762614,0.0015857164620774148,0.9760571620879869,8.523866746488634e-05
30.0,462,388.8888888888889,722.2222222222223,127.5,6.387584713488822,0.0016098215431576816,0.9760480822953271,8.513949328229216e-05
30.0,463,500.0,722.2222222222223,127.5,6.380518414865228,0.001632948803215072,0.9760393828926496,8.504472133858159e-05
30.0,464,611.1111111111111,722.2222222222223,127.5,6.387584713488887,0.0016098215431576482,0.9760480822953174,8.513949328229222e-05
30.0,465,722.2222222222223,722.2222222222223,127.5,6.394979298762604,0.0015857164620774191,0.9760571620879889,8.523866746488637e-05
30.0,466,833.3333333333334,722.2222222222223,127.5,6.398722162306875,0.0015735525734357314,0.9760617493397841,8.528886553022853e-05
30.0,467,944.4444444444445,722.2222222222223,127.5,6.400074725319762,0.001569160726524807,0.9760634060801271,8.530700566957572e-05
30.0,468,55.55555555555556,833.3333333333334,127.5,6.40057137744403,0.00156754867009765,0.9760640143859629,8.531366661638999e-05
30.0,469,166.66666666666669,833.3333333333334,127.5,6.40004699958674,0.0015692507539240607,0.9760633721497284,8.530663382317289e-05
30.0,470,277.77777777777777,833.3333333333334,127.5,6.398722162306834,0.00157355257343575,0.9760617493397887,8.528886553022849e-05
30.0,471,388.8888888888889,833.3333333333334,127.5,6.396500382711439,0.0015807717833352844,0.9760590269798975,8.525906776001877e-05
30.0,472,500.0,833.3333333333334,127.5,6.394761068088972,0.0015864307732511376,0.9760568946921465,8.523574064334434e-05
30.0,473,611.1111111111111,833.3333333333334,127.5,6.396500382711427,0.0015807717833352893,0.9760590269798989,8.525906776001874e-05
30.0,474,722.2222222222223,833.3333333333334,127.5,6.398722162306872,0.001573552573435733,0.9760617493397842,8.528886553022854e-05
30.0,475,833.3333333333334,833.3333333333334,127.5,6.400046999586759,0.001569250753924051,0.9760633721497253,8.530663382317291e-05
30.0,476,944.4444444444445,833.3333333333334,127.5,6.400571377444046,0.0015675486700976416,0.97606401438596,8.531366661639006e-05
30.0,477,55.55555555555556,944.4444444444445,127.5,6.4007832675278475,0.0015668610236209363,0.9760642739163082,8.53165084239191e-05
30.0,478,166.66666666666669,944.4444444444445,127.5,6.4005713774440505,0.0015675486700976388,0.9760640143859592,8.531366661638999e-05
30.0,479,277.77777777777777,944.4444444444445,127.5,6.400074725319754,0.0015691607265248101,0.976063406080128,8.530700566957564e-05
30.0,480,388.8888888888889,944.4444444444445,127.5,6.399330673288921,0.001571576501265876,0.9760624947265076,8.529702668005193e-05
30.0,481,500.0,944.4444444444445,127.5,6.398832982444781,0.0015731931392410263,0.9760618851291557,8.529035181653499e-05
30.0,482,611.1111111111111,944.4444444444445,127.5,6.399330673288951,0.0015715765012658583,0.9760624947265012,8.529702668005184e-05
30.0,483,722.2222222222223,944.4444444444445,127.5,6.400074725319748,0.001569160726524812,0.9760634060801284,8.530700566957568e-05
30.0,484,833.3333333333334,944.4444444444445,127.5,6.400571377444044,0.0015675486700976423,0.97606401438596,8.531366661639006e-05
30.0,485,944.4444444444445,944.4444444444445,127.5,6.400783267527843,0.001566861023620939,0.9760642739163099,8.531650842391909e-05
30.0,486,55.55555555555556,55.55555555555556,132.5,6.936451889793432,0.0012451049417230176,0.9764084771690367,9.247491644423369e-05
30.0,487,166.66666666666669,55.55555555555556,132.5,6.936259781399165,0.001245670604157312,0.9764082754338379,9.247234127580326e-05
30.0,488,277.77777777777777,55.55555555555556,132.5,6.935805997022694,0.001247006930605307,0.9764077989134081,9.246625840501737e-05
30.0,489,388.8888888888889,55.55555555555556,132.5,6.935120023840604,0.0012490274457934093,0.976407078545065,9.245706310477187e-05
30.0,490,500.0,55.55555555555556,132.5,6.934658397902632,0.0012503876063911742,0.9764065937477181,9.245087512685896e-05
30.0,491,611.1111111111111,55.55555555555556,132.5,6.935120023840601,0.0012490274457934098,0.976407078545065,9.245706310477187e-05
30.0,492,722.2222222222223,55.55555555555556,132.5,6.935805997022684,0.001247006930605311,0.9764077989134099,9.246625840501739e-05
30.0,493,833.3333333333334,55.55555555555556,132.5,6.936259781399178,0.0012456706041573066,0.9764082754338358,9.247234127580324e-05
30.0,494,944.4444444444445,55.55555555555556,132.5,6.9364518897934175,0.001245104941723023,0.9764084771690383,9.247491644423369e-05
30.0,495,55.55555555555556,166.66666666666669,132.5,6.936259781399139,0.0012456706041573211,0.9764082754338416,9.247234127580328e-05
30.0,496,166.66666666666669,166.66666666666669,132.5,6.93577916750437,0.0012470859524703996,0.97640777075522,9.246589876336679e-05
30.0,497,277.77777777777777,166.66666666666669,132.5,6.9345538020123625,0.0012506954864758872,0.9764064838859161,9.244947304477694e-05
30.0,498,388.8888888888889,166.66666666666669,132.5,6.932478132339352,0.0012568132746057694,0.9764043032844745,9.242164921228068e-05
30.0,499,500.0,166.66666666666669,132.5,6.9308542045053105,0.0012616043795267175,0.976402596380108,9.239988084610284e-05
30.0,500,611.1111111111111,166.66666666666669,132.5,6.93247813233936,0.0012568132746057677,0.976404303284474,9.242164921228064e-05
30.0,501,722.2222222222223,166.66666666666669,132.5,6.9345538020123465,0.0012506954864758917,0.9764064838859176,9.24494730447769e-05
30.0,502,833.3333333333334,166.66666666666669,132.5,6.9357791675044025,0.0012470859524703899,0.9764077707552163,9.246589876336677e-05
30.0,503,944.4444444444445,166.66666666666669,132.5,6.9362597813991576,0.0012456706041573137,0.9764082754338385,9.247234127580315e-05
30.0,504,55.55555555555556,277.77777777777777,132.5,6.935805997022716,0.0012470069306052991,0.9764077989134055,9.246625840501745e-05
30.0,505,166.66666666666669,277.77777777777777,132.5,6.934553802012353,0.0012506954864758906,0.9764064838859176,9.24494730447769e-05
30.0,506,277.77777777777777,277.77777777777777,132.5,6.931053568083198,0.001261013811667432,0.976402805919226,9.240255326336093e-05
30.0,507,388.8888888888889,277.77777777777777,132.5,6.924172126189259,0.00128134636156423,0.9763955627112585,9.231030880239677e-05
30.0,508,500.0,277.77777777777777,132.5,6.917656227505045,0.0013006574132845017,0.9763886882796916,9.222296379570871e-05
30.0,509,611.1111111111111,277.77777777777777,132.5,6.9241721261892675,0.0012813463615642285,0.9763955627112585,9.231030880239677e-05
30.0,510,722.2222222222223,277.77777777777777,132.5,6.931053568083218,0.001261013811667424,0.9764028059192227,9.240255326336095e-05
30.0,511,833.3333333333334,277.77777777777777,132.5,6.934553802012332,0.001250695486475895,0.976406483885918,9.244947304477678e-05
30.0,512,944.4444444444445,277.77777777777777,132.5,6.935805997022709,0.0012470069306053017,0.9764077989134067,9.24662584050174e-05
30.0,513,55.55555555555556,388.8888888888889,132.5,6.935120023840576,0.0012490274457934176,0.9764070785450678,9.245706310477181e-05
30.0,514,166.66666666666669,388.8888888888889,132.5,6.932478132339343,0.0012568132746057727,0.976404303284476,9.242164921228066e-05
30.0,515,277.77777777777777,388.8888888888889,132.5,6.924172126189288,0.0012813463615642194,0.9763955627112543,9.231030880239669e-05
30.0,516,388.8888888888889,388.8888888888889,132.5,6.905950281370352,0.0013354223328566172,0.9763763037688123,9.206604571047963e-05
30.0,517,500.0,388.8888888888889,132.5,6.883141307561575,0.0014036451820731931,0.9763520272967376,9.176028639423618e-05
30.0,518,611.1111111111111,388.8888888888889,132.5,6.905950281370339,0.0013354223328566203,0.9763763037688125,9.206604571047948e-05
30.0,519,722.2222222222223,388.8888888888889,132.5,6.924172126189269,0.0012813463615642254,0.9763955627112565,9.231030880239674e-05
30.0,520,833.3333333333334,388.8888888888889,132.5,6.932478132339315,0.0012568132746057848,0.9764043032844817,9.24216492122807e-05
30.0,521,944.4444444444445,388.8888888888889,132.5,6.9351200238405974,0.0012490274457934115,0.9764070785450657,9.245706310477177e-05
30.0,522,55.55555555555556,500.0,132.5,6.934658397902621,0.0012503876063911779,0.9764065937477192,9.245087512685889e-05
30.0,523,166.66666666666669,500.0,132.5,6.930854204505313,0.0012616043795267168,0.976402596380108,9.239988084610284e-05
30.0,524,277.77777777777777,500.0,132.5,6.917656227505025,0.0013006574132845097,0.9763886882796948,9.22229637957087e-05
30.0,525,388.8888888888889,500.0,132.5,6.88314130756157,0.0014036451820731934,0.9763520272967374,9.176028639423616e-05
30.0,526,500.0,500.0,132.5,6.821026710018491,0.0015925563971694791,0.976284934378665,9.092759179536672e-05
30.0,527,611.1111111111111,500.0,132.5,6.883141307561575,0.0014036451820731938,0.976352027296738,9.176028639423621e-05
30.0,528,722.2222222222223,500.0,132.5,6.917656227505014,0.0013006574132845134,0.9763886882796959,9.222296379570865e-05
30.0,529,833.3333333333334,500.0,132.5,6.930854204505305,0.001261604379526721,0.9764025963801098,9.239988084610287e-05
30.0,530,944.4444444444445,500.0,132.5,6.934658397902618,0.0012503876063911787,0.9764065937477197,9.245087512685893e-05
30.0,531,55.55555555555556,611.1111111111111,132.5,6.935120023840587,0.0012490274457934132,0.9764070785450661,9.245706310477181e-05
30.0,532,166.66666666666669,611.1111111111111,132.5,6.932478132339336,0.001256813274605777,0.976404303284478,9.242164921228068e-05
30.0,533,277.77777777777777,611.1111111111111,132.5,6.924172126189261,0.0012813463615642287,0.9763955627112576,9.231030880239669e-05
30.0,534,388.8888888888889,611.1111111111111,132.5,6.90595028137033,0.0013354223328566248,0.9763763037688146,9.20660457104795e-05
30.0,535,500.0,611.1111111111111,132.5,6.883141307561612,0.0014036451820731793,0.9763520272967331,9.176028639423622e-05
30.0,536,611.1111111111111,611.1111111111111,132.5,6.905950281370364,0.0013354223328566122,0.9763763037688102,9.206604571047959e-05
30.0,537,722.2222222222223,611.1111111111111,132.5,6.92417212618932,0.0012813463615642066,0.9763955627112494,9.231030880239671e-05
30.0,538,833.3333333333334,611.1111111111111,132.5,6.932478132339369,0.0012568132746057644,0.9764043032844736,9.242164921228076e-05
30.0,539,944.4444444444445,611.1111111111111,132.5,6.935120023840595,0.0012490274457934122,0.9764070785450661,9.245706310477181e-05
30.0,540,55.55555555555556,722.2222222222223,132.5,6.935805997022677,0.0012470069306053106,0.976407798913409,9.24662584050173e-05
30.0,541,166.66666666666669,722.2222222222223,132.5,6.934553802012319,0.0012506954864758997,0.9764064838859198,9.24494730447768e-05
30.0,542,277.77777777777777,722.2222222222223,132.5,6.931053568083234,0.0012610138116674182,0.9764028059192206,9.240255326336091e-05
30.0,543,388.8888888888889,722.2222222222223,132.5,6.924172126189302,0.001281346361564214,0.9763955627112523,9.231030880239666e-05
30.0,544,500.0,722.2222222222223,132.5,6.917656227505064,0.0013006574132844967,0.97638868827969,9.222296379570873e-05
30.0,545,611.1111111111111,722.2222222222223,132.5,6.924172126189345,0.0012813463615641999,0.9763955627112472,9.231030880239684e-05
30.0,546,722.2222222222223,722.2222222222223,132.5,6.931053568083244,0.001261013811667415,0.9764028059192195,9.240255326336096e-05
30.0,547,833.3333333333334,722.2222222222223,132.5,6.934553802012372,0.001250695486475883,0.976406483885914,9.24494730447769e-05
30.0,548,944.4444444444445,722.2222222222223,132.5,6.9358059970227535,0.0012470069306052853,0.9764077989133998,9.246625840501741e-05
30.0,549,55.55555555555556,833.3333333333334,132.5,6.936259781399157,0.001245670604157316,0.9764082754338397,9.247234127580328e-05
30.0,550,166.66666666666669,833.3333333333334,132.5,6.935779167504402,0.0012470859524703914,0.9764077707552173,9.246589876336686e-05
30.0,551,277.77777777777777,833.3333333333334,132.5,6.934553802012341,0.0012506954864758939,0.9764064838859186,9.244947304477683e-05
30.0,552,388.8888888888889,833.3333333333334,132.5,6.93247813233937,0.0012568132746057635,0.9764043032844728,9.242164921228068e-05
30.0,553,500.0,833.3333333333334,132.5,6.9308542045053665,0.0012616043795266995,0.976402596380102,9.239988084610295e-05
30.0,554,611.1111111111111,833.3333333333334,132.5,6.932478132339398,0.0012568132746057547,0.9764043032844698,9.242164921228074e-05
30.0,555,722.2222222222223,833.3333333333334,132.5,6.934553802012418,0.001250695486475866,0.9764064838859077,9.244947304477697e-05
30.0,556,833.3333333333334,833.3333333333334,132.5,6.935779167504435,0.0012470859524703788,0.9764077707552122,9.246589876336687e-05
30.0,557,944.4444444444445,833.3333333333334,132.5,6.936259781399175,0.0012456706041573079,0.9764082754338363,9.247234127580329e-05
30.0,558,55.55555555555556,944.4444444444445,132.5,6.936451889793426,0.0012451049417230194,0.9764084771690371,9.247491644423373e-05
30.0,559,166.66666666666669,944.4444444444445,132.5,6.936259781399183,0.0012456706041573064,0.9764082754338365,9.24723412758033e-05
30.0,560,277.77777777777777,944.4444444444445,132.5,6.9358059970227375,0.0012470069306052892,0.976407798913401,9.246625840501737e-05
30.0,561,388.8888888888889,944.4444444444445,132.5,6.935120023840583,0.0012490274457934154,0.9764070785450674,9.245706310477177e-05
30.0,562,500.0,944.4444444444445,132.5,6.934658397902675,0.0012503876063911573,0.9764065937477111,9.245087512685894e-05
30.0,563,611.1111111111111,944.4444444444445,132.5,6.935120023840619,0.001249027445793404,0.976407078545063,9.245706310477184e-05
30.0,564,722.2222222222223,944.4444444444445,132.5,6.935805997022711,0.0012470069306052991,0.9764077989134047,9.246625840501739e-05
30.0,565,833.3333333333334,944.4444444444445,132.5,6.936259781399163,0.0012456706041573124,0.9764082754338379,9.247234127580326e-05
30.0,566,944.4444444444445,944.4444444444445,132.5,6.936451889793409,0.0012451049417230259,0.9764084771690397,9.247491644423381e-05
30.0,567,55.55555555555556,55.55555555555556,137.5,7.454675868234705,0.0010172602545872674,0.9766825632516623,9.9396941849081e-05
30.0,568,166.66666666666669,55.55555555555556,137.5,7.454495842528722,0.0010177475170356077,0.9766823985408741,9.939452981471828e-05
30.0,569,277.77777777777777,55.55555555555556,137.5,7.454068604168674,0.001018904030390838,0.9766820076615742,9.938880556026303e-05
30.0,570,388.8888888888889,55.55555555555556,137.5,7.4534191024447285,0.0010206625573661256,0.9766814134289358,9.938010336705522e-05
30.0,571,500.0,55.55555555555556,137.5,7.452980695383683,0.0010218498723829701,0.9766810123392375,9.937422948041102e-05
30.0,572,611.1111111111111,55.55555555555556,137.5,7.453419102444701,0.0010206625573661336,0.97668141342894,9.938010336705512e-05
30.0,573,722.2222222222223,55.55555555555556,137.5,7.4540686041686754,0.0010189040303908371,0.9766820076615736,9.938880556026298e-05
30.0,574,833.3333333333334,55.55555555555556,137.5,7.454495842528743,0.001017747517035602,0.9766823985408711,9.939452981471832e-05
30.0,575,944.4444444444445,55.55555555555556,137.5,7.454675868234716,0.001017260254587264,0.9766825632516604,9.9396941849081e-05
30.0,576,55.55555555555556,166.66666666666669,137.5,7.454495842528694,0.0010177475170356158,0.9766823985408779,9.939452981471829e-05
30.0,577,166.66666666666669,166.66666666666669,137.5,7.454042443974948,0.0010189748628722966,0.9766819837435542,9.938845506067044e-05
30.0,578,277.77777777777777,166.66666666666669,137.5,7.452879723924904,0.0010221231688573949,0.976680919922672,9.93728766361614e-05
30.0,579,388.8888888888889,166.66666666666669,137.5,7.450892282469931,0.0010275074012429178,0.976679101042764,9.934624838562435e-05
30.0,580,500.0,166.66666666666669,137.5,7.449346996184494,0.0010316970652124952,0.9766776863132249,9.932554423985726e-05
30.0,581,611.1111111111111,166.66666666666669,137.5,7.450892282469896,0.0010275074012429284,0.9766791010427694,9.934624838562437e-05
30.0,582,722.2222222222223,166.66666666666669,137.5,7.452879723924884,0.0010221231688573996,0.976680919922674,9.937287663616145e-05
30.0,583,833.3333333333334,166.66666666666669,137.5,7.454042443974994,0.0010189748628722853,0.9766819837435493,9.938845506067045e-05
30.0,584,944.4444444444445,166.66666666666669,137.5,7.454495842528722,0.001017747517035608,0.9766823985408744,9.93945298147183e-05
30.0,585,55.55555555555556,277.77777777777777,137.5,7.454068604168702,0.0010189040303908304,0.9766820076615705,9.938880556026303e-05
30.0,586,166.66666666666669,277.77777777777777,137.5,7.452879723924888,0.0010221231688573996,0.9766809199226741,9.937287663616146e-05
30.0,587,277.77777777777777,277.77777777777777,137.5,7.449531841750815,0.0010311945935870634,0.9766778553967418,9.932802083167704e-05
30.0,588,388.8888888888889,277.77777777777777,137.5,7.443002905108963,0.0010489175660434154,0.9766718708821042,9.924054415675112e-05
30.0,589,500.0,277.77777777777777,137.5,7.436874444288567,0.0010655922168621864,0.9766662427526234,9.915843277083896e-05
30.0,590,611.1111111111111,277.77777777777777,137.5,7.4430029051089965,0.0010489175660039992,0.9766718708841223,9.924054415695672e-05
30.0,591,722.2222222222223,277.77777777777777,137.5,7.449531841750821,0.001031194593587061,0.9766778553967403,9.932802083167708e-05
30.0,592,833.3333333333334,277.77777777777777,137.5,7.452879723924875,0.0010221231688574022,0.9766809199226751,9.937287663616139e-05
30.0,593,944.4444444444445,277.77777777777777,137.5,7.454068604168706,0.0010189040303908283,0.9766820076615691,9.938880556026304e-05
30.0,594,55.55555555555556,388.8888888888889,137.5,7.453419102444711,0.0010206625573661308,0.9766814134289382,9.938010336705512e-05
30.0,595,166.66666666666669,388.8888888888889,137.5,7.450892282469913,0.0010275074012429239,0.9766791010427672,9.934624838562433e-05
30.0,596,277.77777777777777,388.8888888888889,137.5,7.443002905109005,0.0010489175660434028,0.976671870882098,9.924054415675119e-05
30.0,597,388.8888888888889,388.8888888888889,137.5,7.425788481429514,0.0010958147215083527,0.9766560354941738,9.900989793921445e-05
30.0,598,500.0,388.8888888888889,137.5,7.404876231682233,0.0011531436674259593,0.9766366810828648,9.872970180253935e-05
30.0,599,611.1111111111111,388.8888888888889,137.5,7.425788481429494,0.0010958147215083586,0.9766560354941767,9.90098979392144e-05
30.0,600,722.2222222222223,388.8888888888889,137.5,7.443002905108961,0.0010489175660434158,0.9766718708821043,9.924054415675113e-05
30.0,601,833.3333333333334,388.8888888888889,137.5,7.450892282469876,0.001027507401242932,0.9766791010427703,9.934624838562428e-05
30.0,602,944.4444444444445,388.8888888888889,137.5,7.453419102444708,0.0010206625573661303,0.9766814134289382,9.938010336705512e-05
30.0,603,55.55555555555556,500.0,137.5,7.452980695383679,0.0010218498723829701,0.9766810123392372,9.937422948041099e-05
30.0,604,166.66666666666669,500.0,137.5,7.449346996184487,0.0010316970652124995,0.9766776863132279,9.932554423985738e-05
30.0,605,277.77777777777777,500.0,137.5,7.436874444288551,0.0010655922168621907,0.9766662427526255,9.915843277083898e-05
30.0,606,388.8888888888889,500.0,137.5,7.40487623168225,0.001153143667425952,0.9766366810828611,9.872970180253934e-05
30.0,607,500.0,500.0,137.5,7.351458733332045,0.0013013836693362073,0.9765866423310017,9.801395380304657e-05
30.0,608,611.1111111111111,500.0,137.5,7.404876231682242,0.0011531436674259558,0.976636681082863,9.872970180253934e-05
30.0,609,722.2222222222223,500.0,137.5,7.436874444288539,0.0010655922168621946,0.9766662427526273,9.915843277083898e-05
30.0,610,833.3333333333334,500.0,137.5,7.449346996184477,0.0010316970652125023,0.9766776863132292,9.932554423985734e-05
30.0,611,944.4444444444445,500.0,137.5,7.452980695383679,0.0010218498723829708,0.9766810123392379,9.937422948041106e-05
30.0,612,55.55555555555556,611.1111111111111,137.5,7.453419102444669,0.0010206625573661399,0.9766814134289417,9.938010336705512e-05
30.0,613,166.66666666666669,611.1111111111111,137.5,7.450892282469924,0.0010275074012429184,0.976679101042764,9.934624838562435e-05
30.0,614,277.77777777777777,611.1111111111111,137.5,7.4430029051090045,0.0010489175660434022,0.9766718708820975,9.924054415675114e-05
30.0,615,388.8888888888889,611.1111111111111,137.5,7.425788481429504,0.0010958147215083557,0.9766560354941752,9.900989793921441e-05
30.0,616,500.0,611.1111111111111,137.5,7.404876231682277,0.0011531436674259445,0.9766366810828578,9.872970180253935e-05
30.0,617,611.1111111111111,611.1111111111111,137.5,7.425788481429526,0.00109581472150835,0.976656035494173,9.900989793921455e-05
30.0,618,722.2222222222223,611.1111111111111,137.5,7.443002905109034,0.0010489175660433948,0.9766718708820941,9.924054415675116e-05
30.0,619,833.3333333333334,611.1111111111111,137.5,7.450892282469934,0.0010275074012429174,0.9766791010427637,9.934624838562432e-05
30.0,620,944.4444444444445,611.1111111111111,137.5,7.453419102444712,0.0010206625573661308,0.9766814134289383,9.938010336705514e-05
30.0,621,55.55555555555556,722.2222222222223,137.5,7.4540686041686595,0.001018904030390841,0.9766820076615753,9.938880556026298e-05
30.0,622,166.66666666666669,722.2222222222223,137.5,7.452879723924842,0.0010221231688574107,0.9766809199226789,9.93728766361614e-05
30.0,623,277.77777777777777,722.2222222222223,137.5,7.449531841750834,0.0010311945935870578,0.9766778553967388,9.932802083167708e-05
30.0,624,388.8888888888889,722.2222222222223,137.5,7.4430029051090045,0.0010489175660434022,0.9766718708820975,9.924054415675114e-05
30.0,625,500.0,722.2222222222223,137.5,7.436874444288613,0.001065592216862173,0.9766662427526174,9.915843277083904e-05
30.0,626,611.1111111111111,722.2222222222223,137.5,7.443002905109104,0.0010489175660433761,0.9766718708820861,9.924054415675123e-05
30.0,627,722.2222222222223,722.2222222222223,137.5,7.449531841750866,0.0010311945935870491,0.9766778553967347,9.932802083167704e-05
30.0,628,833.3333333333334,722.2222222222223,137.5,7.452879723924922,0.00102212316885739,0.9766809199226694,9.93728766361615e-05
30.0,629,944.4444444444445,722.2222222222223,137.5,7.454068604168754,0.0010189040303908163,0.9766820076615638,9.938880556026304e-05
30.0,630,55.55555555555556,833.3333333333334,137.5,7.454495842528742,0.0010177475170356023,0.9766823985408714,9.939452981471835e-05
30.0,631,166.66666666666669,833.3333333333334,137.5,7.454042443975004,0.001018974862872283,0.9766819837435478,9.938845506067048e-05
30.0,632,277.77777777777777,833.3333333333334,137.5,7.452879723924852,0.0010221231688574092,0.976680919922679,9.937287663616142e-05
30.0,633,388.8888888888889,833.3333333333334,137.5,7.4508922824699315,0.0010275074012429176,0.976679101042764,9.934624838562435e-05
30.0,634,500.0,833.3333333333334,137.5,7.44934699618457,0.0010316970652124767,0.9766776863132175,9.932554423985739e-05
30.0,635,611.1111111111111,833.3333333333334,137.5,7.450892282469966,0.0010275074012429078,0.9766791010427591,9.934624838562439e-05
30.0,636,722.2222222222223,833.3333333333334,137.5,7.452879723924934,0.0010221231688573875,0.976680919922669,9.937287663616147e-05
30.0,637,833.3333333333334,833.3333333333334,137.5,7.45404244397501,0.0010189748628722808,0.9766819837435463,9.93884550606705e-05
30.0,638,944.4444444444445,833.3333333333334,137.5,7.454495842528742,0.0010177475170356017,0.9766823985408707,9.939452981471828e-05
30.0,639,55.55555555555556,944.4444444444445,137.5,7.45467586823473,0.0010172602545872613,0.9766825632516596,9.939694184908108e-05
30.0,640,166.66666666666669,944.4444444444445,137.5,7.45449584252873,0.0010177475170356054,0.9766823985408725,9.939452981471828e-05
30.0,641,277.77777777777777,944.4444444444445,137.5,7.454068604168709,0.0010189040303908274,0.9766820076615688,9.938880556026302e-05
30.0,642,388.8888888888889,944.4444444444445,137.5,7.453419102444695,0.0010206625573661353,0.9766814134289407,9.938010336705519e-05
30.0,643,500.0,944.4444444444445,137.5,7.452980695383727,0.0010218498723829571,0.9766810123392305,9.9374229480411e-05
30.0,644,611.1111111111111,944.4444444444445,137.5,7.4534191024447445,0.001020662557366122,0.9766814134289351,9.938010336705515e-05
30.0,645,722.2222222222223,944.4444444444445,137.5,7.454068604168719,0.0010189040303908254,0.9766820076615677,9.938880556026309e-05
30.0,646,833.3333333333334,944.4444444444445,137.5,7.454495842528751,0.001017747517035601,0.9766823985408714,9.939452981471835e-05
30.0,647,944.4444444444445,944.4444444444445,137.5,7.454675868234704,0.0010172602545872671,0.976682563251662,9.939694184908098e-05
30.0,648,55.55555555555556,55.55555555555556,142.5,7.957189178749343,0.0008590482436368736,0.9769053604693219,0.00010610622586050917
30.0,649,166.66666666666669,55.55555555555556,142.5,7.957015088106468,0.0008594858054809965,0.9769052198077806,0.0001061038944030376
30.0,650,277.77777777777777,55.55555555555556,142.5,7.956601073987329,0.0008605265099077356,0.976904885305811,0.00010609834984447618
30.0,651,388.8888888888889,55.55555555555556,142.5,7.955970150721377,0.0008621127499249514,0.9769043755549799,0.00010608990040099814
30.0,652,500.0,55.55555555555556,142.5,7.955543828634487,0.0008631848062465533,0.9769040311303854,0.00010608419102056938
30.0,653,611.1111111111111,55.55555555555556,142.5,7.955970150721349,0.0008621127499249577,0.9769043755549837,0.00010608990040099817
30.0,654,722.2222222222223,55.55555555555556,142.5,7.9566010739873265,0.000860526509907736,0.976904885305811,0.00010609834984447618
30.0,655,833.3333333333334,55.55555555555556,142.5,7.957015088106509,0.0008594858054809875,0.9769052198077752,0.00010610389440303759
30.0,656,944.4444444444445,55.55555555555556,142.5,7.957189178749394,0.0008590482436368605,0.9769053604693139,0.00010610622586050905
30.0,657,55.55555555555556,166.66666666666669,142.5,7.957015088106426,0.0008594858054810056,0.976905219807786,0.00010610389440303766
30.0,658,166.66666666666669,166.66666666666669,142.5,7.9565753242095285,0.0008605912551607193,0.976904864512664,0.00010609800499969841
30.0,659,277.77777777777777,166.66666666666669,142.5,7.955444698108128,0.0008634340594214238,0.976903950989707,0.00010608286344169628
30.0,660,388.8888888888889,166.66666666666669,142.5,7.953516309900433,0.0008682849582318927,0.9769023925520612,0.0001060570381091802
30.0,661,500.0,166.66666666666669,142.5,7.952010017097913,0.0008720760552144147,0.9769011749705896,0.00010603686556574447
30.0,662,611.1111111111111,166.66666666666669,142.5,7.953516309900425,0.0008682849582318934,0.9769023925520613,0.00010605703810918022
30.0,663,722.2222222222223,166.66666666666669,142.5,7.955444698108057,0.0008634340594214392,0.9769039509897155,0.00010608286344169627
30.0,664,833.3333333333334,166.66666666666669,142.5,7.956575324209551,0.0008605912551607142,0.9769048645126607,0.0001060980049996984
30.0,665,944.4444444444445,166.66666666666669,142.5,7.957015088106465,0.000859485805480998,0.9769052198077821,0.00010610389440303759
30.0,666,55.55555555555556,277.77777777777777,142.5,7.956601073987323,0.0008605265099077363,0.9769048853058108,0.00010609834984447616
30.0,667,166.66666666666669,277.77777777777777,142.5,7.955444698108115,0.0008634340594214266,0.9769039509897084,0.00010608286344169625
30.0,668,277.77777777777777,277.77777777777777,142.5,7.952187555084946,0.0008716288436373616,0.9769013182027193,0.00010603924315452362
30.0,669,388.8888888888889,277.77777777777777,142.5,7.945840729909066,0.0008876182253266794,0.9768961824871699,0.00010595424509521928
30.0,670,500.0,277.77777777777777,142.5,7.939921950192301,0.0009025541989869611,0.9768913863364951,0.00010587497930564879
30.0,671,611.1111111111111,277.77777777777777,142.5,7.945840729909104,0.0008876182253266707,0.9768961824871656,0.0001059542450952192
30.0,672,722.2222222222223,277.77777777777777,142.5,7.952187555084952,0.0008716288436373609,0.9769013182027191,0.00010603924315452361
30.0,673,833.3333333333334,277.77777777777777,142.5,7.955444698108079,0.0008634340594214333,0.9769039509897115,0.00010608286344169621
30.0,674,944.4444444444445,277.77777777777777,142.5,7.956601073987342,0.0008605265099077339,0.9769048853058102,0.00010609834984447628
30.0,675,55.55555555555556,388.8888888888889,142.5,7.955970150721358,0.0008621127499249543,0.976904375554981,0.00010608990040099807
30.0,676,166.66666666666669,388.8888888888889,142.5,7.953516309900433,0.0008682849582318924,0.9769023925520611,0.00010605703810918019
30.0,677,277.77777777777777,388.8888888888889,142.5,7.945840729909089,0.0008876182253266756,0.9768961824871688,0.00010595424509521934
30.0,678,388.8888888888889,388.8888888888889,142.5,7.929172632953055,0.0009297367080611913,0.9768826543810899,0.00010573102072340095
30.0,679,500.0,388.8888888888889,142.5,7.909240482376698,0.0009803463703176925,0.976866396547765,0.00010546407976708232
30.0,680,611.1111111111111,388.8888888888889,142.5,7.9291726329530015,0.000929736708061205,0.9768826543810976,0.00010573102072340103
30.0,681,722.2222222222223,388.8888888888889,142.5,7.945840729909063,0.0008876182253266791,0.9768961824871696,0.00010595424509521924
30.0,682,833.3333333333334,388.8888888888889,142.5,7.953516309900318,0.0008682849582319182,0.9769023925520758,0.00010605703810918027
30.0,683,944.4444444444445,388.8888888888889,142.5,7.955970150721362,0.0008621127499249542,0.9769043755549817,0.00010608990040099814
30.0,684,55.55555555555556,500.0,142.5,7.95554382863451,0.0008631848062465486,0.9769040311303826,0.00010608419102056943
30.0,685,166.66666666666669,500.0,142.5,7.9520100170979395,0.0008720760552144107,0.9769011749705881,0.0001060368655657445
30.0,686,277.77777777777777,500.0,142.5,7.939921950192333,0.0009025541989869547,0.9768913863364918,0.0001058749793056488
30.0,687,388.8888888888889,500.0,142.5,7.909240482376709,0.0009803463703176893,0.9768663965477632,0.00010546407976708231
30.0,688,500.0,500.0,142.5,7.860023870531208,0.0011064410055911251,0.9768258624726869,0.0001048049304556322
30.0,689,611.1111111111111,500.0,142.5,7.90924048237672,0.000980346370317686,0.9768663965477612,0.00010546407976708228
30.0,690,722.2222222222223,500.0,142.5,7.939921950192293,0.0009025541989869637,0.9768913863364966,0.00010587497930564878
30.0,691,833.3333333333334,500.0,142.5,7.952010017097928,0.0008720760552144144,0.976901174970591,0.00010603686556574462
30.0,692,944.4444444444445,500.0,142.5,7.955543828634517,0.0008631848062465478,0.9769040311303827,0.00010608419102056945
30.0,693,55.55555555555556,611.1111111111111,142.5,7.955970150721311,0.0008621127499249666,0.9769043755549893,0.00010608990040099822
30.0,694,166.66666666666669,611.1111111111111,142.5,7.953516309900385,0.0008682849582319032,0.9769023925520671,0.00010605703810918029
30.0,695,277.77777777777777,611.1111111111111,142.5,7.945840729909094,0.0008876182253266728,0.9768961824871663,0.00010595424509521928
30.0,696,388.8888888888889,611.1111111111111,142.5,7.929172632953005,0.0009297367080612039,0.9768826543810974,0.00010573102072340102
30.0,697,500.0,611.1111111111111,142.5,7.909240482376762,0.0009803463703176763,0.9768663965477569,0.00010546407976708238
30.0,698,611.1111111111111,611.1111111111111,142.5,7.92917263295304,0.0009297367080611956,0.9768826543810927,0.00010573102072340106
30.0,699,722.2222222222223,611.1111111111111,142.5,7.945840729909123,0.000887618225326666,0.9768961824871628,0.00010595424509521925
30.0,700,833.3333333333334,611.1111111111111,142.5,7.9535163099004205,0.0008682849582318944,0.9769023925520615,0.00010605703810918023
30.0,701,944.4444444444445,611.1111111111111,142.5,7.955970150721362,0.0008621127499249544,0.9769043755549819,0.00010608990040099817
30.0,702,55.55555555555556,722.2222222222223,142.5,7.956601073987311,0.0008605265099077395,0.9769048853058133,0.00010609834984447624
30.0,703,166.66666666666669,722.2222222222223,142.5,7.955444698108054,0.0008634340594214397,0.9769039509897156,0.00010608286344169628
30.0,704,277.77777777777777,722.2222222222223,142.5,7.952187555085002,0.000871628843637349,0.9769013182027124,0.00010603924315452363
30.0,705,388.8888888888889,722.2222222222223,142.5,7.945840729909082,0.0008876182253266756,0.9768961824871679,0.00010595424509521925
30.0,706,500.0,722.2222222222223,142.5,7.93992195019235,0.0009025541989869518,0.9768913863364905,0.00010587497930564886
30.0,707,611.1111111111111,722.2222222222223,142.5,7.94584072990922,0.0008876182253266473,0.9768961824871535,0.00010595424509521937
30.0,708,722.2222222222223,722.2222222222223,142.5,7.95218755508502,0.0008716288436373464,0.9769013182027114,0.00010603924315452372
30.0,709,833.3333333333334,722.2222222222223,142.5,7.955444698108129,0.0008634340594214242,0.9769039509897076,0.00010608286344169635
30.0,710,944.4444444444445,722.2222222222223,142.5,7.956601073987396,0.0008605265099077215,0.9769048853058033,0.00010609834984447629
30.0,711,55.55555555555556,833.3333333333334,142.5,7.957015088106464,0.0008594858054809985,0.9769052198077826,0.00010610389440303763
30.0,712,166.66666666666669,833.3333333333334,142.5,7.9565753242095525,0.0008605912551607125,0.9769048645126593,0.00010609800499969846
30.0,713,277.77777777777777,833.3333333333334,142.5,7.955444698108067,0.0008634340594214364,0.9769039509897135,0.00010608286344169624
30.0,714,388.8888888888889,833.3333333333334,142.5,7.9535163099004444,0.00086828495823189,0.9769023925520599,0.00010605703810918024
30.0,715,500.0,833.3333333333334,142.5,7.9520100170980035,0.0008720760552143972,0.9769011749705809,0.00010603686556574466
30.0,716,611.1111111111111,833.3333333333334,142.5,7.953516309900425,0.0008682849582318944,0.9769023925520622,0.00010605703810918031
30.0,717,722.2222222222223,833.3333333333334,142.5,7.95544469810815,0.0008634340594214209,0.9769039509897061,0.00010608286344169637
30.0,718,833.3333333333334,833.3333333333334,142.5,7.956575324209598,0.0008605912551607043,0.9769048645126558,0.00010609800499969844
30.0,719,944.4444444444445,833.3333333333334,142.5,7.9570150881065205,0.0008594858054809856,0.9769052198077751,0.00010610389440303758
30.0,720,55.55555555555556,944.4444444444445,142.5,7.957189178749415,0.0008590482436368574,0.9769053604693126,0.00010610622586050909
30.0,721,166.66666666666669,944.4444444444445,142.5,7.9570150881064565,0.0008594858054809993,0.9769052198077826,0.00010610389440303763
30.0,722,277.77777777777777,944.4444444444445,142.5,7.956601073987365,0.0008605265099077277,0.9769048853058065,0.00010609834984447626
30.0,723,388.8888888888889,944.4444444444445,142.5,7.955970150721371,0.0008621127499249523,0.9769043755549802,0.00010608990040099817
30.0,724,500.0,944.4444444444445,142.5,7.955543828634557,0.0008631848062465391,0.9769040311303783,0.00010608419102056953
30.0,725,611.1111111111111,944.4444444444445,142.5,7.955970150721419,0.0008621127499249423,0.976904375554975,0.00010608990040099817
30.0,726,722.2222222222223,944.4444444444445,142.5,7.956601073987357,0.0008605265099077298,0.9769048853058078,0.00010609834984447621
30.0,727,833.3333333333334,944.4444444444445,142.5,7.957015088106503,0.0008594858054809903,0.9769052198077776,0.00010610389440303766
30.0,728,944.4444444444445,944.4444444444445,142.5,7.957189178749408,0.0008590482436368589,0.9769053604693134,0.00010610622586050917
90.0,0,55.55555555555556,55.55555555555556,102.5,6.0272133407125645,0.7499384474679237,0.9729308300620036,8.008786134999078e-05
90.0,1,166.66666666666669,55.55555555555556,102.5,6.024709523940958,0.7499384233351133,0.972927956154782,8.005441234123245e-05
90.0,2,277.77777777777777,55.55555555555556,102.5,6.020392393036831,0.7499384228334964,0.9729229954736409,7.999673879548941e-05
90.0,3,388.8888888888889,55.55555555555556,102.5,6.015905699026883,0.7499384717686405,0.972917832193917,7.993679985010485e-05
90.0,4,500.0,55.55555555555556,102.5,6.013784516780988,0.7499385124770548,0.9729153884305698,7.990846235374154e-05
90.0,5,611.1111111111111,55.55555555555556,102.5,6.015905699026882,0.7499384717686399,0.9729178321939148,7.993679985010468e-05
90.0,6,722.2222222222223,55.55555555555556,102.5,6.020392393036836,0.7499384228334964,0.9729229954736421,7.999673879548965e-05
90.0,7,833.3333333333334,55.55555555555556,102.5,6.024709523940954,0.7499384233351134,0.9729279561547743,8.005441234123183e-05
90.0,8,944.4444444444445,55.55555555555556,102.5,6.027213340712564,0.7499384474679234,0.9729308300620101,8.008786134999131e-05
90.0,9,55.55555555555556,166.66666666666669,102.5,6.024709523940956,0.7499384233351133,0.9729279561547823,8.005441234123248e-05
90.0,10,166.66666666666669,166.66666666666669,102.5,6.0210031023865005,0.7499384200279686,0.9729236976880065,8.000489741376533e-05
90.0,11,277.77777777777777,166.66666666666669,102.5,6.01424880174739,0.7499385008860708,0.9729159233286324,7.99146648642514e-05
90.0,12,388.8888888888889,166.66666666666669,102.5,6.00652109754484,0.7499387434136452,0.972907007710308,7.981142797578152e-05
90.0,13,500.0,166.66666666666669,102.5,6.002241331996703,0.7499389412912177,0.9729020597757734,7.97542529826901e-05
90.0,14,611.1111111111111,166.66666666666669,102.5,6.006521097544839,0.7499387434136453,0.972907007710309,7.98114279757816e-05
90.0,15,722.2222222222223,166.66666666666669,102.5,6.014248801747387,0.749938500886071,0.9729159233286324,7.99146648642514e-05
90.0,16,833.3333333333334,166.66666666666669,102.5,6.021003102386505,0.7499384200279685,0.9729236976880062,8.000489741376532e-05
90.0,17,944.4444444444445,166.66666666666669,102.5,6.0247095239409525,0.7499384233351133,0.9729279561547814,8.005441234123241e-05
90.0,18,55.55555555555556,277.77777777777777,102.5,6.020392393036831,0.7499384228334965,0.9729229954736418,7.999673879548948e-05
90.0,19,166.66666666666669,277.77777777777777,102.5,6.014248801747387,0.7499385008860706,0.972915923328639,7.991466486425195e-05
90.0,20,277.77777777777777,277.77777777777777,102.5,6.002086257139339,0.7499389507275099,0.9729018806824914,7.975218130352398e-05
90.0,21,388.8888888888889,277.77777777777777,102.5,5.985885006320647,0.7499381763516791,0.972883086953458,7.953574160324087e-05
90.0,22,500.0,277.77777777777777,102.5,5.973966832442077,0.7499379417042048,0.9728691972424268,7.937652021339187e-05
90.0,23,611.1111111111111,277.77777777777777,102.5,5.985885006320647,0.7499381763516796,0.9728830869534597,7.9535741603241e-05
90.0,24,722.2222222222223,277.77777777777777,102.5,6.002086257139349,0.7499389507275099,0.9729018806824918,7.975218130352402e-05
90.0,25,833.3333333333334,277.77777777777777,102.5,6.01424880174739,0.7499385008860707,0.97291592332864,7.991466486425203e-05
90.0,26,944.4444444444445,277.77777777777777,102.5,6.020392393036834,0.7499384228334963,0.9729229954736415,7.99967387954896e-05
90.0,27,55.55555555555556,388.8888888888889,102.5,6.015905699026881,0.7499384717686403,0.972917832193916,7.993679985010477e-05
90.0,28,166.66666666666669,388.8888888888889,102.5,6.006521097544838,0.7499387434136452,0.9729070077103077,7.98114279757815e-05
90.0,29,277.77777777777777,388.8888888888889,102.5,5.985885006320645,0.7499381763516794,0.9728830869534588,7.953574160324094e-05
90.0,30,388.8888888888889,388.8888888888889,102.5,5.951688497965811,0.749938507873654,0.9728430854474168,7.907888898598936e-05
90.0,31,500.0,388.8888888888889,102.5,5.911205260529857,0.7499376469808612,0.9727951439063869,7.853803754552634e-05
90.0,32,611.1111111111111,388.8888888888889,102.5,5.951688497965818,0.7499385078736541,0.9728430854474185,7.90788889859895e-05
90.0,33,722.2222222222223,388.8888888888889,102.5,5.985885006320655,0.7499381763516797,0.9728830869534616,7.95357416032413e-05
90.0,34,833.3333333333334,388.8888888888889,102.5,6.006521097544847,0.7499387434136451,0.9729070077103084,7.98114279757817e-05
90.0,35,944.4444444444445,388.8888888888889,102.5,6.0159056990268835,0.7499384717686399,0.972917832193915,7.993679985010469e-05
90.0,36,55.55555555555556,500.0,102.5,6.013784516780986,0.749938512477055,0.9729153884305705,7.990846235374159e-05
90.0,37,166.66666666666669,500.0,102.5,6.002241331996702,0.7499389412912176,0.9729020597757725,7.975425298269004e-05
90.0,38,277.77777777777777,500.0,102.5,5.973966832442088,0.749937941704205,0.9728691972424302,7.93765202133923e-05
90.0,39,388.8888888888889,500.0,102.5,5.911205260529859,0.749937646980861,0.9727951439063867,7.853803754552646e-05
90.0,40,500.0,500.0,102.5,5.740915461972452,0.7499363832853678,0.9725863638524948,7.62628717453917e-05
90.0,41,611.1111111111111,500.0,102.5,5.911205260529862,0.7499376469808607,0.972795143906386,7.85380375455264e-05
90.0,42,722.2222222222223,500.0,102.5,5.973966832442097,0.749937941704205,0.9728691972424307,7.937652021339247e-05
90.0,43,833.3333333333334,500.0,102.5,6.002241331996706,0.7499389412912177,0.9729020597757736,7.975425298269025e-05
90.0,44,944.4444444444445,500.0,102.5,6.013784516780983,0.7499385124770555,0.972915388430572,7.990846235374158e-05
90.0,45,55.55555555555556,611.1111111111111,102.5,6.015905699026879,0.7499384717686403,0.9729178321939161,7.993679985010465e-05
90.0,46,166.66666666666669,611.1111111111111,102.5,6.006521097544839,0.7499387434136452,0.972907007710308,7.981142797578152e-05
90.0,47,277.77777777777777,611.1111111111111,102.5,5.985885006320645,0.7499381763516794,0.9728830869534585,7.953574160324091e-05
90.0,48,388.8888888888889,611.1111111111111,102.5,5.9516884979658204,0.7499385078736542,0.9728430854474106,7.907888898598886e-05
90.0,49,500.0,611.1111111111111,102.5,5.911205260529862,0.749937646980861,0.972795143906387,7.853803754552649e-05
90.0,50,611.1111111111111,611.1111111111111,102.5,5.951688497965828,0.7499385078736541,0.9728430854474117,7.907888898598909e-05
90.0,51,722.2222222222223,611.1111111111111,102.5,5.985885006320652,0.749938176351679,0.9728830869534578,7.953574160324099e-05
90.0,52,833.3333333333334,611.1111111111111,102.5,6.006521097544839,0.7499387434136452,0.9729070077103076,7.981142797578148e-05
90.0,53,944.4444444444445,611.1111111111111,102.5,6.015905699026873,0.7499384717686403,0.9729178321939148,7.993679985010454e-05
90.0,54,55.55555555555556,722.2222222222223,102.5,6.020392393036818,0.7499384228334961,0.9729229954736384,7.999673879548904e-05
90.0,55,166.66666666666669,722.2222222222223,102.5,6.014248801747373,0.7499385008860705,0.9729159233286366,7.99146648642516e-05
90.0,56,277.77777777777777,722.2222222222223,102.5,6.002086257139332,0.7499389507275102,0.9729018806824905,7.975218130352377e-05
90.0,57,388.8888888888889,722.2222222222223,102.5,5.985885006320641,0.7499381763516794,0.9728830869534577,7.953574160324084e-05
90.0,58,500.0,722.2222222222223,102.5,5.973966832442089,0.749937941704205,0.9728691972424296,7.937652021339225e-05
90.0,59,611.1111111111111,722.2222222222223,102.5,5.985885006320651,0.7499381763516791,0.9728830869534586,7.953574160324106e-05
90.0,60,722.2222222222223,722.2222222222223,102.5,6.002086257139349,0.74993895072751,0.9729018806824928,7.97521813035241e-05
90.0,61,833.3333333333334,722.2222222222223,102.5,6.014248801747381,0.7499385008860706,0.9729159233286383,7.991466486425174e-05
90.0,62,944.4444444444445,722.2222222222223,102.5,6.02039239303682,0.7499384228334963,0.9729229954736397,7.999673879548915e-05
90.0,63,55.55555555555556,833.3333333333334,102.5,6.02470952394093,0.7499384233351135,0.9729279561547788,8.005441234123191e-05
90.0,64,166.66666666666669,833.3333333333334,102.5,6.021003102386471,0.7499384200279686,0.9729236976880092,8.000489741376511e-05
90.0,65,277.77777777777777,833.3333333333334,102.5,6.014248801747357,0.7499385008860704,0.9729159233286333,7.991466486425105e-05
90.0,66,388.8888888888889,833.3333333333334,102.5,6.006521097544821,0.7499387434136451,0.9729070077103127,7.981142797578148e-05
90.0,67,500.0,833.3333333333334,102.5,6.00224133199669,0.7499389412912175,0.9729020597757702,7.97542529826897e-05
90.0,68,611.1111111111111,833.3333333333334,102.5,6.006521097544842,0.7499387434136453,0.9729070077103086,7.981142797578156e-05
90.0,69,722.2222222222223,833.3333333333334,102.5,6.014248801747386,0.7499385008860708,0.97291592332864,7.991466486425203e-05
90.0,70,833.3333333333334,833.3333333333334,102.5,6.021003102386496,0.7499384200279686,0.9729236976880054,8.00048974137651e-05
90.0,71,944.4444444444445,833.3333333333334,102.5,6.024709523940942,0.7499384233351133,0.9729279561547801,8.005441234123215e-05
90.0,72,55.55555555555556,944.4444444444445,102.5,6.027213340712527,0.7499384474679238,0.972930830062006,8.008786134999042e-05
90.0,73,166.66666666666669,944.4444444444445,102.5,6.024709523940913,0.7499384233351134,0.9729279561547755,8.005441234123135e-05
90.0,74,277.77777777777777,944.4444444444445,102.5,6.0203923930367935,0.7499384228334964,0.972922995473635,7.999673879548849e-05
90.0,75,388.8888888888889,944.4444444444445,102.5,6.015905699026847,0.74993847176864,0.9729178321939178,7.993679985010435e-05
90.0,76,500.0,944.4444444444445,102.5,6.013784516780971,0.749938512477055,0.9729153884305772,7.990846235374186e-05
90.0,77,611.1111111111111,944.4444444444445,102.5,6.015905699026876,0.7499384717686401,0.9729178321939148,7.993679985010454e-05
90.0,78,722.2222222222223,944.4444444444445,102.5,6.020392393036833,0.7499384228334965,0.9729229954736421,7.999673879548965e-05
90.0,79,833.3333333333334,944.4444444444445,102.5,6.024709523940951,0.7499384233351136,0.9729279561547748,8.005441234123172e-05
90.0,80,944.4444444444445,944.4444444444445,102.5,6.0272133407125565,0.7499384474679235,0.9729308300620095,8.008786134999112e-05
90.0,81,55.55555555555556,55.55555555555556,107.5,6.027701405465677,0.7498990519929873,0.9729313882868988,8.009438136280595e-05
90.0,82,166.66666666666669,55.55555555555556,107.5,6.025197739277689,0.7498990256587932,0.9729285151315311,8.00609343843701e-05
90.0,83,277.77777777777777,55.55555555555556,107.5,6.020880830311231,0.7498990165977294,0.9729235551395243,8.000326378915315e-05
90.0,84,388.8888888888889,55.55555555555556,107.5,6.016394327921551,0.7498990619039796,0.972918393155894,7.994332743989082e-05
90.0,85,500.0,55.55555555555556,107.5,6.014273239742332,0.749899101653681,0.9729159500888934,7.991499122376956e-05
90.0,86,611.1111111111111,55.55555555555556,107.5,6.01639432792155,0.7498990619039796,0.9729183931558937,7.99433274398908e-05
90.0,87,722.2222222222223,55.55555555555556,107.5,6.020880830311237,0.7498990165977298,0.9729235551395266,8.000326378915334e-05
90.0,88,833.3333333333334,55.55555555555556,107.5,6.025197739277686,0.749899025658793,0.9729285151315379,8.006093438437051e-05
90.0,89,944.4444444444445,55.55555555555556,107.5,6.027701405465676,0.7498990519929876,0.9729313882868988,8.009438136280595e-05
90.0,90,55.55555555555556,166.66666666666669,107.5,6.025197739277687,0.7498990256587929,0.9729285151315381,8.006093438437054e-05
90.0,91,166.66666666666669,166.66666666666669,107.5,6.021491473620396,0.7498990180597962,0.972924257522906,8.001142155241117e-05
90.0,92,277.77777777777777,166.66666666666669,107.5,6.0147374039227195,0.7498990926663459,0.9729164850336615,7.992119214134305e-05
90.0,93,388.8888888888889,166.66666666666669,107.5,6.0070100642710855,0.7498993234047022,0.9729075709870175,7.981796012723642e-05
90.0,94,500.0,166.66666666666669,107.5,6.002731286209317,0.7498995192880924,0.9729026253628462,7.97607983719884e-05
90.0,95,611.1111111111111,166.66666666666669,107.5,6.007010064271084,0.7498993234047022,0.9729075709870175,7.981796012723642e-05
90.0,96,722.2222222222223,166.66666666666669,107.5,6.014737403922716,0.7498990926663458,0.9729164850336601,7.992119214134279e-05
90.0,97,833.3333333333334,166.66666666666669,107.5,6.021491473620402,0.7498990180597961,0.9729242575229059,8.001142155241131e-05
90.0,98,944.4444444444445,166.66666666666669,107.5,6.025197739277684,0.749899025658793,0.9729285151315377,8.00609343843705e-05
90.0,99,55.55555555555556,277.77777777777777,107.5,6.020880830311232,0.7498990165977297,0.9729235551395258,8.000326378915327e-05
90.0,100,166.66666666666669,277.77777777777777,107.5,6.014737403922717,0.7498990926663456,0.9729164850336599,7.992119214134278e-05
90.0,101,277.77777777777777,277.77777777777777,107.5,6.002575441998284,0.7498995276846487,0.9729024453181435,7.975871640787248e-05
90.0,102,388.8888888888889,277.77777777777777,107.5,5.986377254801637,0.7498987935459616,0.9728836578437953,7.95423176656287e-05
90.0,103,500.0,277.77777777777777,107.5,5.97447734733613,0.7498985407488616,0.9728697914492455,7.93833403279619e-05
90.0,104,611.1111111111111,277.77777777777777,107.5,5.986377254801637,0.7498987935459615,0.9728836578437952,7.954231766562868e-05
90.0,105,722.2222222222223,277.77777777777777,107.5,6.002575441998294,0.7498995276846494,0.9729024453181484,7.975871640787302e-05
90.0,106,833.3333333333334,277.77777777777777,107.5,6.0147374039227195,0.7498990926663458,0.972916485033661,7.992119214134301e-05
90.0,107,944.4444444444445,277.77777777777777,107.5,6.020880830311235,0.7498990165977297,0.9729235551395262,8.000326378915331e-05
90.0,108,55.55555555555556,388.8888888888889,107.5,6.0163943279215495,0.7498990619039796,0.9729183931558937,7.99433274398908e-05
90.0,109,166.66666666666669,388.8888888888889,107.5,6.007010064271083,0.7498993234047022,0.9729075709870167,7.98179601272365e-05
90.0,110,277.77777777777777,388.8888888888889,107.5,5.986377254801636,0.7498987935459617,0.9728836578437962,7.954231766562877e-05
90.0,111,388.8888888888889,388.8888888888889,107.5,5.952220651475422,0.7498990810817686,0.972843710148105,7.908599832015969e-05
90.0,112,500.0,388.8888888888889,107.5,5.911990549893554,0.7498982212980583,0.972796078522068,7.854852891135724e-05
90.0,113,611.1111111111111,388.8888888888889,107.5,5.952220651475428,0.7498990810817687,0.972843710148107,7.908599832015985e-05
90.0,114,722.2222222222223,388.8888888888889,107.5,5.986377254801646,0.7498987935459617,0.9728836578437887,7.954231766562829e-05
90.0,115,833.3333333333334,388.8888888888889,107.5,6.007010064271092,0.7498993234047024,0.9729075709870194,7.981796012723658e-05
90.0,116,944.4444444444445,388.8888888888889,107.5,6.016394327921552,0.7498990619039797,0.9729183931558866,7.994332743989021e-05
90.0,117,55.55555555555556,500.0,107.5,6.014273239742329,0.7498991016536808,0.9729159500888928,7.991499122376951e-05
90.0,118,166.66666666666669,500.0,107.5,6.0027312862093165,0.7498995192880922,0.972902625362845,7.97607983719883e-05
90.0,119,277.77777777777777,500.0,107.5,5.974477347336141,0.7498985407488618,0.9728697914492391,7.938334032796154e-05
90.0,120,388.8888888888889,500.0,107.5,5.911990549893556,0.7498982212980584,0.9727960785220685,7.854852891135728e-05
90.0,121,500.0,500.0,107.5,5.726957345566516,0.7498968433509013,0.972568813902184,7.607638274128545e-05
90.0,122,611.1111111111111,500.0,107.5,5.911990549893559,0.749898221298058,0.972796078522068,7.854852891135724e-05
90.0,123,722.2222222222223,500.0,107.5,5.97447734733615,0.7498985407488616,0.9728697914492406,7.93833403279618e-05
90.0,124,833.3333333333334,500.0,107.5,6.002731286209322,0.7498995192880923,0.9729026253628461,7.976079837198854e-05
90.0,125,944.4444444444445,500.0,107.5,6.014273239742327,0.7498991016536807,0.9729159500888914,7.99149912237694e-05
90.0,126,55.55555555555556,611.1111111111111,107.5,6.016394327921548,0.7498990619039795,0.9729183931558927,7.994332743989072e-05
90.0,127,166.66666666666669,611.1111111111111,107.5,6.007010064271085,0.7498993234047022,0.9729075709870167,7.98179601272365e-05
90.0,128,277.77777777777777,611.1111111111111,107.5,5.986377254801635,0.7498987935459616,0.9728836578437945,7.954231766562863e-05
90.0,129,388.8888888888889,611.1111111111111,107.5,5.95222065147543,0.7498990810817691,0.9728437101481087,7.908599832015998e-05
90.0,130,500.0,611.1111111111111,107.5,5.911990549893559,0.7498982212980579,0.9727960785220673,7.854852891135718e-05
90.0,131,611.1111111111111,611.1111111111111,107.5,5.9522206514754386,0.7498990810817688,0.9728437101481086,7.908599832016012e-05
90.0,132,722.2222222222223,611.1111111111111,107.5,5.986377254801643,0.7498987935459619,0.9728836578437896,7.954231766562824e-05
90.0,133,833.3333333333334,611.1111111111111,107.5,6.007010064271085,0.7498993234047022,0.9729075709870175,7.981796012723642e-05
90.0,134,944.4444444444445,611.1111111111111,107.5,6.0163943279215415,0.7498990619039797,0.9729183931558928,7.994332743989058e-05
90.0,135,55.55555555555556,722.2222222222223,107.5,6.020880830311219,0.7498990165977297,0.9729235551395234,8.000326378915293e-05
90.0,136,166.66666666666669,722.2222222222223,107.5,6.014737403922702,0.749899092666346,0.9729164850336589,7.992119214134255e-05
90.0,137,277.77777777777777,722.2222222222223,107.5,6.002575441998276,0.749899527684649,0.9729024453181426,7.975871640787242e-05
90.0,138,388.8888888888889,722.2222222222223,107.5,5.986377254801631,0.7498987935459615,0.9728836578437937,7.954231766562841e-05
90.0,139,500.0,722.2222222222223,107.5,5.974477347336143,0.7498985407488612,0.972869791449245,7.938334032796216e-05
90.0,140,611.1111111111111,722.2222222222223,107.5,5.986377254801642,0.7498987935459617,0.9728836578437966,7.95423176656288e-05
90.0,141,722.2222222222223,722.2222222222223,107.5,6.002575441998293,0.7498995276846488,0.9729024453181447,7.975871640787273e-05
90.0,142,833.3333333333334,722.2222222222223,107.5,6.014737403922711,0.7498990926663462,0.9729164850336618,7.992119214134293e-05
90.0,143,944.4444444444445,722.2222222222223,107.5,6.020880830311222,0.7498990165977297,0.9729235551395238,8.000326378915296e-05
90.0,144,55.55555555555556,833.3333333333334,107.5,6.025197739277661,0.7498990256587929,0.9729285151315332,8.006093438436985e-05
90.0,145,166.66666666666669,833.3333333333334,107.5,6.021491473620367,0.7498990180597963,0.9729242575229096,8.001142155241105e-05
90.0,146,277.77777777777777,833.3333333333334,107.5,6.014737403922686,0.7498990926663459,0.9729164850336565,7.992119214134206e-05
90.0,147,388.8888888888889,833.3333333333334,107.5,6.007010064271067,0.7498993234047021,0.9729075709870215,7.981796012723661e-05
90.0,148,500.0,833.3333333333334,107.5,6.002731286209305,0.749899519288092,0.9729026253628421,7.976079837198791e-05
90.0,149,611.1111111111111,833.3333333333334,107.5,6.007010064271087,0.7498993234047019,0.9729075709870159,7.981796012723644e-05
90.0,150,722.2222222222223,833.3333333333334,107.5,6.014737403922716,0.7498990926663459,0.9729164850336609,7.992119214134286e-05
90.0,151,833.3333333333334,833.3333333333334,107.5,6.021491473620393,0.7498990180597961,0.9729242575229133,8.001142155241178e-05
90.0,152,944.4444444444445,833.3333333333334,107.5,6.025197739277673,0.7498990256587931,0.9729285151315367,8.006093438437027e-05
90.0,153,55.55555555555556,944.4444444444445,107.5,6.02770140546564,0.7498990519929875,0.9729313882868925,8.009438136280486e-05
90.0,154,166.66666666666669,944.4444444444445,107.5,6.025197739277645,0.749899025658793,0.9729285151315311,8.006093438436939e-05
90.0,155,277.77777777777777,944.4444444444445,107.5,6.020880830311195,0.74989901659773,0.9729235551395204,8.000326378915241e-05
90.0,156,388.8888888888889,944.4444444444445,107.5,6.016394327921516,0.7498990619039795,0.9729183931558877,7.994332743988989e-05
90.0,157,500.0,944.4444444444445,107.5,6.014273239742314,0.7498991016536811,0.9729159500888922,7.991499122376932e-05
90.0,158,611.1111111111111,944.4444444444445,107.5,6.016394327921545,0.7498990619039793,0.9729183931558918,7.99433274398905e-05
90.0,159,722.2222222222223,944.4444444444445,107.5,6.020880830311234,0.7498990165977296,0.9729235551395253,8.000326378915323e-05
90.0,160,833.3333333333334,944.4444444444445,107.5,6.025197739277681,0.7498990256587931,0.9729285151315381,8.006093438437054e-05
90.0,161,944.4444444444445,944.4444444444445,107.5,6.0277014054656695,0.7498990519929875,0.9729313882868974,8.009438136280568e-05
90.0,162,55.55555555555556,55.55555555555556,112.5,6.028381528744821,0.7498044024583252,0.9729321674286215,8.01034671803317e-05
90.0,163,166.66666666666669,55.55555555555556,112.5,6.0258782799298976,0.7498043716823329,0.9729292953166994,8.007002578367463e-05
90.0,164,277.77777777777777,55.55555555555556,112.5,6.021562014209527,0.7498043562142162,0.9729243373132321,8.001236381459881e-05
90.0,165,388.8888888888889,55.55555555555556,112.5,6.017076098351357,0.7498043927713335,0.9729191772144873,7.995243532755995e-05
90.0,166,500.0,55.55555555555556,112.5,6.0149552782666085,0.7498044282707274,0.9729167349595458,7.992410269981347e-05
90.0,167,611.1111111111111,55.55555555555556,112.5,6.017076098351355,0.7498043927713335,0.9729191772144867,7.995243532756005e-05
90.0,168,722.2222222222223,55.55555555555556,112.5,6.0215620142095325,0.7498043562142162,0.9729243373132335,8.001236381459907e-05
90.0,169,833.3333333333334,55.55555555555556,112.5,6.025878279929894,0.7498043716823333,0.9729292953167001,8.00700257836747e-05
90.0,170,944.4444444444445,55.55555555555556,112.5,6.02838152874482,0.7498044024583255,0.9729321674286222,8.010346718033175e-05
90.0,171,55.55555555555556,166.66666666666669,112.5,6.025878279929897,0.7498043716823329,0.972929295316699,8.00700257836746e-05
90.0,172,166.66666666666669,166.66666666666669,112.5,6.0221724972439805,0.7498043583172447,0.9729250392949059,8.002051942872956e-05
90.0,173,277.77777777777777,166.66666666666669,112.5,6.015419190447299,0.7498044198060075,0.9729172694681979,7.993030024643041e-05
90.0,174,388.8888888888889,166.66666666666669,112.5,6.007692879971604,0.7498046385236417,0.9729083586090115,7.982708201954264e-05
90.0,175,500.0,166.66666666666669,112.5,6.003416023422577,0.7498048265804509,0.9729034163050205,7.976994595450895e-05
90.0,176,611.1111111111111,166.66666666666669,112.5,6.007692879971604,0.7498046385236415,0.9729083586090111,7.982708201954261e-05
90.0,177,722.2222222222223,166.66666666666669,112.5,6.015419190447297,0.7498044198060076,0.9729172694681979,7.993030024643027e-05
90.0,178,833.3333333333334,166.66666666666669,112.5,6.022172497243986,0.749804358317245,0.9729250392948998,8.002051942872906e-05
90.0,179,944.4444444444445,166.66666666666669,112.5,6.025878279929892,0.749804371682333,0.9729292953166989,8.007002578367446e-05
90.0,180,55.55555555555556,277.77777777777777,112.5,6.021562014209528,0.749804356214216,0.9729243373132315,8.001236381459876e-05
90.0,181,166.66666666666669,277.77777777777777,112.5,6.015419190447297,0.7498044198060075,0.9729172694681967,7.993030024643018e-05
90.0,182,277.77777777777777,277.77777777777777,112.5,6.003258894367986,0.7498048348940245,0.9729032348241577,7.976784682720102e-05
90.0,183,388.8888888888889,277.77777777777777,112.5,5.987066653168926,0.7498041603023206,0.972884458331787,7.955152758694456e-05
90.0,184,500.0,277.77777777777777,112.5,5.975200492822406,0.7498038860112631,0.9728706345056432,7.93930011573248e-05
90.0,185,611.1111111111111,277.77777777777777,112.5,5.987066653168926,0.7498041603023203,0.9728844583317946,7.955152758694517e-05
90.0,186,722.2222222222223,277.77777777777777,112.5,6.003258894367995,0.7498048348940246,0.9729032348241514,7.976784682720064e-05
90.0,187,833.3333333333334,277.77777777777777,112.5,6.015419190447301,0.7498044198060078,0.9729172694681989,7.993030024643049e-05
90.0,188,944.4444444444445,277.77777777777777,112.5,6.021562014209531,0.7498043562142165,0.9729243373132341,8.001236381459898e-05
90.0,189,55.55555555555556,388.8888888888889,112.5,6.017076098351355,0.7498043927713337,0.9729191772144877,7.995243532756013e-05
90.0,190,166.66666666666669,388.8888888888889,112.5,6.007692879971603,0.7498046385236414,0.9729083586090183,7.98270820195432e-05
90.0,191,277.77777777777777,388.8888888888889,112.5,5.987066653168925,0.7498041603023206,0.972884458331787,7.955152758694456e-05
90.0,192,388.8888888888889,388.8888888888889,112.5,5.952983853927266,0.7498043806872722,0.9728446065243512,7.909619441367722e-05
90.0,193,500.0,388.8888888888889,112.5,5.913585067400729,0.7498035219681094,0.972797978249719,7.856983167131675e-05
90.0,194,611.1111111111111,388.8888888888889,112.5,5.9529838539272735,0.7498043806872724,0.9728446065243536,7.909619441367756e-05
90.0,195,722.2222222222223,388.8888888888889,112.5,5.987066653168935,0.7498041603023206,0.9728844583317889,7.955152758694498e-05
90.0,196,833.3333333333334,388.8888888888889,112.5,6.007692879971611,0.7498046385236417,0.9729083586090134,7.982708201954292e-05
90.0,197,944.4444444444445,388.8888888888889,112.5,6.017076098351358,0.7498043927713335,0.9729191772144881,7.995243532756016e-05
90.0,198,55.55555555555556,500.0,112.5,6.014955278266606,0.7498044282707275,0.972916734959546,7.992410269981349e-05
90.0,199,166.66666666666669,500.0,112.5,6.003416023422577,0.7498048265804508,0.9729034163050195,7.976994595450887e-05
90.0,200,277.77777777777777,500.0,112.5,5.975200492822418,0.7498038860112629,0.9728706345056441,7.939300115732501e-05
90.0,201,388.8888888888889,500.0,112.5,5.913585067400731,0.7498035219681092,0.9727979782497187,7.856983167131672e-05
90.0,202,500.0,500.0,112.5,5.761546239911885,0.7498025009849308,0.9726124100276599,7.653852953055264e-05
90.0,203,611.1111111111111,500.0,112.5,5.913585067400735,0.7498035219681092,0.9727979782497197,7.85698316713168e-05
90.0,204,722.2222222222223,500.0,112.5,5.975200492822425,0.7498038860112632,0.9728706345056464,7.939300115732535e-05
90.0,205,833.3333333333334,500.0,112.5,6.003416023422583,0.7498048265804507,0.9729034163050203,7.976994595450907e-05
90.0,206,944.4444444444445,500.0,112.5,6.014955278266603,0.7498044282707276,0.9729167349595463,7.992410269981351e-05
90.0,207,55.55555555555556,611.1111111111111,112.5,6.017076098351353,0.7498043927713336,0.9729191772144877,7.995243532756013e-05
90.0,208,166.66666666666669,611.1111111111111,112.5,6.007692879971604,0.7498046385236415,0.9729083586090111,7.982708201954261e-05
90.0,209,277.77777777777777,611.1111111111111,112.5,5.987066653168925,0.7498041603023206,0.972884458331787,7.955152758694456e-05
90.0,210,388.8888888888889,611.1111111111111,112.5,5.952983853927275,0.7498043806872722,0.972844606524352,7.909619441367743e-05
90.0,211,500.0,611.1111111111111,112.5,5.913585067400734,0.7498035219681092,0.9727979782497189,7.856983167131673e-05
90.0,212,611.1111111111111,611.1111111111111,112.5,5.952983853927282,0.7498043806872724,0.9728446065243549,7.909619441367766e-05
90.0,213,722.2222222222223,611.1111111111111,112.5,5.987066653168933,0.7498041603023203,0.9728844583317872,7.95515275869447e-05
90.0,214,833.3333333333334,611.1111111111111,112.5,6.007692879971604,0.7498046385236414,0.9729083586090187,7.982708201954324e-05
90.0,215,944.4444444444445,611.1111111111111,112.5,6.017076098351346,0.7498043927713336,0.9729191772144862,7.995243532755986e-05
90.0,216,55.55555555555556,722.2222222222223,112.5,6.021562014209514,0.7498043562142165,0.9729243373132312,8.001236381459861e-05
90.0,217,166.66666666666669,722.2222222222223,112.5,6.015419190447282,0.7498044198060079,0.9729172694681962,7.993030024642999e-05
90.0,218,277.77777777777777,722.2222222222223,112.5,6.003258894367978,0.7498048348940244,0.9729032348241563,7.976784682720077e-05
90.0,219,388.8888888888889,722.2222222222223,112.5,5.98706665316892,0.7498041603023206,0.9728844583317949,7.955152758694533e-05
90.0,220,500.0,722.2222222222223,112.5,5.9752004928224185,0.749803886011263,0.9728706345056448,7.939300115732507e-05
90.0,221,611.1111111111111,722.2222222222223,112.5,5.987066653168932,0.7498041603023207,0.9728844583317884,7.955152758694494e-05
90.0,222,722.2222222222223,722.2222222222223,112.5,6.0032588943679945,0.7498048348940247,0.9729032348241518,7.976784682720067e-05
90.0,223,833.3333333333334,722.2222222222223,112.5,6.015419190447291,0.7498044198060078,0.9729172694681977,7.993030024643026e-05
90.0,224,944.4444444444445,722.2222222222223,112.5,6.021562014209517,0.7498043562142164,0.9729243373132312,8.001236381459861e-05
90.0,225,55.55555555555556,833.3333333333334,112.5,6.025878279929869,0.7498043716823329,0.9729292953167035,8.007002578367454e-05
90.0,226,166.66666666666669,833.3333333333334,112.5,6.022172497243952,0.7498043583172451,0.9729250392949038,8.002051942872896e-05
90.0,227,277.77777777777777,833.3333333333334,112.5,6.0154191904472665,0.7498044198060076,0.9729172694682015,7.993030024643027e-05
90.0,228,388.8888888888889,833.3333333333334,112.5,6.007692879971586,0.7498046385236415,0.972908358609017,7.982708201954295e-05
90.0,229,500.0,833.3333333333334,112.5,6.003416023422566,0.7498048265804509,0.9729034163050183,7.976994595450864e-05
90.0,230,611.1111111111111,833.3333333333334,112.5,6.007692879971606,0.7498046385236415,0.9729083586090113,7.982708201954263e-05
90.0,231,722.2222222222223,833.3333333333334,112.5,6.015419190447297,0.7498044198060079,0.9729172694681989,7.993030024643035e-05
90.0,232,833.3333333333334,833.3333333333334,112.5,6.022172497243978,0.7498043583172447,0.9729250392949059,8.002051942872956e-05
90.0,233,944.4444444444445,833.3333333333334,112.5,6.025878279929882,0.749804371682333,0.9729292953166979,8.007002578367422e-05
90.0,234,55.55555555555556,944.4444444444445,112.5,6.0283815287447835,0.7498044024583251,0.9729321674286241,8.010346718033133e-05
90.0,235,166.66666666666669,944.4444444444445,112.5,6.025878279929853,0.7498043716823329,0.9729292953167009,8.007002578367418e-05
90.0,236,277.77777777777777,944.4444444444445,112.5,6.02156201420949,0.7498043562142168,0.972924337313229,8.001236381459814e-05
90.0,237,388.8888888888889,944.4444444444445,112.5,6.017076098351321,0.7498043927713337,0.9729191772144908,7.995243532755995e-05
90.0,238,500.0,944.4444444444445,112.5,6.014955278266592,0.7498044282707271,0.9729167349595422,7.992410269981304e-05
90.0,239,611.1111111111111,944.4444444444445,112.5,6.0170760983513505,0.7498043927713335,0.972919177214486,7.995243532755998e-05
90.0,240,722.2222222222223,944.4444444444445,112.5,6.02156201420953,0.7498043562142167,0.9729243373132351,8.001236381459906e-05
90.0,241,833.3333333333334,944.4444444444445,112.5,6.0258782799298904,0.7498043716823333,0.9729292953166999,8.007002578367454e-05
90.0,242,944.4444444444445,944.4444444444445,112.5,6.028381528744814,0.7498044024583255,0.9729321674286212,8.010346718033152e-05
90.0,243,55.55555555555556,55.55555555555556,117.5,6.029253993244024,0.7494573172218998,0.9729331992052335,8.011512517316711e-05
90.0,244,166.66666666666669,55.55555555555556,117.5,6.026751411060929,0.749456637523651,0.9729303287692932,8.008169270419761e-05
90.0,245,277.77777777777777,55.55555555555556,117.5,6.022436177339412,0.7494562648982402,0.9729253730528251,8.002404452088781e-05
90.0,246,388.8888888888889,55.55555555555556,117.5,6.017951213190676,0.7494603742630048,0.972920215487817,7.996412877083923e-05
90.0,247,500.0,55.55555555555556,117.5,6.015830845204698,0.7494646352727181,0.972917774651716,7.99358022113866e-05
90.0,248,611.1111111111111,55.55555555555556,117.5,6.017951213190674,0.7494603742630047,0.9729202154878159,7.9964128770839e-05
90.0,249,722.2222222222223,55.55555555555556,117.5,6.022436177339419,0.74945626489824,0.9729253730528241,8.002404452088788e-05
90.0,250,833.3333333333334,55.55555555555556,117.5,6.026751411060926,0.7494566375236511,0.9729303287692928,8.008169270419744e-05
90.0,251,944.4444444444445,55.55555555555556,117.5,6.029253993244023,0.7494573172219001,0.9729331992052261,8.01151251731665e-05
90.0,252,55.55555555555556,166.66666666666669,117.5,6.026751411060928,0.7494566375236513,0.9729303287692943,8.008169270419771e-05
90.0,253,166.66666666666669,166.66666666666669,117.5,6.023046411158272,0.7494562820204621,0.9729260744799758,8.003219679660634e-05
90.0,254,277.77777777777777,166.66666666666669,117.5,6.016294383065884,0.749464035639887,0.9729183086078421,7.994199475728476e-05
90.0,255,388.8888888888889,166.66666666666669,117.5,6.008569911532495,0.7494676368625991,0.9729094025523836,7.983880115246212e-05
90.0,256,500.0,166.66666666666669,117.5,6.004295309464629,0.7494683183747645,0.9729044643839335,7.97816952394911e-05
90.0,257,611.1111111111111,166.66666666666669,117.5,6.008569911532496,0.7494676368625997,0.9729094025523775,7.983880115246162e-05
90.0,258,722.2222222222223,166.66666666666669,117.5,6.016294383065883,0.749464035639887,0.9729183086078427,7.99419947572848e-05
90.0,259,833.3333333333334,166.66666666666669,117.5,6.023046411158277,0.7494562820204621,0.9729260744799764,8.003219679660638e-05
90.0,260,944.4444444444445,166.66666666666669,117.5,6.026751411060924,0.7494566375236509,0.9729303287692914,8.008169270419733e-05
90.0,261,55.55555555555556,277.77777777777777,117.5,6.022436177339413,0.7494562648982401,0.9729253730528249,8.002404452088766e-05
90.0,262,166.66666666666669,277.77777777777777,117.5,6.0162943830658815,0.7494640356398872,0.972918308607843,7.994199475728483e-05
90.0,263,277.77777777777777,277.77777777777777,117.5,6.004136838350886,0.7494683473412004,0.972904281352674,7.977957817983437e-05
90.0,264,388.8888888888889,277.77777777777777,117.5,5.987951641263591,0.7494622295441171,0.9728855190393156,7.956335318632629e-05
90.0,265,500.0,277.77777777777777,117.5,5.976121140532205,0.7494559477940934,0.9728717421410406,7.940530332842376e-05
90.0,266,611.1111111111111,277.77777777777777,117.5,5.987951641263592,0.7494622295441176,0.9728855190393173,7.956335318632643e-05
90.0,267,722.2222222222223,277.77777777777777,117.5,6.004136838350897,0.7494683473411998,0.9729042813526737,7.977957817983434e-05
90.0,268,833.3333333333334,277.77777777777777,117.5,6.016294383065887,0.7494640356398871,0.9729183086078435,7.994199475728487e-05
90.0,269,944.4444444444445,277.77777777777777,117.5,6.022436177339417,0.7494562648982402,0.9729253730528256,8.002404452088785e-05
90.0,270,55.55555555555556,388.8888888888889,117.5,6.017951213190674,0.7494603742630049,0.9729202154878169,7.996412877083908e-05
90.0,271,166.66666666666669,388.8888888888889,117.5,6.008569911532494,0.7494676368625993,0.9729094025523839,7.983880115246215e-05
90.0,272,277.77777777777777,388.8888888888889,117.5,5.9879516412635905,0.7494622295441171,0.9728855190393156,7.956335318632629e-05
90.0,273,388.8888888888889,388.8888888888889,117.5,5.953947832899689,0.7494671596996708,0.9728457743583421,7.910907572359108e-05
90.0,274,500.0,388.8888888888889,117.5,5.915373469676474,0.7494557799759938,0.9728001644796984,7.859372929177328e-05
90.0,275,611.1111111111111,388.8888888888889,117.5,5.953947832899696,0.7494671596996708,0.9728457743583425,7.910907572359126e-05
90.0,276,722.2222222222223,388.8888888888889,117.5,5.987951641263602,0.7494622295441175,0.9728855190393184,7.956335318632666e-05
90.0,277,833.3333333333334,388.8888888888889,117.5,6.008569911532503,0.7494676368625994,0.972909402552377,7.983880115246173e-05
90.0,278,944.4444444444445,388.8888888888889,117.5,6.017951213190677,0.7494603742630047,0.9729202154878165,7.996412877083919e-05
90.0,279,55.55555555555556,500.0,117.5,6.015830845204696,0.7494646352727177,0.9729177746517222,7.993580221138697e-05
90.0,280,166.66666666666669,500.0,117.5,6.00429530946463,0.7494683183747645,0.9729044643839337,7.978169523949111e-05
90.0,281,277.77777777777777,500.0,117.5,5.976121140532215,0.7494559477940937,0.9728717421410441,7.940530332842418e-05
90.0,282,388.8888888888889,500.0,117.5,5.915373469676477,0.7494557799759937,0.9728001644796981,7.859372929177325e-05
90.0,283,500.0,500.0,117.5,5.783402470464455,0.7494487520605084,0.972640053304365,7.683057761823041e-05
90.0,284,611.1111111111111,500.0,117.5,5.9153734696764815,0.7494557799759939,0.9728001644797001,7.859372929177341e-05
90.0,285,722.2222222222223,500.0,117.5,5.976121140532222,0.7494559477940934,0.9728717421410441,7.940530332842431e-05
90.0,286,833.3333333333334,500.0,117.5,6.004295309464635,0.7494683183747645,0.9729044643839345,7.978169523949118e-05
90.0,287,944.4444444444445,500.0,117.5,6.015830845204694,0.7494646352727181,0.9729177746517238,7.993580221138724e-05
90.0,288,55.55555555555556,611.1111111111111,117.5,6.017951213190672,0.7494603742630047,0.9729202154878158,7.996412877083899e-05
90.0,289,166.66666666666669,611.1111111111111,117.5,6.008569911532495,0.7494676368625994,0.9729094025523765,7.983880115246154e-05
90.0,290,277.77777777777777,611.1111111111111,117.5,5.987951641263591,0.7494622295441175,0.9728855190393165,7.956335318632636e-05
90.0,291,388.8888888888889,611.1111111111111,117.5,5.953947832899697,0.7494671596996708,0.9728457743583436,7.910907572359136e-05
90.0,292,500.0,611.1111111111111,117.5,5.915373469676481,0.7494557799759939,0.9728001644797,7.85937292917734e-05
90.0,293,611.1111111111111,611.1111111111111,117.5,5.953947832899704,0.749467159699671,0.9728457743583449,7.910907572359145e-05
90.0,294,722.2222222222223,611.1111111111111,117.5,5.987951641263599,0.7494622295441176,0.9728855190393192,7.956335318632673e-05
90.0,295,833.3333333333334,611.1111111111111,117.5,6.008569911532495,0.7494676368625993,0.9729094025523839,7.983880115246215e-05
90.0,296,944.4444444444445,611.1111111111111,117.5,6.017951213190665,0.749460374263005,0.9729202154878163,7.996412877083889e-05
90.0,297,55.55555555555556,722.2222222222223,117.5,6.022436177339399,0.7494562648982404,0.9729253730528232,8.002404452088752e-05
90.0,298,166.66666666666669,722.2222222222223,117.5,6.016294383065867,0.7494640356398871,0.9729183086078483,7.9941994757285e-05
90.0,299,277.77777777777777,722.2222222222223,117.5,6.004136838350879,0.7494683473412002,0.9729042813526722,7.977957817983407e-05
90.0,300,388.8888888888889,722.2222222222223,117.5,5.987951641263587,0.7494622295441176,0.9728855190393164,7.956335318632622e-05
90.0,301,500.0,722.2222222222223,117.5,5.976121140532216,0.7494559477940936,0.9728717421410437,7.940530332842414e-05
90.0,302,611.1111111111111,722.2222222222223,117.5,5.9879516412635985,0.7494622295441177,0.9728855190393193,7.956335318632659e-05
90.0,303,722.2222222222223,722.2222222222223,117.5,6.004136838350895,0.7494683473412002,0.9729042813526663,7.977957817983373e-05
90.0,304,833.3333333333334,722.2222222222223,117.5,6.016294383065877,0.749464035639887,0.9729183086078412,7.994199475728455e-05
90.0,305,944.4444444444445,722.2222222222223,117.5,6.022436177339403,0.7494562648982398,0.9729253730528296,8.002404452088789e-05
90.0,306,55.55555555555556,833.3333333333334,117.5,6.0267514110609,0.7494566375236511,0.9729303287692892,8.008169270419685e-05
90.0,307,166.66666666666669,833.3333333333334,117.5,6.023046411158243,0.7494562820204618,0.9729260744799698,8.00321967966054e-05
90.0,308,277.77777777777777,833.3333333333334,117.5,6.016294383065851,0.7494640356398871,0.9729183086078456,7.994199475728463e-05
90.0,309,388.8888888888889,833.3333333333334,117.5,6.0085699115324775,0.7494676368625994,0.9729094025523817,7.983880115246168e-05
90.0,310,500.0,833.3333333333334,117.5,6.00429530946462,0.7494683183747644,0.9729044643839322,7.978169523949084e-05
90.0,311,611.1111111111111,833.3333333333334,117.5,6.008569911532498,0.7494676368625998,0.972909402552378,7.983880115246166e-05
90.0,312,722.2222222222223,833.3333333333334,117.5,6.016294383065883,0.7494640356398872,0.972918308607843,7.994199475728483e-05
90.0,313,833.3333333333334,833.3333333333334,117.5,6.023046411158269,0.7494562820204619,0.9729260744799738,8.003219679660617e-05
90.0,314,944.4444444444445,833.3333333333334,117.5,6.026751411060913,0.7494566375236511,0.9729303287692908,8.008169270419711e-05
90.0,315,55.55555555555556,944.4444444444445,117.5,6.029253993243987,0.7494573172219,0.9729331992052285,8.011512517316612e-05
90.0,316,166.66666666666669,944.4444444444445,117.5,6.026751411060884,0.7494566375236511,0.9729303287692949,8.008169270419703e-05
90.0,317,277.77777777777777,944.4444444444445,117.5,6.022436177339376,0.7494562648982398,0.9729253730528254,8.002404452088727e-05
90.0,318,388.8888888888889,944.4444444444445,117.5,6.017951213190641,0.7494603742630049,0.97292021548782,7.996412877083892e-05
90.0,319,500.0,944.4444444444445,117.5,6.015830845204682,0.749464635272718,0.9729177746517217,7.99358022113868e-05
90.0,320,611.1111111111111,944.4444444444445,117.5,6.01795121319067,0.7494603742630049,0.9729202154878166,7.996412877083905e-05
90.0,321,722.2222222222223,944.4444444444445,117.5,6.022436177339415,0.7494562648982397,0.9729253730528231,8.002404452088765e-05
90.0,322,833.3333333333334,944.4444444444445,117.5,6.026751411060921,0.7494566375236509,0.9729303287692914,8.008169270419733e-05
90.0,323,944.4444444444445,944.4444444444445,117.5,6.029253993244017,0.7494573172219,0.9729331992052332,8.011512517316694e-05
90.0,324,55.55555555555556,55.55555555555556,122.5,6.030378882347867,0.7216284755621976,0.9729375135804461,8.013040185724685e-05
90.0,325,166.66666666666669,55.55555555555556,122.5,6.0278772416484845,0.7216103877633322,0.9729346464543642,8.009698197930504e-05
90.0,326,277.77777777777777,55.55555555555556,122.5,6.023563501075996,0.7215782159173126,0.9729296965910329,8.003935379023591e-05
90.0,327,388.8888888888889,55.55555555555556,122.5,6.019080188765731,0.7215399241152723,0.9729245446362224,7.997946010695949e-05
90.0,328,500.0,55.55555555555556,122.5,6.016961411038738,0.7215185566193556,0.9729221072757678,7.995115478274083e-05
90.0,329,611.1111111111111,55.55555555555556,122.5,6.019080188765729,0.7215399241152729,0.9729245446362239,7.997946010695948e-05
90.0,330,722.2222222222223,55.55555555555556,122.5,6.023563501076002,0.7215782159173142,0.9729296965910318,8.003935379023597e-05
90.0,331,833.3333333333334,55.55555555555556,122.5,6.027877241648481,0.7216103877633323,0.9729346464543643,8.00969819793049e-05
90.0,332,944.4444444444445,55.55555555555556,122.5,6.030378882347866,0.7216284755621973,0.9729375135804453,8.013040185724679e-05
90.0,333,55.55555555555556,166.66666666666669,122.5,6.027877241648484,0.721610387763333,0.9729346464543583,8.009698197930455e-05
90.0,334,166.66666666666669,166.66666666666669,122.5,6.024173376091192,0.7215825506502583,0.9729303963432195,8.004750121028436e-05
90.0,335,277.77777777777777,166.66666666666669,122.5,6.017424191396193,0.7215231411249527,0.9729226393025503,7.995733715368532e-05
90.0,336,388.8888888888889,166.66666666666669,122.5,6.00970330262946,0.7214581651483247,0.9729137449739852,7.985419150790173e-05
90.0,337,500.0,166.66666666666669,122.5,6.0054311274296825,0.7214155478470061,0.9729088143439637,7.97971181117556e-05
90.0,338,611.1111111111111,166.66666666666669,122.5,6.009703302629461,0.7214581651483245,0.9729137449739845,7.985419150790167e-05
90.0,339,722.2222222222223,166.66666666666669,122.5,6.017424191396192,0.7215231411249506,0.9729226393025503,7.995733715368532e-05
90.0,340,833.3333333333334,166.66666666666669,122.5,6.0241733760911975,0.7215825506502593,0.9729303963432155,8.004750121028404e-05
90.0,341,944.4444444444445,166.66666666666669,122.5,6.027877241648479,0.7216103877633315,0.9729346464543612,8.009698197930465e-05
90.0,342,55.55555555555556,277.77777777777777,122.5,6.023563501075998,0.7215782159173115,0.9729296965910381,8.003935379023635e-05
90.0,343,166.66666666666669,277.77777777777777,122.5,6.017424191396191,0.7215231411249535,0.9729226393025433,7.99573371536846e-05
90.0,344,277.77777777777777,277.77777777777777,122.5,6.005271533472191,0.7214233258219237,0.9729086290348448,7.97949859603187e-05
90.0,345,388.8888888888889,277.77777777777777,122.5,5.989093064951995,0.7212509292277085,0.972889892766071,7.957885123657811e-05
90.0,346,500.0,277.77777777777777,122.5,5.977288912235894,0.7210424727631602,0.9728761689714411,7.942115438557552e-05
90.0,347,611.1111111111111,277.77777777777777,122.5,5.989093064951996,0.7212509292277061,0.9728898927660696,7.9578851236578e-05
90.0,348,722.2222222222223,277.77777777777777,122.5,6.005271533472202,0.7214233258219234,0.9729086290348459,7.979498596031892e-05
90.0,349,833.3333333333334,277.77777777777777,122.5,6.017424191396197,0.7215231411249521,0.9729226393025476,7.99573371536851e-05
90.0,350,944.4444444444445,277.77777777777777,122.5,6.0235635010760005,0.7215782159173111,0.9729296965910356,8.003935379023613e-05
90.0,351,55.55555555555556,388.8888888888889,122.5,6.019080188765729,0.7215399241152719,0.9729245446362292,7.997946010695991e-05
90.0,352,166.66666666666669,388.8888888888889,122.5,6.009703302629459,0.721458165148326,0.9729137449739912,7.985419150790221e-05
90.0,353,277.77777777777777,388.8888888888889,122.5,5.9890930649519944,0.7212509292277094,0.9728898927660745,7.95788512365784e-05
90.0,354,388.8888888888889,388.8888888888889,122.5,5.955151739468535,0.7207048151817238,0.972850276657923,7.912541066179825e-05
90.0,355,500.0,388.8888888888889,122.5,5.917117243581968,0.7194419954142255,0.9728054261383275,7.861728355627957e-05
90.0,356,611.1111111111111,388.8888888888889,122.5,5.955151739468541,0.7207048151817224,0.9728502766579274,7.912541066179874e-05
90.0,357,722.2222222222223,388.8888888888889,122.5,5.989093064952007,0.7212509292277087,0.9728898927660732,7.957885123657843e-05
90.0,358,833.3333333333334,388.8888888888889,122.5,6.009703302629468,0.7214581651483271,0.9729137449739882,7.985419150790212e-05
90.0,359,944.4444444444445,388.8888888888889,122.5,6.019080188765732,0.7215399241152743,0.9729245446362222,7.997946010695948e-05
90.0,360,55.55555555555556,500.0,122.5,6.016961411038737,0.7215185566193578,0.9729221072757679,7.995115478274084e-05
90.0,361,166.66666666666669,500.0,122.5,6.005431127429683,0.7214155478470045,0.9729088143439671,7.979711811175574e-05
90.0,362,277.77777777777777,500.0,122.5,5.977288912235904,0.7210424727631629,0.9728761689714368,7.94211543855753e-05
90.0,363,388.8888888888889,500.0,122.5,5.917117243581971,0.7194419954142262,0.9728054261383213,7.861728355627907e-05
90.0,364,500.0,500.0,122.5,5.795443557877212,0.7114902227520681,0.9726584687764724,7.699173112964044e-05
90.0,365,611.1111111111111,500.0,122.5,5.917117243581976,0.7194419954142278,0.9728054261383203,7.861728355627912e-05
90.0,366,722.2222222222223,500.0,122.5,5.9772889122359105,0.7210424727631632,0.9728761689714384,7.942115438557558e-05
90.0,367,833.3333333333334,500.0,122.5,6.00543112742969,0.7214155478470071,0.9729088143439598,7.979711811175544e-05
90.0,368,944.4444444444445,500.0,122.5,6.016961411038735,0.721518556619357,0.9729221072757641,7.995115478274053e-05
90.0,369,55.55555555555556,611.1111111111111,122.5,6.019080188765727,0.7215399241152742,0.9729245446362302,7.997946010695999e-05
90.0,370,166.66666666666669,611.1111111111111,122.5,6.009703302629459,0.7214581651483262,0.9729137449739919,7.985419150790227e-05
90.0,371,277.77777777777777,611.1111111111111,122.5,5.989093064951996,0.7212509292277071,0.9728898927660736,7.957885123657833e-05
90.0,372,388.8888888888889,611.1111111111111,122.5,5.955151739468542,0.7207048151817234,0.9728502766579218,7.912541066179828e-05
90.0,373,500.0,611.1111111111111,122.5,5.917117243581974,0.7194419954142275,0.9728054261383284,7.861728355627977e-05
90.0,374,611.1111111111111,611.1111111111111,122.5,5.955151739468549,0.7207048151817251,0.9728502766579212,7.912541066179824e-05
90.0,375,722.2222222222223,611.1111111111111,122.5,5.989093064952004,0.7212509292277074,0.9728898927660762,7.957885123657868e-05
90.0,376,833.3333333333334,611.1111111111111,122.5,6.00970330262946,0.7214581651483256,0.9729137449739892,7.985419150790205e-05
90.0,377,944.4444444444445,611.1111111111111,122.5,6.01908018876572,0.7215399241152736,0.972924544636226,7.99794601069595e-05
90.0,378,55.55555555555556,722.2222222222223,122.5,6.023563501075983,0.7215782159173129,0.9729296965910315,8.003935379023551e-05
90.0,379,166.66666666666669,722.2222222222223,122.5,6.017424191396176,0.7215231411249526,0.9729226393025472,7.995733715368478e-05
90.0,380,277.77777777777777,722.2222222222223,122.5,6.005271533472184,0.7214233258219217,0.9729086290348449,7.979498596031871e-05
90.0,381,388.8888888888889,722.2222222222223,122.5,5.989093064951991,0.7212509292277077,0.9728898927660763,7.957885123657854e-05
90.0,382,500.0,722.2222222222223,122.5,5.977288912235904,0.7210424727631622,0.9728761689714425,7.942115438557592e-05
90.0,383,611.1111111111111,722.2222222222223,122.5,5.989093064952002,0.7212509292277053,0.9728898927660757,7.957885123657864e-05
90.0,384,722.2222222222223,722.2222222222223,122.5,6.005271533472199,0.7214233258219228,0.9729086290348427,7.979498596031867e-05
90.0,385,833.3333333333334,722.2222222222223,122.5,6.017424191396187,0.7215231411249512,0.9729226393025429,7.995733715368456e-05
90.0,386,944.4444444444445,722.2222222222223,122.5,6.023563501075987,0.7215782159173112,0.9729296965910347,8.003935379023591e-05
90.0,387,55.55555555555556,833.3333333333334,122.5,6.027877241648455,0.721610387763334,0.9729346464543585,8.009698197930415e-05
90.0,388,166.66666666666669,833.3333333333334,122.5,6.024173376091164,0.7215825506502582,0.9729303963432144,8.004750121028352e-05
90.0,389,277.77777777777777,833.3333333333334,122.5,6.017424191396161,0.7215231411249505,0.9729226393025449,7.995733715368445e-05
90.0,390,388.8888888888889,833.3333333333334,122.5,6.009703302629442,0.7214581651483255,0.9729137449739864,7.985419150790154e-05
90.0,391,500.0,833.3333333333334,122.5,6.005431127429674,0.7214155478470021,0.9729088143439627,7.979711811175523e-05
90.0,392,611.1111111111111,833.3333333333334,122.5,6.009703302629463,0.7214581651483253,0.972913744973988,7.985419150790196e-05
90.0,393,722.2222222222223,833.3333333333334,122.5,6.017424191396192,0.7215231411249511,0.9729226393025422,7.995733715368466e-05
90.0,394,833.3333333333334,833.3333333333334,122.5,6.0241733760911895,0.7215825506502593,0.9729303963432139,8.004750121028375e-05
90.0,395,944.4444444444445,833.3333333333334,122.5,6.027877241648469,0.7216103877633328,0.9729346464543553,8.009698197930416e-05
90.0,396,55.55555555555556,944.4444444444445,122.5,6.03037888234783,0.7216284755621972,0.9729375135804489,8.013040185724652e-05
90.0,397,166.66666666666669,944.4444444444445,122.5,6.02787724164844,0.7216103877633313,0.9729346464543622,8.009698197930431e-05
90.0,398,277.77777777777777,944.4444444444445,122.5,6.0235635010759605,0.7215782159173103,0.9729296965910351,8.003935379023554e-05
90.0,399,388.8888888888889,944.4444444444445,122.5,6.019080188765697,0.7215399241152715,0.9729245446362218,7.997946010695887e-05
90.0,400,500.0,944.4444444444445,122.5,6.016961411038723,0.721518556619355,0.9729221072757727,7.995115478274109e-05
90.0,401,611.1111111111111,944.4444444444445,122.5,6.0190801887657255,0.7215399241152711,0.9729245446362249,7.997946010695956e-05
90.0,402,722.2222222222223,944.4444444444445,122.5,6.023563501076,0.7215782159173116,0.9729296965910289,8.003935379023559e-05
90.0,403,833.3333333333334,944.4444444444445,122.5,6.027877241648477,0.7216103877633324,0.9729346464543551,8.009698197930415e-05
90.0,404,944.4444444444445,944.4444444444445,122.5,6.0303788823478595,0.7216284755621977,0.9729375135804659,8.013040185724834e-05
90.0,405,55.55555555555556,55.55555555555556,127.5,6.513929644668177,0.007044906051289428,0.9796822030468151,8.714361402911971e-05
90.0,406,166.66666666666669,55.55555555555556,127.5,6.5115378105254695,0.007054549197437754,0.979679361379651,8.711142292990736e-05
90.0,407,277.77777777777777,55.55555555555556,127.5,6.507407224371956,0.007071221871197306,0.9796744502758328,8.705583040885249e-05
90.0,408,388.8888888888889,55.55555555555556,127.5,6.503114699682193,0.007088575149736732,0.9796693418549999,8.699805842283835e-05
90.0,409,500.0,55.55555555555556,127.5,6.5010854050172195,0.007096790397856698,0.9796669252360479,8.697074668461078e-05
90.0,410,611.1111111111111,55.55555555555556,127.5,6.503114699682195,0.007088575149736729,0.9796693418549999,8.699805842283835e-05
90.0,411,722.2222222222223,55.55555555555556,127.5,6.507407224371976,0.007071221871197267,0.9796744502758302,8.705583040885257e-05
90.0,412,833.3333333333334,55.55555555555556,127.5,6.511537810525466,0.00705454919743775,0.9796793613796497,8.711142292990742e-05
90.0,413,944.4444444444445,55.55555555555556,127.5,6.51392964466818,0.007044906051289412,0.9796822030468133,8.714361402911954e-05
90.0,414,55.55555555555556,166.66666666666669,127.5,6.511537810525472,0.007054549197437756,0.9796793613796515,8.711142292990742e-05
90.0,415,166.66666666666669,166.66666666666669,127.5,6.507982499299178,0.007068901173185046,0.979675135634125,8.706357298666293e-05
90.0,416,277.77777777777777,166.66666666666669,127.5,6.501503714865215,0.007095101673056171,0.9796674261154482,8.697637683961195e-05
90.0,417,388.8888888888889,166.66666666666669,127.5,6.494093480507899,0.007125150558822272,0.9796585935935029,8.687664455367892e-05
90.0,418,500.0,166.66666666666669,127.5,6.490023285589757,0.0071417040227604095,0.9796537341301206,8.68218647998751e-05
90.0,419,611.1111111111111,166.66666666666669,127.5,6.49409348050791,0.007125150558822253,0.9796585935935018,8.687664455367897e-05
90.0,420,722.2222222222223,166.66666666666669,127.5,6.501503714865233,0.007095101673056132,0.9796674261154455,8.697637683961202e-05
90.0,421,833.3333333333334,166.66666666666669,127.5,6.5079824992991835,0.007068901173185047,0.9796751356341251,8.706357298666295e-05
90.0,422,944.4444444444445,166.66666666666669,127.5,6.5115378105254695,0.007054549197437751,0.9796793613796503,8.711142292990731e-05
90.0,423,55.55555555555556,277.77777777777777,127.5,6.507407224371958,0.007071221871197297,0.9796744502758318,8.705583040885256e-05
90.0,424,166.66666666666669,277.77777777777777,127.5,6.501503714865201,0.007095101673056192,0.9796674261154495,8.697637683961191e-05
90.0,425,277.77777777777777,277.77777777777777,127.5,6.489819470664077,0.007142517869467194,0.9796534928384967,8.681912189701662e-05
90.0,426,388.8888888888889,277.77777777777777,127.5,6.47434074946182,0.007205696012950398,0.979634957487678,8.661079657993e-05
90.0,427,500.0,277.77777777777777,127.5,6.4633964402484585,0.007250697083353733,0.979621781786184,8.646349652980345e-05
90.0,428,611.1111111111111,277.77777777777777,127.5,6.474340749461843,0.007205696012950356,0.9796349574876757,8.66107965799301e-05
90.0,429,722.2222222222223,277.77777777777777,127.5,6.489819470664096,0.007142517869467167,0.979653492838496,8.681912189701671e-05
90.0,430,833.3333333333334,277.77777777777777,127.5,6.501503714865226,0.007095101673056144,0.979667426115446,8.697637683961191e-05
90.0,431,944.4444444444445,277.77777777777777,127.5,6.507407224371968,0.007071221871197277,0.9796744502758302,8.705583040885257e-05
90.0,432,55.55555555555556,388.8888888888889,127.5,6.503114699682196,0.007088575149736735,0.9796693418550008,8.699805842283844e-05
90.0,433,166.66666666666669,388.8888888888889,127.5,6.494093480507887,0.007125150558822303,0.9796585935935052,8.687664455367896e-05
90.0,434,277.77777777777777,388.8888888888889,127.5,6.474340749461821,0.0072056960129503935,0.9796349574876776,8.661079657992996e-05
90.0,435,388.8888888888889,388.8888888888889,127.5,6.442623750749317,0.007336423676824324,0.9795966743739946,8.618391535076006e-05
90.0,436,500.0,388.8888888888889,127.5,6.409991671752804,0.007473324791826609,0.9795567112785037,8.574469424356469e-05
90.0,437,611.1111111111111,388.8888888888889,127.5,6.442623750749328,0.007336423676824289,0.9795966743739916,8.61839153507601e-05
90.0,438,722.2222222222223,388.8888888888889,127.5,6.4743407494618515,0.007205696012950334,0.979634957487674,8.661079657993011e-05
90.0,439,833.3333333333334,388.8888888888889,127.5,6.494093480507901,0.007125150558822256,0.9796585935935015,8.687664455367894e-05
90.0,440,944.4444444444445,388.8888888888889,127.5,6.503114699682195,0.007088575149736732,0.9796693418550003,8.69980584228384e-05
90.0,441,55.55555555555556,500.0,127.5,6.501085405017201,0.007096790397856735,0.9796669252360508,8.697074668461072e-05
90.0,442,166.66666666666669,500.0,127.5,6.490023285589754,0.007141704022760416,0.9796537341301212,8.682186479987516e-05
90.0,443,277.77777777777777,500.0,127.5,6.463396440248456,0.007250697083353732,0.9796217817861832,8.646349652980339e-05
90.0,444,388.8888888888889,500.0,127.5,6.4099916717527945,0.007473324791826626,0.9795567112785044,8.574469424356458e-05
90.0,445,500.0,500.0,127.5,6.320859180419362,0.007860025810727717,0.9794443987956958,8.454485694292547e-05
90.0,446,611.1111111111111,500.0,127.5,6.4099916717527945,0.007473324791826626,0.9795567112785044,8.574469424356458e-05
90.0,447,722.2222222222223,500.0,127.5,6.463396440248456,0.007250697083353737,0.9796217817861839,8.646349652980344e-05
90.0,448,833.3333333333334,500.0,127.5,6.490023285589753,0.007141704022760414,0.9796537341301204,8.682186479987508e-05
90.0,449,944.4444444444445,500.0,127.5,6.501085405017202,0.007096790397856741,0.9796669252360517,8.69707466846108e-05
90.0,450,55.55555555555556,611.1111111111111,127.5,6.503114699682175,0.00708857514973677,0.9796693418550023,8.699805842283825e-05
90.0,451,166.66666666666669,611.1111111111111,127.5,6.4940934805078845,0.007125150558822298,0.9796585935935046,8.687664455367892e-05
90.0,452,277.77777777777777,611.1111111111111,127.5,6.4743407494618355,0.007205696012950363,0.9796349574876754,8.661079657993007e-05
90.0,453,388.8888888888889,611.1111111111111,127.5,6.442623750749327,0.007336423676824301,0.9795966743739927,8.618391535076004e-05
90.0,454,500.0,611.1111111111111,127.5,6.409991671752801,0.007473324791826608,0.9795567112785025,8.574469424356458e-05
90.0,455,611.1111111111111,611.1111111111111,127.5,6.442623750749333,0.0073364236768242806,0.9795966743739907,8.618391535076002e-05
90.0,456,722.2222222222223,611.1111111111111,127.5,6.47434074946183,0.007205696012950369,0.9796349574876758,8.661079657992996e-05
90.0,457,833.3333333333334,611.1111111111111,127.5,6.494093480507891,0.007125150558822287,0.9796585935935038,8.6876644553679e-05
90.0,458,944.4444444444445,611.1111111111111,127.5,6.503114699682174,0.007088575149736768,0.9796693418550017,8.699805842283819e-05
90.0,459,55.55555555555556,722.2222222222223,127.5,6.507407224371943,0.00707122187119733,0.9796744502758342,8.705583040885247e-05
90.0,460,166.66666666666669,722.2222222222223,127.5,6.501503714865199,0.007095101673056188,0.9796674261154485,8.697637683961183e-05
90.0,461,277.77777777777777,722.2222222222223,127.5,6.489819470664069,0.007142517869467211,0.9796534928384979,8.681912189701658e-05
90.0,462,388.8888888888889,722.2222222222223,127.5,6.474340749461821,0.007205696012950392,0.9796349574876775,8.661079657992995e-05
90.0,463,500.0,722.2222222222223,127.5,6.463396440248457,0.007250697083353726,0.979621781786183,8.646349652980336e-05
90.0,464,611.1111111111111,722.2222222222223,127.5,6.47434074946185,0.007205696012950337,0.979634957487674,8.661079657993011e-05
90.0,465,722.2222222222223,722.2222222222223,127.5,6.489819470664086,0.007142517869467177,0.979653492838496,8.681912189701671e-05
90.0,466,833.3333333333334,722.2222222222223,127.5,6.501503714865215,0.007095101673056165,0.9796674261154474,8.697637683961189e-05
90.0,467,944.4444444444445,722.2222222222223,127.5,6.507407224371953,0.007071221871197313,0.9796744502758329,8.70558304088525e-05
90.0,468,55.55555555555556,833.3333333333334,127.5,6.511537810525442,0.0070545491974378025,0.9796793613796531,8.711142292990724e-05
90.0,469,166.66666666666669,833.3333333333334,127.5,6.50798249929915,0.007068901173185106,0.9796751356341291,8.706357298666284e-05
90.0,470,277.77777777777777,833.3333333333334,127.5,6.5015037148651915,0.007095101673056217,0.9796674261154512,8.697637683961191e-05
90.0,471,388.8888888888889,833.3333333333334,127.5,6.4940934805078685,0.007125150558822327,0.9796585935935059,8.687664455367889e-05
90.0,472,500.0,833.3333333333334,127.5,6.490023285589749,0.007141704022760432,0.9796537341301226,8.68218647998751e-05
90.0,473,611.1111111111111,833.3333333333334,127.5,6.494093480507892,0.007125150558822287,0.9796585935935038,8.6876644553679e-05
90.0,474,722.2222222222223,833.3333333333334,127.5,6.501503714865217,0.007095101673056164,0.9796674261154481,8.697637683961194e-05
90.0,475,833.3333333333334,833.3333333333334,127.5,6.507982499299168,0.007068901173185071,0.9796751356341264,8.70635729866629e-05
90.0,476,944.4444444444445,833.3333333333334,127.5,6.511537810525447,0.007054549197437802,0.9796793613796535,8.711142292990728e-05
90.0,477,55.55555555555556,944.4444444444445,127.5,6.513929644668147,0.007044906051289476,0.979682203046817,8.714361402911941e-05
90.0,478,166.66666666666669,944.4444444444445,127.5,6.5115378105254385,0.007054549197437813,0.9796793613796542,8.711142292990719e-05
90.0,479,277.77777777777777,944.4444444444445,127.5,6.507407224371937,0.007071221871197331,0.9796744502758333,8.705583040885238e-05
90.0,480,388.8888888888889,944.4444444444445,127.5,6.50311469968217,0.007088575149736786,0.9796693418550039,8.699805842283838e-05
90.0,481,500.0,944.4444444444445,127.5,6.5010854050172,0.007096790397856735,0.9796669252360507,8.697074668461071e-05
90.0,482,611.1111111111111,944.4444444444445,127.5,6.503114699682194,0.007088575149736732,0.9796693418549999,8.699805842283835e-05
90.0,483,722.2222222222223,944.4444444444445,127.5,6.507407224371963,0.007071221871197287,0.9796744502758314,8.705583040885253e-05
90.0,484,833.3333333333334,944.4444444444445,127.5,6.511537810525467,0.0070545491974377565,0.9796793613796505,8.711142292990732e-05
90.0,485,944.4444444444445,944.4444444444445,127.5,6.513929644668173,0.007044906051289418,0.9796822030468133,8.714361402911954e-05
90.0,486,55.55555555555556,55.55555555555556,132.5,7.058449356728803,0.006270463094536717,0.9798830535087181,9.443288437777974e-05
90.0,487,166.66666666666669,55.55555555555556,132.5,7.056110334267339,0.006278896446001219,0.9798806589206163,9.440142365617951e-05
90.0,488,277.77777777777777,55.55555555555556,132.5,7.052063514229429,0.006293502559974041,0.9798765132677781,9.434699242589821e-05
90.0,489,388.8888888888889,55.55555555555556,132.5,7.047852141227381,0.00630872469099919,0.9798721955835056,9.429034791887505e-05
90.0,490,500.0,55.55555555555556,132.5,7.045863183825533,0.006315922803549371,0.9798701553033944,9.42635957331567e-05
90.0,491,611.1111111111111,55.55555555555556,132.5,7.047852141227397,0.0063087246909991675,0.9798721955835042,9.429034791887491e-05
90.0,492,722.2222222222223,55.55555555555556,132.5,7.052063514229451,0.006293502559974003,0.979876513267775,9.434699242589807e-05
90.0,493,833.3333333333334,55.55555555555556,132.5,7.05611033426734,0.006278896446001226,0.9798806589206177,9.440142365617948e-05
90.0,494,944.4444444444445,55.55555555555556,132.5,7.058449356728812,0.006270463094536707,0.9798830535087177,9.443288437777988e-05
90.0,495,55.55555555555556,166.66666666666669,132.5,7.056110334267349,0.006278896446001214,0.9798806589206172,9.440142365617959e-05
90.0,496,166.66666666666669,166.66666666666669,132.5,7.052621486774335,0.006291489731277401,0.9798770860542856,9.435449745799024e-05
90.0,497,277.77777777777777,166.66666666666669,132.5,7.046255502617363,0.006314506921811774,0.9798705600957442,9.426887278036996e-05
90.0,498,388.8888888888889,166.66666666666669,132.5,7.038974624062524,0.006340894533378062,0.9798630853607022,9.417094242550595e-05
90.0,499,500.0,166.66666666666669,132.5,7.0349894176085135,0.006355373696510054,0.9798589883561396,9.411733992188771e-05
90.0,500,611.1111111111111,166.66666666666669,132.5,7.038974624062544,0.006340894533378025,0.9798630853606994,9.417094242550602e-05
90.0,501,722.2222222222223,166.66666666666669,132.5,7.046255502617383,0.006314506921811741,0.9798705600957415,9.426887278037002e-05
90.0,502,833.3333333333334,166.66666666666669,132.5,7.052621486774337,0.0062914897312774,0.9798770860542859,9.435449745799027e-05
90.0,503,944.4444444444445,166.66666666666669,132.5,7.056110334267339,0.006278896446001212,0.9798806589206153,9.440142365617941e-05
90.0,504,55.55555555555556,277.77777777777777,132.5,7.052063514229423,0.006293502559974053,0.9798765132677789,9.434699242589811e-05
90.0,505,166.66666666666669,277.77777777777777,132.5,7.046255502617344,0.006314506921811804,0.979870560095746,9.426887278036995e-05
90.0,506,277.77777777777777,277.77777777777777,132.5,7.034761142765621,0.0063561942345148285,0.979858754848301,9.411426966295093e-05
90.0,507,388.8888888888889,277.77777777777777,132.5,7.019577924189509,0.006411531886864286,0.979843104239225,9.391004882622866e-05
90.0,508,500.0,277.77777777777777,132.5,7.009018586945407,0.006450248869560658,0.97983217092616,9.376801930032218e-05
90.0,509,611.1111111111111,277.77777777777777,132.5,7.0195779241895355,0.006411531886864239,0.9798431042392215,9.391004882622881e-05
90.0,510,722.2222222222223,277.77777777777777,132.5,7.034761142765652,0.006356194234514779,0.9798587548482977,9.411426966295095e-05
90.0,511,833.3333333333334,277.77777777777777,132.5,7.046255502617373,0.0063145069218117494,0.9798705600957415,9.426887278036984e-05
90.0,512,944.4444444444445,277.77777777777777,132.5,7.052063514229432,0.00629350255997404,0.9798765132677782,9.434699242589822e-05
90.0,513,55.55555555555556,388.8888888888889,132.5,7.047852141227395,0.006308724690999159,0.9798721955835024,9.42903479188749e-05
90.0,514,166.66666666666669,388.8888888888889,132.5,7.038974624062518,0.00634089453337807,0.9798630853607023,9.417094242550596e-05
90.0,515,277.77777777777777,388.8888888888889,132.5,7.0195779241895115,0.0064115318868642685,0.9798431042392228,9.391004882622879e-05
90.0,516,388.8888888888889,388.8888888888889,132.5,6.988824991113545,0.006524554795502106,0.979811183757317,9.349640206509755e-05
90.0,517,500.0,388.8888888888889,132.5,6.958700628263169,0.0066368512060062165,0.9797795383748013,9.309119316338548e-05
90.0,518,611.1111111111111,388.8888888888889,132.5,6.988824991113566,0.006524554795502065,0.9798111837573137,9.349640206509758e-05
90.0,519,722.2222222222223,388.8888888888889,132.5,7.019577924189538,0.0064115318868642355,0.9798431042392213,9.39100488262288e-05
90.0,520,833.3333333333334,388.8888888888889,132.5,7.038974624062524,0.0063408945333780645,0.9798630853607023,9.417094242550596e-05
90.0,521,944.4444444444445,388.8888888888889,132.5,7.047852141227388,0.00630872469099917,0.9798721955835034,9.429034791887483e-05
90.0,522,55.55555555555556,500.0,132.5,7.045863183825496,0.006315922803549429,0.979870155303398,9.426359573315672e-05
90.0,523,166.66666666666669,500.0,132.5,7.034989417608506,0.006355373696510057,0.9798589883561396,9.411733992188771e-05
90.0,524,277.77777777777777,500.0,132.5,7.009018586945387,0.006450248869560689,0.9798321709261615,9.376801930032198e-05
90.0,525,388.8888888888889,500.0,132.5,6.9587006282631565,0.006636851206006231,0.9797795383748014,9.309119316338533e-05
90.0,526,500.0,500.0,132.5,6.884210863645741,0.006921751714985957,0.9796995183002173,9.20891321800723e-05
90.0,527,611.1111111111111,500.0,132.5,6.958700628263155,0.0066368512060062355,0.9797795383748018,9.309119316338537e-05
90.0,528,722.2222222222223,500.0,132.5,7.009018586945386,0.006450248869560687,0.9798321709261614,9.376801930032196e-05
90.0,529,833.3333333333334,500.0,132.5,7.034989417608498,0.0063553736965100745,0.9798589883561415,9.411733992188772e-05
90.0,530,944.4444444444445,500.0,132.5,7.045863183825501,0.006315922803549421,0.9798701553033975,9.426359573315667e-05
90.0,531,55.55555555555556,611.1111111111111,132.5,7.047852141227368,0.006308724690999189,0.9798721955835041,9.429034791887472e-05
90.0,532,166.66666666666669,611.1111111111111,132.5,7.038974624062504,0.006340894533378085,0.9798630853607034,9.417094242550588e-05
90.0,533,277.77777777777777,611.1111111111111,132.5,7.01957792418952,0.00641153188686426,0.9798431042392228,9.391004882622879e-05
90.0,534,388.8888888888889,611.1111111111111,132.5,6.988824991113557,0.006524554795502073,0.9798111837573138,9.349640206509759e-05
90.0,535,500.0,611.1111111111111,132.5,6.958700628263159,0.006636851206006235,0.979779538374802,9.309119316338539e-05
90.0,536,611.1111111111111,611.1111111111111,132.5,6.988824991113552,0.006524554795502092,0.9798111837573161,9.349640206509747e-05
90.0,537,722.2222222222223,611.1111111111111,132.5,7.0195779241895195,0.0064115318868642685,0.9798431042392244,9.391004882622877e-05
90.0,538,833.3333333333334,611.1111111111111,132.5,7.038974624062523,0.006340894533378063,0.9798630853607021,9.417094242550594e-05
90.0,539,944.4444444444445,611.1111111111111,132.5,7.047852141227364,0.006308724690999212,0.9798721955835072,9.429034791887486e-05
90.0,540,55.55555555555556,722.2222222222223,132.5,7.052063514229409,0.006293502559974076,0.9798765132677806,9.434699242589811e-05
90.0,541,166.66666666666669,722.2222222222223,132.5,7.046255502617335,0.006314506921811804,0.9798705600957449,9.426887278036968e-05
90.0,542,277.77777777777777,722.2222222222223,132.5,7.034761142765617,0.006356194234514831,0.9798587548483008,9.411426966295092e-05
90.0,543,388.8888888888889,722.2222222222223,132.5,7.0195779241895115,0.00641153188686427,0.9798431042392228,9.391004882622879e-05
90.0,544,500.0,722.2222222222223,132.5,7.009018586945385,0.0064502488695606895,0.9798321709261615,9.376801930032198e-05
90.0,545,611.1111111111111,722.2222222222223,132.5,7.0195779241895355,0.006411531886864239,0.9798431042392217,9.391004882622884e-05
90.0,546,722.2222222222223,722.2222222222223,132.5,7.034761142765635,0.006356194234514806,0.9798587548482993,9.411426966295095e-05
90.0,547,833.3333333333334,722.2222222222223,132.5,7.046255502617363,0.006314506921811774,0.9798705600957442,9.426887278036996e-05
90.0,548,944.4444444444445,722.2222222222223,132.5,7.052063514229426,0.006293502559974051,0.9798765132677792,9.434699242589816e-05
90.0,549,55.55555555555556,833.3333333333334,132.5,7.0561103342673155,0.00627889644600126,0.97988065892062,9.440142365617953e-05
90.0,550,166.66666666666669,833.3333333333334,132.5,7.052621486774305,0.00629148973127746,0.9798770860542907,9.435449745799022e-05
90.0,551,277.77777777777777,833.3333333333334,132.5,7.0462555026173375,0.006314506921811818,0.979870560095747,9.426887278036988e-05
90.0,552,388.8888888888889,833.3333333333334,132.5,7.0389746240624955,0.0063408945333781035,0.9798630853607049,9.417094242550588e-05
90.0,553,500.0,833.3333333333334,132.5,7.034989417608495,0.006355373696510078,0.9798589883561415,9.411733992188772e-05
90.0,554,611.1111111111111,833.3333333333334,132.5,7.038974624062522,0.00634089453337806,0.9798630853607018,9.417094242550591e-05
90.0,555,722.2222222222223,833.3333333333334,132.5,7.046255502617365,0.006314506921811773,0.9798705600957439,9.426887278036992e-05
90.0,556,833.3333333333334,833.3333333333334,132.5,7.0526214867743215,0.006291489731277425,0.9798770860542875,9.435449745799026e-05
90.0,557,944.4444444444445,833.3333333333334,132.5,7.056110334267313,0.00627889644600126,0.9798806589206197,9.440142365617951e-05
90.0,558,55.55555555555556,944.4444444444445,132.5,7.058449356728785,0.006270463094536748,0.9798830535087197,9.443288437777974e-05
90.0,559,166.66666666666669,944.4444444444445,132.5,7.056110334267308,0.006278896446001269,0.9798806589206202,9.440142365617939e-05
90.0,560,277.77777777777777,944.4444444444445,132.5,7.0520635142294115,0.006293502559974067,0.9798765132677794,9.434699242589799e-05
90.0,561,388.8888888888889,944.4444444444445,132.5,7.047852141227378,0.0063087246909991875,0.9798721955835041,9.429034791887472e-05
90.0,562,500.0,944.4444444444445,132.5,7.045863183825508,0.006315922803549415,0.9798701553033975,9.426359573315667e-05
90.0,563,611.1111111111111,944.4444444444445,132.5,7.047852141227392,0.006308724690999165,0.9798721955835034,9.429034791887483e-05
90.0,564,722.2222222222223,944.4444444444445,132.5,7.052063514229429,0.006293502559974041,0.979876513267778,9.43469924258982e-05
90.0,565,833.3333333333334,944.4444444444445,132.5,7.056110334267346,0.006278896446001215,0.9798806589206168,9.440142365617956e-05
90.0,566,944.4444444444445,944.4444444444445,132.5,7.05844935672881,0.006270463094536711,0.979883053508718,9.44328843777799e-05
90.0,567,55.55555555555556,55.55555555555556,137.5,7.582902010345897,0.005674705277390483,0.9800223893281432,0.00010144863257095418
90.0,568,166.66666666666669,55.55555555555556,137.5,7.580595442135335,0.005682256150696763,0.9800203214770767,0.00010141762658172118
90.0,569,277.77777777777777,55.55555555555556,137.5,7.576602998241353,0.005695338601649115,0.9800167401730351,0.00010136395824811309
90.0,570,388.8888888888889,55.55555555555556,137.5,7.572444882219887,0.005708981345176234,0.9800130076537034,0.00010130806288856285
90.0,571,500.0,55.55555555555556,137.5,7.570480672721168,0.0057154329112625605,0.9800112437510659,0.00010128165908254587
90.0,572,611.1111111111111,55.55555555555556,137.5,7.572444882219899,0.0057089813451762115,0.9800130076537011,0.0001013080628885628
90.0,573,722.2222222222223,55.55555555555556,137.5,7.576602998241373,0.005695338601649095,0.9800167401730342,0.0001013639582481132
90.0,574,833.3333333333334,55.55555555555556,137.5,7.580595442135343,0.0056822561506967555,0.9800203214770762,0.00010141762658172113
90.0,575,944.4444444444445,55.55555555555556,137.5,7.582902010345912,0.005674705277390458,0.9800223893281408,0.00010144863257095431
90.0,576,55.55555555555556,166.66666666666669,137.5,7.580595442135342,0.005682256150696755,0.9800203214770761,0.00010141762658172111
90.0,577,166.66666666666669,166.66666666666669,137.5,7.577148798745746,0.005693551007073591,0.980017230815382,0.00010137129525109419
90.0,578,277.77777777777777,166.66666666666669,137.5,7.570857172546739,0.005714199855412865,0.9800115838898973,0.00010128672037119098
90.0,579,388.8888888888889,166.66666666666669,137.5,7.563656939395674,0.005737881215580038,0.9800051133282408,0.0001011899315697232
90.0,580,500.0,166.66666666666669,137.5,7.559726853391267,0.005750834112464559,0.9800015778391575,0.00010113710156195422
90.0,581,611.1111111111111,166.66666666666669,137.5,7.563656939395696,0.005737881215580001,0.9800051133282376,0.00010118993156972323
90.0,582,722.2222222222223,166.66666666666669,137.5,7.570857172546765,0.005714199855412826,0.9800115838898942,0.00010128672037119101
90.0,583,833.3333333333334,166.66666666666669,137.5,7.577148798745746,0.005693551007073594,0.9800172308153825,0.00010137129525109425
90.0,584,944.4444444444445,166.66666666666669,137.5,7.58059544213533,0.005682256150696775,0.9800203214770776,0.0001014176265817211
90.0,585,55.55555555555556,277.77777777777777,137.5,7.576602998241347,0.005695338601649133,0.9800167401730373,0.00010136395824811313
90.0,586,166.66666666666669,277.77777777777777,137.5,7.570857172546722,0.005714199855412897,0.9800115838899008,0.000101286720371191
90.0,587,277.77777777777777,277.77777777777777,137.5,7.5594815231146635,0.005751638543024969,0.9800013572644383,0.00010113380374196698
90.0,588,388.8888888888889,277.77777777777777,137.5,7.544486843163046,0.005801199734203695,0.9799878361002408,0.00010093223759614644
90.0,589,500.0,277.77777777777777,137.5,7.5341881704760905,0.005835403277007153,0.9799785174925736,0.00010079379651151042
90.0,590,611.1111111111111,277.77777777777777,137.5,7.544486843163078,0.005801199734203653,0.979987836100238,0.00010093223759614651
90.0,591,722.2222222222223,277.77777777777777,137.5,7.559481523114696,0.005751638543024932,0.9800013572644362,0.00010113380374196713
90.0,592,833.3333333333334,277.77777777777777,137.5,7.570857172546753,0.005714199855412851,0.980011583889897,0.00010128672037119095
90.0,593,944.4444444444445,277.77777777777777,137.5,7.576602998241355,0.005695338601649117,0.9800167401730359,0.00010136395824811317
90.0,594,55.55555555555556,388.8888888888889,137.5,7.572444882219902,0.005708981345176211,0.9800130076537014,0.00010130806288856283
90.0,595,166.66666666666669,388.8888888888889,137.5,7.563656939395669,0.005737881215580046,0.9800051133282421,0.00010118993156972317
90.0,596,277.77777777777777,388.8888888888889,137.5,7.544486843163056,0.005801199734203681,0.9799878361002398,0.00010093223759614651
90.0,597,388.8888888888889,388.8888888888889,137.5,7.514389357733367,0.005901389331596518,0.9799605356484897,0.00010052764692646087
90.0,598,500.0,388.8888888888889,137.5,7.48593852505663,0.005997136888974671,0.9799344848627387,0.00010014518107213744
90.0,599,611.1111111111111,388.8888888888889,137.5,7.514389357733381,0.005901389331596508,0.9799605356484898,0.00010052764692646104
90.0,600,722.2222222222223,388.8888888888889,137.5,7.544486843163084,0.005801199734203644,0.9799878361002371,0.00010093223759614659
90.0,601,833.3333333333334,388.8888888888889,137.5,7.5636569393956705,0.0057378812155800315,0.9800051133282397,0.00010118993156972309
90.0,602,944.4444444444445,388.8888888888889,137.5,7.572444882219896,0.005708981345176209,0.9800130076537008,0.00010130806288856277
90.0,603,55.55555555555556,500.0,137.5,7.570480672721126,0.0057154329112626195,0.9800112437510702,0.00010128165908254576
90.0,604,166.66666666666669,500.0,137.5,7.5597268533912665,0.005750834112464563,0.9800015778391582,0.00010113710156195429
90.0,605,277.77777777777777,500.0,137.5,7.534188170476067,0.005835403277007184,0.9799785174925758,0.00010079379651151046
90.0,606,388.8888888888889,500.0,137.5,7.485938525056615,0.005997136888974686,0.9799344848627393,0.00010014518107213733
90.0,607,500.0,500.0,137.5,7.420485317394716,0.006221481848328207,0.9798735396593715,9.926524151446247e-05
90.0,608,611.1111111111111,500.0,137.5,7.4859385250566,0.005997136888974708,0.9799344848627414,0.00010014518107213736
90.0,609,722.2222222222223,500.0,137.5,7.534188170476066,0.005835403277007186,0.9799785174925758,0.00010079379651151046
90.0,610,833.3333333333334,500.0,137.5,7.5597268533912505,0.005750834112464582,0.9800015778391592,0.00010113710156195422
90.0,611,944.4444444444445,500.0,137.5,7.570480672721136,0.0057154329112626134,0.9800112437510704,0.00010128165908254579
90.0,612,55.55555555555556,611.1111111111111,137.5,7.572444882219862,0.005708981345176264,0.9800130076537056,0.00010130806288856271
90.0,613,166.66666666666669,611.1111111111111,137.5,7.563656939395654,0.005737881215580057,0.9800051133282417,0.00010118993156972312
90.0,614,277.77777777777777,611.1111111111111,137.5,7.544486843163059,0.005801199734203677,0.9799878361002398,0.00010093223759614651
90.0,615,388.8888888888889,611.1111111111111,137.5,7.514389357733375,0.005901389331596516,0.9799605356484904,0.00010052764692646094
90.0,616,500.0,611.1111111111111,137.5,7.485938525056617,0.005997136888974684,0.9799344848627395,0.00010014518107213736
90.0,617,611.1111111111111,611.1111111111111,137.5,7.514389357733359,0.005901389331596546,0.979960535648494,0.00010052764692646111
90.0,618,722.2222222222223,611.1111111111111,137.5,7.544486843163066,0.00580119973420366,0.9799878361002375,0.00010093223759614647
90.0,619,833.3333333333334,611.1111111111111,137.5,7.56365693939567,0.005737881215580032,0.9800051133282395,0.00010118993156972306
90.0,620,944.4444444444445,611.1111111111111,137.5,7.572444882219865,0.005708981345176253,0.980013007653704,0.00010130806288856274
90.0,621,55.55555555555556,722.2222222222223,137.5,7.576602998241329,0.0056953386016491475,0.9800167401730377,0.000101363958248113
90.0,622,166.66666666666669,722.2222222222223,137.5,7.570857172546717,0.005714199855412895,0.9800115838898994,0.00010128672037119085
90.0,623,277.77777777777777,722.2222222222223,137.5,7.559481523114658,0.005751638543024987,0.9800013572644405,0.00010113380374196702
90.0,624,388.8888888888889,722.2222222222223,137.5,7.5444868431630505,0.005801199734203691,0.9799878361002407,0.00010093223759614643
90.0,625,500.0,722.2222222222223,137.5,7.53418817047606,0.005835403277007197,0.979978517492577,0.00010079379651151042
90.0,626,611.1111111111111,722.2222222222223,137.5,7.544486843163083,0.005801199734203642,0.9799878361002368,0.00010093223759614655
90.0,627,722.2222222222223,722.2222222222223,137.5,7.559481523114674,0.005751638543024968,0.9800013572644386,0.00010113380374196702
90.0,628,833.3333333333334,722.2222222222223,137.5,7.570857172546747,0.005714199855412861,0.980011583889898,0.00010128672037119105
90.0,629,944.4444444444445,722.2222222222223,137.5,7.576602998241349,0.005695338601649132,0.9800167401730376,0.00010136395824811317
90.0,630,55.55555555555556,833.3333333333334,137.5,7.580595442135311,0.00568225615069679,0.9800203214770782,0.00010141762658172099
90.0,631,166.66666666666669,833.3333333333334,137.5,7.577148798745717,0.005693551007073641,0.9800172308153872,0.00010137129525109418
90.0,632,277.77777777777777,833.3333333333334,137.5,7.570857172546717,0.005714199855412897,0.9800115838899,0.0001012867203711909
90.0,633,388.8888888888889,833.3333333333334,137.5,7.563656939395646,0.005737881215580071,0.9800051133282432,0.00010118993156972312
90.0,634,500.0,833.3333333333334,137.5,7.559726853391255,0.005750834112464575,0.9800015778391589,0.00010113710156195419
90.0,635,611.1111111111111,833.3333333333334,137.5,7.5636569393956705,0.005737881215580036,0.9800051133282405,0.00010118993156972317
90.0,636,722.2222222222223,833.3333333333334,137.5,7.570857172546737,0.005714199855412872,0.9800115838898988,0.00010128672037119095
90.0,637,833.3333333333334,833.3333333333334,137.5,7.577148798745727,0.0056935510070736245,0.9800172308153853,0.00010137129525109416
90.0,638,944.4444444444445,833.3333333333334,137.5,7.580595442135311,0.005682256150696793,0.9800203214770787,0.00010141762658172105
90.0,639,55.55555555555556,944.4444444444445,137.5,7.582902010345888,0.005674705277390495,0.9800223893281438,0.00010144863257095424
90.0,640,166.66666666666669,944.4444444444445,137.5,7.5805954421353094,0.005682256150696794,0.9800203214770787,0.00010141762658172105
90.0,641,277.77777777777777,944.4444444444445,137.5,7.576602998241332,0.005695338601649159,0.9800167401730397,0.00010136395824811321
90.0,642,388.8888888888889,944.4444444444445,137.5,7.57244488221988,0.005708981345176242,0.9800130076537041,0.00010130806288856275
90.0,643,500.0,944.4444444444445,137.5,7.570480672721141,0.0057154329112625996,0.9800112437510685,0.00010128165908254576
90.0,644,611.1111111111111,944.4444444444445,137.5,7.572444882219901,0.005708981345176216,0.980013007653702,0.0001013080628885629
90.0,645,722.2222222222223,944.4444444444445,137.5,7.576602998241353,0.005695338601649115,0.9800167401730351,0.00010136395824811309
90.0,646,833.3333333333334,944.4444444444445,137.5,7.580595442135343,0.005682256150696763,0.9800203214770775,0.00010141762658172126
90.0,647,944.4444444444445,944.4444444444445,137.5,7.582902010345913,0.005674705277390454,0.9800223893281402,0.00010144863257095426
90.0,648,55.55555555555556,55.55555555555556,142.5,8.088710852394993,0.005213381367221639,0.980117955708605,0.00010821062364992663
90.0,649,166.66666666666669,55.55555555555556,142.5,8.08641928252299,0.005220276304934321,0.9801161325900383,0.00010817983635001845
90.0,650,277.77777777777777,55.55555555555556,142.5,8.082452112730076,0.005232223535096098,0.9801129747639711,0.00010812653731744697
90.0,651,388.8888888888889,55.55555555555556,142.5,8.07831863925022,0.00524468627764421,0.9801096825234258,0.00010807100400328115
90.0,652,500.0,55.55555555555556,142.5,8.076365961955158,0.0052505793539989465,0.9801081267743965,0.00010804476976959567
90.0,653,611.1111111111111,55.55555555555556,142.5,8.078318639250222,0.0052446862776442055,0.9801096825234253,0.00010807100400328128
90.0,654,722.2222222222223,55.55555555555556,142.5,8.082452112730103,0.005232223535096063,0.9801129747639677,0.00010812653731744699
90.0,655,833.3333333333334,55.55555555555556,142.5,8.086419282523012,0.005220276304934298,0.980116132590037,0.00010817983635001849
90.0,656,944.4444444444445,55.55555555555556,142.5,8.088710852395016,0.005213381367221605,0.9801179557086016,0.00010821062364992644
90.0,657,55.55555555555556,166.66666666666669,142.5,8.086419282523003,0.005220276304934312,0.9801161325900385,0.00010817983635001848
90.0,658,166.66666666666669,166.66666666666669,142.5,8.082992376946944,0.005230597242011212,0.9801134057407025,0.00010813379587136381
90.0,659,277.77777777777777,166.66666666666669,142.5,8.076735142020784,0.005249468477591766,0.980108422673597,0.00010804972989673098
90.0,660,388.8888888888889,166.66666666666669,142.5,8.069572863771569,0.005271110944222731,0.9801027125971279,0.00010795350465476646
90.0,661,500.0,166.66666666666669,142.5,8.065669548306724,0.0052829255248719184,0.9800995985520814,0.00010790106366330967
90.0,662,611.1111111111111,166.66666666666669,142.5,8.069572863771587,0.0052711109442227155,0.980102712597127,0.00010795350465476659
90.0,663,722.2222222222223,166.66666666666669,142.5,8.076735142020816,0.005249468477591727,0.9801084226735935,0.00010804972989673119
90.0,664,833.3333333333334,166.66666666666669,142.5,8.082992376946946,0.005230597242011214,0.9801134057407026,0.00010813379587136382
90.0,665,944.4444444444445,166.66666666666669,142.5,8.086419282522993,0.005220276304934314,0.9801161325900379,0.00010817983635001842
90.0,666,55.55555555555556,277.77777777777777,142.5,8.082452112730076,0.005232223535096087,0.9801129747639692,0.00010812653731744676
90.0,667,166.66666666666669,277.77777777777777,142.5,8.076735142020775,0.005249468477591778,0.9801084226735987,0.00010804972989673097
90.0,668,277.77777777777777,277.77777777777777,142.5,8.06541547649199,0.005283694579836305,0.9800993950499935,0.00010789765013077567
90.0,669,388.8888888888889,277.77777777777777,142.5,8.050512981902063,0.0053289172113249565,0.9800874803181883,0.00010769743455120976
90.0,670,500.0,277.77777777777777,142.5,8.040344941689149,0.005359883527553476,0.9800793322621187,0.00010756082632810922
90.0,671,611.1111111111111,277.77777777777777,142.5,8.050512981902093,0.005328917211324919,0.9800874803181852,0.0001076974345512098
90.0,672,722.2222222222223,277.77777777777777,142.5,8.06541547649203,0.005283694579836258,0.9800993950499898,0.00010789765013077564
90.0,673,833.3333333333334,277.77777777777777,142.5,8.076735142020802,0.00524946847759174,0.9801084226735942,0.00010804972989673087
90.0,674,944.4444444444445,277.77777777777777,142.5,8.082452112730087,0.005232223535096087,0.9801129747639702,0.00010812653731744687
90.0,675,55.55555555555556,388.8888888888889,142.5,8.078318639250236,0.005244686277644191,0.9801096825234239,0.00010807100400328113
90.0,676,166.66666666666669,388.8888888888889,142.5,8.069572863771564,0.005271110944222745,0.98010271259713,0.00010795350465476652
90.0,677,277.77777777777777,388.8888888888889,142.5,8.05051298190208,0.0053289172113249374,0.9800874803181873,0.00010769743455120984
90.0,678,388.8888888888889,388.8888888888889,142.5,8.020743106103197,0.005419800727877259,0.9800635631867339,0.00010729747197362644
90.0,679,500.0,388.8888888888889,142.5,7.993127526446958,0.005504759477667751,0.9800412338848032,0.00010692644848894786
90.0,680,611.1111111111111,388.8888888888889,142.5,8.020743106103223,0.005419800727877227,0.9800635631867316,0.00010729747197362658
90.0,681,722.2222222222223,388.8888888888889,142.5,8.05051298190211,0.005328917211324892,0.9800874803181823,0.00010769743455120968
90.0,682,833.3333333333334,388.8888888888889,142.5,8.069572863771562,0.005271110944222755,0.9801027125971313,0.00010795350465476667
90.0,683,944.4444444444445,388.8888888888889,142.5,8.07831863925022,0.005244686277644217,0.9801096825234271,0.00010807100400328128
90.0,684,55.55555555555556,500.0,142.5,8.07636596195511,0.0052505793539990055,0.9801081267744008,0.00010804476976959556
90.0,685,166.66666666666669,500.0,142.5,8.065669548306728,0.005282925524871911,0.9800995985520805,0.00010790106366330977
90.0,686,277.77777777777777,500.0,142.5,8.040344941689126,0.005359883527553506,0.9800793322621216,0.00010756082632810915
90.0,687,388.8888888888889,500.0,142.5,7.993127526446936,0.0055047594776677835,0.9800412338848064,0.00010692644848894782
90.0,688,500.0,500.0,142.5,7.931979240515436,0.005695124176167087,0.9799912516134879,0.00010610488424337493
90.0,689,611.1111111111111,500.0,142.5,7.993127526446923,0.005504759477667798,0.9800412338848071,0.0001069264484889477
90.0,690,722.2222222222223,500.0,142.5,8.040344941689122,0.0053598835275535115,0.9800793322621221,0.0001075608263281092
90.0,691,833.3333333333334,500.0,142.5,8.06566954830671,0.005282925524871941,0.980099598552084,0.00010790106366330975
90.0,692,944.4444444444445,500.0,142.5,8.07636596195512,0.005250579353998991,0.9801081267743994,0.00010804476976959558
90.0,693,55.55555555555556,611.1111111111111,142.5,8.078318639250183,0.005244686277644258,0.9801096825234304,0.00010807100400328127
90.0,694,166.66666666666669,611.1111111111111,142.5,8.069572863771542,0.005271110944222767,0.9801027125971311,0.00010795350465476645
90.0,695,277.77777777777777,611.1111111111111,142.5,8.050512981902076,0.005328917211324936,0.9800874803181864,0.00010769743455120975
90.0,696,388.8888888888889,611.1111111111111,142.5,8.020743106103211,0.00541980072787724,0.9800635631867326,0.00010729747197362668
90.0,697,500.0,611.1111111111111,142.5,7.993127526446937,0.005504759477667783,0.9800412338848062,0.0001069264484889478
90.0,698,611.1111111111111,611.1111111111111,142.5,8.020743106103199,0.005419800727877254,0.9800635631867336,0.0001072974719736266
90.0,699,722.2222222222223,611.1111111111111,142.5,8.05051298190209,0.005328917211324916,0.9800874803181843,0.00010769743455120971
90.0,700,833.3333333333334,611.1111111111111,142.5,8.069572863771562,0.005271110944222746,0.9801027125971297,0.00010795350465476649
90.0,701,944.4444444444445,611.1111111111111,142.5,8.078318639250192,0.005244686277644247,0.9801096825234292,0.00010807100400328113
90.0,702,55.55555555555556,722.2222222222223,142.5,8.082452112730055,0.0052322235350961204,0.9801129747639729,0.00010812653731744679
90.0,703,166.66666666666669,722.2222222222223,142.5,8.076735142020777,0.005249468477591766,0.9801084226735964,0.00010804972989673091
90.0,704,277.77777777777777,722.2222222222223,142.5,8.065415476491983,0.005283694579836312,0.9800993950499942,0.00010789765013077556
90.0,705,388.8888888888889,722.2222222222223,142.5,8.050512981902072,0.005328917211324945,0.9800874803181873,0.00010769743455120984
90.0,706,500.0,722.2222222222223,142.5,8.04034494168912,0.005359883527553514,0.9800793322621223,0.00010756082632810923
90.0,707,611.1111111111111,722.2222222222223,142.5,8.050512981902106,0.005328917211324906,0.9800874803181844,0.00010769743455120991
90.0,708,722.2222222222223,722.2222222222223,142.5,8.065415476491994,0.005283694579836305,0.9800993950499941,0.00010789765013077573
90.0,709,833.3333333333334,722.2222222222223,142.5,8.076735142020798,0.00524946847759175,0.9801084226735961,0.00010804972989673108
90.0,710,944.4444444444445,722.2222222222223,142.5,8.082452112730074,0.005232223535096097,0.9801129747639706,0.00010812653731744693
90.0,711,55.55555555555556,833.3333333333334,142.5,8.086419282522977,0.005220276304934341,0.9801161325900409,0.00010817983635001836
90.0,712,166.66666666666669,833.3333333333334,142.5,8.08299237694692,0.005230597242011248,0.9801134057407063,0.00010813379587136384
90.0,713,277.77777777777777,833.3333333333334,142.5,8.076735142020775,0.005249468477591777,0.9801084226735983,0.00010804972989673093
90.0,714,388.8888888888889,833.3333333333334,142.5,8.06957286377154,0.005271110944222767,0.9801027125971309,0.00010795350465476642
90.0,715,500.0,833.3333333333334,142.5,8.065669548306701,0.005282925524871949,0.9800995985520843,0.0001079010636633098
90.0,716,611.1111111111111,833.3333333333334,142.5,8.06957286377156,0.005271110944222743,0.9801027125971293,0.00010795350465476645
90.0,717,722.2222222222223,833.3333333333334,142.5,8.076735142020784,0.005249468477591766,0.9801084226735972,0.00010804972989673101
90.0,718,833.3333333333334,833.3333333333334,142.5,8.082992376946924,0.005230597242011251,0.9801134057407075,0.00010813379587136377
90.0,719,944.4444444444445,833.3333333333334,142.5,8.08641928252298,0.005220276304934329,0.9801161325900389,0.00010817983635001832
90.0,720,55.55555555555556,944.4444444444445,142.5,8.088710852394989,0.005213381367221641,0.9801179557086049,0.00010821062364992643
90.0,721,166.66666666666669,944.4444444444445,142.5,8.086419282522977,0.005220276304934334,0.9801161325900396,0.00010817983635001838
90.0,722,277.77777777777777,944.4444444444445,142.5,8.082452112730058,0.005232223535096119,0.9801129747639731,0.00010812653731744682
90.0,723,388.8888888888889,944.4444444444445,142.5,8.078318639250199,0.005244686277644233,0.9801096825234279,0.00010807100400328118
90.0,724,500.0,944.4444444444445,142.5,8.076365961955128,0.005250579353998983,0.9801081267743994,0.00010804476976959558
90.0,725,611.1111111111111,944.4444444444445,142.5,8.078318639250224,0.005244686277644209,0.9801096825234259,0.00010807100400328135
90.0,726,722.2222222222223,944.4444444444445,142.5,8.082452112730083,0.0052322235350960875,0.9801129747639701,0.00010812653731744686
90.0,727,833.3333333333334,944.4444444444445,142.5,8.086419282523007,0.005220276304934302,0.980116132590037,0.00010817983635001849
90.0,728,944.4444444444445,944.4444444444445,142.5,8.088710852395016,0.005213381367221618,0.9801179557086039,0.0001082106236499267
180.0,0,55.55555555555556,55.55555555555556,102.5,6.0432383979509865,0.7499389820979666,0.9729491675881373,8.030194231338673e-05
180.0,1,166.66666666666669,55.55555555555556,102.5,6.039625744921098,0.7499388055348503,0.9729450422971233,8.02536805650797e-05
180.0,2,277.77777777777777,55.55555555555556,102.5,6.033598073114678,0.7499385808636596,0.9729381479498215,8.01731561208977e-05
180.0,3,388.8888888888889,55.55555555555556,102.5,6.027591300968032,0.7499384542324438,0.9729312639915344,8.009291062102465e-05
180.0,4,500.0,55.55555555555556,102.5,6.024862917987808,0.7499384253712075,0.9729281324364464,8.005646157754162e-05
180.0,5,611.1111111111111,55.55555555555556,102.5,6.027591300968032,0.7499384542324435,0.972931263991534,8.009291062102461e-05
180.0,6,722.2222222222223,55.55555555555556,102.5,6.033598073114678,0.7499385808636597,0.9729381479498225,8.017315612089778e-05
180.0,7,833.3333333333334,55.55555555555556,102.5,6.039625744921095,0.7499388055348505,0.9729450422971162,8.025368056507912e-05
180.0,8,944.4444444444445,55.55555555555556,102.5,6.043238397950981,0.7499389820979662,0.9729491675881424,8.030194231338715e-05
180.0,9,55.55555555555556,166.66666666666669,102.5,6.039625744921099,0.7499388055348502,0.9729450422971233,8.02536805650797e-05
180.0,10,166.66666666666669,166.66666666666669,102.5,6.03473423507389,0.7499386175416802,0.9729394487769596,8.018833429661472e-05
180.0,11,277.77777777777777,166.66666666666669,102.5,6.026143305523559,0.7499384369538159,0.9729296028058378,8.007356658668496e-05
180.0,12,388.8888888888889,166.66666666666669,102.5,6.016766159523302,0.7499384557308141,0.9729188236550461,7.994829503706584e-05
180.0,13,500.0,166.66666666666669,102.5,6.011814229495095,0.7499385601077723,0.972913118012038,7.988214076290183e-05
180.0,14,611.1111111111111,166.66666666666669,102.5,6.016766159523299,0.7499384557308141,0.972918823655046,7.994829503706582e-05
180.0,15,722.2222222222223,166.66666666666669,102.5,6.026143305523556,0.7499384369538163,0.9729296028058391,8.007356658668492e-05
180.0,16,833.3333333333334,166.66666666666669,102.5,6.034734235073887,0.74993861754168,0.9729394487769587,8.018833429661465e-05
180.0,17,944.4444444444445,166.66666666666669,102.5,6.039625744921092,0.7499388055348503,0.9729450422971225,8.025368056507964e-05
180.0,18,55.55555555555556,277.77777777777777,102.5,6.033598073114681,0.7499385808636596,0.9729381479498216,8.017315612089771e-05
180.0,19,166.66666666666669,277.77777777777777,102.5,6.0261433055235605,0.749938436953816,0.9729296028058383,8.0073566586685e-05
180.0,20,277.77777777777777,277.77777777777777,102.5,6.011921930821442,0.7499385571099572,0.9729132430222969,7.988357964523168e-05
180.0,21,388.8888888888889,277.77777777777777,102.5,5.993820014714907,0.7499385454653762,0.972892308352152,7.96417494743799e-05
180.0,22,500.0,277.77777777777777,102.5,5.98107237037951,0.7499380411232596,0.9728774904190617,7.947144755627585e-05
180.0,23,611.1111111111111,277.77777777777777,102.5,5.993820014714906,0.7499385454653766,0.972892308352145,7.964174947437933e-05
180.0,24,722.2222222222223,277.77777777777777,102.5,6.011921930821443,0.749938557109957,0.9729132430222962,7.988357964523163e-05
180.0,25,833.3333333333334,277.77777777777777,102.5,6.026143305523559,0.749938436953816,0.9729296028058385,8.007356658668502e-05
180.0,26,944.4444444444445,277.77777777777777,102.5,6.0335980731146766,0.7499385808636595,0.9729381479498292,8.01731561208982e-05
180.0,27,55.55555555555556,388.8888888888889,102.5,6.027591300968035,0.7499384542324439,0.9729312639915275,8.009291062102408e-05
180.0,28,166.66666666666669,388.8888888888889,102.5,6.016766159523301,0.7499384557308141,0.9729188236550461,7.994829503706584e-05
180.0,29,277.77777777777777,388.8888888888889,102.5,5.993820014714905,0.7499385454653765,0.972892308352153,7.964174947437998e-05
180.0,30,388.8888888888889,388.8888888888889,102.5,5.957365708287195,0.7499382503905896,0.9728497696156334,7.915473594496124e-05
180.0,31,500.0,388.8888888888889,102.5,5.9156078634501394,0.7499375626857789,0.9728004201852803,7.859685890648596e-05
180.0,32,611.1111111111111,388.8888888888889,102.5,5.957365708287199,0.7499382503905896,0.972849769615634,7.915473594496128e-05
180.0,33,722.2222222222223,388.8888888888889,102.5,5.99382001471491,0.7499385454653765,0.9728923083521452,7.96417494743795e-05
180.0,34,833.3333333333334,388.8888888888889,102.5,6.0167661595233035,0.7499384557308135,0.9729188236550522,7.994829503706634e-05
180.0,35,944.4444444444445,388.8888888888889,102.5,6.027591300968034,0.7499384542324432,0.9729312639915327,8.009291062102451e-05
180.0,36,55.55555555555556,500.0,102.5,6.024862917987806,0.7499384253712071,0.972928132436445,8.005646157754151e-05
180.0,37,166.66666666666669,500.0,102.5,6.011814229495093,0.7499385601077726,0.9729131180120386,7.988214076290188e-05
180.0,38,277.77777777777777,500.0,102.5,5.981072370379512,0.7499380411232597,0.9728774904190626,7.947144755627592e-05
180.0,39,388.8888888888889,500.0,102.5,5.915607863450137,0.7499375626857793,0.9728004201852731,7.859685890648538e-05
180.0,40,500.0,500.0,102.5,5.742865154125728,0.74993689443902,0.9725890794482493,7.628894196287642e-05
180.0,41,611.1111111111111,500.0,102.5,5.9156078634501394,0.7499375626857789,0.9728004201852806,7.859685890648598e-05
180.0,42,722.2222222222223,500.0,102.5,5.981072370379521,0.7499380411232599,0.9728774904190647,7.947144755627623e-05
180.0,43,833.3333333333334,500.0,102.5,6.011814229495098,0.7499385601077728,0.9729131180120318,7.988214076290148e-05
180.0,44,944.4444444444445,500.0,102.5,6.024862917987809,0.7499384253712079,0.9729281324364413,8.00564615775412e-05
180.0,45,55.55555555555556,611.1111111111111,102.5,6.027591300968026,0.7499384542324439,0.9729312639915341,8.009291062102462e-05
180.0,46,166.66666666666669,611.1111111111111,102.5,6.016766159523294,0.7499384557308137,0.9729188236550519,7.994829503706616e-05
180.0,47,277.77777777777777,611.1111111111111,102.5,5.993820014714897,0.7499385454653764,0.9728923083521515,7.964174947437973e-05
180.0,48,388.8888888888889,611.1111111111111,102.5,5.957365708287193,0.7499382503905893,0.9728497696156402,7.915473594496166e-05
180.0,49,500.0,611.1111111111111,102.5,5.915607863450137,0.7499375626857789,0.9728004201852806,7.859685890648598e-05
180.0,50,611.1111111111111,611.1111111111111,102.5,5.9573657082872025,0.7499382503905897,0.9728497696156351,7.915473594496138e-05
180.0,51,722.2222222222223,611.1111111111111,102.5,5.993820014714907,0.7499385454653762,0.9728923083521517,7.964174947437987e-05
180.0,52,833.3333333333334,611.1111111111111,102.5,6.0167661595233,0.7499384557308137,0.9729188236550526,7.994829503706637e-05
180.0,53,944.4444444444445,611.1111111111111,102.5,6.027591300968029,0.7499384542324438,0.9729312639915341,8.009291062102462e-05
180.0,54,55.55555555555556,722.2222222222223,102.5,6.033598073114663,0.7499385808636596,0.9729381479498275,8.017315612089791e-05
180.0,55,166.66666666666669,722.2222222222223,102.5,6.026143305523543,0.7499384369538158,0.9729296028058428,8.007356658668508e-05
180.0,56,277.77777777777777,722.2222222222223,102.5,6.011921930821427,0.7499385571099574,0.9729132430222958,7.98835796452313e-05
180.0,57,388.8888888888889,722.2222222222223,102.5,5.993820014714897,0.7499385454653761,0.9728923083521496,7.964174947437958e-05
180.0,58,500.0,722.2222222222223,102.5,5.981072370379511,0.7499380411232593,0.9728774904190616,7.947144755627584e-05
180.0,59,611.1111111111111,722.2222222222223,102.5,5.993820014714904,0.7499385454653762,0.972892308352151,7.964174947437982e-05
180.0,60,722.2222222222223,722.2222222222223,102.5,6.011921930821441,0.7499385571099575,0.9729132430222981,7.988357964523178e-05
180.0,61,833.3333333333334,722.2222222222223,102.5,6.026143305523554,0.7499384369538155,0.9729296028058431,8.007356658668525e-05
180.0,62,944.4444444444445,722.2222222222223,102.5,6.033598073114671,0.7499385808636596,0.9729381479498291,8.017315612089818e-05
180.0,63,55.55555555555556,833.3333333333334,102.5,6.039625744921073,0.7499388055348504,0.9729450422971204,8.025368056507918e-05
180.0,64,166.66666666666669,833.3333333333334,102.5,6.034734235073865,0.7499386175416799,0.9729394487769623,8.018833429661465e-05
180.0,65,277.77777777777777,833.3333333333334,102.5,6.0261433055235365,0.7499384369538157,0.972929602805841,8.007356658668479e-05
180.0,66,388.8888888888889,833.3333333333334,102.5,6.016766159523287,0.7499384557308134,0.9729188236550489,7.994829503706592e-05
180.0,67,500.0,833.3333333333334,102.5,6.011814229495089,0.7499385601077726,0.972913118012038,7.988214076290183e-05
180.0,68,611.1111111111111,833.3333333333334,102.5,6.016766159523298,0.7499384557308142,0.972918823655046,7.994829503706582e-05
180.0,69,722.2222222222223,833.3333333333334,102.5,6.026143305523555,0.7499384369538158,0.9729296028058452,8.007356658668542e-05
180.0,70,833.3333333333334,833.3333333333334,102.5,6.034734235073883,0.7499386175416802,0.9729394487769588,8.018833429661452e-05
180.0,71,944.4444444444445,833.3333333333334,102.5,6.03962574492109,0.7499388055348506,0.9729450422971238,8.02536805650796e-05
180.0,72,55.55555555555556,944.4444444444445,102.5,6.0432383979509545,0.7499389820979666,0.9729491675881404,8.030194231338657e-05
180.0,73,166.66666666666669,944.4444444444445,102.5,6.039625744921068,0.7499388055348502,0.9729450422971184,8.025368056507887e-05
180.0,74,277.77777777777777,944.4444444444445,102.5,6.033598073114653,0.7499385808636597,0.9729381479498266,8.01731561208977e-05
180.0,75,388.8888888888889,944.4444444444445,102.5,6.027591300968013,0.7499384542324437,0.9729312639915318,8.009291062102415e-05
180.0,76,500.0,944.4444444444445,102.5,6.024862917987798,0.7499384253712077,0.9729281324364465,8.005646157754147e-05
180.0,77,611.1111111111111,944.4444444444445,102.5,6.027591300968026,0.7499384542324435,0.9729312639915333,8.009291062102455e-05
180.0,78,722.2222222222223,944.4444444444445,102.5,6.033598073114674,0.7499385808636597,0.9729381479498296,8.017315612089823e-05
180.0,79,833.3333333333334,944.4444444444445,102.5,6.039625744921091,0.7499388055348508,0.9729450422971171,8.025368056507919e-05
180.0,80,944.4444444444445,944.4444444444445,102.5,6.0432383979509785,0.7499389820979664,0.9729491675881428,8.030194231338704e-05
180.0,81,55.55555555555556,55.55555555555556,107.5,6.0437321408649245,0.7498996110122927,0.9729497297688271,8.030853815809585e-05
180.0,82,166.66666666666669,55.55555555555556,107.5,6.040119499876235,0.7498994230453322,0.9729456044825457,8.026027652785488e-05
180.0,83,277.77777777777777,55.55555555555556,107.5,6.0340918378736035,0.7498991976469765,0.9729387119605853,8.017975229388689e-05
180.0,84,388.8888888888889,55.55555555555556,107.5,6.0280850948551485,0.7498990566834411,0.9729318285091095,8.009950715187907e-05
180.0,85,500.0,55.55555555555556,107.5,6.025356768252288,0.7498990258126926,0.9729286977014655,8.006305888577426e-05
180.0,86,611.1111111111111,55.55555555555556,107.5,6.0280850948551485,0.749899056683441,0.9729318285091088,8.0099507151879e-05
180.0,87,722.2222222222223,55.55555555555556,107.5,6.034091837873603,0.7498991976469764,0.9729387119605846,8.017975229388682e-05
180.0,88,833.3333333333334,55.55555555555556,107.5,6.040119499876232,0.749899423045332,0.9729456044825439,8.026027652785459e-05
180.0,89,944.4444444444445,55.55555555555556,107.5,6.043732140864919,0.7498996110122929,0.9729497297688269,8.030853815809584e-05
180.0,90,55.55555555555556,166.66666666666669,107.5,6.040119499876237,0.7498994230453316,0.9729456044825435,8.02602765278547e-05
180.0,91,166.66666666666669,166.66666666666669,107.5,6.0352279948008585,0.749899228551927,0.9729400118476933,8.019493033866103e-05
180.0,92,277.77777777777777,166.66666666666669,107.5,6.026637129284213,0.7498990424308627,0.9729301682108557,8.008016356988563e-05
180.0,93,388.8888888888889,166.66666666666669,107.5,6.017260049765922,0.7498990515933331,0.9729193910684647,7.995489295711452e-05
180.0,94,500.0,166.66666666666669,107.5,6.012308831319651,0.7498991491382742,0.9729136871136211,7.988874820209418e-05
180.0,95,611.1111111111111,166.66666666666669,107.5,6.01726004976592,0.7498990515933333,0.9729193910684649,7.995489295711453e-05
180.0,96,722.2222222222223,166.66666666666669,107.5,6.02663712928421,0.7498990424308626,0.9729301682108547,8.008016356988555e-05
180.0,97,833.3333333333334,166.66666666666669,107.5,6.035227994800856,0.7498992285519273,0.9729400118476935,8.019493033866105e-05
180.0,98,944.4444444444445,166.66666666666669,107.5,6.040119499876229,0.7498994230453317,0.9729456044825429,8.026027652785451e-05
180.0,99,55.55555555555556,277.77777777777777,107.5,6.034091837873605,0.7498991976469767,0.9729387119605861,8.017975229388709e-05
180.0,100,166.66666666666669,277.77777777777777,107.5,6.026637129284214,0.7498990424308626,0.9729301682108555,8.008016356988562e-05
180.0,101,277.77777777777777,277.77777777777777,107.5,6.012415823723951,0.7498991469171032,0.972913811349143,7.989017761849342e-05
180.0,102,388.8888888888889,277.77777777777777,107.5,5.994316750123706,0.7498991704989044,0.9728928827377402,7.964838543399651e-05
180.0,103,500.0,277.77777777777777,107.5,5.98158671911692,0.7498986518596052,0.9728780879861189,7.947831888692834e-05
180.0,104,611.1111111111111,277.77777777777777,107.5,5.994316750123705,0.7498991704989044,0.9728928827377402,7.964838543399651e-05
180.0,105,722.2222222222223,277.77777777777777,107.5,6.012415823723952,0.7498991469171038,0.9729138113491467,7.989017761849372e-05
180.0,106,833.3333333333334,277.77777777777777,107.5,6.026637129284213,0.7498990424308627,0.9729301682108555,8.008016356988562e-05
180.0,107,944.4444444444445,277.77777777777777,107.5,6.034091837873601,0.7498991976469769,0.9729387119605862,8.017975229388695e-05
180.0,108,55.55555555555556,388.8888888888889,107.5,6.028085094855152,0.7498990566834406,0.9729318285091165,8.009950715187963e-05
180.0,109,166.66666666666669,388.8888888888889,107.5,6.017260049765922,0.7498990515933331,0.9729193910684643,7.995489295711447e-05
180.0,110,277.77777777777777,388.8888888888889,107.5,5.994316750123704,0.7498991704989049,0.9728928827377419,7.96483854339968e-05
180.0,111,388.8888888888889,388.8888888888889,107.5,5.9579003184741515,0.7498988254299512,0.9728503954619756,7.916187803231206e-05
180.0,112,500.0,388.8888888888889,107.5,5.91638521755635,0.7498981455093597,0.9728013441206779,7.860724424405699e-05
180.0,113,611.1111111111111,388.8888888888889,107.5,5.957900318474155,0.7498988254299515,0.9728503954619779,7.916187803231225e-05
180.0,114,722.2222222222223,388.8888888888889,107.5,5.994316750123709,0.7498991704989048,0.9728928827377429,7.964838543399689e-05
180.0,115,833.3333333333334,388.8888888888889,107.5,6.017260049765925,0.7498990515933333,0.9729193910684577,7.995489295711393e-05
180.0,116,944.4444444444445,388.8888888888889,107.5,6.028085094855151,0.7498990566834409,0.9729318285091095,8.009950715187907e-05
180.0,117,55.55555555555556,500.0,107.5,6.025356768252286,0.7498990258126926,0.9729286977014648,8.006305888577421e-05
180.0,118,166.66666666666669,500.0,107.5,6.0123088313196495,0.749899149138274,0.9729136871136205,7.988874820209413e-05
180.0,119,277.77777777777777,500.0,107.5,5.981586719116922,0.7498986518596056,0.9728780879861205,7.947831888692847e-05
180.0,120,388.8888888888889,500.0,107.5,5.916385217556347,0.7498981455093598,0.9728013441206783,7.860724424405703e-05
180.0,121,500.0,500.0,107.5,5.728756647112753,0.7498975819447523,0.9725716025869621,7.610046340129834e-05
180.0,122,611.1111111111111,500.0,107.5,5.91638521755635,0.74989814550936,0.9728013441206795,7.860724424405712e-05
180.0,123,722.2222222222223,500.0,107.5,5.98158671911693,0.7498986518596058,0.9728780879861227,7.94783188869288e-05
180.0,124,833.3333333333334,500.0,107.5,6.012308831319655,0.7498991491382743,0.9729136871136224,7.988874820209442e-05
180.0,125,944.4444444444445,500.0,107.5,6.025356768252289,0.7498990258126925,0.9729286977014654,8.006305888577425e-05
180.0,126,55.55555555555556,611.1111111111111,107.5,6.028085094855142,0.7498990566834406,0.9729318285091151,8.009950715187938e-05
180.0,127,166.66666666666669,611.1111111111111,107.5,6.017260049765914,0.7498990515933331,0.9729193910684631,7.995489295711424e-05
180.0,128,277.77777777777777,611.1111111111111,107.5,5.994316750123697,0.7498991704989046,0.9728928827377393,7.96483854339963e-05
180.0,129,388.8888888888889,611.1111111111111,107.5,5.957900318474149,0.7498988254299518,0.9728503954619782,7.916187803231212e-05
180.0,130,500.0,611.1111111111111,107.5,5.916385217556347,0.7498981455093598,0.9728013441206779,7.860724424405699e-05
180.0,131,611.1111111111111,611.1111111111111,107.5,5.957900318474159,0.7498988254299515,0.9728503954619783,7.916187803231227e-05
180.0,132,722.2222222222223,611.1111111111111,107.5,5.994316750123707,0.749899170498905,0.9728928827377434,7.964838543399678e-05
180.0,133,833.3333333333334,611.1111111111111,107.5,6.017260049765921,0.7498990515933334,0.9729193910684574,7.99548929571139e-05
180.0,134,944.4444444444445,611.1111111111111,107.5,6.028085094855147,0.7498990566834413,0.9729318285091104,8.009950715187913e-05
180.0,135,55.55555555555556,722.2222222222223,107.5,6.0340918378735875,0.7498991976469765,0.9729387119605822,8.017975229388648e-05
180.0,136,166.66666666666669,722.2222222222223,107.5,6.026637129284197,0.7498990424308628,0.9729301682108535,8.008016356988515e-05
180.0,137,277.77777777777777,722.2222222222223,107.5,6.012415823723936,0.7498991469171035,0.9729138113491506,7.989017761849376e-05
180.0,138,388.8888888888889,722.2222222222223,107.5,5.994316750123697,0.7498991704989043,0.9728928827377382,7.964838543399634e-05
180.0,139,500.0,722.2222222222223,107.5,5.98158671911692,0.7498986518596049,0.9728780879861254,7.947831888692887e-05
180.0,140,611.1111111111111,722.2222222222223,107.5,5.994316750123704,0.7498991704989048,0.9728928827377417,7.964838543399678e-05
180.0,141,722.2222222222223,722.2222222222223,107.5,6.01241582372395,0.7498991469171028,0.9729138113491498,7.989017761849398e-05
180.0,142,833.3333333333334,722.2222222222223,107.5,6.026637129284207,0.7498990424308629,0.972930168210856,8.00801635698855e-05
180.0,143,944.4444444444445,722.2222222222223,107.5,6.034091837873596,0.7498991976469767,0.9729387119605845,8.017975229388667e-05
180.0,144,55.55555555555556,833.3333333333334,107.5,6.04011949987621,0.7498994230453311,0.9729456044825455,8.026027652785444e-05
180.0,145,166.66666666666669,833.3333333333334,107.5,6.035227994800834,0.749899228551927,0.9729400118476897,8.019493033866045e-05
180.0,146,277.77777777777777,833.3333333333334,107.5,6.02663712928419,0.7498990424308627,0.9729301682108603,8.008016356988571e-05
180.0,147,388.8888888888889,833.3333333333334,107.5,6.017260049765907,0.7498990515933331,0.9729193910684624,7.995489295711418e-05
180.0,148,500.0,833.3333333333334,107.5,6.012308831319645,0.7498991491382737,0.9729136871136178,7.988874820209391e-05
180.0,149,611.1111111111111,833.3333333333334,107.5,6.017260049765919,0.7498990515933327,0.9729193910684617,7.995489295711412e-05
180.0,150,722.2222222222223,833.3333333333334,107.5,6.026637129284209,0.7498990424308628,0.9729301682108552,8.008016356988559e-05
180.0,151,833.3333333333334,833.3333333333334,107.5,6.035227994800852,0.7498992285519271,0.972940011847693,8.0194930338661e-05
180.0,152,944.4444444444445,833.3333333333334,107.5,6.040119499876227,0.7498994230453317,0.9729456044825425,8.026027652785448e-05
180.0,153,55.55555555555556,944.4444444444445,107.5,6.0437321408648925,0.7498996110122925,0.9729497297688292,8.03085381580956e-05
180.0,154,166.66666666666669,944.4444444444445,107.5,6.040119499876205,0.7498994230453317,0.9729456044825477,8.026027652785462e-05
180.0,155,277.77777777777777,944.4444444444445,107.5,6.034091837873577,0.7498991976469765,0.972938711960581,8.017975229388625e-05
180.0,156,388.8888888888889,944.4444444444445,107.5,6.02808509485513,0.7498990566834407,0.9729318285091134,8.009950715187909e-05
180.0,157,500.0,944.4444444444445,107.5,6.025356768252278,0.749899025812693,0.9729286977014662,8.006305888577418e-05
180.0,158,611.1111111111111,944.4444444444445,107.5,6.028085094855143,0.7498990566834408,0.972931828509116,8.009950715187945e-05
180.0,159,722.2222222222223,944.4444444444445,107.5,6.034091837873598,0.7498991976469762,0.9729387119605832,8.017975229388671e-05
180.0,160,833.3333333333334,944.4444444444445,107.5,6.040119499876229,0.7498994230453319,0.9729456044825434,8.026027652785455e-05
180.0,161,944.4444444444445,944.4444444444445,107.5,6.0437321408649165,0.7498996110122929,0.9729497297688261,8.030853815809563e-05
180.0,162,55.55555555555556,55.55555555555556,112.5,6.044422865482358,0.7498049912720379,0.9729505199070534,8.031776576741718e-05
180.0,163,166.66666666666669,55.55555555555556,112.5,6.0408104148445805,0.7498047976467631,0.9729463959385141,8.026950671185242e-05
180.0,164,277.77777777777777,55.55555555555556,112.5,6.034783047608505,0.7498045602269263,0.9729395051150939,8.018898642922763e-05
180.0,165,388.8888888888889,55.55555555555556,112.5,6.028776637006204,0.749804408871084,0.9729326238234277,8.01087457758465e-05
180.0,166,500.0,55.55555555555556,112.5,6.026048537757073,0.7498043708762704,0.9729294937466135,8.00723005407568e-05
180.0,167,611.1111111111111,55.55555555555556,112.5,6.028776637006205,0.7498044088710839,0.9729326238234277,8.01087457758465e-05
180.0,168,722.2222222222223,55.55555555555556,112.5,6.034783047608505,0.7498045602269271,0.9729395051150975,8.018898642922793e-05
180.0,169,833.3333333333334,55.55555555555556,112.5,6.040810414844577,0.7498047976467631,0.9729463959385142,8.02695067118523e-05
180.0,170,944.4444444444445,55.55555555555556,112.5,6.044422865482352,0.7498049912720379,0.9729505199070531,8.0317765767417e-05
180.0,171,55.55555555555556,166.66666666666669,112.5,6.040810414844582,0.7498047976467629,0.9729463959385141,8.026950671185242e-05
180.0,172,166.66666666666669,166.66666666666669,112.5,6.035919141546702,0.7498045941770586,0.9729408047128417,8.020416363324357e-05
180.0,173,277.77777777777777,166.66666666666669,112.5,6.027328801083722,0.7498043909313834,0.9729309639592778,8.008940392551349e-05
180.0,174,388.8888888888889,166.66666666666669,112.5,6.017952216819681,0.7498043814966986,0.9729201898256521,7.99641399747938e-05
180.0,175,500.0,166.66666666666669,112.5,6.013002361139946,0.7498044713586879,0.972914488684124,7.989801344542067e-05
180.0,176,611.1111111111111,166.66666666666669,112.5,6.017952216819679,0.7498043814966984,0.9729201898256514,7.996413997479374e-05
180.0,177,722.2222222222223,166.66666666666669,112.5,6.02732880108372,0.7498043909313833,0.9729309639592778,8.008940392551349e-05
180.0,178,833.3333333333334,166.66666666666669,112.5,6.0359191415466995,0.749804594177059,0.9729408047128437,8.020416363324373e-05
180.0,179,944.4444444444445,166.66666666666669,112.5,6.040810414844574,0.7498047976467632,0.9729463959385141,8.026950671185229e-05
180.0,180,55.55555555555556,277.77777777777777,112.5,6.034783047608507,0.7498045602269267,0.9729395051150952,8.018898642922759e-05
180.0,181,166.66666666666669,277.77777777777777,112.5,6.027328801083724,0.7498043909313833,0.972930963959278,8.00894039255135e-05
180.0,182,277.77777777777777,277.77777777777777,112.5,6.013108176385438,0.7498044692580683,0.9729146115160885,7.989942713375441e-05
180.0,183,388.8888888888889,277.77777777777777,112.5,5.995014759516009,0.7498045540728282,0.9728936944945756,7.965771063101021e-05
180.0,184,500.0,277.77777777777777,112.5,5.982317350418494,0.7498040105584288,0.9728789412184855,7.948807996727531e-05
180.0,185,611.1111111111111,277.77777777777777,112.5,5.995014759516009,0.7498045540728281,0.9728936944945749,7.965771063101015e-05
180.0,186,722.2222222222223,277.77777777777777,112.5,6.0131081763854395,0.7498044692580684,0.9729146115160815,7.989942713375382e-05
180.0,187,833.3333333333334,277.77777777777777,112.5,6.027328801083723,0.7498043909313836,0.97293096395928,8.008940392551367e-05
180.0,188,944.4444444444445,277.77777777777777,112.5,6.034783047608503,0.7498045602269269,0.972939505115096,8.018898642922766e-05
180.0,189,55.55555555555556,388.8888888888889,112.5,6.028776637006208,0.7498044088710843,0.97293262382343,8.010874577584669e-05
180.0,190,166.66666666666669,388.8888888888889,112.5,6.017952216819681,0.7498043814966981,0.9729201898256505,7.996413997479367e-05
180.0,191,277.77777777777777,388.8888888888889,112.5,5.995014759516007,0.7498045540728281,0.9728936944945831,7.965771063101082e-05
180.0,192,388.8888888888889,388.8888888888889,112.5,5.958668501677067,0.749804138456624,0.9728513001349983,7.917214097298661e-05
180.0,193,500.0,388.8888888888889,112.5,5.917965802008798,0.7498034647458997,0.9728032363180634,7.862836176511266e-05
180.0,194,611.1111111111111,388.8888888888889,112.5,5.958668501677071,0.7498041384566244,0.9728513001349931,7.91721409729862e-05
180.0,195,722.2222222222223,388.8888888888889,112.5,5.995014759516012,0.7498045540728282,0.9728936944945763,7.965771063101027e-05
180.0,196,833.3333333333334,388.8888888888889,112.5,6.017952216819683,0.7498043814966985,0.9729201898256524,7.996413997479382e-05
180.0,197,944.4444444444445,388.8888888888889,112.5,6.028776637006207,0.7498044088710843,0.97293262382343,8.010874577584669e-05
180.0,198,55.55555555555556,500.0,112.5,6.026048537757071,0.7498043708762707,0.9729294937466151,8.007230054075693e-05
180.0,199,166.66666666666669,500.0,112.5,6.013002361139944,0.7498044713586878,0.9729144886841237,7.989801344542064e-05
180.0,200,277.77777777777777,500.0,112.5,5.982317350418496,0.7498040105584287,0.9728789412184855,7.948807996727531e-05
180.0,201,388.8888888888889,500.0,112.5,5.917965802008794,0.7498034647458998,0.972803236318064,7.86283617651127e-05
180.0,202,500.0,500.0,112.5,5.763076609819281,0.7498028556936178,0.9726153423275072,7.655905671765597e-05
180.0,203,611.1111111111111,500.0,112.5,5.917965802008798,0.7498034647458997,0.9728032363180638,7.862836176511269e-05
180.0,204,722.2222222222223,500.0,112.5,5.982317350418504,0.7498040105584288,0.9728789412184792,7.94880799672748e-05
180.0,205,833.3333333333334,500.0,112.5,6.013002361139949,0.7498044713586877,0.9729144886841243,7.98980134454207e-05
180.0,206,944.4444444444445,500.0,112.5,6.026048537757073,0.7498043708762707,0.9729294937466152,8.007230054075694e-05
180.0,207,55.55555555555556,611.1111111111111,112.5,6.028776637006198,0.7498044088710841,0.9729326238234356,8.0108745775847e-05
180.0,208,166.66666666666669,611.1111111111111,112.5,6.017952216819673,0.7498043814966983,0.9729201898256502,7.99641399747935e-05
180.0,209,277.77777777777777,611.1111111111111,112.5,5.995014759516,0.7498045540728284,0.9728936944945749,7.965771063101002e-05
180.0,210,388.8888888888889,611.1111111111111,112.5,5.958668501677064,0.7498041384566237,0.972851300134997,7.91721409729865e-05
180.0,211,500.0,611.1111111111111,112.5,5.917965802008795,0.7498034647458997,0.9728032363180634,7.862836176511266e-05
180.0,212,611.1111111111111,611.1111111111111,112.5,5.9586685016770735,0.749804138456624,0.9728513001349998,7.917214097298687e-05
180.0,213,722.2222222222223,611.1111111111111,112.5,5.9950147595160095,0.7498045540728278,0.9728936944945823,7.965771063101076e-05
180.0,214,833.3333333333334,611.1111111111111,112.5,6.01795221681968,0.7498043814966978,0.9729201898256576,7.996413997479426e-05
180.0,215,944.4444444444445,611.1111111111111,112.5,6.028776637006203,0.749804408871084,0.9729326238234277,8.01087457758465e-05
180.0,216,55.55555555555556,722.2222222222223,112.5,6.034783047608489,0.7498045602269269,0.972939505115094,8.018898642922735e-05
180.0,217,166.66666666666669,722.2222222222223,112.5,6.027328801083706,0.7498043909313836,0.9729309639592764,8.008940392551307e-05
180.0,218,277.77777777777777,722.2222222222223,112.5,6.0131081763854235,0.7498044692580681,0.9729146115160854,7.989942713375385e-05
180.0,219,388.8888888888889,722.2222222222223,112.5,5.995014759516,0.7498045540728284,0.9728936944945752,7.965771063101005e-05
180.0,220,500.0,722.2222222222223,112.5,5.982317350418495,0.7498040105584286,0.972878941218485,7.948807996727513e-05
180.0,221,611.1111111111111,722.2222222222223,112.5,5.995014759516008,0.7498045540728284,0.972893694494576,7.965771063101024e-05
180.0,222,722.2222222222223,722.2222222222223,112.5,6.013108176385438,0.7498044692580684,0.9729146115160895,7.989942713375449e-05
180.0,223,833.3333333333334,722.2222222222223,112.5,6.027328801083717,0.7498043909313838,0.9729309639592799,8.008940392551352e-05
180.0,224,944.4444444444445,722.2222222222223,112.5,6.034783047608498,0.7498045602269264,0.9729395051150933,8.018898642922744e-05
180.0,225,55.55555555555556,833.3333333333334,112.5,6.040810414844555,0.7498047976467629,0.9729463959385092,8.026950671185158e-05
180.0,226,166.66666666666669,833.3333333333334,112.5,6.035919141546677,0.7498045941770591,0.972940804712841,8.020416363324323e-05
180.0,227,277.77777777777777,833.3333333333334,112.5,6.0273288010837,0.7498043909313835,0.9729309639592764,8.008940392551307e-05
180.0,228,388.8888888888889,833.3333333333334,112.5,6.0179522168196655,0.7498043814966984,0.9729201898256578,7.996413997479412e-05
180.0,229,500.0,833.3333333333334,112.5,6.0130023611399395,0.7498044713586879,0.9729144886841237,7.98980134454205e-05
180.0,230,611.1111111111111,833.3333333333334,112.5,6.017952216819677,0.7498043814966983,0.9729201898256506,7.996413997479354e-05
180.0,231,722.2222222222223,833.3333333333334,112.5,6.027328801083719,0.7498043909313837,0.9729309639592798,8.008940392551365e-05
180.0,232,833.3333333333334,833.3333333333334,112.5,6.035919141546696,0.7498045941770587,0.972940804712841,8.02041636332435e-05
180.0,233,944.4444444444445,833.3333333333334,112.5,6.0408104148445725,0.749804797646763,0.9729463959385131,8.02695067118522e-05
180.0,234,55.55555555555556,944.4444444444445,112.5,6.044422865482327,0.7498049912720378,0.9729505199070484,8.031776576741633e-05
180.0,235,166.66666666666669,944.4444444444445,112.5,6.04081041484455,0.749804797646763,0.9729463959385095,8.026950671185161e-05
180.0,236,277.77777777777777,944.4444444444445,112.5,6.034783047608479,0.7498045602269272,0.9729395051150945,8.018898642922725e-05
180.0,237,388.8888888888889,944.4444444444445,112.5,6.028776637006186,0.7498044088710842,0.9729326238234342,8.010874577584674e-05
180.0,238,500.0,944.4444444444445,112.5,6.026048537757062,0.7498043708762704,0.972929493746621,8.007230054075727e-05
180.0,239,611.1111111111111,944.4444444444445,112.5,6.0287766370061995,0.7498044088710839,0.9729326238234353,8.010874577584712e-05
180.0,240,722.2222222222223,944.4444444444445,112.5,6.0347830476085,0.7498045602269274,0.972939505115098,8.018898642922782e-05
180.0,241,833.3333333333334,944.4444444444445,112.5,6.040810414844573,0.7498047976467634,0.9729463959385152,8.026950671185238e-05
180.0,242,944.4444444444445,944.4444444444445,112.5,6.04442286548235,0.749804991272038,0.9729505199070528,8.031776576741698e-05
180.0,243,55.55555555555556,55.55555555555556,117.5,6.045311077501901,0.749371672356613,0.9729517777236539,8.032965164820196e-05
180.0,244,166.66666666666669,55.55555555555556,117.5,6.041698991825234,0.7493450328289236,0.9729476560365933,8.028139753426961e-05
180.0,245,277.77777777777777,55.55555555555556,117.5,6.035672181130021,0.7492992519485008,0.9729407674736438,8.020088467362082e-05
180.0,246,388.8888888888889,55.55555555555556,117.5,6.029666363145791,0.749256793911298,0.9729338892953827,8.0120651990913e-05
180.0,247,500.0,55.55555555555556,117.5,6.026938613593523,0.7492461350273901,0.9729307603638065,8.008421142194003e-05
180.0,248,611.1111111111111,55.55555555555556,117.5,6.029666363145792,0.7492567939112977,0.9729338892953905,8.012065199091364e-05
180.0,249,722.2222222222223,55.55555555555556,117.5,6.035672181130021,0.7492992519485007,0.972940767473643,8.020088467362075e-05
180.0,250,833.3333333333334,55.55555555555556,117.5,6.04169899182523,0.7493450328289233,0.9729476560365995,8.028139753426999e-05
180.0,251,944.4444444444445,55.55555555555556,117.5,6.0453110775018954,0.749371672356613,0.9729517777236528,8.032965164820187e-05
180.0,252,55.55555555555556,166.66666666666669,117.5,6.0416989918252355,0.7493450328289238,0.9729476560365952,8.028139753426976e-05
180.0,253,166.66666666666669,166.66666666666669,117.5,6.036808158458584,0.7493076131969411,0.9729420666390123,8.021606032289568e-05
180.0,254,277.77777777777777,166.66666666666669,117.5,6.028218752960894,0.7492510178254985,0.9729322298421167,8.01013131333345e-05
180.0,255,388.8888888888889,166.66666666666669,117.5,6.018842822225481,0.7493781578005145,0.9729214617299342,7.9976058116573e-05
180.0,256,500.0,166.66666666666669,117.5,6.013894506259719,0.7494278737075699,0.9729157649181704,7.990995224464752e-05
180.0,257,611.1111111111111,166.66666666666669,117.5,6.018842822225479,0.7493781578005149,0.9729214617299357,7.997605811657313e-05
180.0,258,722.2222222222223,166.66666666666669,117.5,6.0282187529608935,0.7492510178254989,0.9729322298421179,8.010131313333461e-05
180.0,259,833.3333333333334,166.66666666666669,117.5,6.036808158458581,0.7493076131969413,0.9729420666390123,8.021606032289554e-05
180.0,260,944.4444444444445,166.66666666666669,117.5,6.041698991825228,0.7493450328289233,0.9729476560366004,8.028139753427006e-05
180.0,261,55.55555555555556,277.77777777777777,117.5,6.035672181130024,0.7492992519485009,0.9729407674736444,8.020088467362087e-05
180.0,262,166.66666666666669,277.77777777777777,117.5,6.028218752960896,0.7492510178254991,0.9729322298421113,8.010131313333405e-05
180.0,263,277.77777777777777,277.77777777777777,117.5,6.013999142638757,0.749427629067215,0.9729158860873677,7.991135016178626e-05
180.0,264,388.8888888888889,277.77777777777777,117.5,5.995912626942744,0.7493897945238083,0.9728949861719849,7.966972615309395e-05
180.0,265,500.0,277.77777777777777,117.5,5.9832496256694725,0.7492803057742135,0.9728802855229677,7.950055587022342e-05
180.0,266,611.1111111111111,277.77777777777777,117.5,5.995912626942744,0.7493897945238089,0.9728949861719793,7.966972615309349e-05
180.0,267,722.2222222222223,277.77777777777777,117.5,6.013999142638759,0.7494276290672149,0.9729158860873673,7.991135016178623e-05
180.0,268,833.3333333333334,277.77777777777777,117.5,6.028218752960895,0.7492510178254991,0.9729322298421109,8.010131313333402e-05
180.0,269,944.4444444444445,277.77777777777777,117.5,6.035672181130019,0.7492992519485002,0.9729407674736407,8.020088467362056e-05
180.0,270,55.55555555555556,388.8888888888889,117.5,6.029666363145796,0.7492567939112978,0.9729338892953832,8.012065199091318e-05
180.0,271,166.66666666666669,388.8888888888889,117.5,6.018842822225481,0.7493781578005145,0.9729214617299347,7.997605811657304e-05
180.0,272,277.77777777777777,388.8888888888889,117.5,5.995912626942742,0.7493897945238086,0.9728949861719777,7.966972615309336e-05
180.0,273,388.8888888888889,388.8888888888889,117.5,5.959640907313755,0.7494366679286494,0.9728527119799191,7.918515405148874e-05
180.0,274,500.0,388.8888888888889,117.5,5.9197381803163,0.7493349633391131,0.9728057632260945,7.865207458569723e-05
180.0,275,611.1111111111111,388.8888888888889,117.5,5.959640907313759,0.7494366679286494,0.9728527119799201,7.918515405148882e-05
180.0,276,722.2222222222223,388.8888888888889,117.5,5.995912626942749,0.7493897945238086,0.972894986171979,7.966972615309361e-05
180.0,277,833.3333333333334,388.8888888888889,117.5,6.0188428222254835,0.7493781578005145,0.9729214617299349,7.997605811657306e-05
180.0,278,944.4444444444445,388.8888888888889,117.5,6.029666363145794,0.7492567939112974,0.9729338892953886,8.012065199091362e-05
180.0,279,55.55555555555556,500.0,117.5,6.026938613593522,0.7492461350273896,0.9729307603638131,8.00842114219407e-05
180.0,280,166.66666666666669,500.0,117.5,6.013894506259718,0.7494278737075698,0.9729157649181691,7.990995224464742e-05
180.0,281,277.77777777777777,500.0,117.5,5.983249625669473,0.7492803057742141,0.9728802855229711,7.950055587022385e-05
180.0,282,388.8888888888889,500.0,117.5,5.919738180316298,0.7493349633391132,0.9728057632260938,7.865207458569704e-05
180.0,283,500.0,500.0,117.5,5.784492516922987,0.7490942779232663,0.9726440284195234,7.684534851852529e-05
180.0,284,611.1111111111111,500.0,117.5,5.9197381803163,0.7493349633391131,0.9728057632260945,7.865207458569723e-05
180.0,285,722.2222222222223,500.0,117.5,5.983249625669481,0.7492803057742138,0.9728802855229697,7.950055587022388e-05
180.0,286,833.3333333333334,500.0,117.5,6.0138945062597235,0.7494278737075697,0.97291576491817,7.990995224464735e-05
180.0,287,944.4444444444445,500.0,117.5,6.026938613593524,0.7492461350273895,0.9729307603638129,8.008421142194069e-05
180.0,288,55.55555555555556,611.1111111111111,117.5,6.029666363145785,0.7492567939112976,0.9729338892953884,8.012065199091346e-05
180.0,289,166.66666666666669,611.1111111111111,117.5,6.018842822225473,0.7493781578005146,0.9729214617299343,7.997605811657288e-05
180.0,290,277.77777777777777,611.1111111111111,117.5,5.995912626942736,0.7493897945238083,0.9728949861719834,7.966972615309383e-05
180.0,291,388.8888888888889,611.1111111111111,117.5,5.9596409073137515,0.7494366679286494,0.9728527119799273,7.918515405148928e-05
180.0,292,500.0,611.1111111111111,117.5,5.9197381803162985,0.7493349633391131,0.9728057632260941,7.865207458569707e-05
180.0,293,611.1111111111111,611.1111111111111,117.5,5.9596409073137595,0.749436667928649,0.9728527119799195,7.918515405148878e-05
180.0,294,722.2222222222223,611.1111111111111,117.5,5.995912626942745,0.7493897945238087,0.9728949861719789,7.96697261530936e-05
180.0,295,833.3333333333334,611.1111111111111,117.5,6.01884282222548,0.7493781578005148,0.972921461729935,7.997605811657307e-05
180.0,296,944.4444444444445,611.1111111111111,117.5,6.0296663631457905,0.749256793911298,0.9729338892953827,8.0120651990913e-05
180.0,297,55.55555555555556,722.2222222222223,117.5,6.035672181130006,0.7492992519485004,0.9729407674736391,8.020088467362029e-05
180.0,298,166.66666666666669,722.2222222222223,117.5,6.028218752960878,0.749251017825499,0.9729322298421157,8.010131313333413e-05
180.0,299,277.77777777777777,722.2222222222223,117.5,6.013999142638743,0.749427629067215,0.9729158860873737,7.991135016178648e-05
180.0,300,388.8888888888889,722.2222222222223,117.5,5.995912626942735,0.7493897945238084,0.9728949861719849,7.96697261530938e-05
180.0,301,500.0,722.2222222222223,117.5,5.9832496256694725,0.7492803057742137,0.9728802855229681,7.950055587022361e-05
180.0,302,611.1111111111111,722.2222222222223,117.5,5.995912626942744,0.749389794523809,0.9728949861719803,7.966972615309357e-05
180.0,303,722.2222222222223,722.2222222222223,117.5,6.013999142638757,0.7494276290672148,0.9729158860873666,7.991135016178616e-05
180.0,304,833.3333333333334,722.2222222222223,117.5,6.02821875296089,0.7492510178254989,0.9729322298421176,8.010131313333443e-05
180.0,305,944.4444444444445,722.2222222222223,117.5,6.035672181130015,0.7492992519485001,0.9729407674736472,8.020088467362095e-05
180.0,306,55.55555555555556,833.3333333333334,117.5,6.041698991825208,0.7493450328289236,0.9729476560365979,8.028139753426957e-05
180.0,307,166.66666666666669,833.3333333333334,117.5,6.036808158458558,0.7493076131969405,0.9729420666390134,8.021606032289534e-05
180.0,308,277.77777777777777,833.3333333333334,117.5,6.028218752960872,0.7492510178254987,0.972932229842114,8.0101313133334e-05
180.0,309,388.8888888888889,833.3333333333334,117.5,6.018842822225466,0.7493781578005149,0.9729214617299344,7.99760581165729e-05
180.0,310,500.0,833.3333333333334,117.5,6.013894506259714,0.7494278737075699,0.9729157649181686,7.990995224464723e-05
180.0,311,611.1111111111111,833.3333333333334,117.5,6.018842822225477,0.7493781578005146,0.9729214617299352,7.997605811657309e-05
180.0,312,722.2222222222223,833.3333333333334,117.5,6.028218752960892,0.7492510178254991,0.9729322298421108,8.010131313333388e-05
180.0,313,833.3333333333334,833.3333333333334,117.5,6.0368081584585775,0.749307613196941,0.9729420666390189,8.021606032289608e-05
180.0,314,944.4444444444445,833.3333333333334,117.5,6.041698991825226,0.7493450328289237,0.9729476560365925,8.02813975342694e-05
180.0,315,55.55555555555556,944.4444444444445,117.5,6.045311077501869,0.7493716723566128,0.9729517777236474,8.0329651648201e-05
180.0,316,166.66666666666669,944.4444444444445,117.5,6.0416989918252035,0.7493450328289236,0.9729476560365974,8.028139753426953e-05
180.0,317,277.77777777777777,944.4444444444445,117.5,6.035672181129995,0.7492992519485,0.9729407674736434,8.020088467362036e-05
180.0,318,388.8888888888889,944.4444444444445,117.5,6.029666363145774,0.7492567939112973,0.972933889295385,8.012065199091305e-05
180.0,319,500.0,944.4444444444445,117.5,6.026938613593513,0.7492461350273896,0.9729307603638109,8.008421142194038e-05
180.0,320,611.1111111111111,944.4444444444445,117.5,6.029666363145787,0.7492567939112977,0.9729338892953897,8.012065199091357e-05
180.0,321,722.2222222222223,944.4444444444445,117.5,6.035672181130017,0.7492992519485001,0.97294076747364,8.020088467362036e-05
180.0,322,833.3333333333334,944.4444444444445,117.5,6.0416989918252275,0.7493450328289236,0.9729476560366008,8.02813975342701e-05
180.0,323,944.4444444444445,944.4444444444445,117.5,6.045311077501893,0.749371672356613,0.9729517777236525,8.032965164820184e-05
180.0,324,55.55555555555556,55.55555555555556,122.5,6.046533605215128,0.6914678337849789,0.9729637861858788,8.034686037463885e-05
180.0,325,166.66666666666669,55.55555555555556,122.5,6.0429200196959325,0.6914514156322146,0.9729596693886667,8.029858614200438e-05
180.0,326,277.77777777777777,55.55555555555556,122.5,6.0368905094000676,0.6914245756747215,0.9729527891209713,8.021803710876959e-05
180.0,327,388.8888888888889,55.55555555555556,122.5,6.030882051915317,0.6913929715781568,0.9729459197262118,8.013776909322813e-05
180.0,328,500.0,55.55555555555556,122.5,6.028153223945273,0.6913685954075347,0.9729427958788966,8.01013141634172e-05
180.0,329,611.1111111111111,55.55555555555556,122.5,6.0308820519153175,0.6913929715781579,0.9729459197262057,8.013776909322763e-05
180.0,330,722.2222222222223,55.55555555555556,122.5,6.036890509400067,0.6914245756747228,0.9729527891209655,8.021803710876911e-05
180.0,331,833.3333333333334,55.55555555555556,122.5,6.042920019695928,0.6914514156322158,0.97295966938866,8.029858614200368e-05
180.0,332,944.4444444444445,55.55555555555556,122.5,6.046533605215123,0.6914678337849779,0.9729637861858853,8.034686037463939e-05
180.0,333,55.55555555555556,166.66666666666669,122.5,6.042920019695933,0.6914514156322161,0.9729596693886621,8.029858614200385e-05
180.0,334,166.66666666666669,166.66666666666669,122.5,6.038026979388267,0.691429345009867,0.972954087453492,8.023321942182303e-05
180.0,335,277.77777777777777,166.66666666666669,122.5,6.0294340168719796,0.6913795117670649,0.9729442632855865,8.011842459631803e-05
180.0,336,388.8888888888889,166.66666666666669,122.5,6.020063979431536,0.6911358848826884,0.972933519260206,7.999324810276155e-05
180.0,337,500.0,166.66666666666669,122.5,6.015124219537602,0.6910051677292305,0.9729278449483181,7.992725671101464e-05
180.0,338,611.1111111111111,166.66666666666669,122.5,6.020063979431535,0.6911358848826894,0.9729335192602099,7.999324810276172e-05
180.0,339,722.2222222222223,166.66666666666669,122.5,6.029434016871978,0.6913795117670624,0.9729442632855857,8.011842459631797e-05
180.0,340,833.3333333333334,166.66666666666669,122.5,6.038026979388264,0.6914293450098675,0.9729540874534937,8.023321942182316e-05
180.0,341,944.4444444444445,166.66666666666669,122.5,6.042920019695926,0.6914514156322147,0.9729596693886668,8.029858614200425e-05
180.0,342,55.55555555555556,277.77777777777777,122.5,6.03689050940007,0.6914245756747215,0.9729527891209713,8.021803710876973e-05
180.0,343,166.66666666666669,277.77777777777777,122.5,6.029434016871981,0.691379511767066,0.9729442632855916,8.011842459631845e-05
180.0,344,277.77777777777777,277.77777777777777,122.5,6.0152279811188105,0.6910254948835055,0.9729279605802701,7.992864258757883e-05
180.0,345,388.8888888888889,277.77777777777777,122.5,5.997149379463394,0.6907448934070255,0.9729071185475967,7.96871251364789e-05
180.0,346,500.0,277.77777777777777,122.5,5.984506690920508,0.6904516593570216,0.9728925029662902,7.951822902077087e-05
180.0,347,611.1111111111111,277.77777777777777,122.5,5.997149379463394,0.6907448934070225,0.9729071185476061,7.968712513647967e-05
180.0,348,722.2222222222223,277.77777777777777,122.5,6.015227981118812,0.6910254948835055,0.9729279605802704,7.992864258757886e-05
180.0,349,833.3333333333334,277.77777777777777,122.5,6.0294340168719796,0.6913795117670641,0.9729442632855829,8.011842459631773e-05
180.0,350,944.4444444444445,277.77777777777777,122.5,6.036890509400065,0.6914245756747196,0.9729527891209732,8.021803710876975e-05
180.0,351,55.55555555555556,388.8888888888889,122.5,6.030882051915321,0.6913929715781564,0.9729459197262108,8.013776909322805e-05
180.0,352,166.66666666666669,388.8888888888889,122.5,6.020063979431536,0.6911358848826911,0.9729335192602067,7.99932481027616e-05
180.0,353,277.77777777777777,388.8888888888889,122.5,5.9971493794633925,0.6907448934070274,0.9729071185476053,7.96871251364796e-05
180.0,354,388.8888888888889,388.8888888888889,122.5,5.960943841823262,0.6896938308837045,0.9728650718312334,7.920344303974258e-05
180.0,355,500.0,388.8888888888889,122.5,5.921602266150724,0.6872410274998242,0.9728190843412299,7.8677877266689e-05
180.0,356,611.1111111111111,388.8888888888889,122.5,5.960943841823266,0.6896938308837033,0.972865071831228,7.920344303974213e-05
180.0,357,722.2222222222223,388.8888888888889,122.5,5.997149379463399,0.6907448934070248,0.9729071185476059,7.968712513647965e-05
180.0,358,833.3333333333334,388.8888888888889,122.5,6.020063979431539,0.6911358848826913,0.9729335192602078,7.99932481027617e-05
180.0,359,944.4444444444445,388.8888888888889,122.5,6.03088205191532,0.6913929715781594,0.9729459197262124,8.013776909322817e-05
180.0,360,55.55555555555556,500.0,122.5,6.028153223945272,0.6913685954075376,0.9729427958788976,8.010131416341728e-05
180.0,361,166.66666666666669,500.0,122.5,6.015124219537601,0.6910051677292286,0.9729278449483098,7.992725671101396e-05
180.0,362,277.77777777777777,500.0,122.5,5.984506690920509,0.6904516593570266,0.9728925029662907,7.951822902077091e-05
180.0,363,388.8888888888889,500.0,122.5,5.921602266150721,0.6872410274998253,0.9728190843412221,7.867787726668823e-05
180.0,364,500.0,500.0,122.5,5.797176279886273,0.6709459075203343,0.9726708397745261,7.701569174329029e-05
180.0,365,611.1111111111111,500.0,122.5,5.921602266150724,0.6872410274998284,0.9728190843412253,7.867787726668863e-05
180.0,366,722.2222222222223,500.0,122.5,5.984506690920516,0.6904516593570262,0.9728925029662907,7.951822902077106e-05
180.0,367,833.3333333333334,500.0,122.5,6.015124219537606,0.6910051677292318,0.9729278449483132,7.992725671101424e-05
180.0,368,944.4444444444445,500.0,122.5,6.0281532239452735,0.6913685954075365,0.9729427958788932,8.010131416341692e-05
180.0,369,55.55555555555556,611.1111111111111,122.5,6.030882051915311,0.691392971578161,0.9729459197262075,8.013776909322763e-05
180.0,370,166.66666666666669,611.1111111111111,122.5,6.020063979431528,0.6911358848826913,0.9729335192602062,7.999324810276142e-05
180.0,371,277.77777777777777,611.1111111111111,122.5,5.997149379463386,0.6907448934070239,0.9729071185476,7.968712513647903e-05
180.0,372,388.8888888888889,611.1111111111111,122.5,5.9609438418232585,0.6896938308837047,0.9728650718312332,7.920344303974242e-05
180.0,373,500.0,611.1111111111111,122.5,5.921602266150722,0.6872410274998282,0.972819084341224,7.867787726668852e-05
180.0,374,611.1111111111111,611.1111111111111,122.5,5.960943841823266,0.6896938308837074,0.9728650718312357,7.920344303974277e-05
180.0,375,722.2222222222223,611.1111111111111,122.5,5.997149379463396,0.6907448934070245,0.9729071185476039,7.968712513647949e-05
180.0,376,833.3333333333334,611.1111111111111,122.5,6.020063979431535,0.6911358848826901,0.9729335192602024,7.99932481027611e-05
180.0,377,944.4444444444445,611.1111111111111,122.5,6.030882051915316,0.6913929715781597,0.9729459197262131,8.013776909322824e-05
180.0,378,55.55555555555556,722.2222222222223,122.5,6.036890509400052,0.6914245756747225,0.9729527891209732,8.021803710876961e-05
180.0,379,166.66666666666669,722.2222222222223,122.5,6.029434016871964,0.6913795117670658,0.9729442632855878,8.011842459631799e-05
180.0,380,277.77777777777777,722.2222222222223,122.5,6.015227981118795,0.6910254948835045,0.9729279605802633,7.992864258757798e-05
180.0,381,388.8888888888889,722.2222222222223,122.5,5.997149379463385,0.690744893407024,0.9729071185476004,7.968712513647906e-05
180.0,382,500.0,722.2222222222223,122.5,5.984506690920508,0.690451659357025,0.9728925029662941,7.95182290207712e-05
180.0,383,611.1111111111111,722.2222222222223,122.5,5.997149379463394,0.690744893407022,0.9729071185476039,7.968712513647949e-05
180.0,384,722.2222222222223,722.2222222222223,122.5,6.01522798111881,0.6910254948835057,0.9729279605802714,7.99286425875788e-05
180.0,385,833.3333333333334,722.2222222222223,122.5,6.029434016871975,0.6913795117670636,0.9729442632855909,8.01184245963184e-05
180.0,386,944.4444444444445,722.2222222222223,122.5,6.0368905094000604,0.6914245756747207,0.9729527891209669,8.021803710876923e-05
180.0,387,55.55555555555556,833.3333333333334,122.5,6.042920019695907,0.6914514156322179,0.9729596693886667,8.029858614200395e-05
180.0,388,166.66666666666669,833.3333333333334,122.5,6.038026979388242,0.6914293450098657,0.9729540874534939,8.02332194218229e-05
180.0,389,277.77777777777777,833.3333333333334,122.5,6.029434016871957,0.6913795117670625,0.972944263285583,8.011842459631746e-05
180.0,390,388.8888888888889,833.3333333333334,122.5,6.020063979431521,0.6911358848826906,0.9729335192602019,7.999324810276092e-05
180.0,391,500.0,833.3333333333334,122.5,6.015124219537596,0.6910051677292255,0.9729278449483176,7.992725671101446e-05
180.0,392,611.1111111111111,833.3333333333334,122.5,6.020063979431533,0.6911358848826905,0.9729335192602034,7.999324810276119e-05
180.0,393,722.2222222222223,833.3333333333334,122.5,6.029434016871976,0.6913795117670639,0.9729442632855814,8.011842459631761e-05
180.0,394,833.3333333333334,833.3333333333334,122.5,6.038026979388261,0.6914293450098669,0.9729540874534903,8.023321942182275e-05
180.0,395,944.4444444444445,833.3333333333334,122.5,6.042920019695924,0.6914514156322149,0.9729596693886672,8.029858614200427e-05
180.0,396,55.55555555555556,944.4444444444445,122.5,6.046533605215097,0.6914678337849778,0.9729637861858805,8.034686037463856e-05
180.0,397,166.66666666666669,944.4444444444445,122.5,6.042920019695902,0.691451415632214,0.9729596693886592,8.029858614200318e-05
180.0,398,277.77777777777777,944.4444444444445,122.5,6.036890509400041,0.6914245756747187,0.9729527891209654,8.021803710876883e-05
180.0,399,388.8888888888889,944.4444444444445,122.5,6.030882051915299,0.6913929715781566,0.9729459197262075,8.01377690932275e-05
180.0,400,500.0,944.4444444444445,122.5,6.028153223945263,0.6913685954075335,0.9729427958789011,8.010131416341742e-05
180.0,401,611.1111111111111,944.4444444444445,122.5,6.030882051915312,0.6913929715781569,0.9729459197262119,8.0137769093228e-05
180.0,402,722.2222222222223,944.4444444444445,122.5,6.036890509400062,0.6914245756747207,0.9729527891209665,8.021803710876919e-05
180.0,403,833.3333333333334,944.4444444444445,122.5,6.042920019695925,0.6914514156322158,0.9729596693886602,8.029858614200369e-05
180.0,404,944.4444444444445,944.4444444444445,122.5,6.04653360521512,0.6914678337849789,0.9729637861858776,8.034686037463862e-05
180.0,405,55.55555555555556,55.55555555555556,127.5,6.562232336627278,0.015544728027443663,0.9828301648605622,8.807065308035984e-05
180.0,406,166.66666666666669,55.55555555555556,127.5,6.5586785744608855,0.015563579537865769,0.9828261369737528,8.802268739053178e-05
180.0,407,277.77777777777777,55.55555555555556,127.5,6.552748062947742,0.015595090129079706,0.9828194072324504,8.794264227808611e-05
180.0,408,388.8888888888889,55.55555555555556,127.5,6.546845956477451,0.015626519868466457,0.9828126999019847,8.786298049092499e-05
180.0,409,500.0,55.55555555555556,127.5,6.544174868463634,0.015640769041454606,0.9828096611139575,8.782692831259819e-05
180.0,410,611.1111111111111,55.55555555555556,127.5,6.546845956477461,0.01562651986846644,0.9828126999019848,8.7862980490925e-05
180.0,411,722.2222222222223,55.55555555555556,127.5,6.552748062947744,0.015595090129079694,0.9828194072324501,8.794264227808608e-05
180.0,412,833.3333333333334,55.55555555555556,127.5,6.558678574460879,0.015563579537865812,0.9828261369737545,8.802268739053176e-05
180.0,413,944.4444444444445,55.55555555555556,127.5,6.5622323366272735,0.01554472802744366,0.9828301648605616,8.807065308035979e-05
180.0,414,55.55555555555556,166.66666666666669,127.5,6.558678574460891,0.015563579537865743,0.9828261369737525,8.802268739053176e-05
180.0,415,166.66666666666669,166.66666666666669,127.5,6.5538645612623085,0.01558916089782063,0.9828206765790457,8.795771199426067e-05
180.0,416,277.77777777777777,166.66666666666669,127.5,6.545427057696607,0.01563410769211971,0.9828110902544963,8.784382973479874e-05
180.0,417,388.8888888888889,166.66666666666669,127.5,6.536327688029427,0.015682737712925804,0.9828007294749476,8.772101402985507e-05
180.0,418,500.0,166.66666666666669,127.5,6.531554630163948,0.01570833984967458,0.9827952801167849,8.765659074651769e-05
180.0,419,611.1111111111111,166.66666666666669,127.5,6.536327688029428,0.015682737712925807,0.9828007294749481,8.772101402985513e-05
180.0,420,722.2222222222223,166.66666666666669,127.5,6.545427057696608,0.015634107692119696,0.9828110902544955,8.784382973479867e-05
180.0,421,833.3333333333334,166.66666666666669,127.5,6.553864561262301,0.015589160897820647,0.9828206765790461,8.795771199426071e-05
180.0,422,944.4444444444445,166.66666666666669,127.5,6.558678574460888,0.015563579537865743,0.9828261369737517,8.802268739053168e-05
180.0,423,55.55555555555556,277.77777777777777,127.5,6.5527480629477415,0.01559509012907968,0.9828194072324488,8.794264227808596e-05
180.0,424,166.66666666666669,277.77777777777777,127.5,6.54542705769661,0.015634107692119682,0.9828110902544949,8.78438297347986e-05
180.0,425,277.77777777777777,277.77777777777777,127.5,6.531617001961791,0.015707986459540062,0.9827953586572076,8.765743324628338e-05
180.0,426,388.8888888888889,277.77777777777777,127.5,6.514061633330929,0.0158025258868274,0.9827752510448476,8.742048239971314e-05
180.0,427,500.0,277.77777777777777,127.5,6.502077058252014,0.015867650211866945,0.9827614133495167,8.725871682063162e-05
180.0,428,611.1111111111111,277.77777777777777,127.5,6.514061633330928,0.015802525886827422,0.9827752510448489,8.742048239971325e-05
180.0,429,722.2222222222223,277.77777777777777,127.5,6.5316170019617985,0.01570798645954004,0.9827953586572074,8.76574332462835e-05
180.0,430,833.3333333333334,277.77777777777777,127.5,6.545427057696608,0.01563410769211969,0.9828110902544946,8.784382973479859e-05
180.0,431,944.4444444444445,277.77777777777777,127.5,6.552748062947737,0.015595090129079689,0.9828194072324485,8.794264227808595e-05
180.0,432,55.55555555555556,388.8888888888889,127.5,6.546845956477461,0.015626519868466453,0.9828126999019856,8.786298049092507e-05
180.0,433,166.66666666666669,388.8888888888889,127.5,6.536327688029425,0.015682737712925825,0.9828007294749488,8.772101402985518e-05
180.0,434,277.77777777777777,388.8888888888889,127.5,6.514061633330935,0.015802525886827377,0.9827752510448473,8.742048239971311e-05
180.0,435,388.8888888888889,388.8888888888889,127.5,6.4796517873153485,0.015989988183826666,0.982735439249143,8.695602668552526e-05
180.0,436,500.0,388.8888888888889,127.5,6.4450613996858825,0.0161826872719888,0.9826945577899295,8.648908691043324e-05
180.0,437,611.1111111111111,388.8888888888889,127.5,6.479651787315354,0.015989988183826638,0.9827354392491419,8.695602668552532e-05
180.0,438,722.2222222222223,388.8888888888889,127.5,6.514061633330939,0.015802525886827394,0.9827752510448484,8.74204823997132e-05
180.0,439,833.3333333333334,388.8888888888889,127.5,6.536327688029425,0.01568273771292583,0.9828007294749492,8.772101402985522e-05
180.0,440,944.4444444444445,388.8888888888889,127.5,6.546845956477459,0.015626519868466443,0.9828126999019847,8.786298049092499e-05
180.0,441,55.55555555555556,500.0,127.5,6.544174868463624,0.015640769041454627,0.9828096611139573,8.782692831259803e-05
180.0,442,166.66666666666669,500.0,127.5,6.531554630163944,0.015708339849674614,0.982795280116786,8.765659074651779e-05
180.0,443,277.77777777777777,500.0,127.5,6.502077058252012,0.015867650211866948,0.9827614133495167,8.725871682063162e-05
180.0,444,388.8888888888889,500.0,127.5,6.4450613996858745,0.01618268727198884,0.9826945577899304,8.648908691043315e-05
180.0,445,500.0,500.0,127.5,6.3509230081663715,0.016729870330915907,0.982578734113465,8.521805502581557e-05
180.0,446,611.1111111111111,500.0,127.5,6.445061399685868,0.01618268727198886,0.982694557789931,8.64890869104332e-05
180.0,447,722.2222222222223,500.0,127.5,6.502077058252011,0.01586765021186696,0.9827614133495169,8.72587168206315e-05
180.0,448,833.3333333333334,500.0,127.5,6.531554630163944,0.01570833984967458,0.9827952801167843,8.765659074651764e-05
180.0,449,944.4444444444445,500.0,127.5,6.54417486846364,0.015640769041454616,0.9828096611139587,8.78269283125983e-05
180.0,450,55.55555555555556,611.1111111111111,127.5,6.546845956477451,0.015626519868466457,0.9828126999019847,8.786298049092499e-05
180.0,451,166.66666666666669,611.1111111111111,127.5,6.5363276880294086,0.015682737712925877,0.9828007294749499,8.772101402985495e-05
180.0,452,277.77777777777777,611.1111111111111,127.5,6.514061633330932,0.01580252588682738,0.9827752510448468,8.742048239971306e-05
180.0,453,388.8888888888889,611.1111111111111,127.5,6.47965178731534,0.015989988183826707,0.9827354392491442,8.695602668552522e-05
180.0,454,500.0,611.1111111111111,127.5,6.445061399685865,0.016182687271988867,0.9826945577899305,8.648908691043302e-05
180.0,455,611.1111111111111,611.1111111111111,127.5,6.4796517873153405,0.015989988183826687,0.9827354392491432,8.695602668552513e-05
180.0,456,722.2222222222223,611.1111111111111,127.5,6.514061633330932,0.015802525886827398,0.9827752510448478,8.742048239971315e-05
180.0,457,833.3333333333334,611.1111111111111,127.5,6.536327688029417,0.015682737712925846,0.982800729474949,8.772101402985505e-05
180.0,458,944.4444444444445,611.1111111111111,127.5,6.546845956477444,0.01562651986846647,0.9828126999019848,8.786298049092485e-05
180.0,459,55.55555555555556,722.2222222222223,127.5,6.552748062947727,0.015595090129079751,0.9828194072324512,8.794264227808603e-05
180.0,460,166.66666666666669,722.2222222222223,127.5,6.545427057696594,0.015634107692119713,0.9828110902544944,8.784382973479843e-05
180.0,461,277.77777777777777,722.2222222222223,127.5,6.531617001961787,0.015707986459540097,0.9827953586572088,8.765743324628349e-05
180.0,462,388.8888888888889,722.2222222222223,127.5,6.514061633330927,0.01580252588682741,0.9827752510448476,8.742048239971314e-05
180.0,463,500.0,722.2222222222223,127.5,6.5020770582520075,0.01586765021186696,0.9827614133495166,8.725871682063147e-05
180.0,464,611.1111111111111,722.2222222222223,127.5,6.514061633330937,0.015802525886827398,0.9827752510448488,8.742048239971323e-05
180.0,465,722.2222222222223,722.2222222222223,127.5,6.531617001961797,0.015707986459540052,0.9827953586572079,8.765743324628355e-05
180.0,466,833.3333333333334,722.2222222222223,127.5,6.545427057696599,0.015634107692119727,0.982811090254496,8.784382973479856e-05
180.0,467,944.4444444444445,722.2222222222223,127.5,6.552748062947722,0.015595090129079761,0.982819407232451,8.794264227808585e-05
180.0,468,55.55555555555556,833.3333333333334,127.5,6.558678574460864,0.01556357953786584,0.9828261369737544,8.802268739053161e-05
180.0,469,166.66666666666669,833.3333333333334,127.5,6.553864561262288,0.015589160897820722,0.9828206765790486,8.795771199426063e-05
180.0,470,277.77777777777777,833.3333333333334,127.5,6.5454270576965925,0.01563410769211977,0.9828110902544976,8.784382973479871e-05
180.0,471,388.8888888888889,833.3333333333334,127.5,6.536327688029408,0.015682737712925866,0.9828007294749492,8.77210140298549e-05
180.0,472,500.0,833.3333333333334,127.5,6.531554630163939,0.01570833984967463,0.9827952801167867,8.76565907465177e-05
180.0,473,611.1111111111111,833.3333333333334,127.5,6.536327688029423,0.01568273771292584,0.9828007294749492,8.772101402985522e-05
180.0,474,722.2222222222223,833.3333333333334,127.5,6.545427057696612,0.01563410769211969,0.9828110902544953,8.784382973479864e-05
180.0,475,833.3333333333334,833.3333333333334,127.5,6.553864561262306,0.015589160897820638,0.9828206765790461,8.795771199426071e-05
180.0,476,944.4444444444445,833.3333333333334,127.5,6.558678574460878,0.015563579537865812,0.9828261369737543,8.802268739053175e-05
180.0,477,55.55555555555556,944.4444444444445,127.5,6.562232336627255,0.015544728027443734,0.9828301648605641,8.807065308035969e-05
180.0,478,166.66666666666669,944.4444444444445,127.5,6.558678574460861,0.015563579537865848,0.9828261369737545,8.802268739053163e-05
180.0,479,277.77777777777777,944.4444444444445,127.5,6.552748062947718,0.015595090129079772,0.9828194072324512,8.794264227808587e-05
180.0,480,388.8888888888889,944.4444444444445,127.5,6.546845956477436,0.015626519868466533,0.9828126999019873,8.786298049092492e-05
180.0,481,500.0,944.4444444444445,127.5,6.544174868463618,0.015640769041454648,0.9828096611139582,8.78269283125981e-05
180.0,482,611.1111111111111,944.4444444444445,127.5,6.5468459564774495,0.015626519868466485,0.9828126999019857,8.786298049092494e-05
180.0,483,722.2222222222223,944.4444444444445,127.5,6.552748062947726,0.015595090129079761,0.9828194072324515,8.794264227808606e-05
180.0,484,833.3333333333334,944.4444444444445,127.5,6.5586785744608775,0.015563579537865798,0.9828261369737533,8.802268739053165e-05
180.0,485,944.4444444444445,944.4444444444445,127.5,6.562232336627269,0.015544728027443678,0.982830164860562,8.807065308035966e-05
180.0,486,55.55555555555556,55.55555555555556,132.5,7.107313716913106,0.014106829775284177,0.9829770203548612,9.53854961045115e-05
180.0,487,166.66666666666669,55.55555555555556,132.5,7.103794987667215,0.014123322227867734,0.9829735722351928,9.533803346734627e-05
180.0,488,277.77777777777777,55.55555555555556,132.5,7.097921471410904,0.014150895078846268,0.982967810554112,9.525880805736138e-05
180.0,489,388.8888888888889,55.55555555555556,132.5,7.09208387572482,0.014178353473067184,0.9829620768136512,9.518006711422042e-05
180.0,490,500.0,55.55555555555556,132.5,7.089442707730698,0.01419079570233552,0.9829594802534831,9.514444146300303e-05
180.0,491,611.1111111111111,55.55555555555556,132.5,7.0920838757248434,0.014178353473067081,0.9829620768136471,9.518006711422036e-05
180.0,492,722.2222222222223,55.55555555555556,132.5,7.097921471410908,0.01415089507884624,0.9829678105541106,9.525880805736126e-05
180.0,493,833.3333333333334,55.55555555555556,132.5,7.103794987667215,0.014123322227867737,0.9829735722351929,9.533803346734629e-05
180.0,494,944.4444444444445,55.55555555555556,132.5,7.107313716913112,0.014106829775284187,0.9829770203548626,9.538549610451163e-05
180.0,495,55.55555555555556,166.66666666666669,132.5,7.103794987667221,0.014123322227867705,0.9829735722351917,9.533803346734631e-05
180.0,496,166.66666666666669,166.66666666666669,132.5,7.099026063621468,0.014145711753383843,0.9829688962421202,9.527370759648648e-05
180.0,497,277.77777777777777,166.66666666666669,132.5,7.090679206220297,0.014184986270331445,0.9829607001261504,9.516112048853274e-05
180.0,498,388.8888888888889,166.66666666666669,132.5,7.081666197861432,0.014227517820403525,0.9829518328371649,9.503954781579847e-05
180.0,499,500.0,166.66666666666669,132.5,7.076957802593669,0.014249804798490294,0.982947190287907,9.497603788475053e-05
180.0,500,611.1111111111111,166.66666666666669,132.5,7.081666197861443,0.014227517820403494,0.9829518328371645,9.503954781579859e-05
180.0,501,722.2222222222223,166.66666666666669,132.5,7.090679206220296,0.014184986270331426,0.9829607001261491,9.516112048853261e-05
180.0,502,833.3333333333334,166.66666666666669,132.5,7.099026063621451,0.014145711753383894,0.9829688962421216,9.527370759648646e-05
180.0,503,944.4444444444445,166.66666666666669,132.5,7.103794987667223,0.014123322227867705,0.9829735722351917,9.533803346734631e-05
180.0,504,55.55555555555556,277.77777777777777,132.5,7.097921471410906,0.014150895078846261,0.982967810554112,9.525880805736138e-05
180.0,505,166.66666666666669,277.77777777777777,132.5,7.09067920622031,0.014184986270331405,0.9829607001261496,9.516112048853283e-05
180.0,506,277.77777777777777,277.77777777777777,132.5,7.076996580451881,0.014249612575710979,0.982947233661277,9.497656144062787e-05
180.0,507,388.8888888888889,277.77777777777777,132.5,7.059698818645706,0.014331783108669992,0.9829301295218018,9.474323686562637e-05
180.0,508,500.0,277.77777777777777,132.5,7.048090278990816,0.014387335862330796,0.9829185748070589,9.458664851562067e-05
180.0,509,611.1111111111111,277.77777777777777,132.5,7.059698818645706,0.014331783108669977,0.982930129521801,9.474323686562646e-05
180.0,510,722.2222222222223,277.77777777777777,132.5,7.076996580451882,0.014249612575710996,0.9829472336612785,9.4976561440628e-05
180.0,511,833.3333333333334,277.77777777777777,132.5,7.090679206220301,0.014184986270331408,0.9829607001261486,9.516112048853273e-05
180.0,512,944.4444444444445,277.77777777777777,132.5,7.097921471410903,0.014150895078846268,0.9829678105541116,9.525880805736135e-05
180.0,513,55.55555555555556,388.8888888888889,132.5,7.09208387572484,0.014178353473067087,0.9829620768136473,9.518006711422038e-05
180.0,514,166.66666666666669,388.8888888888889,132.5,7.0816661978614315,0.014227517820403528,0.9829518328371649,9.503954781579847e-05
180.0,515,277.77777777777777,388.8888888888889,132.5,7.059698818645716,0.014331783108669963,0.9829301295218009,9.474323686562645e-05
180.0,516,388.8888888888889,388.8888888888889,132.5,7.026201100428929,0.014492487868947615,0.9828967201523223,9.429138470735582e-05
180.0,517,500.0,388.8888888888889,132.5,6.994172193072175,0.014648900225028443,0.9828642150541086,9.385931246226277e-05
180.0,518,611.1111111111111,388.8888888888889,132.5,7.026201100428927,0.014492487868947645,0.9828967201523241,9.4291384707356e-05
180.0,519,722.2222222222223,388.8888888888889,132.5,7.059698818645721,0.014331783108669931,0.9829301295217996,9.474323686562649e-05
180.0,520,833.3333333333334,388.8888888888889,132.5,7.081666197861425,0.014227517820403572,0.9829518328371666,9.503954781579863e-05
180.0,521,944.4444444444445,388.8888888888889,132.5,7.09208387572484,0.014178353473067066,0.9829620768136459,9.518006711422023e-05
180.0,522,55.55555555555556,500.0,132.5,7.089442707730695,0.014190795702335536,0.9829594802534846,9.514444146300317e-05
180.0,523,166.66666666666669,500.0,132.5,7.076957802593665,0.01424980479849031,0.9829471902879077,9.49760378847506e-05
180.0,524,277.77777777777777,500.0,132.5,7.048090278990809,0.01438733586233079,0.9829185748070574,9.458664851562052e-05
180.0,525,388.8888888888889,500.0,132.5,6.994172193072161,0.014648900225028476,0.9828642150541088,9.385931246226262e-05
180.0,526,500.0,500.0,132.5,6.9153809111091915,0.015046318223250811,0.9827816587508125,9.279625534767612e-05
180.0,527,611.1111111111111,500.0,132.5,6.99417219307216,0.014648900225028487,0.9828642150541095,9.385931246226269e-05
180.0,528,722.2222222222223,500.0,132.5,7.048090278990808,0.01438733586233079,0.9829185748070574,9.458664851562052e-05
180.0,529,833.3333333333334,500.0,132.5,7.076957802593657,0.014249804798478162,0.9829471902885507,9.497603788481256e-05
180.0,530,944.4444444444445,500.0,132.5,7.089442707730699,0.014190795702335538,0.9829594802534852,9.514444146300323e-05
180.0,531,55.55555555555556,611.1111111111111,132.5,7.092083875724827,0.014178353473067113,0.982962076813647,9.518006711422018e-05
180.0,532,166.66666666666669,611.1111111111111,132.5,7.08166619786141,0.014227517820403582,0.9829518328371657,9.503954781579836e-05
180.0,533,277.77777777777777,611.1111111111111,132.5,7.059698818645714,0.014331783108669989,0.9829301295218024,9.474323686562642e-05
180.0,534,388.8888888888889,611.1111111111111,132.5,7.026201100428921,0.01449248786894767,0.9828967201523249,9.42913847073559e-05
180.0,535,500.0,611.1111111111111,132.5,6.994172193072153,0.014648900225028502,0.9828642150541097,9.385931246226254e-05
180.0,536,611.1111111111111,611.1111111111111,132.5,7.026201100428915,0.014492487868947666,0.9828967201523235,9.429138470735578e-05
180.0,537,722.2222222222223,611.1111111111111,132.5,7.059698818645716,0.014331783108669982,0.9829301295218023,9.474323686562658e-05
180.0,538,833.3333333333334,611.1111111111111,132.5,7.081666197861426,0.014227517820403532,0.9829518328371639,9.503954781579838e-05
180.0,539,944.4444444444445,611.1111111111111,132.5,7.092083875724816,0.01417835347306717,0.9829620768136496,9.518006711422026e-05
180.0,540,55.55555555555556,722.2222222222223,132.5,7.0979214714108965,0.01415089507884628,0.9829678105541118,9.525880805736119e-05
180.0,541,166.66666666666669,722.2222222222223,132.5,7.090679206220286,0.014184986270331459,0.98296070012615,9.516112048853253e-05
180.0,542,277.77777777777777,722.2222222222223,132.5,7.0769965804518735,0.01424961257571104,0.9829472336612798,9.497656144062796e-05
180.0,543,388.8888888888889,722.2222222222223,132.5,7.059698818645709,0.014331783108669992,0.9829301295218023,9.474323686562658e-05
180.0,544,500.0,722.2222222222223,132.5,7.048090278990804,0.01438733586233081,0.9829185748070581,9.458664851562043e-05
180.0,545,611.1111111111111,722.2222222222223,132.5,7.059698818645717,0.014331783108669947,0.9829301295218,9.474323686562637e-05
180.0,546,722.2222222222223,722.2222222222223,132.5,7.076996580451881,0.01424961257571102,0.9829472336612797,9.497656144062813e-05
180.0,547,833.3333333333334,722.2222222222223,132.5,7.090679206220287,0.014184986270331459,0.9829607001261502,9.516112048853255e-05
180.0,548,944.4444444444445,722.2222222222223,132.5,7.097921471410883,0.01415089507884633,0.9829678105541138,9.525880805736122e-05
180.0,549,55.55555555555556,833.3333333333334,132.5,7.103794987667201,0.014123322227867798,0.9829735722351951,9.533803346734633e-05
180.0,550,166.66666666666669,833.3333333333334,132.5,7.09902606362144,0.014145711753383949,0.982968896242124,9.527370759648653e-05
180.0,551,277.77777777777777,833.3333333333334,132.5,7.090679206220281,0.014184986270331488,0.9829607001261516,9.516112048853268e-05
180.0,552,388.8888888888889,833.3333333333334,132.5,7.08166619786141,0.014227517820403587,0.9829518328371663,9.503954781579842e-05
180.0,553,500.0,833.3333333333334,132.5,7.076957802593652,0.014249804798478184,0.9829471902885518,9.497603788481267e-05
180.0,554,611.1111111111111,833.3333333333334,132.5,7.081666197861428,0.014227517820403528,0.9829518328371644,9.503954781579842e-05
180.0,555,722.2222222222223,833.3333333333334,132.5,7.090679206220312,0.0141849862703314,0.9829607001261494,9.516112048853281e-05
180.0,556,833.3333333333334,833.3333333333334,132.5,7.099026063621459,0.014145711753383887,0.982968896242122,9.52737075964865e-05
180.0,557,944.4444444444445,833.3333333333334,132.5,7.103794987667213,0.014123322227867751,0.9829735722351938,9.533803346734637e-05
180.0,558,55.55555555555556,944.4444444444445,132.5,7.107313716913092,0.01410682977528422,0.9829770203548622,9.538549610451143e-05
180.0,559,166.66666666666669,944.4444444444445,132.5,7.103794987667195,0.014123322227867779,0.9829735722351932,9.533803346734615e-05
180.0,560,277.77777777777777,944.4444444444445,132.5,7.097921471410878,0.01415089507884634,0.9829678105541134,9.525880805736119e-05
180.0,561,388.8888888888889,944.4444444444445,132.5,7.092083875724813,0.014178353473067149,0.982962076813648,9.518006711422011e-05
180.0,562,500.0,944.4444444444445,132.5,7.089442707730679,0.0141907957023356,0.9829594802534865,9.514444146300302e-05
180.0,563,611.1111111111111,944.4444444444445,132.5,7.092083875724824,0.014178353473067128,0.9829620768136477,9.518006711422025e-05
180.0,564,722.2222222222223,944.4444444444445,132.5,7.097921471410883,0.014150895078846343,0.9829678105541149,9.525880805736133e-05
180.0,565,833.3333333333334,944.4444444444445,132.5,7.103794987667209,0.01412332222786776,0.9829735722351938,9.533803346734637e-05
180.0,566,944.4444444444445,944.4444444444445,132.5,7.1073137169131035,0.014106829775284182,0.9829770203548613,9.538549610451151e-05
180.0,567,55.55555555555556,55.55555555555556,137.5,7.632137622631799,0.012962968680257227,0.9830620773285794,0.00010242256253918773
180.0,568,166.66666666666669,55.55555555555556,137.5,7.628640592537766,0.012977688205219494,0.9830590662717131,0.0001023754211678432
180.0,569,277.77777777777777,55.55555555555556,137.5,7.6228056381519265,0.013002281976180413,0.9830540374830977,0.00010229676358165187
180.0,570,388.8888888888889,55.55555555555556,137.5,7.617007818890074,0.013026761662152374,0.9830490351430629,0.00010221860655246842
180.0,571,500.0,55.55555555555556,137.5,7.614385369021119,0.013037849359359853,0.9830467708243946,0.00010218325483320085
180.0,572,611.1111111111111,55.55555555555556,137.5,7.6170078188901,0.013026761662152312,0.9830490351430617,0.00010221860655246865
180.0,573,722.2222222222223,55.55555555555556,137.5,7.6228056381519345,0.013002281976180386,0.983054037483096,0.00010229676358165187
180.0,574,833.3333333333334,55.55555555555556,137.5,7.62864059253777,0.012977688205219464,0.9830590662717117,0.00010237542116784305
180.0,575,944.4444444444445,55.55555555555556,137.5,7.632137622631805,0.012962968680257227,0.9830620773285803,0.00010242256253918783
180.0,576,55.55555555555556,166.66666666666669,137.5,7.628640592537761,0.012977688205219506,0.9830590662717131,0.0001023754211678432
180.0,577,166.66666666666669,166.66666666666669,137.5,7.623902861867896,0.012997659508291886,0.983054985055136,0.000102311554769516
180.0,578,277.77777777777777,166.66666666666669,137.5,7.615611925417562,0.013032677008541401,0.9830478338324691,0.00010219978972298167
180.0,579,388.8888888888889,166.66666666666669,137.5,7.606653631203188,0.013070613410221314,0.9830400940959659,0.00010207902832938168
180.0,580,500.0,166.66666666666669,137.5,7.601988063053799,0.013090421089970503,0.983036056641398,0.0001020161344341678
180.0,581,611.1111111111111,166.66666666666669,137.5,7.606653631203201,0.013070613410221279,0.9830400940959648,0.00010207902832938174
180.0,582,722.2222222222223,166.66666666666669,137.5,7.61561192541756,0.01303267700854144,0.9830478338324716,0.00010219978972298194
180.0,583,833.3333333333334,166.66666666666669,137.5,7.6239028618678715,0.012997659508291945,0.9830549850551372,0.00010231155476951576
180.0,584,944.4444444444445,166.66666666666669,137.5,7.628640592537773,0.012977688205219462,0.9830590662717117,0.00010237542116784305
180.0,585,55.55555555555556,277.77777777777777,137.5,7.6228056381519265,0.013002281976180413,0.9830540374830979,0.00010229676358165189
180.0,586,166.66666666666669,277.77777777777777,137.5,7.615611925417572,0.013032677008541401,0.9830478338324704,0.00010219978972298216
180.0,587,277.77777777777777,277.77777777777777,137.5,7.602010218950312,0.013090326625743139,0.9830360787001379,0.00010201643340392338
180.0,588,388.8888888888889,277.77777777777777,137.5,7.584880024405466,0.013163300935290218,0.9830212177459643,0.00010178551006689003
180.0,589,500.0,277.77777777777777,137.5,7.573530453834034,0.013211922867978699,0.9830113245650006,0.00010163251008158559
180.0,590,611.1111111111111,277.77777777777777,137.5,7.584880024405467,0.013163300935290227,0.9830212177459652,0.00010178551006689012
180.0,591,722.2222222222223,277.77777777777777,137.5,7.602010218950311,0.01309032662574314,0.9830360787001379,0.00010201643340392338
180.0,592,833.3333333333334,277.77777777777777,137.5,7.615611925417565,0.013032677008541422,0.983047833832471,0.00010219978972298204
180.0,593,944.4444444444445,277.77777777777777,137.5,7.622805638151925,0.01300228197618041,0.9830540374830969,0.00010229676358165179
180.0,594,55.55555555555556,388.8888888888889,137.5,7.617007818890101,0.013026761662152305,0.9830490351430613,0.00010221860655246861
180.0,595,166.66666666666669,388.8888888888889,137.5,7.606653631203175,0.013070613410221352,0.9830400940959672,0.00010207902832938162
180.0,596,277.77777777777777,388.8888888888889,137.5,7.584880024405478,0.013163300935290195,0.9830212177459642,0.00010178551006689019
180.0,597,388.8888888888889,388.8888888888889,137.5,7.552005313727822,0.01330449088131871,0.9829924992714221,0.00010134233576667556
180.0,598,500.0,388.8888888888889,137.5,7.521694190123085,0.013436394427670742,0.9829656847120978,0.00010093370155588208
180.0,599,611.1111111111111,388.8888888888889,137.5,7.552005313727822,0.013304490881318723,0.9829924992714231,0.00010134233576667567
180.0,600,722.2222222222223,388.8888888888889,137.5,7.584880024405499,0.01316330093529016,0.9830212177459641,0.00010178551006689018
180.0,601,833.3333333333334,388.8888888888889,137.5,7.606653631203173,0.013070613410221327,0.983040094095965,0.0001020790283293814
180.0,602,944.4444444444445,388.8888888888889,137.5,7.617007818890093,0.013026761662152317,0.983049035143061,0.00010221860655246857
180.0,603,55.55555555555556,500.0,137.5,7.614385369021123,0.013037849359359845,0.9830467708243946,0.00010218325483320085
180.0,604,166.66666666666669,500.0,137.5,7.6019880630537955,0.013090421089970489,0.9830360566413966,0.00010201613443416765
180.0,605,277.77777777777777,500.0,137.5,7.573530453834031,0.01321192286797875,0.9830113245650042,0.00010163251008158578
180.0,606,388.8888888888889,500.0,137.5,7.521694190123066,0.013436394427670815,0.9829656847121006,0.000100933701555882
180.0,607,500.0,500.0,137.5,7.452370879059594,0.013744869459696744,0.9829029670294491,9.99990469338718e-05
180.0,608,611.1111111111111,500.0,137.5,7.521694190123074,0.013436394427670802,0.9829656847121001,0.00010093370155588212
180.0,609,722.2222222222223,500.0,137.5,7.573530453834026,0.013211922867978744,0.9830113245650032,0.00010163251008158567
180.0,610,833.3333333333334,500.0,137.5,7.60198806305378,0.013090421089970534,0.983036056641398,0.00010201613443416761
180.0,611,944.4444444444445,500.0,137.5,7.6143853690211145,0.013037849359359859,0.9830467708243946,0.00010218325483320085
180.0,612,55.55555555555556,611.1111111111111,137.5,7.617007818890087,0.01302676166215234,0.9830490351430621,0.00010221860655246852
180.0,613,166.66666666666669,611.1111111111111,137.5,7.606653631203156,0.01307061341022139,0.9830400940959673,0.00010207902832938145
180.0,614,277.77777777777777,611.1111111111111,137.5,7.584880024405477,0.013163300935290195,0.9830212177459643,0.00010178551006689003
180.0,615,388.8888888888889,611.1111111111111,137.5,7.552005313727823,0.01330449088131872,0.9829924992714226,0.00010134233576667562
180.0,616,500.0,611.1111111111111,137.5,7.5216941901230685,0.01343639442767083,0.9829656847121014,0.00010093370155588209
180.0,617,611.1111111111111,611.1111111111111,137.5,7.552005313727815,0.013304490881318768,0.9829924992714253,0.00010134233576667571
180.0,618,722.2222222222223,611.1111111111111,137.5,7.584880024405479,0.013163300935290202,0.9830212177459648,0.00010178551006689008
180.0,619,833.3333333333334,611.1111111111111,137.5,7.606653631203171,0.013070613410221341,0.9830400940959657,0.00010207902832938147
180.0,620,944.4444444444445,611.1111111111111,137.5,7.61700781889007,0.01302676166215238,0.9830490351430627,0.00010221860655246841
180.0,621,55.55555555555556,722.2222222222223,137.5,7.622805638151922,0.013002281976180417,0.9830540374830976,0.00010229676358165186
180.0,622,166.66666666666669,722.2222222222223,137.5,7.615611925417542,0.013032677008541483,0.9830478338324729,0.00010219978972298188
180.0,623,277.77777777777777,722.2222222222223,137.5,7.6020102189503085,0.013090326625743165,0.9830360787001392,0.00010201643340392333
180.0,624,388.8888888888889,722.2222222222223,137.5,7.584880024405466,0.013163300935290223,0.9830212177459648,0.00010178551006688989
180.0,625,500.0,722.2222222222223,137.5,7.573530453834026,0.013211922867978733,0.9830113245650026,0.00010163251008158562
180.0,626,611.1111111111111,722.2222222222223,137.5,7.584880024405477,0.013163300935290183,0.9830212177459634,0.00010178551006688993
180.0,627,722.2222222222223,722.2222222222223,137.5,7.6020102189503085,0.013090326625743155,0.9830360787001388,0.00010201643340392347
180.0,628,833.3333333333334,722.2222222222223,137.5,7.615611925417546,0.013032677008541448,0.9830478338324704,0.00010219978972298181
180.0,629,944.4444444444445,722.2222222222223,137.5,7.622805638151908,0.01300228197618047,0.9830540374830998,0.00010229676358165191
180.0,630,55.55555555555556,833.3333333333334,137.5,7.62864059253774,0.012977688205219547,0.9830590662717136,0.00010237542116784288
180.0,631,166.66666666666669,833.3333333333334,137.5,7.623902861867865,0.01299765950829198,0.9830549850551388,0.00010231155476951573
180.0,632,277.77777777777777,833.3333333333334,137.5,7.615611925417542,0.013032677008541462,0.9830478338324711,0.00010219978972298169
180.0,633,388.8888888888889,833.3333333333334,137.5,7.606653631203152,0.013070613410221412,0.9830400940959685,0.00010207902832938139
180.0,634,500.0,833.3333333333334,137.5,7.6019880630537875,0.013090421089970522,0.9830360566413977,0.00010201613443416757
180.0,635,611.1111111111111,833.3333333333334,137.5,7.606653631203172,0.013070613410221348,0.9830400940959665,0.00010207902832938155
180.0,636,722.2222222222223,833.3333333333334,137.5,7.61561192541757,0.013032677008541398,0.9830478338324697,0.00010219978972298192
180.0,637,833.3333333333334,833.3333333333334,137.5,7.6239028618678795,0.012997659508291931,0.9830549850551369,0.0001023115547695159
180.0,638,944.4444444444445,833.3333333333334,137.5,7.628640592537755,0.012977688205219506,0.9830590662717122,0.00010237542116784293
180.0,639,55.55555555555556,944.4444444444445,137.5,7.632137622631788,0.012962968680257262,0.983062077328581,0.0001024225625391877
180.0,640,166.66666666666669,944.4444444444445,137.5,7.628640592537739,0.012977688205219549,0.9830590662717136,0.00010237542116784288
180.0,641,277.77777777777777,944.4444444444445,137.5,7.622805638151899,0.013002281976180505,0.9830540374831007,0.00010229676358165183
180.0,642,388.8888888888889,944.4444444444445,137.5,7.6170078188900705,0.013026761662152359,0.9830490351430617,0.00010221860655246832
180.0,643,500.0,944.4444444444445,137.5,7.614385369021092,0.013037849359359937,0.9830467708243981,0.00010218325483320087
180.0,644,611.1111111111111,944.4444444444445,137.5,7.617007818890086,0.013026761662152359,0.9830490351430634,0.00010221860655246865
180.0,645,722.2222222222223,944.4444444444445,137.5,7.622805638151905,0.013002281976180472,0.9830540374830994,0.00010229676358165187
180.0,646,833.3333333333334,944.4444444444445,137.5,7.628640592537751,0.01297768820521954,0.9830590662717142,0.00010237542116784315
180.0,647,944.4444444444445,944.4444444444445,137.5,7.632137622631805,0.012962968680257213,0.9830620773285795,0.00010242256253918775
180.0,648,55.55555555555556,55.55555555555556,142.5,8.138127198918966,0.012041240027161403,0.9831033920338205,0.00010920176026154339
180.0,649,166.66666666666669,55.55555555555556,142.5,8.134640260621405,0.012054594011550974,0.9831007188322122,0.00010915478208101291
180.0,650,277.77777777777777,55.55555555555556,142.5,8.128823319942185,0.01207689960447429,0.9830962556162594,0.00010907641261822566
180.0,651,388.8888888888889,55.55555555555556,142.5,8.123044059796714,0.012099096285112005,0.9830918169620158,0.00010899855077765627
180.0,652,500.0,55.55555555555556,142.5,8.120430447526289,0.01210914668337666,0.9830898084784961,0.00010896333856343063
180.0,653,611.1111111111111,55.55555555555556,142.5,8.12304405979675,0.012099096285111927,0.9830918169620144,0.00010899855077765652
180.0,654,722.2222222222223,55.55555555555556,142.5,8.128823319942205,0.012076899604474235,0.9830962556162569,0.00010907641261822557
180.0,655,833.3333333333334,55.55555555555556,142.5,8.134640260621415,0.012054594011550936,0.9831007188322102,0.00010915478208101287
180.0,656,944.4444444444445,55.55555555555556,142.5,8.138127198918971,0.01204124002716138,0.9831033920338191,0.00010920176026154324
180.0,657,55.55555555555556,166.66666666666669,142.5,8.134640260621401,0.012054594011550976,0.983100718832212,0.00010915478208101289
180.0,658,166.66666666666669,166.66666666666669,142.5,8.129917110904096,0.0120727072158228,0.9830970966531538,0.00010909114901860569
180.0,659,277.77777777777777,166.66666666666669,142.5,8.121652297357352,0.012104459963698955,0.9830907511086577,0.00010897980048214433
180.0,660,388.8888888888889,166.66666666666669,142.5,8.112719984544354,0.012138860211047585,0.983083883227852,0.00010885945893381614
180.0,661,500.0,166.66666666666669,142.5,8.108075683690188,0.012156781779886671,0.9830803088842028,0.0001087968881331851
180.0,662,611.1111111111111,166.66666666666669,142.5,8.112719984544372,0.012138860211047545,0.9830838832278509,0.00010885945893381621
180.0,663,722.2222222222223,166.66666666666669,142.5,8.12165229735735,0.012104459963698968,0.9830907511086582,0.00010897980048214438
180.0,664,833.3333333333334,166.66666666666669,142.5,8.12991711090407,0.012072707215822848,0.9830970966531549,0.00010909114901860562
180.0,665,944.4444444444445,166.66666666666669,142.5,8.134640260621406,0.012054594011550969,0.983100718832212,0.00010915478208101289
180.0,666,55.55555555555556,277.77777777777777,142.5,8.128823319942194,0.012076899604474245,0.9830962556162564,0.00010907641261822551
180.0,667,166.66666666666669,277.77777777777777,142.5,8.121652297357365,0.01210445996369893,0.9830907511086564,0.00010897980048214438
180.0,668,277.77777777777777,277.77777777777777,142.5,8.108089271223394,0.012156735977283728,0.9830803201450534,0.0001087970712810671
180.0,669,388.8888888888889,277.77777777777777,142.5,8.09104131938618,0.012222723039738802,0.9830671708982734,0.00010856739037373958
180.0,670,500.0,277.77777777777777,142.5,8.07982200227106,0.012266321149970796,0.9830584947255363,0.00010841623620786788
180.0,671,611.1111111111111,277.77777777777777,142.5,8.09104131938618,0.012222723039738804,0.9830671708982739,0.00010856739037373962
180.0,672,722.2222222222223,277.77777777777777,142.5,8.10808927122339,0.012156735977283728,0.9830803201450533,0.00010879707128106709
180.0,673,833.3333333333334,277.77777777777777,142.5,8.12165229735735,0.012104459963698957,0.9830907511086573,0.00010897980048214429
180.0,674,944.4444444444445,277.77777777777777,142.5,8.128823319942182,0.012076899604474296,0.9830962556162592,0.00010907641261822565
180.0,675,55.55555555555556,388.8888888888889,142.5,8.123044059796737,0.012099096285111936,0.9830918169620133,0.0001089985507776564
180.0,676,166.66666666666669,388.8888888888889,142.5,8.112719984544345,0.01213886021104763,0.9830838832278546,0.00010885945893381622
180.0,677,277.77777777777777,388.8888888888889,142.5,8.091041319386196,0.01222272303973875,0.9830671708982717,0.00010856739037373958
180.0,678,388.8888888888889,388.8888888888889,142.5,8.058479834684277,0.012349602060862205,0.9830419266704938,0.00010812869792137443
180.0,679,500.0,388.8888888888889,142.5,8.029026936498065,0.012465333136970146,0.9830189382347135,0.00010773188217654578
180.0,680,611.1111111111111,388.8888888888889,142.5,8.05847983468428,0.012349602060862216,0.9830419266704952,0.00010812869792137456
180.0,681,722.2222222222223,388.8888888888889,142.5,8.091041319386221,0.012222723039738684,0.9830671708982693,0.00010856739037373951
180.0,682,833.3333333333334,388.8888888888889,142.5,8.112719984544333,0.012138860211047655,0.983083883227855,0.00010885945893381628
180.0,683,944.4444444444445,388.8888888888889,142.5,8.12304405979673,0.012099096285111976,0.9830918169620154,0.00010899855077765644
180.0,684,55.55555555555556,500.0,142.5,8.120430447526294,0.012109146683376648,0.983089808478496,0.00010896333856343062
180.0,685,166.66666666666669,500.0,142.5,8.10807568369018,0.012156781779886687,0.9830803088842028,0.0001087968881331851
180.0,686,277.77777777777777,500.0,142.5,8.07982200227106,0.012266321149970788,0.9830584947255359,0.00010841623620786783
180.0,687,388.8888888888889,500.0,142.5,8.029026936498045,0.012465333136970236,0.9830189382347182,0.00010773188217654591
180.0,688,500.0,500.0,142.5,7.964214715412178,0.012723294191374536,0.9829677840991635,0.00010685865440352636
180.0,689,611.1111111111111,500.0,142.5,8.029026936498049,0.01246533313697021,0.9830189382347163,0.00010773188217654571
180.0,690,722.2222222222223,500.0,142.5,8.079822002271062,0.012266321149970788,0.9830584947255361,0.00010841623620786807
180.0,691,833.3333333333334,500.0,142.5,8.108075683690158,0.01215678177988676,0.983080308884206,0.00010879688813318504
180.0,692,944.4444444444445,500.0,142.5,8.120430447526289,0.012109146683376646,0.9830898084784954,0.00010896333856343055
180.0,693,55.55555555555556,611.1111111111111,142.5,8.123044059796733,0.012099096285111991,0.983091816962017,0.00010899855077765661
180.0,694,166.66666666666669,611.1111111111111,142.5,8.112719984544322,0.012138860211047667,0.9830838832278549,0.00010885945893381606
180.0,695,277.77777777777777,611.1111111111111,142.5,8.091041319386191,0.012222723039738785,0.9830671708982737,0.00010856739037373959
180.0,696,388.8888888888889,611.1111111111111,142.5,8.058479834684277,0.012349602060862233,0.9830419266704958,0.00010812869792137464
180.0,697,500.0,611.1111111111111,142.5,8.029026936498058,0.012465333136970184,0.9830189382347159,0.00010773188217654586
180.0,698,611.1111111111111,611.1111111111111,142.5,8.05847983468427,0.012349602060862235,0.9830419266704954,0.00010812869792137459
180.0,699,722.2222222222223,611.1111111111111,142.5,8.091041319386195,0.01222272303973876,0.9830671708982724,0.00010856739037373966
180.0,700,833.3333333333334,611.1111111111111,142.5,8.112719984544343,0.012138860211047634,0.9830838832278547,0.00010885945893381624
180.0,701,944.4444444444445,611.1111111111111,142.5,8.123044059796706,0.012099096285112031,0.9830918169620174,0.00010899855077765626
180.0,702,55.55555555555556,722.2222222222223,142.5,8.128823319942185,0.012076899604474289,0.9830962556162589,0.00010907641261822562
180.0,703,166.66666666666669,722.2222222222223,142.5,8.12165229735733,0.012104459963699037,0.9830907511086612,0.00010897980048214434
180.0,704,277.77777777777777,722.2222222222223,142.5,8.108089271223395,0.012156735977283725,0.9830803201450533,0.00010879707128106728
180.0,705,388.8888888888889,722.2222222222223,142.5,8.091041319386186,0.012222723039738793,0.9830671708982737,0.00010856739037373959
180.0,706,500.0,722.2222222222223,142.5,8.079822002271062,0.012266321149970786,0.9830584947255359,0.00010841623620786804
180.0,707,611.1111111111111,722.2222222222223,142.5,8.091041319386198,0.012222723039738757,0.9830671708982724,0.00010856739037373966
180.0,708,722.2222222222223,722.2222222222223,142.5,8.108089271223399,0.01215673597728372,0.9830803201450533,0.00010879707128106728
180.0,709,833.3333333333334,722.2222222222223,142.5,8.121652297357334,0.012104459963699011,0.9830907511086598,0.0001089798004821442
180.0,710,944.4444444444445,722.2222222222223,142.5,8.128823319942166,0.012076899604474335,0.9830962556162602,0.00010907641261822554
180.0,711,55.55555555555556,833.3333333333334,142.5,8.134640260621378,0.012054594011551043,0.9831007188322148,0.00010915478208101282
180.0,712,166.66666666666669,833.3333333333334,142.5,8.12991711090406,0.012072707215822884,0.9830970966531567,0.00010909114901860562
180.0,713,277.77777777777777,833.3333333333334,142.5,8.12165229735733,0.012104459963699032,0.9830907511086608,0.0001089798004821443
180.0,714,388.8888888888889,833.3333333333334,142.5,8.112719984544313,0.012138860211047717,0.9830838832278579,0.0001088594589338162
180.0,715,500.0,833.3333333333334,142.5,8.108075683690176,0.012156781779886694,0.9830803088842028,0.0001087968881331851
180.0,716,611.1111111111111,833.3333333333334,142.5,8.112719984544347,0.012138860211047618,0.9830838832278538,0.00010885945893381614
180.0,717,722.2222222222223,833.3333333333334,142.5,8.121652297357356,0.012104459963698964,0.9830907511086587,0.00010897980048214444
180.0,718,833.3333333333334,833.3333333333334,142.5,8.129917110904074,0.012072707215822822,0.983097096653153,0.0001090911490186056
180.0,719,944.4444444444445,833.3333333333334,142.5,8.134640260621396,0.012054594011550963,0.9831007188322105,0.00010915478208101274
180.0,720,55.55555555555556,944.4444444444445,142.5,8.138127198918955,0.012041240027161424,0.9831033920338208,0.00010920176026154323
180.0,721,166.66666666666669,944.4444444444445,142.5,8.134640260621374,0.012054594011551043,0.9831007188322144,0.00010915478208101276
180.0,722,277.77777777777777,944.4444444444445,142.5,8.128823319942162,0.012076899604474344,0.9830962556162605,0.00010907641261822557
180.0,723,388.8888888888889,944.4444444444445,142.5,8.123044059796715,0.012099096285112014,0.9830918169620164,0.00010899855077765635
180.0,724,500.0,944.4444444444445,142.5,8.12043044752626,0.012109146683376716,0.9830898084784975,0.00010896333856343042
180.0,725,611.1111111111111,944.4444444444445,142.5,8.123044059796731,0.012099096285111978,0.9830918169620161,0.0001089985507776565
180.0,726,722.2222222222223,944.4444444444445,142.5,8.128823319942173,0.01207689960447432,0.9830962556162602,0.00010907641261822554
180.0,727,833.3333333333334,944.4444444444445,142.5,8.134640260621389,0.012054594011551,0.9831007188322127,0.00010915478208101278
180.0,728,944.4444444444445,944.4444444444445,142.5,8.13812719891897,0.012041240027161403,0.9831033920338208,0.00010920176026154343
365.0,0,55.55555555555556,55.55555555555556,102.5,6.068466016629054,0.7499389167339934,0.9729778398845316,8.063895767503927e-05
365.0,1,166.66666666666669,55.55555555555556,102.5,6.064594321137355,0.7499389749129726,0.9729734552717325,8.05872360887818e-05
365.0,2,277.77777777777777,55.55555555555556,102.5,6.058152886029921,0.7499391504702264,0.9729661476070568,8.050118532316104e-05
365.0,3,388.8888888888889,55.55555555555556,102.5,6.051758751504889,0.7499394395344482,0.9729588786606024,8.041576616937368e-05
365.0,4,500.0,55.55555555555556,102.5,6.0488628198323,0.7499393260819646,0.9729555808544751,8.037707930627382e-05
365.0,5,611.1111111111111,55.55555555555556,102.5,6.051758751504886,0.7499394395344481,0.9729588786606012,8.041576616937357e-05
365.0,6,722.2222222222223,55.55555555555556,102.5,6.058152886029918,0.7499391504702263,0.9729661476070648,8.05011853231617e-05
365.0,7,833.3333333333334,55.55555555555556,102.5,6.06459432113735,0.7499389749129729,0.9729734552717344,8.058723608878182e-05
365.0,8,944.4444444444445,55.55555555555556,102.5,6.0684660166290465,0.7499389167339929,0.9729778398845369,8.063895767503972e-05
365.0,9,55.55555555555556,166.66666666666669,102.5,6.064594321137358,0.7499389749129725,0.9729734552717327,8.058723608878182e-05
365.0,10,166.66666666666669,166.66666666666669,102.5,6.059399768567265,0.7499391122999862,0.9729675640331648,8.051784243466577e-05
365.0,11,277.77777777777777,166.66666666666669,102.5,6.0503084729297125,0.7499394308579252,0.972957228970446,8.039639196973928e-05
365.0,12,388.8888888888889,166.66666666666669,102.5,6.040432408406748,0.7499388449727729,0.9729459667408925,8.026445709986936e-05
365.0,13,500.0,166.66666666666669,102.5,6.035235907297866,0.749938637236908,0.9729400259162593,8.019503645602387e-05
365.0,14,611.1111111111111,166.66666666666669,102.5,6.040432408406746,0.7499388449727729,0.9729459667408922,8.026445709986934e-05
365.0,15,722.2222222222223,166.66666666666669,102.5,6.050308472929707,0.7499394308579255,0.9729572289704452,8.039639196973921e-05
365.0,16,833.3333333333334,166.66666666666669,102.5,6.059399768567257,0.7499391122999867,0.972967564033166,8.051784243466573e-05
365.0,17,944.4444444444445,166.66666666666669,102.5,6.064594321137349,0.7499389749129728,0.9729734552717328,8.058723608878168e-05
365.0,18,55.55555555555556,277.77777777777777,102.5,6.058152886029925,0.7499391504702259,0.9729661476070633,8.050118532316173e-05
365.0,19,166.66666666666669,277.77777777777777,102.5,6.050308472929713,0.7499394308579257,0.9729572289704398,8.039639196973891e-05
365.0,20,277.77777777777777,277.77777777777777,102.5,6.035401997394949,0.7499386447031088,0.9729402184606097,8.019725548202358e-05
365.0,21,388.8888888888889,277.77777777777777,102.5,6.016487190994995,0.7499384706400077,0.9729185138060138,7.99445691510739e-05
365.0,22,500.0,277.77777777777777,102.5,6.003207389913684,0.7499389098565967,0.9729031956267485,7.976716042923707e-05
365.0,23,611.1111111111111,277.77777777777777,102.5,6.01648719099499,0.7499384706400082,0.9729185138060148,7.994456915107382e-05
365.0,24,722.2222222222223,277.77777777777777,102.5,6.035401997394945,0.7499386447031084,0.9729402184606072,8.019725548202336e-05
365.0,25,833.3333333333334,277.77777777777777,102.5,6.050308472929706,0.7499394308579251,0.972957228970444,8.039639196973912e-05
365.0,26,944.4444444444445,277.77777777777777,102.5,6.058152886029918,0.7499391504702261,0.9729661476070633,8.050118532316158e-05
365.0,27,55.55555555555556,388.8888888888889,102.5,6.051758751504889,0.7499394395344479,0.9729588786606008,8.041576616937355e-05
365.0,28,166.66666666666669,388.8888888888889,102.5,6.040432408406748,0.7499388449727727,0.9729459667408915,8.026445709986928e-05
365.0,29,277.77777777777777,388.8888888888889,102.5,6.016487190994993,0.7499384706400083,0.9729185138060154,7.994456915107403e-05
365.0,30,388.8888888888889,388.8888888888889,102.5,5.978590870500706,0.749938018213369,0.972874628855931,7.943829833466466e-05
365.0,31,500.0,388.8888888888889,102.5,5.935370151848909,0.7499377799923324,0.9728239342972432,7.886088692329219e-05
365.0,32,611.1111111111111,388.8888888888889,102.5,5.978590870500702,0.7499380182133693,0.972874628855931,7.943829833466466e-05
365.0,33,722.2222222222223,388.8888888888889,102.5,6.0164871909949875,0.7499384706400083,0.9729185138060145,7.99445691510738e-05
365.0,34,833.3333333333334,388.8888888888889,102.5,6.040432408406744,0.7499388449727721,0.9729459667408874,8.026445709986894e-05
365.0,35,944.4444444444445,388.8888888888889,102.5,6.051758751504886,0.7499394395344477,0.9729588786606075,8.04157661693741e-05
365.0,36,55.55555555555556,500.0,102.5,6.0488628198323,0.7499393260819642,0.9729555808544736,8.037707930627356e-05
365.0,37,166.66666666666669,500.0,102.5,6.035235907297865,0.7499386372369087,0.9729400259162623,8.019503645602411e-05
365.0,38,277.77777777777777,500.0,102.5,6.003207389913683,0.7499389098565971,0.9729031956267499,7.976716042923718e-05
365.0,39,388.8888888888889,500.0,102.5,5.9353701518489075,0.749937779992333,0.9728239342972461,7.886088692329215e-05
365.0,40,500.0,500.0,102.5,5.758222904849657,0.7499379446225143,0.9726087002658325,7.649416228072987e-05
365.0,41,611.1111111111111,500.0,102.5,5.935370151848903,0.7499377799923328,0.9728239342972445,7.886088692329215e-05
365.0,42,722.2222222222223,500.0,102.5,6.00320738991368,0.7499389098565968,0.9729031956267482,7.976716042923704e-05
365.0,43,833.3333333333334,500.0,102.5,6.035235907297863,0.7499386372369088,0.9729400259162619,8.019503645602409e-05
365.0,44,944.4444444444445,500.0,102.5,6.048862819832299,0.7499393260819648,0.972955580854476,8.03770793062739e-05
365.0,45,55.55555555555556,611.1111111111111,102.5,6.051758751504887,0.7499394395344482,0.9729588786606019,8.041576616937364e-05
365.0,46,166.66666666666669,611.1111111111111,102.5,6.040432408406747,0.7499388449727724,0.9729459667408907,8.026445709986936e-05
365.0,47,277.77777777777777,611.1111111111111,102.5,6.016487190994989,0.7499384706400081,0.9729185138060139,7.994456915107376e-05
365.0,48,388.8888888888889,611.1111111111111,102.5,5.9785908705007005,0.7499380182133686,0.9728746288559277,7.94382983346644e-05
365.0,49,500.0,611.1111111111111,102.5,5.935370151848901,0.7499377799923325,0.9728239342972421,7.886088692329196e-05
365.0,50,611.1111111111111,611.1111111111111,102.5,5.978590870500698,0.7499380182133695,0.9728746288559317,7.943829833466472e-05
365.0,51,722.2222222222223,611.1111111111111,102.5,6.016487190994987,0.7499384706400076,0.9729185138060119,7.99445691510736e-05
365.0,52,833.3333333333334,611.1111111111111,102.5,6.040432408406745,0.7499388449727719,0.9729459667408873,8.026445709986908e-05
365.0,53,944.4444444444445,611.1111111111111,102.5,6.051758751504889,0.7499394395344481,0.972958878660602,8.041576616937365e-05
365.0,54,55.55555555555556,722.2222222222223,102.5,6.058152886029919,0.7499391504702264,0.9729661476070649,8.050118532316172e-05
365.0,55,166.66666666666669,722.2222222222223,102.5,6.050308472929709,0.749939430857925,0.9729572289704442,8.039639196973913e-05
365.0,56,277.77777777777777,722.2222222222223,102.5,6.035401997394945,0.749938644703109,0.9729402184606101,8.01972554820236e-05
365.0,57,388.8888888888889,722.2222222222223,102.5,6.016487190994987,0.7499384706400077,0.9729185138060115,7.994456915107355e-05
365.0,58,500.0,722.2222222222223,102.5,6.003207389913677,0.7499389098565968,0.9729031956267481,7.976716042923703e-05
365.0,59,611.1111111111111,722.2222222222223,102.5,6.016487190994984,0.7499384706400078,0.9729185138060126,7.994456915107365e-05
365.0,60,722.2222222222223,722.2222222222223,102.5,6.035401997394943,0.7499386447031088,0.972940218460609,8.019725548202351e-05
365.0,61,833.3333333333334,722.2222222222223,102.5,6.05030847292971,0.7499394308579248,0.9729572289704432,8.039639196973905e-05
365.0,62,944.4444444444445,722.2222222222223,102.5,6.05815288602992,0.7499391504702267,0.9729661476070586,8.050118532316119e-05
365.0,63,55.55555555555556,833.3333333333334,102.5,6.064594321137353,0.7499389749129727,0.972973455271733,8.05872360887817e-05
365.0,64,166.66666666666669,833.3333333333334,102.5,6.0593997685672605,0.7499391122999866,0.972967564033165,8.051784243466578e-05
365.0,65,277.77777777777777,833.3333333333334,102.5,6.050308472929709,0.7499394308579248,0.9729572289704427,8.039639196973901e-05
365.0,66,388.8888888888889,833.3333333333334,102.5,6.040432408406743,0.7499388449727722,0.9729459667408877,8.026445709986897e-05
365.0,67,500.0,833.3333333333334,102.5,6.03523590729786,0.7499386372369086,0.9729400259162614,8.019503645602405e-05
365.0,68,611.1111111111111,833.3333333333334,102.5,6.040432408406743,0.7499388449727724,0.9729459667408892,8.02644570998691e-05
365.0,69,722.2222222222223,833.3333333333334,102.5,6.050308472929708,0.7499394308579257,0.9729572289704468,8.039639196973935e-05
365.0,70,833.3333333333334,833.3333333333334,102.5,6.059399768567261,0.7499391122999867,0.9729675640331664,8.05178424346659e-05
365.0,71,944.4444444444445,833.3333333333334,102.5,6.0645943211373545,0.7499389749129725,0.9729734552717317,8.058723608878174e-05
365.0,72,55.55555555555556,944.4444444444445,102.5,6.068466016629048,0.7499389167339932,0.9729778398845385,8.063895767503984e-05
365.0,73,166.66666666666669,944.4444444444445,102.5,6.064594321137352,0.7499389749129722,0.9729734552717315,8.058723608878157e-05
365.0,74,277.77777777777777,944.4444444444445,102.5,6.0581528860299185,0.7499391504702265,0.9729661476070576,8.050118532316111e-05
365.0,75,388.8888888888889,944.4444444444445,102.5,6.051758751504885,0.749939439534448,0.9729588786606009,8.041576616937356e-05
365.0,76,500.0,944.4444444444445,102.5,6.048862819832297,0.7499393260819649,0.972955580854477,8.037707930627383e-05
365.0,77,611.1111111111111,944.4444444444445,102.5,6.051758751504886,0.7499394395344481,0.9729588786606005,8.041576616937352e-05
365.0,78,722.2222222222223,944.4444444444445,102.5,6.05815288602992,0.7499391504702261,0.9729661476070642,8.050118532316166e-05
365.0,79,833.3333333333334,944.4444444444445,102.5,6.064594321137354,0.7499389749129729,0.972973455271734,8.058723608878193e-05
365.0,80,944.4444444444445,944.4444444444445,102.5,6.068466016629052,0.749938916733993,0.9729778398845391,8.063895767503989e-05
365.0,81,55.55555555555556,55.55555555555556,107.5,6.06897468434694,0.7498995094895677,0.9729784146200611,8.064575283199837e-05
365.0,82,166.66666666666669,55.55555555555556,107.5,6.065102957057936,0.7498995642848479,0.9729740308943411,8.059403085147512e-05
365.0,83,277.77777777777777,55.55555555555556,107.5,6.058661439640201,0.7498997361553774,0.9729667248258078,8.050797904946336e-05
365.0,84,388.8888888888889,55.55555555555556,107.5,6.052267277415082,0.7499000084215732,0.9729594561968263,8.042255947820034e-05
365.0,85,500.0,55.55555555555556,107.5,6.049371394371758,0.7498999609776686,0.9729561594781881,8.038387331540324e-05
365.0,86,611.1111111111111,55.55555555555556,107.5,6.052267277415079,0.7499000084215731,0.9729594561968257,8.042255947820015e-05
365.0,87,722.2222222222223,55.55555555555556,107.5,6.058661439640198,0.7498997361553777,0.9729667248258087,8.050797904946344e-05
365.0,88,833.3333333333334,55.55555555555556,107.5,6.06510295705793,0.7498995642848478,0.9729740308943399,8.059403085147503e-05
365.0,89,944.4444444444445,55.55555555555556,107.5,6.068974684346934,0.7498995094895682,0.9729784146200623,8.064575283199847e-05
365.0,90,55.55555555555556,166.66666666666669,107.5,6.065102957057938,0.7498995642848475,0.9729740308943385,8.059403085147492e-05
365.0,91,166.66666666666669,166.66666666666669,107.5,6.059908347193064,0.7498996930488578,0.9729681403745912,8.052463643506753e-05
365.0,92,277.77777777777777,166.66666666666669,107.5,6.0508171371927615,0.7499000679990085,0.9729578075115507,8.040318717952757e-05
365.0,93,388.8888888888889,166.66666666666669,107.5,6.0409412518570935,0.7498994685139202,0.9729465472548985,8.027125473106712e-05
365.0,94,500.0,166.66666666666669,107.5,6.035745609137899,0.7498992520440702,0.9729406082104292,8.020184555788026e-05
365.0,95,611.1111111111111,166.66666666666669,107.5,6.04094125185709,0.7498994685139202,0.972946547254898,8.027125473106695e-05
365.0,96,722.2222222222223,166.66666666666669,107.5,6.050817137192756,0.7499000679990089,0.9729578075115511,8.040318717952746e-05
365.0,97,833.3333333333334,166.66666666666669,107.5,6.059908347193057,0.7498996930488573,0.9729681403745878,8.052463643506725e-05
365.0,98,944.4444444444445,166.66666666666669,107.5,6.065102957057929,0.7498995642848478,0.9729740308943392,8.059403085147484e-05
365.0,99,55.55555555555556,277.77777777777777,107.5,6.058661439640204,0.749899736155378,0.9729667248258104,8.050797904946358e-05
365.0,100,166.66666666666669,277.77777777777777,107.5,6.0508171371927615,0.7499000679990084,0.9729578075115496,8.040318717952748e-05
365.0,101,277.77777777777777,277.77777777777777,107.5,6.035910942066929,0.7498992606334733,0.9729407999465838,8.020405447557458e-05
365.0,102,388.8888888888889,277.77777777777777,107.5,6.0169990043147425,0.7498990644106237,0.9729191025523135,7.99514065646952e-05
365.0,103,500.0,277.77777777777777,107.5,6.003736087119873,0.749899478981003,0.9729038059651848,7.977422340828243e-05
365.0,104,611.1111111111111,277.77777777777777,107.5,6.016999004314738,0.7498990644106245,0.9729191025523158,7.995140656469523e-05
365.0,105,722.2222222222223,277.77777777777777,107.5,6.0359109420669235,0.7498992606334737,0.9729407999465842,8.020405447557448e-05
365.0,106,833.3333333333334,277.77777777777777,107.5,6.050817137192755,0.7499000679990089,0.9729578075115504,8.04031871795274e-05
365.0,107,944.4444444444445,277.77777777777777,107.5,6.058661439640198,0.7498997361553775,0.972966724825808,8.050797904946339e-05
365.0,108,55.55555555555556,388.8888888888889,107.5,6.0522672774150825,0.7499000084215731,0.9729594561968264,8.042255947820035e-05
365.0,109,166.66666666666669,388.8888888888889,107.5,6.040941251857093,0.7498994685139204,0.9729465472548993,8.027125473106719e-05
365.0,110,277.77777777777777,388.8888888888889,107.5,6.016999004314741,0.7498990644106247,0.9729191025523095,7.995140656469487e-05
365.0,111,388.8888888888889,388.8888888888889,107.5,5.979139122471916,0.7498986261006636,0.9728752675690822,7.944562269924736e-05
365.0,112,500.0,388.8888888888889,107.5,5.936141917526126,0.7498984039875934,0.9728248528860816,7.887119808511026e-05
365.0,113,611.1111111111111,388.8888888888889,107.5,5.979139122471913,0.7498986261006639,0.9728752675690833,7.94456226992473e-05
365.0,114,722.2222222222223,388.8888888888889,107.5,6.016999004314736,0.7498990644106245,0.9729191025523077,7.995140656469472e-05
365.0,115,833.3333333333334,388.8888888888889,107.5,6.040941251857088,0.7498994685139202,0.972946547254898,8.027125473106695e-05
365.0,116,944.4444444444445,388.8888888888889,107.5,6.05226727741508,0.7499000084215733,0.9729594561968273,8.042255947820042e-05
365.0,117,55.55555555555556,500.0,107.5,6.049371394371758,0.7498999609776688,0.9729561594781805,8.03838733154026e-05
365.0,118,166.66666666666669,500.0,107.5,6.035745609137897,0.7498992520440704,0.9729406082104287,8.020184555788022e-05
365.0,119,277.77777777777777,500.0,107.5,6.003736087119872,0.7498994789810031,0.9729038059651856,7.97742234082825e-05
365.0,120,388.8888888888889,500.0,107.5,5.9361419175261245,0.7498984039875934,0.9728248528860809,7.88711980851102e-05
365.0,121,500.0,500.0,107.5,5.7437567313213505,0.7498996512455814,0.9725935758031437,7.630111896892293e-05
365.0,122,611.1111111111111,500.0,107.5,5.93614191752612,0.7498984039875938,0.9728248528860819,7.887119808511028e-05
365.0,123,722.2222222222223,500.0,107.5,6.003736087119869,0.7498994789810036,0.9729038059651868,7.977422340828273e-05
365.0,124,833.3333333333334,500.0,107.5,6.035745609137894,0.7498992520440706,0.9729406082104303,8.020184555788036e-05
365.0,125,944.4444444444445,500.0,107.5,6.049371394371757,0.7498999609776691,0.9729561594781813,8.038387331540267e-05
365.0,126,55.55555555555556,611.1111111111111,107.5,6.052267277415081,0.7499000084215729,0.9729594561968251,8.042255947820024e-05
365.0,127,166.66666666666669,611.1111111111111,107.5,6.040941251857091,0.7498994685139204,0.9729465472548989,8.027125473106701e-05
365.0,128,277.77777777777777,611.1111111111111,107.5,6.016999004314737,0.7498990644106241,0.972919102552314,7.995140656469523e-05
365.0,129,388.8888888888889,611.1111111111111,107.5,5.979139122471911,0.749898626100664,0.9728752675690829,7.944562269924728e-05
365.0,130,500.0,611.1111111111111,107.5,5.936141917526118,0.7498984039875937,0.9728248528860808,7.887119808511005e-05
365.0,131,611.1111111111111,611.1111111111111,107.5,5.979139122471908,0.7498986261006642,0.9728752675690832,7.944562269924729e-05
365.0,132,722.2222222222223,611.1111111111111,107.5,6.016999004314735,0.7498990644106248,0.9729191025523084,7.995140656469477e-05
365.0,133,833.3333333333334,611.1111111111111,107.5,6.040941251857089,0.7498994685139205,0.9729465472548994,8.027125473106705e-05
365.0,134,944.4444444444445,611.1111111111111,107.5,6.0522672774150825,0.7499000084215736,0.9729594561968292,8.042255947820058e-05
365.0,135,55.55555555555556,722.2222222222223,107.5,6.0586614396402,0.7498997361553774,0.9729667248258075,8.050797904946333e-05
365.0,136,166.66666666666669,722.2222222222223,107.5,6.050817137192758,0.7499000679990092,0.9729578075115528,8.04031871795276e-05
365.0,137,277.77777777777777,722.2222222222223,107.5,6.035910942066924,0.7498992606334729,0.9729407999465897,8.020405447557492e-05
365.0,138,388.8888888888889,722.2222222222223,107.5,6.016999004314735,0.7498990644106241,0.9729191025523142,7.99514065646951e-05
365.0,139,500.0,722.2222222222223,107.5,6.003736087119866,0.7498994789810026,0.9729038059651907,7.977422340828304e-05
365.0,140,611.1111111111111,722.2222222222223,107.5,6.016999004314732,0.7498990644106245,0.9729191025523143,7.995140656469526e-05
365.0,141,722.2222222222223,722.2222222222223,107.5,6.035910942066923,0.7498992606334728,0.9729407999465881,8.02040544755748e-05
365.0,142,833.3333333333334,722.2222222222223,107.5,6.050817137192758,0.7499000679990092,0.9729578075115531,8.040318717952762e-05
365.0,143,944.4444444444445,722.2222222222223,107.5,6.0586614396402005,0.7498997361553774,0.972966724825808,8.050797904946339e-05
365.0,144,55.55555555555556,833.3333333333334,107.5,6.065102957057933,0.7498995642848469,0.9729740308943354,8.059403085147466e-05
365.0,145,166.66666666666669,833.3333333333334,107.5,6.05990834719306,0.7498996930488568,0.9729681403745858,8.052463643506709e-05
365.0,146,277.77777777777777,833.3333333333334,107.5,6.050817137192757,0.7499000679990087,0.9729578075115504,8.04031871795274e-05
365.0,147,388.8888888888889,833.3333333333334,107.5,6.040941251857088,0.7498994685139201,0.9729465472548973,8.027125473106688e-05
365.0,148,500.0,833.3333333333334,107.5,6.0357456091378925,0.74989925204407,0.9729406082104275,8.020184555788013e-05
365.0,149,611.1111111111111,833.3333333333334,107.5,6.040941251857087,0.7498994685139199,0.9729465472548963,8.02712547310668e-05
365.0,150,722.2222222222223,833.3333333333334,107.5,6.050817137192756,0.749900067999009,0.972957807511552,8.040318717952753e-05
365.0,151,833.3333333333334,833.3333333333334,107.5,6.05990834719306,0.7498996930488573,0.9729681403745883,8.05246364350673e-05
365.0,152,944.4444444444445,833.3333333333334,107.5,6.065102957057935,0.7498995642848477,0.9729740308943392,8.059403085147497e-05
365.0,153,55.55555555555556,944.4444444444445,107.5,6.0689746843469345,0.749899509489568,0.9729784146200616,8.064575283199841e-05
365.0,154,166.66666666666669,944.4444444444445,107.5,6.065102957057932,0.7498995642848479,0.9729740308943399,8.059403085147503e-05
365.0,155,277.77777777777777,944.4444444444445,107.5,6.058661439640199,0.7498997361553774,0.9729667248258075,8.050797904946333e-05
365.0,156,388.8888888888889,944.4444444444445,107.5,6.052267277415078,0.7499000084215734,0.9729594561968274,8.04225594782003e-05
365.0,157,500.0,944.4444444444445,107.5,6.049371394371756,0.7498999609776693,0.9729561594781834,8.038387331540284e-05
365.0,158,611.1111111111111,944.4444444444445,107.5,6.05226727741508,0.7499000084215736,0.9729594561968277,8.042255947820045e-05
365.0,159,722.2222222222223,944.4444444444445,107.5,6.0586614396402005,0.7498997361553771,0.9729667248258068,8.050797904946328e-05
365.0,160,833.3333333333334,944.4444444444445,107.5,6.065102957057934,0.7498995642848475,0.9729740308943383,8.059403085147489e-05
365.0,161,944.4444444444445,944.4444444444445,107.5,6.068974684346938,0.7498995094895682,0.972978414620063,8.064575283199852e-05
365.0,162,55.55555555555556,55.55555555555556,112.5,6.0696940900000484,0.7498048390272465,0.9729792806181407,8.065536759683427e-05
365.0,163,166.66666666666669,55.55555555555556,112.5,6.065822477940024,0.749804889007522,0.9729748984120791,8.060364720293746e-05
365.0,164,277.77777777777777,55.55555555555556,112.5,6.059381085904721,0.7498050503887208,0.9729675941755681,8.051759710270013e-05
365.0,165,388.8888888888889,55.55555555555556,112.5,6.052987219081238,0.7498053134864708,0.972960327833731,8.043218152647e-05
365.0,166,500.0,55.55555555555556,112.5,6.050091549133177,0.7498053504438841,0.9729570320198596,8.03934982140217e-05
365.0,167,611.1111111111111,55.55555555555556,112.5,6.052987219081235,0.7498053134864711,0.9729603278337319,8.043218152646993e-05
365.0,168,722.2222222222223,55.55555555555556,112.5,6.059381085904716,0.7498050503887213,0.9729675941755696,8.05175971027001e-05
365.0,169,833.3333333333334,55.55555555555556,112.5,6.065822477940019,0.7498048890075218,0.9729748984120782,8.060364720293724e-05
365.0,170,944.4444444444445,55.55555555555556,112.5,6.069694090000041,0.7498048390272469,0.972979280618142,8.065536759683438e-05
365.0,171,55.55555555555556,166.66666666666669,112.5,6.065822477940027,0.7498048890075218,0.9729748984120795,8.06036472029375e-05
365.0,172,166.66666666666669,166.66666666666669,112.5,6.060627984137769,0.7498050101635018,0.9729690094929451,8.053425436744704e-05
365.0,173,277.77777777777777,166.66666666666669,112.5,6.051537429178333,0.7498053925571527,0.9729586799153492,8.041281391257848e-05
365.0,174,388.8888888888889,166.66666666666669,112.5,6.0416622884948294,0.7498048386665283,0.9729474236892369,8.028089149980537e-05
365.0,175,500.0,166.66666666666669,112.5,6.036468334409795,0.7498046120471569,0.9729414884060978,8.021150494383388e-05
365.0,176,611.1111111111111,166.66666666666669,112.5,6.041662288494826,0.7498048386665274,0.9729474236892325,8.0280891499805e-05
365.0,177,722.2222222222223,166.66666666666669,112.5,6.051537429178326,0.7498053925571528,0.9729586799153492,8.041281391257833e-05
365.0,178,833.3333333333334,166.66666666666669,112.5,6.060627984137762,0.749805010163502,0.9729690094929452,8.053425436744692e-05
365.0,179,944.4444444444445,166.66666666666669,112.5,6.065822477940018,0.749804889007522,0.972974898412079,8.060364720293731e-05
365.0,180,55.55555555555556,277.77777777777777,112.5,6.0593810859047235,0.7498050503887208,0.9729675941755679,8.051759710269997e-05
365.0,181,166.66666666666669,277.77777777777777,112.5,6.051537429178333,0.7498053925571526,0.9729586799153492,8.041281391257848e-05
365.0,182,277.77777777777777,277.77777777777777,112.5,6.036632368626879,0.7498046207800577,0.9729416784236139,8.02136964956183e-05
365.0,183,388.8888888888889,277.77777777777777,112.5,6.017726184438902,0.7498043915042883,0.9729199946535193,7.996112568622151e-05
365.0,184,500.0,277.77777777777777,112.5,6.0044948190837895,0.7498047859543756,0.9729047429729403,7.978436449343429e-05
365.0,185,611.1111111111111,277.77777777777777,112.5,6.017726184438898,0.749804391504288,0.9729199946535161,7.996112568622125e-05
365.0,186,722.2222222222223,277.77777777777777,112.5,6.036632368626874,0.7498046207800575,0.9729416784236203,8.021369649561883e-05
365.0,187,833.3333333333334,277.77777777777777,112.5,6.051537429178326,0.7498053925571531,0.9729586799153503,8.041281391257842e-05
365.0,188,944.4444444444445,277.77777777777777,112.5,6.059381085904716,0.749805050388721,0.9729675941755687,8.051759710269989e-05
365.0,189,55.55555555555556,388.8888888888889,112.5,6.052987219081238,0.7498053134864714,0.972960327833726,8.043218152646959e-05
365.0,190,166.66666666666669,388.8888888888889,112.5,6.041662288494829,0.7498048386665278,0.9729474236892348,8.02808914998052e-05
365.0,191,277.77777777777777,388.8888888888889,112.5,6.0177261844389,0.7498043915042883,0.9729199946535187,7.996112568622147e-05
365.0,192,388.8888888888889,388.8888888888889,112.5,5.979934359894972,0.7498039709473973,0.9728762602378018,7.945625208278689e-05
365.0,193,500.0,388.8888888888889,112.5,5.937716437106858,0.7498037965664013,0.9728269058492113,7.889224897854613e-05
365.0,194,611.1111111111111,388.8888888888889,112.5,5.979934359894968,0.7498039709473976,0.9728762602378036,7.945625208278719e-05
365.0,195,722.2222222222223,388.8888888888889,112.5,6.017726184438896,0.7498043915042883,0.9729199946535176,7.996112568622137e-05
365.0,196,833.3333333333334,388.8888888888889,112.5,6.041662288494824,0.7498048386665277,0.972947423689234,8.028089149980513e-05
365.0,197,944.4444444444445,388.8888888888889,112.5,6.052987219081236,0.7498053134864714,0.9729603278337254,8.04321815264694e-05
365.0,198,55.55555555555556,500.0,112.5,6.050091549133177,0.7498053504438846,0.9729570320198618,8.039349821402188e-05
365.0,199,166.66666666666669,500.0,112.5,6.036468334409794,0.7498046120471564,0.9729414884060964,8.021150494383376e-05
365.0,200,277.77777777777777,500.0,112.5,6.004494819083788,0.7498047859543756,0.9729047429729399,7.978436449343426e-05
365.0,201,388.8888888888889,500.0,112.5,5.9377164371068565,0.7498037965664011,0.9728269058492096,7.889224897854586e-05
365.0,202,500.0,500.0,112.5,5.777726039959659,0.7498035876021916,0.9726409961383736,7.675536745062566e-05
365.0,203,611.1111111111111,500.0,112.5,5.937716437106851,0.749803796566401,0.9728269058492088,7.889224897854579e-05
365.0,204,722.2222222222223,500.0,112.5,6.004494819083784,0.7498047859543755,0.9729047429729394,7.978436449343406e-05
365.0,205,833.3333333333334,500.0,112.5,6.036468334409791,0.7498046120471565,0.9729414884060961,8.021150494383388e-05
365.0,206,944.4444444444445,500.0,112.5,6.050091549133176,0.7498053504438842,0.9729570320198598,8.039349821402172e-05
365.0,207,55.55555555555556,611.1111111111111,112.5,6.052987219081237,0.7498053134864715,0.9729603278337261,8.043218152646945e-05
365.0,208,166.66666666666669,611.1111111111111,112.5,6.041662288494827,0.7498048386665277,0.9729474236892338,8.028089149980511e-05
365.0,209,277.77777777777777,611.1111111111111,112.5,6.017726184438897,0.7498043915042883,0.972919994653518,7.99611256862214e-05
365.0,210,388.8888888888889,611.1111111111111,112.5,5.979934359894966,0.749803970947397,0.9728762602378008,7.945625208278681e-05
365.0,211,500.0,611.1111111111111,112.5,5.937716437106849,0.7498037965664013,0.9728269058492096,7.889224897854586e-05
365.0,212,611.1111111111111,611.1111111111111,112.5,5.979934359894964,0.7498039709473973,0.9728762602378017,7.945625208278687e-05
365.0,213,722.2222222222223,611.1111111111111,112.5,6.017726184438894,0.7498043915042881,0.9729199946535161,7.996112568622125e-05
365.0,214,833.3333333333334,611.1111111111111,112.5,6.041662288494825,0.7498048386665275,0.972947423689232,8.028089149980496e-05
365.0,215,944.4444444444445,611.1111111111111,112.5,6.052987219081238,0.7498053134864708,0.9729603278337318,8.043218152647006e-05
365.0,216,55.55555555555556,722.2222222222223,112.5,6.059381085904719,0.7498050503887211,0.9729675941755691,8.051759710270021e-05
365.0,217,166.66666666666669,722.2222222222223,112.5,6.051537429178329,0.7498053925571528,0.9729586799153495,8.041281391257849e-05
365.0,218,277.77777777777777,722.2222222222223,112.5,6.036632368626875,0.7498046207800575,0.9729416784236202,8.021369649561881e-05
365.0,219,388.8888888888889,722.2222222222223,112.5,6.017726184438894,0.7498043915042881,0.9729199946535161,7.996112568622125e-05
365.0,220,500.0,722.2222222222223,112.5,6.004494819083782,0.7498047859543756,0.972904742972939,7.978436449343403e-05
365.0,221,611.1111111111111,722.2222222222223,112.5,6.017726184438892,0.7498043915042883,0.9729199946535171,7.996112568622133e-05
365.0,222,722.2222222222223,722.2222222222223,112.5,6.036632368626873,0.7498046207800576,0.9729416784236212,8.02136964956189e-05
365.0,223,833.3333333333334,722.2222222222223,112.5,6.05153742917833,0.749805392557153,0.9729586799153507,8.04128139125786e-05
365.0,224,944.4444444444445,722.2222222222223,112.5,6.05938108590472,0.7498050503887201,0.9729675941755732,8.051759710270055e-05
365.0,225,55.55555555555556,833.3333333333334,112.5,6.065822477940022,0.749804889007522,0.9729748984120798,8.060364720293752e-05
365.0,226,166.66666666666669,833.3333333333334,112.5,6.060627984137764,0.7498050101635024,0.9729690094929483,8.053425436744718e-05
365.0,227,277.77777777777777,833.3333333333334,112.5,6.051537429178328,0.7498053925571535,0.9729586799153525,8.04128139125786e-05
365.0,228,388.8888888888889,833.3333333333334,112.5,6.041662288494824,0.7498048386665276,0.9729474236892334,8.028089149980507e-05
365.0,229,500.0,833.3333333333334,112.5,6.036468334409789,0.7498046120471564,0.972941488406104,8.021150494383438e-05
365.0,230,611.1111111111111,833.3333333333334,112.5,6.041662288494823,0.7498048386665277,0.9729474236892341,8.028089149980514e-05
365.0,231,722.2222222222223,833.3333333333334,112.5,6.051537429178328,0.7498053925571532,0.972958679915351,8.041281391257848e-05
365.0,232,833.3333333333334,833.3333333333334,112.5,6.060627984137765,0.7498050101635015,0.9729690094929437,8.05342543674468e-05
365.0,233,944.4444444444445,833.3333333333334,112.5,6.065822477940023,0.7498048890075215,0.9729748984120771,8.06036472029373e-05
365.0,234,55.55555555555556,944.4444444444445,112.5,6.069694090000043,0.7498048390272468,0.972979280618141,8.06553675968343e-05
365.0,235,166.66666666666669,944.4444444444445,112.5,6.06582247794002,0.7498048890075221,0.97297489841208,8.060364720293739e-05
365.0,236,277.77777777777777,944.4444444444445,112.5,6.059381085904718,0.7498050503887213,0.9729675941755698,8.051759710270027e-05
365.0,237,388.8888888888889,944.4444444444445,112.5,6.052987219081234,0.7498053134864715,0.9729603278337253,8.043218152646938e-05
365.0,238,500.0,944.4444444444445,112.5,6.050091549133175,0.7498053504438843,0.97295703201986,8.039349821402173e-05
365.0,239,611.1111111111111,944.4444444444445,112.5,6.052987219081236,0.7498053134864711,0.9729603278337314,8.043218152646989e-05
365.0,240,722.2222222222223,944.4444444444445,112.5,6.059381085904719,0.7498050503887214,0.9729675941755708,8.051759710270035e-05
365.0,241,833.3333333333334,944.4444444444445,112.5,6.0658224779400225,0.7498048890075224,0.9729748984120811,8.060364720293762e-05
365.0,242,944.4444444444445,944.4444444444445,112.5,6.069694090000046,0.7498048390272469,0.9729792806181421,8.06553675968344e-05
365.0,243,55.55555555555556,55.55555555555556,117.5,6.070625120460248,0.7490503071005828,0.9729827389970876,8.066800449922579e-05
365.0,244,166.66666666666669,55.55555555555556,117.5,6.0667538494512,0.7490645708343148,0.9729783693780212,8.061628946112105e-05
365.0,245,277.77777777777777,55.55555555555556,117.5,6.060313219864852,0.7489479572407002,0.9729710855202302,8.053025080886908e-05
365.0,246,388.8888888888889,55.55555555555556,117.5,6.053920719078169,0.7485237875871437,0.9729638270145484,8.044485364913223e-05
365.0,247,500.0,55.55555555555556,117.5,6.051025464361375,0.7484973882167488,0.9729605354618324,8.040617603708022e-05
365.0,248,611.1111111111111,55.55555555555556,117.5,6.0539207190781665,0.7485237875871434,0.9729638270145552,8.044485364913279e-05
365.0,249,722.2222222222223,55.55555555555556,117.5,6.060313219864848,0.7489479572407002,0.9729710855202307,8.053025080886912e-05
365.0,250,833.3333333333334,55.55555555555556,117.5,6.066753849451195,0.7490645708343149,0.9729783693780207,8.061628946112087e-05
365.0,251,944.4444444444445,55.55555555555556,117.5,6.0706251204602415,0.7490503071005828,0.9729827389970869,8.066800449922558e-05
365.0,252,55.55555555555556,166.66666666666669,117.5,6.066753849451203,0.7490645708343149,0.9729783693780221,8.061628946112098e-05
365.0,253,166.66666666666669,166.66666666666669,117.5,6.0615599447304085,0.7489892765626606,0.9729724972147927,8.054690554260093e-05
365.0,254,277.77777777777777,166.66666666666669,117.5,6.052471299103702,0.7485042772937626,0.9729621810970374,8.04254910277637e-05
365.0,255,388.8888888888889,166.66666666666669,117.5,6.042597141966967,0.7486134229517943,0.9729509434222382,8.029358264713946e-05
365.0,256,500.0,166.66666666666669,117.5,6.037404886309685,0.7487330757037232,0.9729450273237938,8.022421991392523e-05
365.0,257,611.1111111111111,166.66666666666669,117.5,6.042597141966964,0.7486134229517944,0.9729509434222383,8.029358264713933e-05
365.0,258,722.2222222222223,166.66666666666669,117.5,6.052471299103697,0.7485042772937626,0.9729621810970353,8.042549102776337e-05
365.0,259,833.3333333333334,166.66666666666669,117.5,6.061559944730401,0.7489892765626605,0.9729724972147911,8.05469055426008e-05
365.0,260,944.4444444444445,166.66666666666669,117.5,6.066753849451194,0.7490645708343151,0.972978369378022,8.061628946112097e-05
365.0,261,55.55555555555556,277.77777777777777,117.5,6.060313219864855,0.7489479572407006,0.9729710855202331,8.053025080886932e-05
365.0,262,166.66666666666669,277.77777777777777,117.5,6.052471299103703,0.7485042772937623,0.9729621810970364,8.042549102776375e-05
365.0,263,277.77777777777777,277.77777777777777,117.5,6.037567541627535,0.7487300131510163,0.9729452129505447,8.02263928219548e-05
365.0,264,388.8888888888889,277.77777777777777,117.5,6.018667926194913,0.7490693120129583,0.9729236101666104,7.997391474698042e-05
365.0,265,500.0,277.77777777777777,117.5,6.005470971327917,0.7486863780745413,0.9729084979305415,7.979762067773455e-05
365.0,266,611.1111111111111,277.77777777777777,117.5,6.018667926194908,0.7490693120129588,0.9729236101666028,7.997391474697966e-05
365.0,267,722.2222222222223,277.77777777777777,117.5,6.037567541627529,0.7487300131510165,0.9729452129505446,8.022639282195465e-05
365.0,268,833.3333333333334,277.77777777777777,117.5,6.052471299103696,0.7485042772937623,0.9729621810970346,8.042549102776332e-05
365.0,269,944.4444444444445,277.77777777777777,117.5,6.060313219864849,0.7489479572406998,0.9729710855202287,8.053025080886896e-05
365.0,270,55.55555555555556,388.8888888888889,117.5,6.05392071907817,0.748523787587144,0.9729638270145498,8.044485364913234e-05
365.0,271,166.66666666666669,388.8888888888889,117.5,6.042597141966967,0.7486134229517944,0.9729509434222385,8.029358264713949e-05
365.0,272,277.77777777777777,388.8888888888889,117.5,6.018667926194911,0.7490693120129583,0.97292361016661,7.997391474698026e-05
365.0,273,388.8888888888889,388.8888888888889,117.5,5.980949024182906,0.7488513901379815,0.9728801924330657,7.947003212683172e-05
365.0,274,500.0,388.8888888888889,117.5,5.939490273824394,0.7486385324104081,0.9728330741600556,7.891627748061477e-05
365.0,275,611.1111111111111,388.8888888888889,117.5,5.980949024182903,0.7488513901379816,0.9728801924330657,7.947003212683172e-05
365.0,276,722.2222222222223,388.8888888888889,117.5,6.018667926194906,0.7490693120129585,0.9729236101666102,7.997391474698027e-05
365.0,277,833.3333333333334,388.8888888888889,117.5,6.042597141966963,0.7486134229517944,0.9729509434222382,8.029358264713931e-05
365.0,278,944.4444444444445,388.8888888888889,117.5,6.0539207190781665,0.7485237875871437,0.9729638270145483,8.044485364913222e-05
365.0,279,55.55555555555556,500.0,117.5,6.051025464361375,0.7484973882167487,0.9729605354618317,8.040617603708017e-05
365.0,280,166.66666666666669,500.0,117.5,6.037404886309684,0.7487330757037232,0.9729450273237938,8.022421991392523e-05
365.0,281,277.77777777777777,500.0,117.5,6.005470971327915,0.7486863780745426,0.9729084979305399,7.979762067773442e-05
365.0,282,388.8888888888889,500.0,117.5,5.939490273824393,0.7486385324104082,0.9728330741600559,7.89162774806148e-05
365.0,283,500.0,500.0,117.5,5.7983977586290445,0.7483824056420907,0.9726818541957111,7.703276383428393e-05
365.0,284,611.1111111111111,500.0,117.5,5.939490273824388,0.7486385324104081,0.972833074160055,7.891627748061473e-05
365.0,285,722.2222222222223,500.0,117.5,6.005470971327911,0.7486863780745424,0.9729084979305462,7.979762067773494e-05
365.0,286,833.3333333333334,500.0,117.5,6.037404886309681,0.7487330757037232,0.9729450273237932,8.022421991392517e-05
365.0,287,944.4444444444445,500.0,117.5,6.051025464361375,0.7484973882167487,0.9729605354618317,8.040617603708017e-05
365.0,288,55.55555555555556,611.1111111111111,117.5,6.053920719078167,0.7485237875871438,0.9729638270145481,8.044485364913221e-05
365.0,289,166.66666666666669,611.1111111111111,117.5,6.042597141966965,0.7486134229517944,0.9729509434222386,8.029358264713936e-05
365.0,290,277.77777777777777,611.1111111111111,117.5,6.018667926194907,0.7490693120129581,0.9729236101666089,7.997391474698016e-05
365.0,291,388.8888888888889,611.1111111111111,117.5,5.9809490241829,0.7488513901379815,0.9728801924330652,7.947003212683153e-05
365.0,292,500.0,611.1111111111111,117.5,5.939490273824386,0.7486385324104083,0.972833074160055,7.891627748061473e-05
365.0,293,611.1111111111111,611.1111111111111,117.5,5.980949024182897,0.7488513901379816,0.9728801924330656,7.947003212683156e-05
365.0,294,722.2222222222223,611.1111111111111,117.5,6.018667926194905,0.7490693120129588,0.9729236101666028,7.997391474697966e-05
365.0,295,833.3333333333334,611.1111111111111,117.5,6.042597141966963,0.7486134229517944,0.9729509434222386,8.029358264713936e-05
365.0,296,944.4444444444445,611.1111111111111,117.5,6.053920719078169,0.7485237875871437,0.9729638270145484,8.044485364913223e-05
365.0,297,55.55555555555556,722.2222222222223,117.5,6.060313219864851,0.7489479572406995,0.9729710855202277,8.053025080886888e-05
365.0,298,166.66666666666669,722.2222222222223,117.5,6.052471299103699,0.7485042772937627,0.9729621810970361,8.042549102776359e-05
365.0,299,277.77777777777777,722.2222222222223,117.5,6.0375675416275305,0.7487300131510164,0.9729452129505359,8.022639282195393e-05
365.0,300,388.8888888888889,722.2222222222223,117.5,6.018667926194905,0.7490693120129583,0.9729236101666093,7.99739147469802e-05
365.0,301,500.0,722.2222222222223,117.5,6.005470971327909,0.7486863780745421,0.9729084979305442,7.979762067773478e-05
365.0,302,611.1111111111111,722.2222222222223,117.5,6.018667926194903,0.7490693120129585,0.9729236101666097,7.997391474698023e-05
365.0,303,722.2222222222223,722.2222222222223,117.5,6.037567541627528,0.7487300131510165,0.9729452129505359,8.022639282195393e-05
365.0,304,833.3333333333334,722.2222222222223,117.5,6.0524712991037,0.7485042772937626,0.9729621810970366,8.042549102776363e-05
365.0,305,944.4444444444445,722.2222222222223,117.5,6.060313219864852,0.7489479572407001,0.9729710855202296,8.053025080886902e-05
365.0,306,55.55555555555556,833.3333333333334,117.5,6.066753849451198,0.7490645708343148,0.972978369378021,8.061628946112089e-05
365.0,307,166.66666666666669,833.3333333333334,117.5,6.061559944730404,0.7489892765626597,0.9729724972147962,8.054690554260122e-05
365.0,308,277.77777777777777,833.3333333333334,117.5,6.052471299103698,0.7485042772937626,0.9729621810970362,8.04254910277636e-05
365.0,309,388.8888888888889,833.3333333333334,117.5,6.042597141966962,0.7486134229517946,0.9729509434222385,8.029358264713934e-05
365.0,310,500.0,833.3333333333334,117.5,6.0374048863096785,0.7487330757037233,0.9729450273237935,8.02242199139252e-05
365.0,311,611.1111111111111,833.3333333333334,117.5,6.042597141966961,0.7486134229517946,0.9729509434222385,8.029358264713934e-05
365.0,312,722.2222222222223,833.3333333333334,117.5,6.052471299103698,0.7485042772937626,0.9729621810970357,8.042549102776342e-05
365.0,313,833.3333333333334,833.3333333333334,117.5,6.061559944730405,0.7489892765626606,0.9729724972147924,8.05469055426009e-05
365.0,314,944.4444444444445,833.3333333333334,117.5,6.066753849451199,0.7490645708343148,0.9729783693780213,8.061628946112106e-05
365.0,315,55.55555555555556,944.4444444444445,117.5,6.070625120460243,0.7490503071005828,0.9729827389970865,8.066800449922556e-05
365.0,316,166.66666666666669,944.4444444444445,117.5,6.066753849451197,0.7490645708343148,0.9729783693780207,8.061628946112087e-05
365.0,317,277.77777777777777,944.4444444444445,117.5,6.06031321986485,0.7489479572406992,0.9729710855202338,8.053025080886938e-05
365.0,318,388.8888888888889,944.4444444444445,117.5,6.053920719078166,0.7485237875871431,0.9729638270145535,8.044485364913265e-05
365.0,319,500.0,944.4444444444445,117.5,6.0510254643613735,0.7484973882167489,0.9729605354618317,8.040617603708017e-05
365.0,320,611.1111111111111,944.4444444444445,117.5,6.0539207190781665,0.7485237875871439,0.9729638270145484,8.044485364913223e-05
365.0,321,722.2222222222223,944.4444444444445,117.5,6.0603132198648515,0.7489479572406997,0.9729710855202289,8.053025080886897e-05
365.0,322,833.3333333333334,944.4444444444445,117.5,6.0667538494511986,0.7490645708343148,0.9729783693780213,8.061628946112106e-05
365.0,323,944.4444444444445,944.4444444444445,117.5,6.070625120460246,0.7490503071005828,0.9729827389970876,8.066800449922579e-05
365.0,324,55.55555555555556,55.55555555555556,122.5,6.072106963837611,0.6316689504953376,0.9730695613209402,8.069486082971213e-05
365.0,325,166.66666666666669,55.55555555555556,122.5,6.0682402706896195,0.6315911485769624,0.9730655223493822,8.06432292952179e-05
365.0,326,277.77777777777777,55.55555555555556,122.5,6.061808603900186,0.6315965890528973,0.9730587813133192,8.055734675190766e-05
365.0,327,388.8888888888889,55.55555555555556,122.5,6.055418956298774,0.6318973233127596,0.9730520522490173,8.047202350505651e-05
365.0,328,500.0,55.55555555555556,122.5,6.052524805267425,0.631869993396288,0.9730490191652346,8.043337838084275e-05
365.0,329,611.1111111111111,55.55555555555556,122.5,6.05541895629877,0.6318973233127597,0.9730520522490177,8.04720235050564e-05
365.0,330,722.2222222222223,55.55555555555556,122.5,6.0618086039001815,0.6315965890528987,0.9730587813133247,8.05573467519081e-05
365.0,331,833.3333333333334,55.55555555555556,122.5,6.068240270689614,0.6315911485769646,0.9730655223493755,8.064322929521734e-05
365.0,332,944.4444444444445,55.55555555555556,122.5,6.072106963837605,0.6316689504953353,0.9730695613209299,8.069486082971113e-05
365.0,333,55.55555555555556,166.66666666666669,122.5,6.068240270689622,0.6315911485769649,0.9730655223493776,8.064322929521765e-05
365.0,334,166.66666666666669,166.66666666666669,122.5,6.063053474491366,0.631575632736346,0.9730600888164522,8.057396976498152e-05
365.0,335,277.77777777777777,166.66666666666669,122.5,6.053969638446246,0.6318826233670861,0.9730505344515701,8.045267106980494e-05
365.0,336,388.8888888888889,166.66666666666669,122.5,6.044084352660323,0.6315979239067452,0.9730401700384043,8.032067512001934e-05
365.0,337,500.0,166.66666666666669,122.5,6.038895960926299,0.6313479475197937,0.973034735030946,8.025139694197589e-05
365.0,338,611.1111111111111,166.66666666666669,122.5,6.04408435266032,0.6315979239067465,0.973040170038395,8.032067512001858e-05
365.0,339,722.2222222222223,166.66666666666669,122.5,6.05396963844624,0.6318826233670826,0.9730505344515691,8.045267106980486e-05
365.0,340,833.3333333333334,166.66666666666669,122.5,6.06305347449136,0.6315756327363476,0.9730600888164432,8.057396976498063e-05
365.0,341,944.4444444444445,166.66666666666669,122.5,6.068240270689613,0.6315911485769639,0.9730655223493722,8.064322929521707e-05
365.0,342,55.55555555555556,277.77777777777777,122.5,6.061808603900189,0.6315965890528968,0.9730587813133178,8.055734675190754e-05
365.0,343,166.66666666666669,277.77777777777777,122.5,6.0539696384462465,0.6318826233670876,0.9730505344515763,8.045267106980546e-05
365.0,344,277.77777777777777,277.77777777777777,122.5,6.039057567320718,0.6313886238863056,0.9730348849388016,8.025355319013174e-05
365.0,345,388.8888888888889,277.77777777777777,122.5,6.020173852689082,0.6305348781863527,0.9730150337669633,8.000140672472051e-05
365.0,346,500.0,277.77777777777777,122.5,6.007022329642794,0.630166246616601,0.9730012523820413,7.982580791041592e-05
365.0,347,611.1111111111111,277.77777777777777,122.5,6.0201738526890765,0.6305348781863481,0.9730150337669584,8.000140672471997e-05
365.0,348,722.2222222222223,277.77777777777777,122.5,6.039057567320712,0.6313886238863053,0.9730348849387994,8.025355319013142e-05
365.0,349,833.3333333333334,277.77777777777777,122.5,6.053969638446239,0.6318826233670859,0.9730505344515683,8.04526710698048e-05
365.0,350,944.4444444444445,277.77777777777777,122.5,6.061808603900182,0.6315965890528944,0.9730587813133209,8.05573467519078e-05
365.0,351,55.55555555555556,388.8888888888889,122.5,6.055418956298775,0.6318973233127574,0.9730520522490089,8.047202350505582e-05
365.0,352,166.66666666666669,388.8888888888889,122.5,6.044084352660323,0.6315979239067483,0.9730401700384028,8.032067512001922e-05
365.0,353,277.77777777777777,388.8888888888889,122.5,6.020173852689079,0.6305348781863538,0.9730150337669679,8.000140672472074e-05
365.0,354,388.8888888888889,388.8888888888889,122.5,5.9825304570922775,0.6289384423941939,0.9729753969072882,7.94987871596367e-05
365.0,355,500.0,388.8888888888889,122.5,5.941720446068669,0.6240479361878966,0.9729331321018939,7.895397776757338e-05
365.0,356,611.1111111111111,388.8888888888889,122.5,5.982530457092275,0.6289384423941896,0.9729753969072843,7.949878715963637e-05
365.0,357,722.2222222222223,388.8888888888889,122.5,6.020173852689075,0.6305348781863519,0.973015033766959,8.000140672472e-05
365.0,358,833.3333333333334,388.8888888888889,122.5,6.044084352660319,0.6315979239067477,0.9730401700383998,8.032067512001897e-05
365.0,359,944.4444444444445,388.8888888888889,122.5,6.055418956298771,0.6318973233127603,0.97305205224902,8.04720235050566e-05
365.0,360,55.55555555555556,500.0,122.5,6.052524805267424,0.6318699933962888,0.9730490191652374,8.0433378380843e-05
365.0,361,166.66666666666669,500.0,122.5,6.038895960926299,0.6313479475197932,0.9730347350309438,8.025139694197571e-05
365.0,362,277.77777777777777,500.0,122.5,6.007022329642792,0.6301662466166057,0.973001252382045,7.982580791041624e-05
365.0,363,388.8888888888889,500.0,122.5,5.941720446068668,0.624047936187897,0.9729331321018952,7.895397776757349e-05
365.0,364,500.0,500.0,122.5,5.812856356097691,0.5899165839107171,0.9728004438744328,7.723394320366492e-05
365.0,365,611.1111111111111,500.0,122.5,5.941720446068663,0.624047936187901,0.9729331321018954,7.895397776757365e-05
365.0,366,722.2222222222223,500.0,122.5,6.007022329642789,0.6301662466166078,0.9730012523820389,7.982580791041573e-05
365.0,367,833.3333333333334,500.0,122.5,6.038895960926296,0.6313479475197952,0.973034735030937,8.025139694197514e-05
365.0,368,944.4444444444445,500.0,122.5,6.052524805267424,0.6318699933962879,0.9730490191652333,8.043337838084266e-05
365.0,369,55.55555555555556,611.1111111111111,122.5,6.055418956298772,0.6318973233127625,0.9730520522490143,8.047202350505612e-05
365.0,370,166.66666666666669,611.1111111111111,122.5,6.04408435266032,0.6315979239067485,0.9730401700384035,8.032067512001927e-05
365.0,371,277.77777777777777,611.1111111111111,122.5,6.020173852689076,0.6305348781863501,0.9730150337669665,8.000140672472063e-05
365.0,372,388.8888888888889,611.1111111111111,122.5,5.982530457092272,0.6289384423941932,0.972975396907284,7.949878715963635e-05
365.0,373,500.0,611.1111111111111,122.5,5.941720446068661,0.6240479361879017,0.9729331321018975,7.895397776757383e-05
365.0,374,611.1111111111111,611.1111111111111,122.5,5.9825304570922695,0.6289384423941967,0.9729753969072826,7.949878715963609e-05
365.0,375,722.2222222222223,611.1111111111111,122.5,6.020173852689074,0.6305348781863512,0.9730150337669559,8.000140672471975e-05
365.0,376,833.3333333333334,611.1111111111111,122.5,6.0440843526603185,0.6315979239067447,0.9730401700384018,8.032067512001899e-05
365.0,377,944.4444444444445,611.1111111111111,122.5,6.055418956298774,0.6318973233127607,0.9730520522490077,8.047202350505573e-05
365.0,378,55.55555555555556,722.2222222222223,122.5,6.061808603900184,0.6315965890528978,0.9730587813133214,8.055734675190783e-05
365.0,379,166.66666666666669,722.2222222222223,122.5,6.053969638446242,0.6318826233670867,0.9730505344515721,8.045267106980511e-05
365.0,380,277.77777777777777,722.2222222222223,122.5,6.039057567320714,0.631388623886306,0.973034884938803,8.02535531901317e-05
365.0,381,388.8888888888889,722.2222222222223,122.5,6.020173852689074,0.630534878186352,0.9730150337669593,8.000140672472003e-05
365.0,382,500.0,722.2222222222223,122.5,6.007022329642786,0.6301662466166038,0.9730012523820364,7.982580791041537e-05
365.0,383,611.1111111111111,722.2222222222223,122.5,6.020173852689071,0.6305348781863486,0.9730150337669599,8.000140672471994e-05
365.0,384,722.2222222222223,722.2222222222223,122.5,6.039057567320711,0.6313886238863067,0.9730348849388051,8.025355319013188e-05
365.0,385,833.3333333333334,722.2222222222223,122.5,6.053969638446243,0.6318826233670853,0.9730505344515666,8.045267106980466e-05
365.0,386,944.4444444444445,722.2222222222223,122.5,6.061808603900186,0.6315965890528972,0.9730587813133185,8.055734675190759e-05
365.0,387,55.55555555555556,833.3333333333334,122.5,6.068240270689617,0.6315911485769654,0.9730655223493789,8.064322929521763e-05
365.0,388,166.66666666666669,833.3333333333334,122.5,6.063053474491362,0.6315756327363451,0.9730600888164476,8.057396976498113e-05
365.0,389,277.77777777777777,833.3333333333334,122.5,6.053969638446241,0.6318826233670832,0.9730505344515721,8.045267106980511e-05
365.0,390,388.8888888888889,833.3333333333334,122.5,6.044084352660318,0.6315979239067474,0.973040170038398,8.032067512001868e-05
365.0,391,500.0,833.3333333333334,122.5,6.038895960926294,0.6313479475197885,0.9730347350309381,8.025139694197509e-05
365.0,392,611.1111111111111,833.3333333333334,122.5,6.044084352660317,0.6315979239067483,0.9730401700384015,8.032067512001896e-05
365.0,393,722.2222222222223,833.3333333333334,122.5,6.053969638446241,0.6318826233670846,0.9730505344515776,8.045267106980557e-05
365.0,394,833.3333333333334,833.3333333333334,122.5,6.063053474491363,0.6315756327363464,0.9730600888164535,8.057396976498162e-05
365.0,395,944.4444444444445,833.3333333333334,122.5,6.068240270689619,0.6315911485769614,0.9730655223493779,8.064322929521755e-05
365.0,396,55.55555555555556,944.4444444444445,122.5,6.072106963837608,0.6316689504953348,0.9730695613209428,8.069486082971233e-05
365.0,397,166.66666666666669,944.4444444444445,122.5,6.068240270689616,0.6315911485769631,0.9730655223493843,8.064322929521807e-05
365.0,398,277.77777777777777,944.4444444444445,122.5,6.061808603900183,0.6315965890528954,0.9730587813133255,8.055734675190817e-05
365.0,399,388.8888888888889,944.4444444444445,122.5,6.05541895629877,0.6318973233127583,0.9730520522490111,8.047202350505586e-05
365.0,400,500.0,944.4444444444445,122.5,6.0525248052674225,0.631869993396286,0.9730490191652401,8.043337838084321e-05
365.0,401,611.1111111111111,944.4444444444445,122.5,6.055418956298771,0.631897323312759,0.9730520522490149,8.047202350505618e-05
365.0,402,722.2222222222223,944.4444444444445,122.5,6.061808603900184,0.6315965890528962,0.9730587813133142,8.055734675190724e-05
365.0,403,833.3333333333334,944.4444444444445,122.5,6.068240270689618,0.6315911485769633,0.9730655223493712,8.064322929521699e-05
365.0,404,944.4444444444445,944.4444444444445,122.5,6.07210696383761,0.6316689504953351,0.97306956132093,8.069486082971142e-05
365.0,405,55.55555555555556,55.55555555555556,127.5,6.6026230147000815,0.032044733712110515,0.9861591042978894,8.891181532595833e-05
365.0,406,166.66666666666669,55.55555555555556,127.5,6.598777655620071,0.03207013912619944,0.986155051018957,8.885976574116206e-05
365.0,407,277.77777777777777,55.55555555555556,127.5,6.592357437575483,0.03211270781373969,0.9861482720509663,8.877286331780057e-05
365.0,408,388.8888888888889,55.55555555555556,127.5,6.58593745423057,0.032155647333738074,0.9861414766792378,8.868596344702257e-05
365.0,409,500.0,55.55555555555556,127.5,6.5830611940860475,0.03217479909109504,0.9861384296970056,8.864703090406194e-05
365.0,410,611.1111111111111,55.55555555555556,127.5,6.585937454230558,0.03215564733373816,0.9861414766792385,8.868596344702246e-05
365.0,411,722.2222222222223,55.55555555555556,127.5,6.592357437575483,0.03211270781373965,0.986148272050965,8.877286331780045e-05
365.0,412,833.3333333333334,55.55555555555556,127.5,6.598777655620064,0.03207013912619949,0.9861550510189575,8.885976574116211e-05
365.0,413,944.4444444444445,55.55555555555556,127.5,6.6026230147000735,0.03204473371211057,0.9861591042978893,8.891181532595817e-05
365.0,414,55.55555555555556,166.66666666666669,127.5,6.5987776556200695,0.03207013912619944,0.9861550510189568,8.885976574116205e-05
365.0,415,166.66666666666669,166.66666666666669,127.5,6.5936040612211935,0.03210441747341049,0.9861495902006928,8.878973739523325e-05
365.0,416,277.77777777777777,166.66666666666669,127.5,6.584504267226275,0.03216518064071435,0.986139960160332,8.866656421807639e-05
365.0,417,388.8888888888889,166.66666666666669,127.5,6.574722876520765,0.0322302723956762,0.986129588402358,8.853416520071715e-05
365.0,418,500.0,166.66666666666669,127.5,6.569630620852776,0.032264139542825115,0.9861241706466531,8.846523658916326e-05
365.0,419,611.1111111111111,166.66666666666669,127.5,6.5747228765207515,0.03223027239567636,0.986129588402361,8.853416520071711e-05
365.0,420,722.2222222222223,166.66666666666669,127.5,6.584504267226271,0.03216518064071436,0.9861399601603318,8.866656421807636e-05
365.0,421,833.3333333333334,166.66666666666669,127.5,6.593604061221189,0.0321044174734106,0.9861495902006955,8.878973739523317e-05
365.0,422,944.4444444444445,166.66666666666669,127.5,6.598777655620066,0.03207013912619942,0.9861550510189562,8.885976574116199e-05
365.0,423,55.55555555555556,277.77777777777777,127.5,6.5923574375755,0.03211270781373953,0.986148272050964,8.877286331780068e-05
365.0,424,166.66666666666669,277.77777777777777,127.5,6.584504267226276,0.03216518064071434,0.9861399601603318,8.866656421807636e-05
365.0,425,277.77777777777777,277.77777777777777,127.5,6.569762066995289,0.03226331380123386,0.9861243194003022,8.846701663185967e-05
365.0,426,388.8888888888889,277.77777777777777,127.5,6.551221509314255,0.03238728248741195,0.9861045209245928,8.821605035283621e-05
365.0,427,500.0,277.77777777777777,127.5,6.538537528125528,0.03247127608455328,0.9860908335979126,8.804435061320824e-05
365.0,428,611.1111111111111,277.77777777777777,127.5,6.551221509314236,0.03238728248741211,0.9861045209245952,8.821605035283611e-05
365.0,429,722.2222222222223,277.77777777777777,127.5,6.569762066995287,0.03226331380123388,0.9861243194003023,8.846701663185969e-05
365.0,430,833.3333333333334,277.77777777777777,127.5,6.58450426722627,0.03216518064071436,0.986139960160332,8.866656421807639e-05
365.0,431,944.4444444444445,277.77777777777777,127.5,6.592357437575488,0.03211270781373958,0.9861482720509639,8.877286331780036e-05
365.0,432,55.55555555555556,388.8888888888889,127.5,6.585937454230562,0.03215564733373818,0.9861414766792398,8.868596344702258e-05
365.0,433,166.66666666666669,388.8888888888889,127.5,6.574722876520746,0.032230272395676385,0.9861295884023611,8.853416520071712e-05
365.0,434,277.77777777777777,388.8888888888889,127.5,6.5512215093142405,0.03238728248741208,0.9861045209245946,8.821605035283622e-05
365.0,435,388.8888888888889,388.8888888888889,127.5,6.514815202760142,0.03262951673328167,0.9860651746574974,8.772323176658584e-05
365.0,436,500.0,388.8888888888889,127.5,6.4781960564085495,0.03286755483303009,0.9860245391369951,8.72274675811507e-05
365.0,437,611.1111111111111,388.8888888888889,127.5,6.514815202760153,0.032629516733281586,0.9860651746574968,8.772323176658594e-05
365.0,438,722.2222222222223,388.8888888888889,127.5,6.551221509314238,0.03238728248741207,0.9861045209245946,8.821605035283622e-05
365.0,439,833.3333333333334,388.8888888888889,127.5,6.574722876520751,0.03223027239567636,0.986129588402361,8.853416520071711e-05
365.0,440,944.4444444444445,388.8888888888889,127.5,6.585937454230562,0.03215564733373816,0.9861414766792393,8.868596344702254e-05
365.0,441,55.55555555555556,500.0,127.5,6.583061194086056,0.03217479909109504,0.9861384296970067,8.86470309040622e-05
365.0,442,166.66666666666669,500.0,127.5,6.569630620852784,0.0322641395428251,0.9861241706466538,8.846523658916346e-05
365.0,443,277.77777777777777,500.0,127.5,6.538537528125529,0.03247127608455326,0.9860908335979124,8.804435061320822e-05
365.0,444,388.8888888888889,500.0,127.5,6.478196056408551,0.032867554833030076,0.9860245391369951,8.72274675811507e-05
365.0,445,500.0,500.0,127.5,6.378177005568678,0.03347844009865359,0.9859082085055574,8.587306048191706e-05
365.0,446,611.1111111111111,500.0,127.5,6.47819605640854,0.032867554833030166,0.9860245391369964,8.722746758115065e-05
365.0,447,722.2222222222223,500.0,127.5,6.53853752812551,0.032471276084553406,0.9860908335979137,8.804435061320804e-05
365.0,448,833.3333333333334,500.0,127.5,6.56963062085278,0.03226413954282512,0.9861241706466538,8.846523658916346e-05
365.0,449,944.4444444444445,500.0,127.5,6.583061194086043,0.032174799091095094,0.9861384296970063,8.864703090406199e-05
365.0,450,55.55555555555556,611.1111111111111,127.5,6.585937454230572,0.032155647333738054,0.9861414766792375,8.868596344702254e-05
365.0,451,166.66666666666669,611.1111111111111,127.5,6.574722876520757,0.03223027239567629,0.98612958840236,8.853416520071716e-05
365.0,452,277.77777777777777,611.1111111111111,127.5,6.551221509314236,0.0323872824874121,0.9861045209245948,8.821605035283607e-05
365.0,453,388.8888888888889,611.1111111111111,127.5,6.514815202760143,0.032629516733281655,0.9860651746574974,8.772323176658584e-05
365.0,454,500.0,611.1111111111111,127.5,6.478196056408534,0.03286755483303017,0.9860245391369956,8.722746758115044e-05
365.0,455,611.1111111111111,611.1111111111111,127.5,6.514815202760136,0.03262951673328165,0.9860651746574962,8.772323176658573e-05
365.0,456,722.2222222222223,611.1111111111111,127.5,6.551221509314232,0.03238728248741212,0.986104520924595,8.821605035283609e-05
365.0,457,833.3333333333334,611.1111111111111,127.5,6.574722876520751,0.032230272395676315,0.9861295884023598,8.8534165200717e-05
365.0,458,944.4444444444445,611.1111111111111,127.5,6.5859374542305655,0.03215564733373809,0.9861414766792378,8.868596344702257e-05
365.0,459,55.55555555555556,722.2222222222223,127.5,6.5923574375754965,0.03211270781373955,0.9861482720509642,8.877286331780055e-05
365.0,460,166.66666666666669,722.2222222222223,127.5,6.58450426722628,0.03216518064071427,0.9861399601603306,8.866656421807625e-05
365.0,461,277.77777777777777,722.2222222222223,127.5,6.569762066995277,0.03226331380123395,0.986124319400303,8.846701663185956e-05
365.0,462,388.8888888888889,722.2222222222223,127.5,6.5512215093142485,0.032387282487411996,0.9861045209245932,8.82160503528361e-05
365.0,463,500.0,722.2222222222223,127.5,6.538537528125524,0.032471276084545114,0.986090833598355,8.804435061324774e-05
365.0,464,611.1111111111111,722.2222222222223,127.5,6.55122150931423,0.03238728248741214,0.9861045209245951,8.82160503528361e-05
365.0,465,722.2222222222223,722.2222222222223,127.5,6.5697620669952785,0.03226331380123395,0.9861243194003034,8.84670166318596e-05
365.0,466,833.3333333333334,722.2222222222223,127.5,6.584504267226273,0.032165180640714365,0.9861399601603322,8.86665642180764e-05
365.0,467,944.4444444444445,722.2222222222223,127.5,6.592357437575499,0.03211270781373951,0.9861482720509633,8.877286331780063e-05
365.0,468,55.55555555555556,833.3333333333334,127.5,6.598777655620065,0.032070139126199465,0.9861550510189571,8.885976574116207e-05
365.0,469,166.66666666666669,833.3333333333334,127.5,6.593604061221185,0.032104417473410654,0.9861495902006967,8.878973739523327e-05
365.0,470,277.77777777777777,833.3333333333334,127.5,6.584504267226276,0.032165180640714344,0.986139960160332,8.866656421807639e-05
365.0,471,388.8888888888889,833.3333333333334,127.5,6.57472287652075,0.03223027239567633,0.9861295884023602,8.853416520071704e-05
365.0,472,500.0,833.3333333333334,127.5,6.569630620852783,0.0322641395428251,0.9861241706466537,8.846523658916345e-05
365.0,473,611.1111111111111,833.3333333333334,127.5,6.57472287652075,0.0322302723956764,0.9861295884023619,8.853416520071719e-05
365.0,474,722.2222222222223,833.3333333333334,127.5,6.584504267226275,0.03216518064071432,0.9861399601603315,8.866656421807633e-05
365.0,475,833.3333333333334,833.3333333333334,127.5,6.593604061221187,0.03210441747341061,0.9861495902006959,8.87897373952332e-05
365.0,476,944.4444444444445,833.3333333333334,127.5,6.598777655620068,0.03207013912619946,0.9861550510189571,8.885976574116207e-05
365.0,477,55.55555555555556,944.4444444444445,127.5,6.602623014700081,0.0320447337121105,0.9861591042978888,8.891181532595828e-05
365.0,478,166.66666666666669,944.4444444444445,127.5,6.598777655620068,0.03207013912619944,0.9861550510189565,8.885976574116202e-05
365.0,479,277.77777777777777,944.4444444444445,127.5,6.592357437575498,0.032112707813739545,0.9861482720509642,8.877286331780055e-05
365.0,480,388.8888888888889,944.4444444444445,127.5,6.58593745423057,0.032155647333738074,0.9861414766792378,8.868596344702257e-05
365.0,481,500.0,944.4444444444445,127.5,6.583061194086045,0.03217479909109509,0.9861384296970063,8.864703090406199e-05
365.0,482,611.1111111111111,944.4444444444445,127.5,6.585937454230559,0.03215564733373818,0.9861414766792396,8.868596344702256e-05
365.0,483,722.2222222222223,944.4444444444445,127.5,6.592357437575493,0.03211270781373959,0.9861482720509647,8.877286331780059e-05
365.0,484,833.3333333333334,944.4444444444445,127.5,6.598777655620062,0.03207013912619949,0.986155051018957,8.885976574116206e-05
365.0,485,944.4444444444445,944.4444444444445,127.5,6.602623014700088,0.03204473371211045,0.9861591042978876,8.891181532595817e-05
365.0,486,55.55555555555556,55.55555555555556,132.5,7.143114606113239,0.02965891347557803,0.9863177917965104,9.619076898248131e-05
365.0,487,166.66666666666669,55.55555555555556,132.5,7.1392705029285555,0.029681771696576778,0.9863142915200604,9.613876776822905e-05
365.0,488,277.77777777777777,55.55555555555556,132.5,7.132853744546111,0.0297200084095899,0.9863084397916099,9.605196458889097e-05
365.0,489,388.8888888888889,55.55555555555556,132.5,7.126450942777387,0.02975849642567159,0.9863025839498136,9.596534927924994e-05
365.0,490,500.0,55.55555555555556,132.5,7.123581137595784,0.029775926328666893,0.9862999541931479,9.592652709261676e-05
365.0,491,611.1111111111111,55.55555555555556,132.5,7.126450942777371,0.029758496425655766,0.9863025839506753,9.596534927933361e-05
365.0,492,722.2222222222223,55.55555555555556,132.5,7.132853744546112,0.0297200084095899,0.98630843979161,9.605196458889099e-05
365.0,493,833.3333333333334,55.55555555555556,132.5,7.139270502928545,0.029681771696576806,0.9863142915200604,9.613876776822905e-05
365.0,494,944.4444444444445,55.55555555555556,132.5,7.143114606113229,0.029658913475578107,0.9863177917965109,9.61907689824812e-05
365.0,495,55.55555555555556,166.66666666666669,132.5,7.1392705029285475,0.029681771696576806,0.9863142915200607,9.613876776822906e-05
365.0,496,166.66666666666669,166.66666666666669,132.5,7.134099859092893,0.029712576246014477,0.9863095779122493,9.606882160984085e-05
365.0,497,277.77777777777777,166.66666666666669,132.5,7.125025669099081,0.02976715570187816,0.9863012797639802,9.594606860794919e-05
365.0,498,388.8888888888889,166.66666666666669,132.5,7.115268616587164,0.0298265878257488,0.9862923289539686,9.581407689488819e-05
365.0,499,500.0,166.66666666666669,132.5,7.110208106353813,0.029857444357246788,0.9862876741789433,9.574561863799604e-05
365.0,500,611.1111111111111,166.66666666666669,132.5,7.115268616587159,0.02982658782574886,0.9862923289539698,9.581407689488814e-05
365.0,501,722.2222222222223,166.66666666666669,132.5,7.125025669099084,0.029767155701878142,0.9863012797639802,9.594606860794919e-05
365.0,502,833.3333333333334,166.66666666666669,132.5,7.134099859092889,0.029712576246014494,0.9863095779122496,9.606882160984087e-05
365.0,503,944.4444444444445,166.66666666666669,132.5,7.139270502928543,0.029681771696576823,0.9863142915200602,9.613876776822886e-05
365.0,504,55.55555555555556,277.77777777777777,132.5,7.132853744546127,0.029720008409589802,0.9863084397916088,9.605196458889086e-05
365.0,505,166.66666666666669,277.77777777777777,132.5,7.125025669099088,0.02976715570187816,0.986301279763981,9.594606860794926e-05
365.0,506,277.77777777777777,277.77777777777777,132.5,7.1103204714428125,0.029856764975845374,0.9862877839879772,9.57471393272181e-05
365.0,507,388.8888888888889,277.77777777777777,132.5,7.091896342588607,0.029967890554080896,0.9862708095802966,9.549789998416641e-05
365.0,508,500.0,277.77777777777777,132.5,7.0795194264996075,0.030042185476939643,0.9862593053672931,9.533046015144112e-05
365.0,509,611.1111111111111,277.77777777777777,132.5,7.09189634258859,0.02996789055408103,0.986270809580299,9.549789998416648e-05
365.0,510,722.2222222222223,277.77777777777777,132.5,7.110320471442818,0.029856764975845367,0.9862877839879787,9.574713932721825e-05
365.0,511,833.3333333333334,277.77777777777777,132.5,7.125025669099078,0.029767155701878163,0.98630127976398,9.594606860794916e-05
365.0,512,944.4444444444445,277.77777777777777,132.5,7.132853744546107,0.029720008409589913,0.9863084397916101,9.605196458889082e-05
365.0,513,55.55555555555556,388.8888888888889,132.5,7.1264509427773675,0.029758496425655836,0.9863025839506769,9.59653492793336e-05
365.0,514,166.66666666666669,388.8888888888889,132.5,7.1152686165871515,0.029826587825748877,0.9862923289539695,9.581407689488811e-05
365.0,515,277.77777777777777,388.8888888888889,132.5,7.091896342588602,0.029967890554080945,0.9862708095802973,9.549789998416632e-05
365.0,516,388.8888888888889,388.8888888888889,132.5,7.056199373850566,0.030185151447048544,0.9862375372221199,9.501497571226964e-05
365.0,517,500.0,388.8888888888889,132.5,7.022058053741784,0.030391252556884747,0.9862049982148751,9.455304948494464e-05
365.0,518,611.1111111111111,388.8888888888889,132.5,7.0561993738505695,0.030185151447048517,0.9862375372221197,9.501497571226979e-05
365.0,519,722.2222222222223,388.8888888888889,132.5,7.0918963425885995,0.029967890554080973,0.9862708095802982,9.54978999841664e-05
365.0,520,833.3333333333334,388.8888888888889,132.5,7.115268616587158,0.029826587825748853,0.9862923289539693,9.58140768948881e-05
365.0,521,944.4444444444445,388.8888888888889,132.5,7.126450942777374,0.02975849642565578,0.986302583950676,9.596534927933368e-05
365.0,522,55.55555555555556,500.0,132.5,7.123581137595804,0.02977592632866683,0.9862999541931484,9.592652709261714e-05
365.0,523,166.66666666666669,500.0,132.5,7.110208106353812,0.02985744435724678,0.9862876741789431,9.574561863799588e-05
365.0,524,277.77777777777777,500.0,132.5,7.079519426499609,0.030042185476939653,0.9862593053672938,9.533046015144119e-05
365.0,525,388.8888888888889,500.0,132.5,7.022058053741793,0.030391252556884688,0.9862049982148742,9.455304948494456e-05
365.0,526,500.0,500.0,132.5,6.937875112961133,0.03089843977016061,0.986121351775744,9.341383688187395e-05
365.0,527,611.1111111111111,500.0,132.5,7.022058053741791,0.030391252556884706,0.9862049982148746,9.45530494849446e-05
365.0,528,722.2222222222223,500.0,132.5,7.07951942649959,0.030042185476939747,0.9862593053672942,9.533046015144089e-05
365.0,529,833.3333333333334,500.0,132.5,7.110208106353804,0.029857444357246903,0.986287674178945,9.574561863799589e-05
365.0,530,944.4444444444445,500.0,132.5,7.12358113759579,0.029775926328666876,0.9862999541931484,9.592652709261697e-05
365.0,531,55.55555555555556,611.1111111111111,132.5,7.126450942777375,0.029758496425655714,0.9863025839506738,9.596534927933346e-05
365.0,532,166.66666666666669,611.1111111111111,132.5,7.115268616587146,0.02982658782574894,0.9862923289539709,9.581407689488808e-05
365.0,533,277.77777777777777,611.1111111111111,132.5,7.091896342588591,0.02996789055408103,0.9862708095802989,9.549789998416647e-05
365.0,534,388.8888888888889,611.1111111111111,132.5,7.056199373850563,0.030185151447048517,0.9862375372221186,9.501497571226968e-05
365.0,535,500.0,611.1111111111111,132.5,7.022058053741783,0.030391252556884765,0.9862049982148757,9.455304948494471e-05
365.0,536,611.1111111111111,611.1111111111111,132.5,7.056199373850549,0.030185151447048607,0.9862375372221204,9.501497571226952e-05
365.0,537,722.2222222222223,611.1111111111111,132.5,7.091896342588588,0.02996789055408103,0.9862708095802987,9.549789998416628e-05
365.0,538,833.3333333333334,611.1111111111111,132.5,7.115268616587155,0.02982658782574886,0.9862923289539695,9.581407689488811e-05
365.0,539,944.4444444444445,611.1111111111111,132.5,7.126450942777376,0.029758496425655746,0.9863025839506753,9.596534927933361e-05
365.0,540,55.55555555555556,722.2222222222223,132.5,7.132853744546122,0.029720008409589826,0.986308439791609,9.605196458889071e-05
365.0,541,166.66666666666669,722.2222222222223,132.5,7.125025669099082,0.029767155701878142,0.98630127976398,9.594606860794916e-05
365.0,542,277.77777777777777,722.2222222222223,132.5,7.110320471442812,0.029856764975845402,0.9862877839879786,9.574713932721824e-05
365.0,543,388.8888888888889,722.2222222222223,132.5,7.091896342588605,0.02996789055408093,0.9862708095802976,9.549789998416651e-05
365.0,544,500.0,722.2222222222223,132.5,7.079519426499605,0.030042185476939622,0.9862593053672922,9.533046015144104e-05
365.0,545,611.1111111111111,722.2222222222223,132.5,7.091896342588579,0.02996789055408103,0.9862708095802976,9.549789998416617e-05
365.0,546,722.2222222222223,722.2222222222223,132.5,7.110320471442815,0.02985676497584539,0.986287783987979,9.574713932721828e-05
365.0,547,833.3333333333334,722.2222222222223,132.5,7.125025669099081,0.029767155701878142,0.9863012797639795,9.594606860794912e-05
365.0,548,944.4444444444445,722.2222222222223,132.5,7.132853744546125,0.029720008409589785,0.986308439791608,9.605196458889096e-05
365.0,549,55.55555555555556,833.3333333333334,132.5,7.139270502928544,0.029681771696576847,0.9863142915200614,9.613876776822896e-05
365.0,550,166.66666666666669,833.3333333333334,132.5,7.134099859092875,0.02971257624601459,0.9863095779122509,9.606882160984083e-05
365.0,551,277.77777777777777,833.3333333333334,132.5,7.12502566909909,0.029767155701878142,0.9863012797639806,9.594606860794939e-05
365.0,552,388.8888888888889,833.3333333333334,132.5,7.115268616587154,0.029826587825748863,0.9862923289539693,9.58140768948881e-05
365.0,553,500.0,833.3333333333334,132.5,7.110208106353809,0.02985744435724684,0.9862876741789443,9.574561863799599e-05
365.0,554,611.1111111111111,833.3333333333334,132.5,7.115268616587152,0.02982658782574887,0.9862923289539695,9.581407689488811e-05
365.0,555,722.2222222222223,833.3333333333334,132.5,7.12502566909909,0.029767155701878142,0.9863012797639806,9.594606860794939e-05
365.0,556,833.3333333333334,833.3333333333334,132.5,7.134099859092882,0.02971257624601456,0.9863095779122512,9.606882160984086e-05
365.0,557,944.4444444444445,833.3333333333334,132.5,7.139270502928555,0.029681771696576813,0.9863142915200618,9.6138767768229e-05
365.0,558,55.55555555555556,944.4444444444445,132.5,7.1431146061132385,0.029658913475578003,0.986317791796509,9.619076898248118e-05
365.0,559,166.66666666666669,944.4444444444445,132.5,7.1392705029285555,0.029681771696576768,0.9863142915200601,9.6138767768229e-05
365.0,560,277.77777777777777,944.4444444444445,132.5,7.132853744546133,0.029720008409589768,0.9863084397916088,9.605196458889086e-05
365.0,561,388.8888888888889,944.4444444444445,132.5,7.126450942777374,0.02975849642565572,0.9863025839506738,9.596534927933346e-05
365.0,562,500.0,944.4444444444445,132.5,7.123581137595795,0.029775926328666835,0.9862999541931478,9.59265270926169e-05
365.0,563,611.1111111111111,944.4444444444445,132.5,7.126450942777372,0.029758496425655763,0.9863025839506753,9.596534927933361e-05
365.0,564,722.2222222222223,944.4444444444445,132.5,7.132853744546117,0.02972000840958987,0.98630843979161,9.605196458889081e-05
365.0,565,833.3333333333334,944.4444444444445,132.5,7.139270502928539,0.02968177169657689,0.9863142915200623,9.613876776822906e-05
365.0,566,944.4444444444445,944.4444444444445,132.5,7.143114606113237,0.029658913475578006,0.986317791796509,9.619076898248118e-05
365.0,567,55.55555555555556,55.55555555555556,137.5,7.664888667567092,0.027693376790113,0.9864105768124742,0.00010321144716215123
365.0,568,166.66666666666669,55.55555555555556,137.5,7.6610414471806845,0.0277147237837702,0.9864074935378822,0.00010315943309903127
365.0,569,277.77777777777777,55.55555555555556,137.5,7.654620747894262,0.02775037233117797,0.9864023425800101,0.00010307262576476309
365.0,570,388.8888888888889,55.55555555555556,137.5,7.648222621234715,0.027785653854456367,0.9863972069173239,0.00010298612390339429
365.0,571,500.0,55.55555555555556,137.5,7.6453544164557785,0.027801388890304393,0.9863949029540762,0.00010294734615054778
365.0,572,611.1111111111111,55.55555555555556,137.5,7.648222621234697,0.02778565385445649,0.986397206917326,0.00010298612390339435
365.0,573,722.2222222222223,55.55555555555556,137.5,7.654620747894259,0.027750372331177976,0.9864023425800101,0.00010307262576476309
365.0,574,833.3333333333334,55.55555555555556,137.5,7.661041447180667,0.027714723783770268,0.986407493537882,0.00010315943309903106
365.0,575,944.4444444444445,55.55555555555556,137.5,7.664888667567078,0.027693376790113033,0.9864105768124738,0.00010321144716215118
365.0,576,55.55555555555556,166.66666666666669,137.5,7.661041447180671,0.027714723783770243,0.9864074935378818,0.00010315943309903104
365.0,577,166.66666666666669,166.66666666666669,137.5,7.655867842767895,0.027743458111768354,0.986403344107342,0.00010308948645052689
365.0,578,277.77777777777777,166.66666666666669,137.5,7.646801045185563,0.027793451848911088,0.9863960671414659,0.00010296690459046365
365.0,579,388.8888888888889,166.66666666666669,137.5,7.637049064827639,0.027847477188541078,0.9863882187616113,0.00010283505822632933
365.0,580,500.0,166.66666666666669,137.5,7.632005307260646,0.027875524108275485,0.9863841495456124,0.00010276686633000286
365.0,581,611.1111111111111,166.66666666666669,137.5,7.637049064827638,0.02784747718854114,0.9863882187616133,0.00010283505822632938
365.0,582,722.2222222222223,166.66666666666669,137.5,7.646801045185557,0.027793451848911153,0.9863960671414671,0.00010296690459046378
365.0,583,833.3333333333334,166.66666666666669,137.5,7.655867842767894,0.027743458111768336,0.9864033441073413,0.00010308948645052682
365.0,584,944.4444444444445,166.66666666666669,137.5,7.66104144718066,0.0277147237837703,0.9864074935378825,0.00010315943309903096
365.0,585,55.55555555555556,277.77777777777777,137.5,7.654620747894276,0.027750372331177938,0.9864023425800104,0.0001030726257647633
365.0,586,166.66666666666669,277.77777777777777,137.5,7.646801045185563,0.027793451848911088,0.9863960671414661,0.00010296690459046368
365.0,587,277.77777777777777,277.77777777777777,137.5,7.632103655475898,0.02787497930617201,0.9863842322810076,0.00010276819635323111
365.0,588,388.8888888888889,277.77777777777777,137.5,7.613741939581705,0.027977432106550362,0.9863693761218223,0.00010251994356644455
365.0,589,500.0,277.77777777777777,137.5,7.601568209955723,0.0280456019820356,0.9863594634879922,0.00010235534930723843
365.0,590,611.1111111111111,277.77777777777777,137.5,7.613741939581699,0.027977432106550442,0.9863693761218245,0.00010251994356644461
365.0,591,722.2222222222223,277.77777777777777,137.5,7.632103655475899,0.027874979306172006,0.9863842322810076,0.00010276819635323111
365.0,592,833.3333333333334,277.77777777777777,137.5,7.646801045185563,0.027793451848911088,0.9863960671414658,0.00010296690459046364
365.0,593,944.4444444444445,277.77777777777777,137.5,7.654620747894257,0.027750372331178056,0.9864023425800121,0.00010307262576476331
365.0,594,55.55555555555556,388.8888888888889,137.5,7.648222621234691,0.027785653854456534,0.9863972069173272,0.00010298612390339428
365.0,595,166.66666666666669,388.8888888888889,137.5,7.637049064827626,0.027847477188541164,0.9863882187616128,0.00010283505822632913
365.0,596,277.77777777777777,388.8888888888889,137.5,7.613741939581704,0.027977432106550362,0.9863693761218225,0.00010251994356644458
365.0,597,388.8888888888889,388.8888888888889,137.5,7.578505375785277,0.028174271931212715,0.9863406351572402,0.00010204353035954059
365.0,598,500.0,388.8888888888889,137.5,7.546010711450314,0.028356942580691324,0.9863136849906614,0.00010160415902558594
365.0,599,611.1111111111111,388.8888888888889,137.5,7.578505375785287,0.02817427193121264,0.9863406351572387,0.00010204353035954061
365.0,600,722.2222222222223,388.8888888888889,137.5,7.6137419395817,0.02797743210655043,0.9863693761218243,0.00010251994356644476
365.0,601,833.3333333333334,388.8888888888889,137.5,7.637049064827631,0.02784747718854113,0.9863882187616126,0.00010283505822632911
365.0,602,944.4444444444445,388.8888888888889,137.5,7.648222621234709,0.027785653854456454,0.9863972069173259,0.0001029861239033945
365.0,603,55.55555555555556,500.0,137.5,7.64535441645581,0.027801388890304198,0.9863949029540732,0.00010294734615054783
365.0,604,166.66666666666669,500.0,137.5,7.632005307260657,0.02787552410827542,0.986384149545611,0.00010276686633000273
365.0,605,277.77777777777777,500.0,137.5,7.601568209955722,0.028045601982035654,0.9863594634879941,0.00010235534930723863
365.0,606,388.8888888888889,500.0,137.5,7.54601071145032,0.02835694258069131,0.9863136849906617,0.00010160415902558617
365.0,607,500.0,500.0,137.5,7.471563475031089,0.02877642993224252,0.9862501144770831,0.00010059740641811167
365.0,608,611.1111111111111,500.0,137.5,7.546010711450322,0.028356942580691283,0.9863136849906609,0.00010160415902558607
365.0,609,722.2222222222223,500.0,137.5,7.601568209955695,0.028045601982035786,0.9863594634879951,0.00010235534930723839
365.0,610,833.3333333333334,500.0,137.5,7.632005307260639,0.027875524108275544,0.9863841495456133,0.00010276686633000278
365.0,611,944.4444444444445,500.0,137.5,7.645354416455815,0.02780138889030417,0.9863949029540727,0.00010294734615054779
365.0,612,55.55555555555556,611.1111111111111,137.5,7.648222621234705,0.027785653854456444,0.9863972069173254,0.00010298612390339444
365.0,613,166.66666666666669,611.1111111111111,137.5,7.637049064827622,0.027847477188541164,0.9863882187616125,0.0001028350582263293
365.0,614,277.77777777777777,611.1111111111111,137.5,7.6137419395817005,0.0279774321065504,0.9863693761218233,0.00010251994356644466
365.0,615,388.8888888888889,611.1111111111111,137.5,7.578505375785271,0.028174271931212757,0.9863406351572404,0.0001020435303595406
365.0,616,500.0,611.1111111111111,137.5,7.546010711450302,0.028356942580691453,0.9863136849906645,0.0001016041590255859
365.0,617,611.1111111111111,611.1111111111111,137.5,7.578505375785271,0.028174271931212778,0.9863406351572415,0.00010204353035954071
365.0,618,722.2222222222223,611.1111111111111,137.5,7.6137419395817,0.027977432106550383,0.9863693761218225,0.00010251994356644458
365.0,619,833.3333333333334,611.1111111111111,137.5,7.637049064827625,0.02784747718854113,0.9863882187616116,0.00010283505822632921
365.0,620,944.4444444444445,611.1111111111111,137.5,7.648222621234714,0.02778565385445641,0.9863972069173251,0.00010298612390339441
365.0,621,55.55555555555556,722.2222222222223,137.5,7.654620747894269,0.027750372331177962,0.9864023425800104,0.0001030726257647633
365.0,622,166.66666666666669,722.2222222222223,137.5,7.646801045185563,0.027793451848911105,0.9863960671414668,0.00010296690459046375
365.0,623,277.77777777777777,722.2222222222223,137.5,7.632103655475893,0.027874979306172016,0.9863842322810074,0.00010276819635323108
365.0,624,388.8888888888889,722.2222222222223,137.5,7.613741939581705,0.027977432106550397,0.9863693761218237,0.0001025199435664447
365.0,625,500.0,722.2222222222223,137.5,7.60156820995572,0.028045601982035637,0.9863594634879931,0.00010235534930723852
365.0,626,611.1111111111111,722.2222222222223,137.5,7.613741939581695,0.02797743210655043,0.9863693761218238,0.00010251994356644454
365.0,627,722.2222222222223,722.2222222222223,137.5,7.632103655475901,0.027874979306172,0.9863842322810076,0.00010276819635323111
365.0,628,833.3333333333334,722.2222222222223,137.5,7.646801045185565,0.027793451848911035,0.9863960671414643,0.00010296690459046367
365.0,629,944.4444444444445,722.2222222222223,137.5,7.65462074789427,0.027750372331177938,0.9864023425800098,0.00010307262576476324
365.0,630,55.55555555555556,833.3333333333334,137.5,7.661041447180667,0.02771472378377026,0.9864074935378818,0.00010315943309903104
365.0,631,166.66666666666669,833.3333333333334,137.5,7.65586784276788,0.027743458111768406,0.9864033441073419,0.0001030894864505267
365.0,632,277.77777777777777,833.3333333333334,137.5,7.6468010451855655,0.02779345184891106,0.9863960671414651,0.00010296690459046375
365.0,633,388.8888888888889,833.3333333333334,137.5,7.63704906482762,0.02784747718854117,0.9863882187616125,0.0001028350582263293
365.0,634,500.0,833.3333333333334,137.5,7.632005307260652,0.027875524108275443,0.9863841495456114,0.00010276686633000258
365.0,635,611.1111111111111,833.3333333333334,137.5,7.637049064827619,0.027847477188541195,0.9863882187616131,0.00010283505822632936
365.0,636,722.2222222222223,833.3333333333334,137.5,7.64680104518557,0.027793451848911053,0.9863960671414661,0.00010296690459046386
365.0,637,833.3333333333334,833.3333333333334,137.5,7.655867842767882,0.027743458111768378,0.986403344107341,0.00010308948645052678
365.0,638,944.4444444444445,833.3333333333334,137.5,7.661041447180674,0.02771472378377019,0.9864074935378807,0.00010315943309903112
365.0,639,55.55555555555556,944.4444444444445,137.5,7.664888667567089,0.027693376790112998,0.9864105768124738,0.00010321144716215118
365.0,640,166.66666666666669,944.4444444444445,137.5,7.661041447180674,0.02771472378377019,0.9864074935378807,0.00010315943309903112
365.0,641,277.77777777777777,944.4444444444445,137.5,7.654620747894281,0.02775037233117791,0.9864023425800104,0.0001030726257647633
365.0,642,388.8888888888889,944.4444444444445,137.5,7.648222621234705,0.027785653854456412,0.9863972069173242,0.00010298612390339432
365.0,643,500.0,944.4444444444445,137.5,7.645354416455796,0.02780138889030431,0.9863949029540754,0.00010294734615054787
365.0,644,611.1111111111111,944.4444444444445,137.5,7.648222621234697,0.027785653854456527,0.9863972069173271,0.00010298612390339447
365.0,645,722.2222222222223,944.4444444444445,137.5,7.654620747894265,0.02775037233117797,0.9864023425800105,0.00010307262576476313
365.0,646,833.3333333333334,944.4444444444445,137.5,7.6610414471806605,0.027714723783770316,0.986407493537883,0.00010315943309903101
365.0,647,944.4444444444445,944.4444444444445,137.5,7.664888667567084,0.02769337679011302,0.9864105768124738,0.00010321144716215118
365.0,648,55.55555555555556,55.55555555555556,142.5,8.168828059300855,0.025856144125679843,0.9864572243665521,0.00010998666366455773
365.0,649,166.66666666666669,55.55555555555556,142.5,8.164974147770897,0.02587437764430467,0.986454492382008,0.0001099345898769833
365.0,650,277.77777777777777,55.55555555555556,142.5,8.158543004315018,0.025904849998979698,0.9864499285461737,0.00010984769255415338
365.0,651,388.8888888888889,55.55555555555556,142.5,8.152138371006268,0.025935257912805928,0.9864453774851188,0.00010976115324836796
365.0,652,500.0,55.55555555555556,142.5,8.149268026445561,0.02594887207368342,0.9864433367199926,0.00010972236922891188
365.0,653,611.1111111111111,55.55555555555556,142.5,8.15213837100625,0.025935257912806008,0.9864453774851201,0.0001097611532483677
365.0,654,722.2222222222223,55.55555555555556,142.5,8.158543004315003,0.025904849998979733,0.9864499285461733,0.00010984769255415311
365.0,655,833.3333333333334,55.55555555555556,142.5,8.164974147770867,0.025874377644304752,0.9864544923820077,0.00010993458987698288
365.0,656,944.4444444444445,55.55555555555556,142.5,8.16882805930084,0.025856144125679922,0.9864572243665529,0.00010998666366455742
365.0,657,55.55555555555556,166.66666666666669,142.5,8.164974147770872,0.025874377644304752,0.986454492382008,0.00010993458987698292
365.0,658,166.66666666666669,166.66666666666669,142.5,8.159792276760081,0.025898931387103464,0.9864508163819495,0.00010986457277354487
365.0,659,277.77777777777777,166.66666666666669,142.5,8.150717505289196,0.025942022705387098,0.9864443692290852,0.00010974195475380884
365.0,660,388.8888888888889,166.66666666666669,142.5,8.140954794355144,0.025987939737015804,0.9864374266809635,0.000109610041666098
365.0,661,500.0,166.66666666666669,142.5,8.13591303132627,0.026011662850996972,0.9864338369814319,0.00010954191766434215
365.0,662,611.1111111111111,166.66666666666669,142.5,8.140954794355144,0.025987939737015797,0.9864374266809631,0.00010961004166609796
365.0,663,722.2222222222223,166.66666666666669,142.5,8.150717505289178,0.025942022705387174,0.986444369229086,0.00010974195475380875
365.0,664,833.3333333333334,166.66666666666669,142.5,8.159792276760065,0.025898931387103516,0.9864508163819501,0.00010986457277354455
365.0,665,944.4444444444445,166.66666666666669,142.5,8.164974147770867,0.02587437764430474,0.9864544923820071,0.00010993458987698283
365.0,666,55.55555555555556,277.77777777777777,142.5,8.158543004315023,0.025904849998979643,0.9864499285461724,0.00010984769255415323
365.0,667,166.66666666666669,277.77777777777777,142.5,8.150717505289185,0.025942022705387115,0.9864443692290843,0.00010974195475380857
365.0,668,277.77777777777777,277.77777777777777,142.5,8.136004067015662,0.026011240867568064,0.9864339020847019,0.00010954314776229591
365.0,669,388.8888888888889,277.77777777777777,142.5,8.117650310316737,0.026097918216078732,0.9864208008711419,0.00010929515171341398
365.0,670,500.0,277.77777777777777,142.5,8.10556501052809,0.02615525693923248,0.9864121466121678,0.00010913185422476481
365.0,671,611.1111111111111,277.77777777777777,142.5,8.117650310316733,0.026097918216078778,0.9864208008711433,0.00010929515171341393
365.0,672,722.2222222222223,277.77777777777777,142.5,8.136004067015664,0.026011240867568057,0.9864339020847022,0.00010954314776229593
365.0,673,833.3333333333334,277.77777777777777,142.5,8.150717505289196,0.025942022705387074,0.9864443692290841,0.00010974195475380872
365.0,674,944.4444444444445,277.77777777777777,142.5,8.158543004314994,0.025904849998979802,0.9864499285461754,0.00010984769255415317
365.0,675,55.55555555555556,388.8888888888889,142.5,8.15213837100625,0.025935257912806015,0.9864453774851204,0.00010976115324836773
365.0,676,166.66666666666669,388.8888888888889,142.5,8.14095479435513,0.025987939737015863,0.9864374266809638,0.00010961004166609783
365.0,677,277.77777777777777,388.8888888888889,142.5,8.117650310316735,0.02609791821607873,0.9864208008711414,0.00010929515171341373
365.0,678,388.8888888888889,388.8888888888889,142.5,8.082604303941643,0.026263611895721413,0.9863956480036317,0.00010882160599813459
365.0,679,500.0,388.8888888888889,142.5,8.050896501457345,0.02641381706200384,0.9863727287440541,0.00010839316136874954
365.0,680,611.1111111111111,388.8888888888889,142.5,8.082604303941645,0.026263611895721444,0.9863956480036329,0.00010882160599813472
365.0,681,722.2222222222223,388.8888888888889,142.5,8.117650310316751,0.026097918216078632,0.9864208008711395,0.00010929515171341392
365.0,682,833.3333333333334,388.8888888888889,142.5,8.140954794355146,0.025987939737015842,0.9864374266809651,0.00010961004166609819
365.0,683,944.4444444444445,388.8888888888889,142.5,8.152138371006265,0.025935257912805935,0.9864453774851188,0.00010976115324836775
365.0,684,55.55555555555556,500.0,142.5,8.14926802644558,0.025948872073683352,0.9864433367199923,0.00010972236922891204
365.0,685,166.66666666666669,500.0,142.5,8.135913031326275,0.026011662850996955,0.9864338369814318,0.00010954191766434214
365.0,686,277.77777777777777,500.0,142.5,8.10556501052808,0.026155256939232468,0.9864121466121664,0.00010913185422476485
365.0,687,388.8888888888889,500.0,142.5,8.050896501457359,0.026413817062011395,0.9863727287436431,0.00010839316136870475
365.0,688,500.0,500.0,142.5,7.981005937722897,0.026743525625122912,0.986321652384787,0.00010744876308158812
365.0,689,611.1111111111111,500.0,142.5,8.050896501457363,0.026413817062011333,0.9863727287436411,0.00010839316136870433
365.0,690,722.2222222222223,500.0,142.5,8.105565010528059,0.026155256939232627,0.9864121466121695,0.0001091318542247648
365.0,691,833.3333333333334,500.0,142.5,8.135913031326256,0.026011662850997055,0.986433836981433,0.00010954191766434208
365.0,692,944.4444444444445,500.0,142.5,8.149268026445599,0.02594887207368323,0.9864433367199902,0.00010972236922891202
365.0,693,55.55555555555556,611.1111111111111,142.5,8.152138371006258,0.025935257912805966,0.9864453774851192,0.000109761153248368
365.0,694,166.66666666666669,611.1111111111111,142.5,8.140954794355137,0.025987939737015867,0.986437426680965,0.00010961004166609797
365.0,695,277.77777777777777,611.1111111111111,142.5,8.117650310316735,0.026097918216078736,0.9864208008711417,0.00010929515171341377
365.0,696,388.8888888888889,611.1111111111111,142.5,8.082604303941626,0.02626361189572155,0.9863956480036351,0.00010882160599813457
365.0,697,500.0,611.1111111111111,142.5,8.05089650145734,0.026413817062003866,0.9863727287440549,0.00010839316136874962
365.0,698,611.1111111111111,611.1111111111111,142.5,8.082604303941622,0.02626361189572155,0.9863956480036349,0.00010882160599813455
365.0,699,722.2222222222223,611.1111111111111,142.5,8.117650310316742,0.02609791821607876,0.9864208008711435,0.00010929515171341416
365.0,700,833.3333333333334,611.1111111111111,142.5,8.140954794355139,0.02598793973701581,0.9864374266809631,0.00010961004166609796
365.0,701,944.4444444444445,611.1111111111111,142.5,8.15213837100628,0.025935257912805834,0.9864453774851168,0.00010976115324836792
365.0,702,55.55555555555556,722.2222222222223,142.5,8.158543004315012,0.02590484999897972,0.9864499285461745,0.00010984769255415325
365.0,703,166.66666666666669,722.2222222222223,142.5,8.150717505289196,0.025942022705387074,0.9864443692290842,0.00010974195475380873
365.0,704,277.77777777777777,722.2222222222223,142.5,8.136004067015657,0.026011240867568123,0.9864339020847038,0.00010954314776229592
365.0,705,388.8888888888889,722.2222222222223,142.5,8.117650310316735,0.026097918216078778,0.9864208008711433,0.00010929515171341393
365.0,706,500.0,722.2222222222223,142.5,8.105565010528078,0.026155256939232548,0.9864121466121687,0.00010913185422476492
365.0,707,611.1111111111111,722.2222222222223,142.5,8.117650310316732,0.02609791821607877,0.9864208008711426,0.00010929515171341386
365.0,708,722.2222222222223,722.2222222222223,142.5,8.136004067015675,0.026011240867568033,0.9864339020847024,0.00010954314776229614
365.0,709,833.3333333333334,722.2222222222223,142.5,8.150717505289197,0.025942022705387095,0.9864443692290853,0.00010974195475380885
365.0,710,944.4444444444445,722.2222222222223,142.5,8.158543004315005,0.02590484999897973,0.9864499285461739,0.00010984769255415317
365.0,711,55.55555555555556,833.3333333333334,142.5,8.164974147770865,0.025874377644304773,0.9864544923820083,0.00010993458987698296
365.0,712,166.66666666666669,833.3333333333334,142.5,8.159792276760058,0.025898931387103568,0.9864508163819511,0.00010986457277354466
365.0,713,277.77777777777777,833.3333333333334,142.5,8.150717505289197,0.025942022705387095,0.9864443692290852,0.00010974195475380884
365.0,714,388.8888888888889,833.3333333333334,142.5,8.140954794355123,0.02598793973701593,0.9864374266809663,0.00010961004166609812
365.0,715,500.0,833.3333333333334,142.5,8.135913031326261,0.026011662850997017,0.986433836981432,0.00010954191766434198
365.0,716,611.1111111111111,833.3333333333334,142.5,8.140954794355121,0.025987939737015884,0.986437426680964,0.00010961004166609786
365.0,717,722.2222222222223,833.3333333333334,142.5,8.15071750528921,0.025942022705387056,0.9864443692290851,0.00010974195475380903
365.0,718,833.3333333333334,833.3333333333334,142.5,8.159792276760067,0.025898931387103526,0.9864508163819501,0.00010986457277354455
365.0,719,944.4444444444445,833.3333333333334,142.5,8.164974147770883,0.025874377644304655,0.9864544923820058,0.00010993458987698288
365.0,720,55.55555555555556,944.4444444444445,142.5,8.16882805930085,0.025856144125679863,0.9864572243665521,0.00010998666366455753
365.0,721,166.66666666666669,944.4444444444445,142.5,8.164974147770874,0.025874377644304707,0.9864544923820066,0.00010993458987698296
365.0,722,277.77777777777777,944.4444444444445,142.5,8.15854300431502,0.025904849998979684,0.986449928546174,0.00010984769255415341
365.0,723,388.8888888888889,944.4444444444445,142.5,8.152138371006261,0.025935257912805935,0.9864453774851184,0.00010976115324836771
365.0,724,500.0,944.4444444444445,142.5,8.149268026445583,0.025948872073683345,0.9864433367199925,0.00010972236922891207
365.0,725,611.1111111111111,944.4444444444445,142.5,8.15213837100625,0.02593525791280599,0.9864453774851192,0.00010976115324836759
365.0,726,722.2222222222223,944.4444444444445,142.5,8.15854300431502,0.025904849998979688,0.9864499285461737,0.00010984769255415338
365.0,727,833.3333333333334,944.4444444444445,142.5,8.164974147770868,0.02587437764430477,0.9864544923820082,0.00010993458987698295
365.0,728,944.4444444444445,944.4444444444445,142.5,8.168828059300845,0.02585614412567992,0.9864572243665538,0.00010998666366455772
