time_days,dt_days,pressure_mean_bar,pressure_min_bar,pressure_max_bar,free_H2_kg,dissolved_H2_kg,gas_phase_production_kg_day,water_phase_production_kg_day,produced_dry_gas_H2_mole_fraction,bhp_bar,H2_kg,native_H2_kg,H2_rate_kg_day,H2_produced_kg,H2_supplied_kg,H2_balance_residual_kg,H2_physical_balance_residual_kg,N2_kg,native_N2_kg,N2_rate_kg_day,N2_produced_kg,N2_supplied_kg,N2_balance_residual_kg,N2_physical_balance_residual_kg,CH4_kg,native_CH4_kg,CH4_rate_kg_day,CH4_produced_kg,CH4_supplied_kg,CH4_balance_residual_kg,CH4_physical_balance_residual_kg,H2O_kg,native_H2O_kg,H2O_rate_kg_day,H2O_produced_kg,H2O_supplied_kg,H2O_balance_residual_kg,H2O_physical_balance_residual_kg
0.0,0.0,6.434540057784027,5.999557826243381,7.7100319676250875,872958.8128822612,25222.797731826613,0.0,0.0,0.0,6.0,898181.6106140763,898181.4109560957,0.0,0.0,0.0,0.0,0.0,126620.51583094963,126620.48957179357,0.0,0.0,0.0,0.0,0.0,74405.3770680575,74405.36163977478,0.0,0.0,0.0,0.0,0.0,2616886244.923656,2616885752.908214,0.0,0.0,0.0,0.0,0.0
0.0001,0.0001,6.4345399604635105,5.999557825978775,7.710031967622356,872958.8113159513,25222.79772196312,20.355637226088135,6.85092535199124e-09,0.980001654113075,2.9999999999999996,898181.6090379086,898181.4093775981,15.784880509420613,0.0015784880509420614,0.0,-9.533035816690696e-09,2.3204032152275827e-06,126620.51560744178,126620.48934794877,2.238442078964263,0.00022384420789642632,0.0,-5.990000963231219e-10,3.3635059701651133e-07,74405.37694010341,74405.36151162512,1.2815002750735585,0.00012815002750735585,0.0,3.6138240102766457e-10,1.9593912307027815e-07,2616886244.925269,2616885752.908103,1.0508143694806262,0.00010508143694806263,0.0,-6.021620913265494e-06,0.0017182215431492346
0.00025,0.00015000000000000001,6.434539816518402,5.999557824986676,7.710031967616354,872958.8089664995,25222.797707167912,20.355561789083158,6.877655916126641e-09,0.9800016540808544,2.9999999999999996,898181.6066736514,898181.407009876,15.784821144640633,0.003946211222638157,0.0,-8.464711937460068e-09,5.786340762641874e-06,126620.51527217758,126620.4890121836,2.2384336571826022,0.0005596092564738167,0.0,-7.089474427434891e-10,8.372048833218482e-07,74405.37674817283,74405.36131940097,1.2814954616339638,0.00032037434675245044,0.0,5.306860288668488e-10,4.896787645151902e-07,2616886244.9278207,2616885752.907948,1.0508115325036147,0.0002627031668236048,0.0,-3.371967453738925e-06,0.004427398906569699
0.00047500000000000005,0.00022500000000000005,6.434539605000445,5.999557822159937,7.71003196758584,872958.805442344,25222.797684974885,20.355448707370165,6.917776515228618e-09,0.9800016540325702,2.9999999999999996,898181.6031273061,898181.4034583134,15.784732155086925,0.007497775957532716,0.0,-6.279363739050692e-09,1.1005795173836194e-05,126620.51476928918,126620.4885085396,2.238421032678328,0.0010632539888264405,0.0,1.0908374464130288e-11,1.5935329373720046e-06,74405.37646027908,74405.36103106596,1.28148824614733,0.0006087092021355997,0.0,3.7624189961477095e-10,9.307820458557062e-07,2616886244.93194,2616885752.907718,1.0508072803753565,0.0004991348049080602,0.0,3.2241603768101614e-06,0.008783226754370951
0.0008125000000000001,0.0003375,6.434539297057592,5.999557814909989,7.7100319674253255,872958.8001561528,25222.797651685163,20.35527917206308,6.978012788222882e-09,0.9800016539602489,2.9999999999999996,898181.5978078367,898181.3981310256,15.784598739305798,0.012825078032048423,0.0,7.966602225129016e-09,1.8838494153697316e-05,126620.51401495833,126620.48775307929,2.2384021056376913,0.0018187146994791614,0.0,4.144426123901118e-10,2.723397923974852e-06,74405.37602844613,74405.36059856637,1.2814774284717134,0.0010412078342448032,0.0,-5.741788962690397e-10,1.5964694135865362e-06,2616886244.9385853,2616885752.9073453,1.050800905625895,0.0008537801105567998,0.0,-1.5017191689293977e-05,0.01578307469673844
0.00131875,0.00050625,6.434538854411663,5.99955779726963,7.710031966611506,872958.792226952,25222.797601749342,20.355025065214317,7.068490903575754e-09,0.9800016538520019,2.9999999999999996,898181.5898286996,898181.3901401848,15.784398769691139,0.020815929909204563,0.0,1.9021300097510352e-08,3.055324681611876e-05,126620.51288348502,126620.48661989818,2.2383737369118464,0.0029518914037907837,0.0,-3.992317955392455e-09,4.426789382692975e-06,74405.3753807038,74405.35994982526,1.2814612144410258,0.0016899475740555724,0.0,-1.9499512339017644e-09,2.5938788948630907e-06,2616886244.94955,2616885752.9068007,1.0507913512387965,0.0013857432321214406,0.0,-2.7602104792621898e-05,0.027279908271183942
0.002078125,0.0007593750000000001,6.434538228709601,5.999557755609444,7.710031962751657,872958.7803333829,25222.797526842198,20.35464434546355,7.204483436306735e-09,0.9800016536901596,2.9999999999999996,898181.5778602223,898181.3781541599,15.784099161325413,0.032801980209836046,0.0,4.441134748844888e-08,4.8126267568449066e-05,126620.51118631256,126620.4849201633,2.2383312328710514,0.004651624183752238,0.0,-6.08444713102313e-09,6.9871149022500065e-06,74405.37440911727,74405.35897673409,1.2814369214348245,0.0026630387362701425,0.0,-1.9574627673976663e-09,4.0985103141122706e-06,2616886244.9678307,2616885752.906,1.0507770370367497,0.0021836770446212227,0.0,-3.0277880915886672e-05,0.04635834821771693
0.0032171875,0.0011390624999999999,6.434537362218604,5.99955765899601,7.710031945907764,872958.7624935239,25222.797414469427,20.35407425460926,7.409081808199807e-09,0.9800016534485803,2.9999999999999996,898181.5599079905,898181.3601756323,15.783650525517567,0.0507805446365584,0.0,8.125488798471636e-08,7.445888758789154e-05,126620.50864063903,126620.48237063034,2.23826758690069,0.0072011508569563044,0.0,-1.237222698943774e-08,1.0840256975428592e-05,74405.37295178714,74405.3575171356,1.281400544862413,0.004122634044402485,0.0,-5.13238252938808e-09,6.363687940148105e-06,2616886244.998339,2616885752.904777,1.050755604737671,0.003380553350642726,0.0,-5.648888568539909e-05,0.07806374274273258
0.00492578125,0.0017085937499999996,6.434536188997903,5.99955743755462,7.710031879376928,872958.7357348113,25222.797245878377,20.353221335083976,7.717317531233e-09,0.9800016530888613,2.9999999999999996,898181.5329806923,898181.3332090674,15.782979313209898,0.07774724444748812,0.0,2.16126460367283e-07,0.0001138605307971774,126620.50482232038,126620.47854648641,2.238172364762519,0.011025278170812263,0.0,-2.8990804829681638e-08,1.6648915582655882e-05,74405.37076590468,74405.35532782544,1.2813461211046453,0.006311934018508625,0.0,-1.5323980617418242e-08,9.781199974101887e-06,2616886245.048539,2616885752.9029045,1.0507235437242304,0.005175813030427797,0.0,-0.00013376872616399985,0.13005898792666803
0.007488671874999999,0.0025628906249999996,6.434534632859619,5.999530407185939,7.71003164607542,872958.6955990966,25222.79699291252,20.3519469193954,8.182729976262138e-09,0.9800016525605464,2.9999999999999996,898181.492592002,898181.2927618782,15.78197639492049,0.11819472379400114,0.0,5.063496036350479e-07,0.00017264956957380173,126620.49909526658,126620.47281050256,2.2380300831260453,0.016761104489323976,0.0,-1.8652610358355082e-07,2.542143955017867e-05,74405.36748732573,74405.35204406423,1.281264801488806,0.009595675566386772,0.0,-3.498497943774104e-08,1.4943796130238024e-05,2616886245.128578,2616885752.8999877,1.0506756480427895,0.007868579798712461,0.0,-0.0003578148546078512,0.21279077904798005
0.011333007812499999,0.0038443359374999994,6.434532596631166,5.999366446568626,7.710030934693719,872958.6354006702,25222.79661329403,20.350046371543346,8.887112934397902e-09,0.980001651775821,2.9999999999999996,898181.4320139553,898181.2320970312,15.780480717272956,0.17886019292643934,0.0,1.1284545314294014e-06,0.0002600719861936551,126620.4905058626,126620.46420749837,2.237817894978638,0.025364028244570954,0.0,-2.6695657229583447e-07,3.894121450198282e-05,74405.3625699881,74405.34711887366,1.2811435269885965,0.014520821668284535,0.0,-7.945605780962373e-08,2.2752266104854313e-05,2616886245.2507687,2616885752.8955307,1.0506042411902665,0.01190745543921012,0.0,-0.0007759361318348014,0.3390201301523449
0.01709951171875,0.00576650390625,6.434529942501288,5.999122308651544,7.7100290833792435,872958.5451129789,25222.796043559265,20.34722013472611,9.956467223690645e-09,0.9800016506043806,2.9999999999999996,898181.341156532,898181.1411116514,15.77825651107374,0.26984557073136056,0.0,1.1264955737666504e-06,0.00038802653123820585,126620.47762396825,126620.45130493381,2.237502352421592,0.03826659430005363,0.0,-2.6545940657457523e-07,5.961292144617686e-05,74405.35519524728,74405.33973219362,1.2809631814361557,0.021907500857798554,0.0,-8.030414191603774e-08,3.469063873326808e-05,2616886245.429578,2616885752.88948,1.0504980997510915,0.01796515683493299,0.0,-0.0007688214365513847,0.5238869975026575
0.025749267578125,0.008649755859375,6.4345264771976325,5.998760097743694,7.71002502272812,872958.4097099229,25222.795188406657,20.343035194617002,1.1969848509612344e-08,0.9800016488441887,2.9999999999999996,898181.2048983343,898181.0046620745,15.77496294048466,0.4062951488572412,0.0,1.1276838609020068e-06,0.0005794069416129033,126620.45830401419,126620.43195512549,2.23703510403534,0.057616401798810876,0.0,-2.662851269624733e-07,8.946635389893431e-05,74405.34413476173,74405.32865448485,1.2806961304853013,0.03298520971654268,0.0,-8.021382329886917e-08,5.191395391063863e-05,2616886245.672056,2616885752.8803988,1.0503410315815516,0.0270503503271975,0.0,-0.0007649916222653916,0.775450561661426
0.0387239013671875,0.012974633789062502,6.434521965611566,5.998225559929815,7.7100175445933745,872958.2066815946,25222.793904696267,20.336877081559933,1.695608372484193e-08,0.9800016460451227,2.9999999999999996,898181.000586304,898180.8000505866,15.770116263384375,0.6109066321855923,0.0,1.1230927472460905e-06,0.0008788599275564302,126620.429325082,126620.40293933457,2.2363475439214593,0.08663219220626117,0.0,-2.6679616937919093e-07,0.00012632457811334596,74405.32754455516,74405.31204302108,1.2803031639686653,0.04959667440801416,0.0,-7.929099235526316e-08,7.317206712462165e-05,2616886245.9610925,2616885752.8667903,1.0501101272415174,0.04067514466634201,0.0,-0.0007486529410798623,1.0781116299568694
0.05818585205078125,0.01946195068359375,6.434516189350017,5.997442814792507,7.710005925667194,872957.9022532136,25222.791978665704,20.327897633430673,2.4162060625193077e-08,0.9800016420781098,2.9999999999999996,898180.6942318778,898180.4932709043,15.763048717163024,0.9176863089421048,0.0,1.1175622447456846e-06,0.0013041104872926201,126620.38587937856,126620.35943516318,2.2353449097156157,0.1301363645999688,0.0,-2.65796040621602e-07,0.00018479352926326076,74405.30267220008,74405.2871369748,1.2797301245635417,0.07450271898057909,0.0,-8.099953047180364e-08,0.00010686156390365964,2616886246.364647,2616885752.846326,1.0497739061505549,0.06110579265676769,0.0,-0.0007824252692577027,1.5020967174919728
0.08737877807617188,0.029192926025390628,6.434509045836431,5.996309383356384,7.709990550318274,872957.4458648264,25222.789089565857,20.314975464527212,3.5087580848997026e-08,0.9800016365419097,2.9999999999999996,898180.2349543939,898180.0333983222,15.752877145382556,1.3775588861343244,0.0,1.1126420254026215e-06,0.001899203812030903,126620.32075710155,126620.294221032,2.233901896927471,0.19535049742495225,0.0,-2.6414403642149864e-07,0.00027664934401450125,74405.26539011278,74405.24980198513,1.2789054018463268,0.11183770977015138,0.0,-7.987899243444563e-08,0.0001597650517569521,2616886246.9359813,2616885752.815719,1.0492910554584398,0.09173766881786997,0.0,-0.0007572957817394005,2.1040629556831045
0.13116816711425783,0.04378938903808595,6.434500639818627,5.9946939383118965,7.709973111586613,872956.7618958952,25222.784755963014,20.29672214824611,5.89150199322199e-08,0.9800016282996078,2.9999999999999996,898179.5466518623,898179.3442187003,15.738507472143164,2.066738512710824,0.0,1.1173488267957055e-06,0.0027762987829440533,126620.22314386608,126620.19648909615,2.231863344625964,0.29308242970262227,0.0,-2.677162453390558e-07,0.0003953461517769985,74405.20950700427,74405.19385051653,1.2777403263669966,0.1677891780110867,0.0,-8.024092770786417e-08,0.0002281247854325208,2616886247.630191,2616885752.7697983,1.0486110640250073,0.13765570665010227,0.0,-0.0007601067959426555,2.8441905691684126
0.19685225067138673,0.0656840835571289,6.434491243390314,5.9924408993573035,7.709956248869815,872955.7371345072,25222.778259114937,20.27158581756734,9.822854915532749e-08,0.9800016169368029,2.9999999999999996,898178.5153936131,898178.3117492574,15.7187159208213,3.0992079626648223,0.0,1.1243736839361418e-06,0.003987499547237761,126620.07690244351,126620.05007562299,2.2290555894470936,0.4394959032933504,0.0,-2.672905291545291e-07,0.0005673971745229212,74405.12578430372,74405.11002871528,1.2761356662443204,0.251610979742911,0.0,-7.975955462757867e-08,0.00032722596319423314,2616886248.561557,2616885752.7009845,1.0476787392831757,0.20647152450220585,0.0,-0.0007580897556066502,3.8443723538173913
0.29537837600708006,0.09852612533569333,6.434480984243536,5.989386260958878,7.709942630101616,872954.202417976,25222.768523627386,20.238102424583072,1.560515509204402e-07,0.9800016016311893,2.9999999999999996,898176.9709415984,898176.7656432135,15.69234587575299,4.645313999230312,0.0,1.1170853762010324e-06,0.005641521384277759,126619.85788986522,126619.83082400652,2.2253145307714846,0.6587475216634813,0.0,-2.653854425105351e-07,0.000806437250157721,74405.00040006422,74404.9845066614,1.273997671504544,0.3771330340029492,0.0,-7.937279933312169e-08,0.0004650407287810632,2616886249.773739,2616885752.5978765,1.0464445026056026,0.3095736467227727,0.0,-0.0007638967647761175,5.159656521020868
0.4431675640106201,0.14778918800354002,6.434469297501642,5.985383619047374,7.709933733802325,872951.9050815556,25222.753942631578,20.195262400584618,2.2295192582415863e-07,0.9800015813481763,2.9999999999999996,898174.6590241907,898174.4514720623,15.658595748000588,6.959485150103003,0.0,1.1167000160128282e-06,0.007895264585979334,126619.53003467066,126619.50265420407,2.2205264611056528,0.9869173242906599,0.0,-2.6520942086882826e-07,0.0011210453223229333,74404.81270342632,74404.79662796916,1.2712614134920808,0.5650117260431763,0.0,-7.957873082720113e-08,0.0006470948631068785,2616886251.2647624,2616885752.4434543,1.0448790009382225,0.46399546583338275,0.0,-0.0007643608267735025,6.805101880628305
0.6648513460159301,0.22168378200531003,6.434454309359667,5.980323889954405,7.709929198689904,872948.4677715973,25222.732117597312,20.142779569581496,2.265720515195105e-07,0.98000155582192,2.9999999999999996,898171.199889201,898170.9893854036,15.617230255821262,10.421571817661215,0.0,1.1255662411002731e-06,0.010846942376856461,126619.03950052144,126619.01170045935,2.2146579258017236,1.4778710691304213,0.0,-2.6509347028635943e-07,0.001540640935351778,74404.53186958146,74404.51555335766,1.2679078683673854,0.846086337537149,0.0,-7.958396519569533e-08,0.0008878615049114913,2616886253.179603,2616885752.212242,1.0429837461631768,0.6952080472529021,0.0,-0.0007639185368928381,8.95115516029001
0.9973770190238951,0.332525673007965,6.43443153507056,5.974113956245442,7.709927447307116,872943.3272599691,25222.69946415802,20.080900538884073,2.2812611594763873e-08,0.9800015244843182,2.9999999999999996,898166.0267241271,898165.8124828715,15.568429594691015,15.598474346312965,0.0,1.1221061377852948e-06,0.014584397177483055,126618.30588910302,126618.27757207255,2.2077344549125515,2.2119994545730903,0.0,-2.6645167716665696e-07,0.002057607963509067,74404.11187129343,74404.09525695366,1.2639517419717516,1.2663827411858954,0.0,-7.993663819760854e-08,0.0011859771154711929,2616886255.522223,2616885751.8661585,1.0407847701213646,1.041295703393949,0.0,-0.0007599034480920697,11.639862712366117
1.4961655285358426,0.49878850951194753,6.43439026010459,5.966590675735383,7.709926688272028,872935.6429968824,25222.65063032374,20.00964713656495,0.0,0.9800014863936202,2.9999999999999996,898158.2936272052,898158.0751803947,15.512190695193066,23.335776822433417,0.0,1.121453550467777e-06,0.018789951365050683,126617.20927828738,126617.18035928177,2.1997555481007494,3.3092122457009,0.0,-2.6609735037652626e-07,0.002659583448684444,74403.48404911203,74403.46708623107,1.259392930578331,1.8945534639189447,0.0,-7.97898080939774e-08,0.0015345184494237607,2616886258.3726654,2616885751.348258,1.0383079626928042,1.5591917845198795,0.0,-0.0007642892411068303,15.008201203007427
2.244348292803764,0.7481827642679213,6.434303386459407,5.957415577362939,7.709917330731934,872924.1618269569,25222.577629071962,19.928201378852172,0.0,0.9800014400864399,2.9999999999999996,898146.7394560266,898146.5173752521,15.447836669288016,34.89358196362068,0.0,1.1200425902302413e-06,0.022423913945978313,126615.57082045861,126615.54137138538,2.1906250373917198,4.948200141651156,0.0,-2.6654352414112736e-07,0.0031896506300617133,74402.5460005437,74402.52873280109,1.254176752971538,2.8329068938377557,0.0,-7.985599692617029e-08,0.001839380046842809,2616886261.415862,2616885750.5734696,1.0355629192008975,2.333982111980965,0.0,-0.0007623414492106129,18.826188208630136
3.3666224392056456,1.1222741464018817,6.434103408007717,5.9461003935618315,7.70985341177722,872907.0415201238,25222.468774171128,19.81346527236086,3.8395218968396805e-08,0.9800013831033122,2.9999999999999996,898129.5102942961,898129.2821597772,15.35740223029122,52.12879744257111,0.0,1.1241415904805763e-06,0.02847766239460725,126613.12760907592,126613.09728817557,2.1777951651711023,7.3922833516817,0.0,-2.6631735572379966e-07,0.004061477969090177,74401.14720579005,74401.1294308846,1.2468450076105182,4.232208810449298,0.0,-7.973627713653286e-08,0.002346543006784607,2616886268.2963104,2616885749.41593,1.0314229076832413,3.491521375280522,0.0,-0.0007629226625933683,26.86417581329932
5.050033658808468,1.6834112196028226,6.433644234473684,5.932109885028043,7.709546188581534,872881.5581102934,25222.306785660876,19.663653609353037,2.2840050709927593e-07,0.9800013132930819,2.9999999999999996,898103.8648959504,898103.6279109139,15.239442723910265,77.78304630449625,0.0,1.1227245124700858e-06,0.03732817866026039,126609.49085320727,126609.45933407148,2.161060863904462,11.03023745622304,0.0,-2.6587113133302864e-07,0.005259713863415172,74399.06505249588,74399.04657861774,1.23728073223408,6.315061076890544,0.0,-8.015487651391595e-08,0.003045515270770238,2616886282.3595676,2616885747.6889677,1.0258695177047374,5.218481631233214,0.0,-0.0007647562484756065,42.65439328665924
7.050033658808468,2.0,6.432906529196058,5.9180992621977175,7.708798043327442,872851.4987578853,25222.11583291469,19.52764764179311,0.0,0.9800012434352499,2.9999999999999996,898073.6145908027,898073.3635137115,15.132198600905376,108.047443506307,0.0,1.1221263918059776e-06,0.05142023274585483,126605.20114571089,126605.16764174677,2.1458461619074707,15.32192978003798,0.0,-2.667665022215715e-07,0.007244541294429752,74396.60903391511,74396.58940609629,1.228586260779945,8.772233598450434,0.0,-8.004321472299125e-08,0.004199456066594109,2616886307.011516,2616885745.646938,1.0210166182003169,7.260514867633848,0.0,-0.0007613774833394871,69.34837497505572
9.050033658808468,2.0,6.432016226394109,5.905943890804443,7.707657434803717,872821.6060370937,25221.926021674215,19.420825840688245,0.0,0.98000118285595,2.9999999999999996,898043.5320587666,898043.2678578149,15.047827949053564,138.14309940441413,0.0,1.123649013834438e-06,0.06454409473477085,126600.93533170827,126600.89988965617,2.133876045508738,19.589681871055454,0.0,-2.663489979681799e-07,0.009182629694059585,74394.16667027275,74394.14591196725,1.2217470645129698,11.215727727476374,0.0,-8.00555746138798e-08,0.005329942732682724,2616886335.510016,2616885743.612189,1.0173747816129728,9.295264430859794,0.0,-0.0007608453242884394,99.88162440858196
11.050033658808468,2.0,6.431007310779135,5.8952583721570395,7.706160255850992,872791.882827133,25221.73732330303,19.31045105908814,4.931393342184126e-08,0.9800011301992713,2.9999999999999996,898013.6201504368,898013.3460406049,14.96090860389828,168.06491661221068,0.0,1.1214083031063637e-06,0.07445297271758022,126596.69355231347,126596.65679900418,2.121545326288271,23.832772523631995,0.0,-2.6576004330536307e-07,0.010493887473550956,74391.7380432547,74391.71651316549,1.2146994010038166,13.645126529484006,0.0,-7.980775862392875e-08,0.006101726694797804,2616886364.0408583,2616885741.585592,1.0132977772117078,11.32185998528321,0.0,-0.0007623139111263555,130.4390622672351
12.383366992141802,1.333333333333334,6.430291273509607,5.888692244755872,7.705019414015025,872772.1446566783,25221.61208211053,19.239601761993015,1.6476702944387277e-07,0.9800010980841392,2.9999999999999996,897993.7567387896,897993.472494609,14.905159497259634,187.93846260855688,0.0,1.121841052054151e-06,0.0845873219125508,126593.87690200996,126593.8386166865,2.113636737990077,26.6509548409521,0.0,-2.661255074087876e-07,0.012025901276420115,74390.12536410401,74390.10294150031,1.210178749094128,15.258698194942845,0.0,-7.952592540050318e-08,0.006994241455977601,2616886387.561803,2616885740.238085,1.010626942416206,12.669362575171485,0.0,-0.0007667239923332403,155.3075094524603
13.716700325475136,1.333333333333334,6.429538754274321,5.88259676939125,7.7037534098577005,872752.4735767597,25221.48729094602,19.176570156514384,2.1726609285337428e-07,0.9800010684916635,2.9999999999999996,897973.9608677073,897973.6651179012,14.855532531100657,207.7458393166911,0.0,1.1221876548006549e-06,0.09609294770268662,126591.06962252557,126591.02982131214,2.1065965305264345,29.459750214987345,0.0,-2.664427469767361e-07,0.013541790921500763,74388.51804388352,74388.49473523669,1.206154697425891,16.866904458177366,0.0,-7.991832973175406e-08,0.007880284204354382,2616886412.005914,2616885738.8937097,1.0082866147274943,14.013744728141479,0.0,-0.0007597045367440103,181.0960029526288
15.716700325475136,2.0,6.428244593208717,5.8743340136038595,7.70156664087203,872723.100988955,25221.30118904991,19.09529610299995,0.0,0.980001028281007,2.9999999999999996,897944.4021780061,897944.0821269993,14.791495452026652,237.3288302207444,0.0,1.1243470225963392e-06,0.12039415061792624,126586.87810477837,126586.83479737579,2.0975119683694823,33.65477415172631,0.0,-2.660542648413866e-07,0.017047980463978263,74386.11816082732,74386.09281032346,1.200962456741923,19.268829371661212,0.0,-7.965971349221945e-08,0.009922141483201585,2616886459.5268703,2616885736.8830466,1.0053262258618916,16.02439717986526,0.0,-0.000770285344700028,230.6276114437813
17.716700325475138,2.0000000000000018,6.426853698769382,5.866807359131052,7.699103369756091,872693.8318627297,25221.115768596774,19.02540050710865,0.0,0.9800009919233521,2.9999999999999996,897914.9476313251,897914.6093792401,14.736373880501928,266.80157798174827,0.0,1.126155837027909e-06,0.13859523059858248,126582.70119970579,126582.6554132881,2.089692042259689,37.83415823624569,0.0,-2.6922747764501764e-07,0.01952699239814848,74383.72662936461,74383.69982358436,1.1964933686546366,21.661816108970488,0.0,-8.144841601165353e-08,0.011377416084105363,2616886504.4334536,2616885734.8773675,1.002841215692394,18.030079611250052,0.0,-0.00076698451410806,277.5398771843397
19.716700325475138,2.0,6.425406572086705,5.859908889874421,7.696409432709816,872664.6578576608,25220.931004459264,18.964769964040265,0.0,0.9800009588238251,2.9999999999999996,897885.5888621197,897885.2323496302,14.68851480193125,296.1786075856108,0.0,1.1201519214409927e-06,0.1568556290622496,126578.53797662868,126578.48960870244,2.0829022921271294,41.99996282049995,0.0,-2.7063344276712087e-07,0.022108499545886673,74381.34292469388,74381.3145969115,1.1926133359935245,24.047042780957536,0.0,-8.232588655232576e-08,0.012899417337148833,2616886551.352317,2616885732.875887,1.0007395339883625,20.031558679226777,0.0,-0.0007684959136042835,326.4602195488252
21.716700325475138,2.0,6.4239288090036695,5.8535578931715335,7.693544891911822,872635.5655660423,25220.746757712062,18.910731064492264,0.0,0.9800009286782536,2.9999999999999996,897856.3123237543,897855.9406782135,14.645835710294882,325.47027900620054,0.0,1.1240194339734444e-06,0.1719886842478786,126574.38647610407,126574.33591398077,2.0768473602634563,46.15365754102687,0.0,-2.717729259416046e-07,0.024302695469039293,74378.96591001836,74378.93629021809,1.1891533465188562,26.425349473995247,0.0,-8.270018980738314e-08,0.014191434862532049,2616886597.071094,2616885730.8781033,0.9988946474150658,22.029347974056908,0.0,-0.0007628619721451457,374.1767860233733
23.716700325475138,2.0,6.422438471440578,5.8477172261178465,7.690567098002368,872606.5692012191,25220.563116712565,18.84929182431084,2.0831573024526015e-08,0.9800009011498038,2.9999999999999996,897827.1323179337,897826.7456884845,14.597494864946743,354.66526873609405,0.0,1.1249387625866802e-06,0.1869725935569022,126570.24853142118,126570.19593421015,2.069989885538911,50.29363731210469,0.0,-2.7132045943289995e-07,0.026337783652707003,74376.59664306884,74376.56582394954,1.1852331342828313,28.79581574256091,0.0,-8.268315099257961e-08,0.015390753906935117,2616886642.388684,2616885728.884955,0.9965739603739254,24.02249589480476,0.0,-0.0007632680980727002,421.48752370394783
25.716700325475138,2.0,6.420948451501903,5.842322686087383,7.687523816930315,872577.6633656154,25220.380041953882,18.790604154884836,9.674545920488408e-08,0.9800008762789695,2.9999999999999996,897798.043407568,897797.6429960459,14.551346219218193,383.76796117453046,0.0,1.1247364000155358e-06,0.20075466628327376,126566.12363392534,126566.06904719323,2.063443508561216,54.42052432922713,0.0,-2.7111315858974194e-07,0.028327304931671904,74374.23483007912,74374.20284306932,1.1814904400884525,31.158796622737817,0.0,-8.272782991980421e-08,0.01655864436160215,2616886687.495118,2616885726.8963118,0.9943240837624343,26.011144062329628,0.0,-0.000758269976280701,468.58260621671803
27.716700325475138,2.0,6.419468416191246,5.837316025908834,7.68445250602003,872548.8423100024,25220.197513334537,18.73796186721157,1.8178234202016738e-07,0.9800008534020648,2.9999999999999996,897769.0398233365,897768.6231315099,14.509932266212978,412.7878257069564,0.0,1.1211554351575614e-06,0.21703496722642512,126562.01082704925,126561.95390974249,2.0575687252968424,58.53566177982081,0.0,-2.712657334313917e-07,0.03065787943721432,74371.87993021998,74371.84657945235,1.178131808453589,33.515060239644995,0.0,-8.278696839170152e-08,0.01792240212559193,2616886734.231271,2616885724.911649,0.9923292490305025,27.995802560390633,0.0,-0.0007623047216718248,517.3034173637049
29.716700325475138,2.0,6.418005740274039,5.8326565448995975,7.681382047619189,872520.0967533045,25220.015453565058,18.690538666858995,2.0746825566388017e-07,0.9800008322773387,2.9999999999999996,897740.1122068664,897739.6779172918,14.472607109675996,441.73303992630844,0.0,1.122396668051806e-06,0.23463271643430517,126557.90874312744,126557.84936187638,2.0522739329150688,62.64020964565095,0.0,-2.715464049174443e-07,0.033121823456504274,74369.53116280066,74369.49636977914,1.1751048364561976,35.86526991255739,0.0,-8.308636978426875e-08,0.019364655721410884,2616886781.4552855,2616885722.930541,0.9905529952799874,29.976908550950608,0.0,-0.0007645027908473878,566.5085381133285
30.0,0.28329967452486216,6.417799024463315,5.832003289290912,7.680947232400867,872516.0262568775,25219.989670972936,18.68401029574289,2.0225805358544103e-07,0.9800008294169155,2.9999999999999996,897736.0159278485,897735.5792884596,14.467467506356979,445.83166876205837,0.0,1.1260028713877546e-06,0.23698253432417005,126557.32786176952,126557.26815989219,2.051544834827861,63.22141162963084,0.0,-2.717497906701283e-07,0.033442449515810324,74369.19856146502,74369.16358104284,1.1746880300322176,36.19805864913376,0.0,-8.280751018219235e-08,0.019552056655975036,2616886788.0288696,2616885722.649985,0.9903101267838893,30.25746308754716,0.0,-0.0007661681291111222,573.3626767296676
32.0,2.0,6.416319940553854,5.827698462888126,7.6778796820572754,872487.3587511417,25219.808150378896,18.64172679729422,1.0538494439054033e-07,0.9800008100904735,2.9999999999999996,897707.1669015212,897706.7109478795,14.434170278351283,474.7000093187609,0.0,1.1025633170902438e-06,0.2562967636560529,126553.23696665325,126553.1745170726,2.046821398483287,67.31505442659741,0.0,-2.9436873205668235e-07,0.036190130211394944,74366.85619715514,74366.81960548123,1.1719877741480929,38.54203419742995,0.0,-9.612407581016669e-08,0.021163295072675226,2616886838.0273075,2616885720.672491,0.9887474516965019,32.23495799094016,0.0,-0.0007650277060804456,625.3386095145303
34.0,2.0,6.414844499957473,5.823669542342588,7.674815985054667,872458.7493926217,25219.62705502811,18.60330807612876,0.0,0.9800007922544328,2.9999999999999996,897678.3764476522,897677.9031422524,14.403902812348258,503.50781494345745,0.0,1.1001410484823282e-06,0.27364851943445956,126549.1543595115,126549.08946162008,2.042527726272784,71.40010987914297,0.0,-2.943472736660624e-07,0.03863844101738323,74364.51857877665,74364.48053896686,1.1695332571835693,40.88110071179709,0.0,-9.612394080704689e-08,0.022611430954029288,2616886892.319461,2616885718.697804,0.9873442803241435,34.20964655158845,0.0,-0.0007635665145784287,681.605451433638
36.0,2.0,6.4133818380411425,5.819888699678651,7.671753614787492,872430.1925729327,25219.446294517635,18.56826517581441,0.0,0.9800007757769963,2.9999999999999996,897649.6388674537,897649.150577167,14.376282544494696,532.2603800324468,0.0,1.1038246157113463e-06,0.2886334098620864,126545.07918173942,126545.01224250674,2.038609556250569,75.47732899164411,0.0,-2.9518987787469086e-07,0.040679781431478546,74362.18520614188,74362.14595208221,1.167293442173033,43.215687596143155,0.0,-9.642967313538975e-08,0.023825680522762127,2616886947.2114973,2616885716.725652,0.9860796328961092,36.18180581738067,0.0,-0.0007560570089779617,738.4696471374185
38.0,2.0,6.411936722087749,5.816331059962074,7.668706546682409,872401.6837683789,25219.26579597157,18.53617984289423,0.0,0.9800007603442079,2.9999999999999996,897620.9495643511,897620.4486129697,14.350982098162646,560.9623442287722,0.0,1.1028188282580231e-06,0.301294503633585,126541.01090033355,126540.94220157493,2.0350204660812747,79.54736992380667,0.0,-2.948360844357012e-07,0.042439307726723996,74359.85576658793,74359.81546850986,1.1652417863281208,45.5461711687994,0.0,-9.612727325247761e-08,0.024869699237520138,2616886999.738929,2616885714.7557774,0.9849354923221906,38.15167680202505,0.0,-0.0007599312207986486,792.9669496101
40.0,2.0,6.410515779813488,5.812977008948848,7.665689850017015,872373.2218830519,25219.08556976541,18.506715987849272,0.0,0.9800007460065756,2.9999999999999996,897592.3074528155,897591.7931359754,14.327738497098663,589.6178212229695,0.0,1.1026693300664192e-06,0.31465996218116743,126536.94937135815,126536.87875529105,2.031723141739579,83.61081620728582,0.0,-2.952358073571304e-07,0.0443566157999129,74357.53018843719,74357.48875461791,1.1633569457608488,47.872885060321096,0.0,-9.655286703491583e-08,0.02600544001234084,2616887051.804385,2616885712.7879815,0.9838974032501818,40.119471608525416,0.0,-0.0007609735668694384,847.0002008069812
42.0,2.0,6.409123516649483,5.80980834268907,7.6627172381182875,872344.8019425815,25218.905560412088,18.47957772313371,0.0,0.9800007328026914,2.9999999999999996,897563.7075029915,897563.1804957339,14.306320121822706,618.2304614666149,0.0,1.1048044825656689e-06,0.32735038190128307,126532.89374545244,126532.82138585423,2.028684717940631,87.66818564316708,0.0,-2.961758696073957e-07,0.04610014597636791,74355.20797989231,74355.1655143728,1.1616201225637905,50.196125305448675,0.0,-9.653564347900101e-08,0.027037140260233627,2616887101.606366,2616885710.82208,0.9829527608065842,42.08537713013858,0.0,-0.0007568267705977405,898.7680873008844
44.0,2.0,6.407762948751479,5.806808737504109,7.659800049098095,872316.419509312,25218.72573682665,18.45450895901916,0.0,0.9800007202150136,2.9999999999999996,897535.14524614,897534.6074429739,14.286526379517722,646.8035142256504,0.0,1.1038591765100136e-06,0.33814628935397195,126528.84352802526,126528.76963229086,2.025876782028841,91.71993920722475,0.0,-2.9548805002832523e-07,0.047636282851684086,74352.88886100055,74352.84548422552,1.160015073418928,52.51615545228653,0.0,-9.698030822846704e-08,0.027948395342740184,2616887149.0353794,2616885708.8579016,0.9820907240536685,44.04955857824592,0.0,-0.0007539408275647475,948.1612820012501
46.0,2.0,6.406436053586764,5.803965721802451,7.656946980084419,872288.0734409982,25218.54609102086,18.430310508335012,0.0,0.9800007085219108,2.9999999999999996,897506.6195320189,897506.0725885202,14.267427227832668,675.3383686813157,0.0,1.105885417018726e-06,0.34728662395889387,126524.79853106927,126524.72329747053,2.023167410221141,95.76627402766704,0.0,-2.9537963541770296e-07,0.04897414730899641,74350.57272572983,74350.52855167918,1.158466273314124,54.83308799891478,0.0,-9.66907123256533e-08,0.028745671246213078,2616887194.1205487,2616885706.8953943,0.9812495969670835,46.012057772180086,0.0,-0.0007619948182053804,995.2089505105224
48.0,2.0,6.405172070932007,5.801270839603759,7.654183211867407,872259.765550966,25218.36673721688,18.405123866086726,4.17237651070475e-08,0.9800006976241981,2.9999999999999996,897478.1322881823,897477.577422896,14.247582809946838,703.8335343012094,0.0,1.1015889640475507e-06,0.35520840722335834,126520.75892590515,126520.68259261403,2.020352427897826,99.80697888346269,0.0,-2.9607970475353795e-07,0.05007383897547868,74348.2596830567,74348.21483803465,1.156856822011398,57.146801642937575,0.0,-9.719725824197667e-08,0.029416642146756544,2616887245.905479,2616885704.9347405,0.980331847954428,47.97272146808894,0.0,-0.0007520808002183799,1048.9545444356183
50.0,2.0,6.403973374125663,5.79872233224606,7.651533586311298,872231.5026551818,25218.187765743263,18.377267039061724,1.270279977008984e-08,0.9800006876866421,2.9999999999999996,897449.6904209261,897449.1260410792,14.225690911425936,732.2849161240613,0.0,1.1075628663093084e-06,0.36472297388741026,126516.7257180859,126516.64809821846,2.017247197907258,103.84147327927721,0.0,-2.958367133487627e-07,0.05136041554587223,74345.95031457739,74345.90467612974,1.1550809526273342,59.45696354819224,0.0,-9.685468427278465e-08,0.03021006808844362,2616887308.288929,2616885702.9762425,0.9792479898039936,49.93121744769693,0.0,-0.0007541022908625905,1113.2964904465068
52.0,2.0,6.402816376050149,5.7963007731580936,7.648999009924969,872203.2801477731,25218.009046600695,18.35081528185644,3.522010582854295e-08,0.9800006784536933,2.9999999999999996,897421.2891943747,897420.7162336884,14.204903692630696,760.6947235093227,0.0,1.10205803593999e-06,0.37330380776040784,126512.69827865722,126512.61950086753,2.0142986752267076,107.87007062973062,0.0,-2.963140985912105e-07,0.052518337316726615,74343.6442453589,74343.59788681207,1.1533946587547577,61.763752865701754,0.0,-9.700823255798241e-08,0.0309301671025608,2616887372.349801,2616885701.0198073,0.9782182904643896,51.88765402862571,0.0,-0.0007527249143279846,1179.3137991053775
54.0,2.0,6.40173814220451,5.793995089209932,7.646600273092096,872175.0950562846,25217.83067553911,18.32600703141028,6.740905582360204e-08,0.9800006698078638,2.9999999999999996,897392.9257318239,897392.345425314,14.185404187725343,789.0655318847733,0.0,1.1031391977667226e-06,0.3806496324126556,126508.67631089437,126508.59643525121,2.0115328084613657,111.89313624665336,0.0,-2.957098530487201e-07,0.05361619139110019,74341.34130753957,74341.29426117195,1.1518128201966513,64.06737850609505,0.0,-9.673959766587359e-08,0.03161798816444161,2616887448.4828415,2616885699.065294,0.977257282435973,53.842168593497654,0.0,-0.0007517098470728456,1257.401354098411
56.0,2.0,6.400738065653629,5.791796362450134,7.64436084757128,872146.9474794082,25217.652664526784,18.302691776430592,1.045184223315698e-07,0.9800006616992953,2.9999999999999996,897364.6001439344,897364.0112760285,14.167074642086819,817.399681168947,0.0,1.101744032894203e-06,0.3892110270575131,126504.6595924066,126504.57856945651,2.0089328971433043,115.91100204093996,0.0,-2.9611950935759523e-07,0.054763497913114634,74339.04138412922,74338.99360940486,1.1503258834698282,66.3680302730347,0.0,-9.688734792234754e-08,0.03234634475596465,2616887537.5847826,2616885697.112583,0.9763584582490621,55.79488550999578,0.0,-0.0007454218584683758,1348.4560121236127
58.0,2.0,6.39986369202552,5.78969629864866,7.642346049342793,872118.8337465142,25217.475128218863,18.280733739767125,1.4082374897296078e-07,0.9800006541039034,2.9999999999999996,897336.3088747353,897335.7116584196,14.149808806462623,845.6992987818722,0.0,1.1057765050281887e-06,0.397559440874943,126500.64779928549,126500.5656017188,2.006483868595936,119.92396977813183,0.0,-2.9663937084478675e-07,0.05593811399154447,74336.74429270437,74336.69575894826,1.1489252282990041,68.66588072963272,0.0,-9.688743318747584e-08,0.033105376510448536,2616887652.2458687,2616885695.161553,0.9755159772333153,57.74591746446241,0.0,-0.0007437217558532438,1465.0681301605377
60.0,2.0,6.399138313637356,5.78768706015257,7.640653374029393,872090.7514941985,25217.298114759877,18.260008999905157,1.7081094732203335e-07,0.9800006470066898,2.9999999999999996,897308.0496089596,897307.4446258873,14.133509682183865,873.9663181462399,0.0,-1.2062110045008012e-05,0.40531302956674153,126496.64050288194,126496.55725636329,2.0041719614600257,123.93231370105188,0.0,-1.7292318972295107e-06,0.056985633361748,74334.44979564146,74334.40055118929,1.1476029846511895,70.96108669893509,0.0,-1.8865575981408256e-06,0.03381428289502253,2616887798.230526,2616885691.9735928,0.9747245424210216,59.69536654930445,0.0,-1.2392547847714752,1613.0022365329776
62.0,2.0,6.3986059987012265,5.785762622803305,7.639509134377281,872062.7001150372,25217.121757702465,18.24041837260625,1.9115484089134624e-07,0.9800006403211482,2.9999999999999996,897279.8218727421,897279.2084265843,14.118099651435722,902.2025174491114,0.0,-1.2062303085258463e-05,0.41377611500274725,126492.63761561122,126492.55328401373,2.0019861748908605,127.9362860508336,0.0,-1.7290076215203953e-06,0.058070712424537874,74332.157856274,74332.10784547478,1.1463528574595616,73.25379241385421,0.0,-1.886151906660416e-06,0.03458063036127612,2616887988.080517,2616885690.025646,0.9739798799749482,61.64332630925435,0.0,-1.2392415732834934,1804.8001871376541
64.0,2.0,6.398148417517741,5.783917105632195,7.638989514996098,872034.6780567697,25216.94574888741,18.221869055641594,1.995678415392914e-07,0.9800006338975216,2.9999999999999996,897251.6238056575,897251.0014144649,14.103506059215219,930.4095295675418,0.0,-1.2063226449754438e-05,0.4227211487798286,126488.63889737568,126488.55345159379,1.9999162096782983,131.9361184701902,0.0,-1.7295915313297883e-06,0.059184896241276874,74329.86831388439,74329.81750754848,1.1451689631412854,75.54413034013679,0.0,-1.8861700397110326e-06,0.0353761670322541,2616888193.7021036,2616885688.0790973,0.9732780231746342,63.58988235560361,0.0,-1.239234465685449,2012.3683299836248
66.0,2.0,6.397694647389774,5.782144265053818,7.638454607903917,872006.6829286248,25216.769919994367,18.204268881742543,1.9093260069520527e-07,0.9800006279264194,2.9999999999999996,897223.4528486183,897222.822100977,14.08965674431637,958.5888430561745,0.0,-1.2062549103575293e-05,0.43107759818576596,126484.64422141577,126484.55754797376,1.9979518098642863,135.93202208991877,0.0,-1.7298936825227429e-06,0.060412556058309974,74327.58108770418,74327.52941668057,1.144045433700201,77.83222120753719,0.0,-1.8866767987901767e-06,0.036240854221361474,2616888400.202057,2616885686.133866,0.9726150847942849,65.53511252519219,0.0,-1.239235733779978,2220.813513423172
68.0,2.0,6.397238133340102,5.780439216095559,7.63783818618213,871978.7147017207,25216.5942881383,18.187543376198434,1.641826907141207e-07,0.9800006224187804,2.9999999999999996,897195.3089898572,897194.6691141753,14.076493398645026,986.7418298534645,0.0,-1.2066954127476492e-05,0.44020563441483773,126480.65331502054,126480.56537857128,1.9960847009747618,139.9241914918683,0.0,-1.7304256800798612e-06,0.06167556277145536,74325.29601721502,74325.24346160602,1.1429775372164117,80.11817628197001,0.0,-1.8867928162080716e-06,0.03712543949346525,2616888608.4929967,2616885684.1898947,0.9719879035449231,67.47908833228203,0.0,-1.2392310837641105,2431.0484290381537
70.0,2.0,6.396780530534603,5.778797337662319,7.637167628494572,871950.7707513053,25216.418810151994,18.17162407350908,1.2072427589979694e-07,0.9800006170719111,2.9999999999999996,897167.1895614566,897166.5411894467,14.063962365758448,1014.8697545849815,0.0,-1.2063993722222222e-05,0.4487019652830213,126476.66577615791,126476.57676397047,1.9943073008390921,143.9128060935465,0.0,-1.7295540999384684e-06,0.0627513018254433,74323.01288031963,74322.95953973166,1.1419609372819879,82.40209815653398,0.0,-1.886589956257012e-06,0.037910418665347834,2616888816.562208,2616885682.247101,0.9713935903538227,69.42187551298967,0.0,-1.2392377491868416,2641.060427701863
72.0,2.0,6.396322671816562,5.777214173654728,7.636460187491769,871922.8531022803,25216.24352470744,18.15644695774299,6.009904181259969e-08,0.980000611975614,2.9999999999999996,897139.0966269845,897138.4371624296,14.05201350876593,1042.9737816025133,0.0,-1.2063597978340113e-05,0.4597945107941541,126472.68199991486,126472.59153899804,1.992612485970372,147.89803106548723,0.0,-1.7300487513693952e-06,0.06420003071187352,74320.7318949443,74320.67755661068,1.1409915605582979,84.68408127765058,0.0,-1.8864514714778124e-06,0.03890816445407097,2616889026.713425,2616885680.305446,0.9708294625474329,71.36353443808454,0.0,-1.239233506251395,2853.153303610753
74.0,2.0,6.3958651867200995,5.7756853930639656,7.635727208931554,871894.9636926063,25216.068470039827,18.141951889125725,0.0,0.9800006073539246,2.9999999999999996,897111.0321626441,897110.3559629738,14.040599728271275,1071.054981059056,0.0,-1.2062828773196088e-05,0.47652962688471234,126468.70236082052,126468.60955189768,1.990993550073632,151.88001816563448,0.0,-1.7302579919942218e-06,0.06654803652165242,74318.45327227919,74318.39742546552,1.1400655724979192,86.96421242264641,0.0,-1.8866177953213992e-06,0.04041664434207348,2616889241.225611,2616885678.3648615,0.9702930382829011,73.30412051465035,0.0,-1.2392320892620035,3069.606075737734
76.0,2.0,6.395408576808191,5.7742076175464065,7.6349764857471,871867.0997860167,25215.89359560743,18.128090326837206,0.0,0.9800006027605649,2.9999999999999996,897082.9933816221,897082.2965970859,14.029682942852538,1099.114346944761,0.0,-1.2065017017448554e-05,0.4971144906353402,126464.72622422555,126464.63066162214,1.9894451378615987,155.85890844135767,0.0,-1.7300738193171128e-06,0.06930171727773882,74316.17665796088,74316.11906565055,1.139179907418237,89.24257223748289,0.0,-1.8867503257524731e-06,0.04216214086780212,2616889457.352266,2616885676.425295,0.9697823387048338,75.24368519206001,0.0,-1.2392340240959925,3287.6722950400826
78.0,2.0,6.394953239930587,5.7727777074050355,7.634213575972621,871839.2594766098,25215.71889340817,18.11481768485473,0.0,0.980000598528301,2.9999999999999996,897054.9783700163,897054.258140557,14.019228265252258,1127.1528034752657,0.0,-1.2063425629094127e-05,0.5205594153333095,126460.75357802917,126460.65473710134,1.9879622601125593,159.83483296158278,0.0,-1.730645692532562e-06,0.07258004111548644,74313.9020437204,74313.84240221453,1.1383317180767514,91.51923567363639,0.0,-1.8866127788896847e-06,0.0442113365418777,2616889675.492342,2616885674.4867005,0.9692954414131632,77.18227607488635,0.0,-1.2392374825477361,3507.75096208334
80.0,2.0,6.3944995705200816,5.771392106910682,7.633442576535284,871811.443623085,25215.54437351673,18.102087364224968,0.0,0.9800005945753706,2.9999999999999996,897026.987996603,897026.2397422617,14.009199146695565,1155.1712017686568,0.0,-1.206530760100577e-05,0.5485842954130931,126456.78443023544,126456.6816576207,1.9865397407159433,163.80791244301466,0.0,-1.7298520731401368e-06,0.07651172881699608,74311.62943028648,74311.56736612946,1.1375180426437057,93.7942717589238,0.0,-1.8864022308662243e-06,0.046633987912002794,2616889896.0561705,2616885672.549049,0.9688304341697533,79.11993694322585,0.0,-1.2392282484245385,3730.2524514200018
82.0,2.0,6.394047890915003,5.770048516965304,7.632666598411755,871783.6461984452,25215.369948566033,18.08986600821608,0.0,0.9800005906508054,2.9999999999999996,896999.0161470087,896998.2406034037,13.999569428821212,1183.1703406262993,0.0,-1.2065718010489945e-05,0.575873558790363,126452.81790786215,126452.71130983203,1.9851738941379327,167.77826023129052,0.0,-1.7302558603660145e-06,0.08033714380468382,74309.35831757051,74309.2938925837,1.1367367727153117,96.06774530435442,0.0,-1.8867350206619449e-06,0.04899481737166411,2616890115.0030212,2616885670.6122756,0.9683859125416234,81.0567087683091,0.0,-1.2392297235121958,3951.1360740217574
84.0,2.0,6.393598480212122,5.76874443323696,7.631888060016198,871755.866314233,25215.19560678497,18.078119493088096,0.0,0.9800005871756554,2.9999999999999996,896971.0619210207,896970.259978564,13.990312419649735,1211.1509654655988,0.0,-1.206608203574433e-05,0.6022724100789674,126448.85384751824,126448.74358805272,1.9838608895148764,171.74598201032026,0.0,-1.7305330004546704e-06,0.08399857893058993,74307.08861007041,74307.0219211465,1.1359857184618614,98.33971674127814,0.0,-1.8870037052920452e-06,0.051258754190243394,2616890331.8501673,2616885668.6763487,0.9679604654616227,82.99262969923234,0.0,-1.2392357068040383,4169.919140986922
86.0,2.0,6.3931515817375555,5.767477834282798,7.631108879148932,871728.1033058431,25215.021342426095,18.06681948120565,0.0,0.980000583545665,2.9999999999999996,896943.1246482659,896942.2971668849,13.981405840808204,1239.1137771472152,0.0,-1.2063579333698726e-05,0.6278113368482536,126444.89215912372,126444.77839279748,1.982597627705975,175.7111772657322,0.0,-1.7303586901107337e-06,0.08750543981523151,74304.82025646613,74304.75139493313,1.135263106709806,100.61024295469775,0.0,-1.8869517930397706e-06,0.053431363334823345,2616890546.497119,2616885666.7412376,0.9675529059816628,84.92773551119566,0.0,-1.2392409406781155,4386.5011984743
88.0,2.0,6.392707423262685,5.766246707037698,7.630330610444765,871700.3561853209,25214.847156575684,18.05593840494739,0.0,0.9800005804421366,2.9999999999999996,896915.2033418973,896914.3515105372,13.97282817260727,1267.0594334924297,0.0,-1.2066035424140864e-05,0.6521613135171265,126440.93289744733,126440.81563082748,1.9813809851440134,179.67393923602023,0.0,-1.7300747288118146e-06,0.09100573371935639,74302.55329548077,74302.4822606283,1.134567152461834,102.87937725962142,0.0,-1.8868635862645533e-06,0.05560468289654352,2616890759.5994935,2616885664.806921,0.9671620947342687,86.8620597006642,0.0,-1.239233386341411,4601.5378972174485
90.0,2.0,6.392266182911938,5.765049074966151,7.629554522846404,871672.626142112,25214.67305192817,18.045450305443804,0.0,0.9800005771114457,2.9999999999999996,896887.2991940414,896886.4223926022,13.964558968087799,1294.9885514286052,0.0,-1.206487104354892e-05,0.6771313937551895,126436.97593020122,126436.85521455145,1.9802081378317988,183.63435551168382,0.0,-1.7304335813150828e-06,0.09445476327542224,74300.28764285007,74300.21446814926,1.1338962396074237,105.14716973883627,0.0,-1.886681971541293e-06,0.05774453141496849,2616890970.783497,2616885662.8733478,0.9667869599167861,88.79563362049778,0.0,-1.2392327125100309,4814.6554744904015
92.0,2.0,6.391828030369959,5.763883029627593,7.628781685082454,871644.9113979249,25214.49901328476,18.03533036453898,0.0,0.9800005742933078,2.9999999999999996,896859.4104112091,896858.5092348878,13.95657885881076,1322.9017091462267,0.0,-1.2061663937856792e-05,0.7015062790708271,126433.02112935879,126432.89706202796,1.9790762614924673,187.59250803466875,0.0,-1.7309457689407282e-06,0.09780644382863102,74298.0232257185,74297.9479706401,1.1332487544435903,107.41366724772345,0.0,-1.886955914187638e-06,0.05982490872523272,2616891179.7263722,2616885660.940492,0.9664264897921634,90.7284866000821,0.0,-1.2392353390048072,5025.53120285527
94.0,2.0,6.391393076997868,5.762746978347593,7.628013012801141,871617.2111115406,25214.325035291662,18.02555761467901,0.0,0.9800005712915392,2.9999999999999996,896831.5361468295,896830.6114922513,13.948871318609909,1350.7994517834466,0.0,-1.2060945891789743e-05,0.7249845366766294,126429.068425008,126428.94109586066,1.977983084238466,191.54847420314567,0.0,-1.7297662964210758e-06,0.10106826150681059,74295.76001247994,74295.68272385094,1.1326233946824424,109.67891403708833,0.0,-1.886751334723158e-06,0.061858459527655896,2616891386.4370027,2616885659.008332,0.966079817148192,92.66064623437849,0.0,-1.2392360822108657,5234.173992906437
96.0,2.0,6.390961416966832,5.761639473997761,7.627249350128417,871589.5250500693,25214.151110035746,18.016112737604182,0.0,0.9800005687146296,2.9999999999999996,896803.6761601032,896802.7286496866,13.941421280726153,1378.6822943448988,0.0,-1.2064216207363643e-05,0.7478403718178015,126425.1176603787,126424.98724305381,1.9769264029889617,195.5023270091236,0.0,-1.7306398660821287e-06,0.10415643819337106,74293.49790218085,74293.41868604095,1.132018904749182,111.9429518465867,0.0,-1.8872425044946795e-06,0.06378596994447605,2616891590.3837404,2616885657.0768404,0.9657461491398848,94.59213853265825,0.0,-1.239235158900584,5440.052222970982
98.0,2.0,6.390533114886014,5.760559075676113,7.626491106690079,871561.8523729251,25213.977240794902,18.006977301520347,0.0,0.9800005660581951,2.9999999999999996,896775.8296137213,896774.8602212295,13.934214227244992,1406.5507227993887,0.0,-1.2066788940501283e-05,0.7697224444793846,126421.16892167578,126421.0354346358,1.9759042090202543,199.45413542716412,0.0,-1.7306010988704656e-06,0.10722615331175689,74291.23694553318,74291.15581777011,1.1314341355410018,114.2058201176687,0.0,-1.887006007450509e-06,0.06569759335157244,2616891792.3062067,2616885655.145993,0.965424729714098,96.52298799208646,0.0,-1.2392328674411317,5643.905538708486
100.0,2.0,6.390108234370299,5.759504479416087,7.625738681819231,871534.1928234458,25213.80342153807,17.99813440488126,0.0,0.9800005636491828,2.9999999999999996,896747.9962449862,896747.0057473418,13.92723694539659,1434.4051966901818,0.0,-1.2063705753462273e-05,0.7908276001173817,126417.2220781525,126417.0856054461,1.9749145950225464,203.4039646172092,0.0,-1.7302594699231122e-06,0.11021182007206676,74288.97707103257,74288.89408177856,1.130867995778157,116.467556109225,0.0,-1.8869954203637462e-06,0.06755908429713031,2616891991.838413,2616885653.2157626,0.9651148686839651,98.45321772945438,0.0,-1.2392337475964013,5845.367974504356
102.0,2.0,6.389686828104492,5.758474478224787,7.624992517240114,871506.5461357515,25213.629647044043,17.98956858224052,0.0,0.9800005613390835,2.9999999999999996,896720.1757827952,896719.1647927646,13.920477288240566,1462.246151266663,0.0,-1.2064425618518726e-05,0.8113199855868061,126413.27701447421,126413.13769374166,1.9739558524930687,207.35187632219532,0.0,-1.7297126646553806e-06,0.11305984677238712,74286.71821417821,74286.63344276216,1.1303195083408712,118.72819512590674,0.0,-1.8867137754341456e-06,0.0693412466209935,2616892188.691553,2616885651.286133,0.964815933166016,100.38284959578641,0.0,-1.239231683968228,6044.150746724845
104.0,2.0,6.3892689361154025,5.757467935954351,7.624252973770146,871478.9119152469,25213.45591489504,17.98126540182934,0.0,0.980000559041762,2.9999999999999996,896692.3678301426,896691.3369449133,13.91392392619992,1490.0739991190628,0.0,-1.2063349686286529e-05,0.8312151854177046,126409.33367952202,126409.19164097589,1.9730263825033787,211.29792908720208,0.0,-1.7304852235611179e-06,0.11577765959316366,74284.4603439415,74284.37386724421,1.1297877588756522,120.98777064365804,0.0,-1.8869124716047736e-06,0.07104652765501385,2616892382.875498,2616885649.3570833,0.9645273342503894,102.3119042642872,0.0,-1.2392265073497697,6240.263746095495
106.0,2.0,6.388854587554735,5.756483818495303,7.623520346104772,871451.2896674442,25213.282224923234,17.973211228091216,0.0,0.9800005571015427,2.9999999999999996,896664.571892369,896663.5218124889,13.907566212704054,1517.889131544471,0.0,-1.206229330819042e-05,0.8504098371706732,126405.39207302725,126405.24739169735,1.9721246391188785,215.24217836543983,0.0,-1.7307785356024397e-06,0.11842044305819854,74282.2034595572,74282.11532351593,1.1292718639778334,123.2463143716137,0.0,-1.8872400602276684e-06,0.07270587132153139,2616892574.649794,2616885647.4285827,0.9642485122904484,104.24040128886809,0.0,-1.23923013508211,6433.9665394037975
108.0,2.0,6.388443802068139,5.7555211864736995,7.622794874291316,871423.6793335141,25213.10857068976,17.96537408289625,0.0,0.9800005548782756,2.9999999999999996,896636.7879042035,896635.7190540911,13.901379198775787,1545.6918899420225,0.0,-1.2062509085808415e-05,0.8691800692859033,126401.45204556234,126401.30489740014,1.9712471489338306,219.18467266330748,0.0,-1.7301218235843407e-06,0.12088727601707205,74279.94747781788,74279.85778384686,1.1287698347454702,125.50385404110465,0.0,-1.8868154398887782e-06,0.07426380149307477,2616892763.495487,2616885645.500629,0.9639779004411628,106.16835708975042,0.0,-1.2392280542925533,6624.740188316099
110.0,2.0,6.388036591303217,5.7545791258307775,7.6220767523269135,871396.0799598556,25212.9349612588,17.957751069229637,0.0,0.9800005530003654,2.9999999999999996,896609.0149211121,896607.928332891,13.895360599050823,1573.4826111401242,0.0,-1.2064581142112729e-05,0.8869181759698677,126397.513804599,126397.36411035461,1.9703935227994192,223.1254597089063,0.0,-1.7300554873145302e-06,0.12343335827597457,74277.69251793019,74277.60122094599,1.1282814504912577,127.76041694208716,0.0,-1.886707920562003e-06,0.07586681478160529,2616892950.6995273,2616885643.573186,0.963715496888139,108.0957880835267,0.0,-1.2392400880126075,6813.871659360382
112.0,2.0,6.38763295148161,5.753657873474872,7.62136613388065,871368.4926795673,25212.761392520773,17.949719939887196,0.0,0.9800005511658305,2.9999999999999996,896581.2540720884,896580.1502750467,13.88902892231412,1601.2606689847523,0.0,-1.2064214615747915e-05,0.9041269968945471,126393.57725180598,126393.42511932382,1.969495515230433,227.06445073936717,0.0,-1.7303891866049526e-06,0.12587159571646112,74275.43852247675,74275.34568568223,1.1277676319071577,130.01595220590147,0.0,-1.8866509492454497e-06,0.07740662515183772,2616893135.30241,2616885641.646342,0.9634278704354832,110.02264382439766,0.0,-1.2392284671672797,7000.401397963345
114.0,2.0,6.387232863326478,5.752757482291396,7.620663135514648,871340.9185550843,25212.58786578714,17.9411678097424,0.0,0.9800005493220546,2.9999999999999996,896553.506420872,896552.3856813862,13.882296828822794,1629.0252626423978,0.0,-1.2067051329722744e-05,0.921069438198856,126389.64240402354,126389.48803783054,1.9685407466538116,231.0015322326748,0.0,-1.730358775375862e-06,0.12810530658535413,74273.18550247396,74273.09124310162,1.1272212900933938,132.27039478608825,0.0,-1.887075967488272e-06,0.078829202555454,2616893316.8319936,2616885639.7201257,0.9631089441724013,111.94886171274247,0.0,-1.2392267043107523,7183.857199305821
116.0,2.0,6.3868363320179675,5.75187655095552,7.619967842430577,871313.3567961325,25212.41438857114,17.9327947859751,8.505377585626086e-08,0.9800005477871044,2.9999999999999996,896525.7711847055,896524.6342695777,13.87570590450797,1656.7766744514138,0.0,-1.2066573617630638e-05,0.9372450807040877,126385.70943357055,126385.55282586756,1.9676059816104363,234.93674419589567,0.0,-1.7301145192050171e-06,0.13034681681071447,74270.933556448,74270.83787033413,1.1266863836347318,134.52376755335771,0.0,-1.8872955536153313e-06,0.08025594386035095,2616893496.3567233,2616885637.794523,0.9627966012757364,113.87445491529394,0.0,-1.2392364146621162,7365.307522237072
118.0,2.0,6.386443353433223,5.751014096138201,7.619280315148662,871285.8073316722,25212.240956342186,17.924594028668633,4.740791977632771e-09,0.9800005461167013,2.9999999999999996,896498.0482880126,896496.8957682351,13.869250672415237,1684.5151757962442,0.0,-1.2064338761774707e-05,0.9528497326093657,126381.77822991843,126381.61944488985,1.96669048860995,238.87012517311558,0.0,-1.7306109043602191e-06,0.13252414191555317,74268.68262107359,74268.58554534851,1.126162493065966,136.77609253948964,0.0,-1.8867803532884864e-06,0.08164555558238362,2616893673.52527,2616885635.8695455,0.9624903793182715,115.79943567393047,0.0,-1.2392329585768493,7544.401049672344
120.0,2.0,6.386053934657271,5.7501729431677076,7.61860059546847,871258.2729254125,25212.067590549792,17.915360155830598,4.8643213931509e-09,0.9800005446681374,2.9999999999999996,896470.3405159622,896469.1717705163,13.861998859764583,1712.2391735157735,0.0,-1.2063580470567103e-05,0.969075401736518,126377.84908522989,126377.68812079288,1.9656620484812606,242.8014492700781,0.0,-1.7306124675542378e-06,0.13470355033084047,74266.43286387342,74266.33439756828,1.1255738900821957,139.02724031965403,0.0,-1.886848679077957e-06,0.08303613557285416,2616893848.683368,2616885633.9452934,0.9621253623668816,117.72368639866424,0.0,-1.239234267076725,7721.483398617903
122.0,2.0,6.385668062675386,5.749349325452012,7.617928710949881,871230.7521298118,25211.89427743446,17.90634465437948,7.75071321709228e-09,0.9800005435002052,2.9999999999999996,896442.6464072485,896441.4619338148,13.854918350964361,1739.9490102177022,0.0,-1.2063165058862069e-05,0.9848033898977064,126373.92188176609,126373.75880502503,1.9646578840945,246.73076503826712,0.0,-1.7302710375588504e-06,0.13681585472193092,74264.18421328111,74264.08439922186,1.124999173218233,141.27723866609048,0.0,-1.8868344398015324e-06,0.08438388970861865,2616894021.4232163,2616885632.021751,0.9617692538530992,119.64722490637044,0.0,-1.2392382589127635,7896.146785262511
124.0,2.0,6.385285683031941,5.748542489793063,7.61726467382707,871203.2442964333,25211.721020179368,17.897557991052157,1.3625797985947544e-08,0.9800005421113609,2.9999999999999996,896414.965316613,896413.7658996495,13.848017081537714,1767.6450443807776,0.0,-1.2065421742590843e-05,0.9997469174927573,126369.9966770381,126369.83144668078,1.9636791721334652,250.65812338253406,0.0,-1.73025958360995e-06,0.13896947100099055,74261.93670565839,74261.83552119198,1.1244390149915027,143.5261166960735,0.0,-1.8867250162202254e-06,0.08575429696421111,2616894192.348356,2616885630.09891,0.9614227360152742,121.57007037840098,0.0,-1.239233858964738,8068.994770161727
126.0,2.0,6.384906776523653,5.7477516892936995,7.616608481167408,871175.7493478103,25211.547812790544,17.888989085579688,1.983519054158561e-08,0.9800005408909895,2.9999999999999996,896387.2971606046,896386.0833267986,13.841286426279735,1795.327617233337,0.0,-1.2063703479725518e-05,1.0141637616995922,126366.07332633308,126365.90599738232,1.9627246491783772,254.58357268089082,0.0,-1.730364715513133e-06,0.14106806433471775,74259.69025647386,74259.58773580457,1.1238926934624518,145.7739020829984,0.0,-1.8872153191296093e-06,0.08709049935788471,2616894360.9885597,2616885628.176738,0.9610853364943156,123.49224105138961,0.0,-1.2392352555256707,8239.557144787505
128.0,2.0,6.3845313317147845,5.746976218081795,7.615960118234533,871148.2672040358,25211.374649570258,17.880627674116834,2.5867449261549457e-08,0.9800005399030078,2.9999999999999996,896359.641853609,896358.4138900844,13.83471835718061,1822.997053947698,0.0,-1.2063605026924051e-05,1.028293480447246,126362.15170084128,126361.98241104302,1.9617931696714432,258.5071590202337,0.0,-1.7303187291872746e-06,0.14302891187838895,74257.44478802336,74257.34101669784,1.1233595535793253,148.02062119015704,0.0,-1.886782911242335e-06,0.08834115602462589,2616894526.908817,2616885626.2552295,0.9607566195529066,125.41375429049542,0.0,-1.2392303286452062,8407.398915118132
130.0,2.0,6.38415933063125,5.746215422733529,7.61531956223347,871120.7974420777,25211.20153110343,17.872464472932514,3.53686659428828e-08,0.980000538725084,2.9999999999999996,896331.9989731804,896330.7572789812,13.828305551804698,1850.6536650513074,0.0,-1.2063210988344508e-05,1.0420241554741096,126358.23180262603,126358.06064356743,1.9608837375375405,262.42892649530876,0.0,-1.7308364590462588e-06,0.14489817170868946,74255.20030397842,74255.09533864776,1.1228390250026474,150.26629924016234,0.0,-1.8868573476993333e-06,0.08953516108377357,2616894690.38057,2616885624.3343525,0.9604361939562932,127.334626678408,0.0,-1.2392349205605058,8572.791540626467
132.0,2.0,6.383790713267789,5.745468700095641,7.614686780917467,871093.3396345952,25211.02845867615,17.864490598305082,4.50764717904404e-08,0.9800005376564728,2.9999999999999996,896304.3680932727,896303.113196791,13.822041092743177,1878.2977472367938,0.0,-1.2067844181729015e-05,1.0552264332081904,126354.31364833939,126354.14065288678,1.9599953408834632,266.3489171770757,0.0,-1.7297156773565803e-06,0.14673456683294717,74252.95681528335,74252.85067758872,1.122330529495386,152.5109602991531,0.0,-1.8869079667638289e-06,0.0907075250095204,2616894851.733564,2616885622.4141107,0.9601236802595253,129.25487403892706,0.0,-1.2392293927746039,8736.064781952135
134.0,2.0,6.383425438828367,5.74473549037186,7.6140617316308195,871065.8934802179,25210.855431553908,17.856697888375404,5.398119165304291e-08,0.9800005367934874,2.9999999999999996,896276.7489117731,896275.4813595901,13.815918601925162,1905.9295844406442,0.0,-1.2064949260093272e-05,1.0678821374749532,126350.39720740399,126350.22239875622,1.9591270649822328,270.26717130704014,0.0,-1.7303148069913732e-06,0.1485477613994135,74250.71430746614,74250.60701050067,1.121833544061972,154.75462738727705,0.0,-1.8868401241434185e-06,0.09186679592434643,2616895011.0624866,2616885620.494469,0.9598187313872266,131.17451150170152,0.0,-1.23923342475112,8897.313342163476
136.0,2.0,6.3830635030356175,5.7440153525922035,7.613444364305459,871038.4596018154,25210.6824535532,17.849079747128936,6.501549375433242e-08,0.9800005358648378,2.9999999999999996,896249.1420553684,896247.8614938273,13.809932882967342,1933.549450206579,0.0,-1.206178285428905e-05,1.0808914987223943,126346.48243949776,126346.30584235612,1.9582782000820065,274.1837277072042,0.0,-1.7302521655437886e-06,0.15033625533362738,74248.47275695798,74248.3643151764,1.121347662318585,156.99732271191422,0.0,-1.8864713808852684e-06,0.09301161240253464,2616895168.3619986,2616885618.575431,0.9595210667764976,133.09355363525452,0.0,-1.2392295869439636,9056.531896206514
138.0,2.0,6.38270487767657,5.743307764510188,7.612834625187901,871011.0372254153,25210.509518561263,17.841628718454853,7.726028518821185e-08,0.9800005349013884,2.9999999999999996,896221.5467439746,896220.2533376244,13.80407810114131,1961.1576064088615,0.0,-1.2062443374816212e-05,1.093736307160043,126342.56928239846,126342.39094652541,1.957447915168791,278.09862353754176,0.0,-1.7306196582467237e-06,0.1520749863662445,74246.232127446,74246.12257035804,1.1208724090389746,159.23906752999218,0.0,-1.8867484925522149e-06,0.0941269184932878,2616895323.5222735,2616885616.656963,0.9592303703660623,135.01201437598664,0.0,-1.239236844716487,9213.610631929698
140.0,2.0,6.38234946859428,5.742612220494934,7.61223245271932,870983.6257418804,25210.336625164044,17.83433758042518,8.808346363018508e-08,0.9800005341221172,2.9999999999999996,896193.9623670456,896192.6566403678,13.79834862835579,1988.7543036655732,0.0,-1.2062282849001349e-05,1.1060566348930934,126338.65773158391,126338.47767574737,1.9566353894890454,282.01189431651983,0.0,-1.7296788428211585e-06,0.1537949507965095,74243.99241410394,74243.88175572772,1.120407315177962,161.4798821603481,0.0,-1.886713107523974e-06,0.09522820678921562,2616895476.735855,2616885614.739074,0.9589463354858482,136.92990704695833,0.0,-1.2392328151022127,9368.742106162712
142.0,2.0,6.381997266342616,5.74192827214063,7.61163777814243,870956.2251574402,25210.163768039925,17.827199947941402,9.799852960002933e-08,0.9800005334818813,2.9999999999999996,896166.3889254786,896165.0711614473,13.792739459020426,2016.3397825836141,0.0,-1.2064731436112197e-05,1.1180939859182217,126334.74766337327,126334.56599591172,1.955839917398184,285.9235741513162,0.0,-1.730537860566983e-06,0.15540657495648702,74241.75354536474,74241.6418517735,1.1199519770946682,163.71978611453744,0.0,-1.8867452808990492e-06,0.09626342178455616,2616895627.5502305,2616885612.821737,0.9586686924266506,138.84724443181165,0.0,-1.23923284785144,9521.473818948109
144.0,2.0,6.381648247414644,5.741255507709157,7.611050529361373,870928.8350110967,25209.990950194624,17.82021007011135,1.1148190796623199e-07,0.9800005325854517,2.9999999999999996,896138.8259612891,896137.4966693645,13.787246040168645,2043.9142746639513,0.0,-1.2067208899679827e-05,1.1296218768070503,126330.83913782441,126330.65587412553,1.9550608929008435,289.83369593711785,0.0,-1.7309260442743835e-06,0.15700281189737098,74239.51555678858,74239.4028396779,1.1195060475757954,165.95879820968904,0.0,-1.8871906775075331e-06,0.0972869407741257,2616895776.4607034,2616885610.9049406,0.9583972009479741,140.7640388337076,0.0,-1.2392346533834768,9672.301086219877
146.0,2.0,6.381302313955994,5.7405935420101395,7.610470627561903,870901.4551878539,25209.818169481616,17.813362242036266,1.2298549603499428e-07,0.9800005318562748,2.9999999999999996,896111.2733573354,896109.9329414521,13.781863958394394,2071.47800258074,0.0,-1.2062796940881526e-05,1.1407458398448398,126326.93208659824,126326.74727883235,1.9542976469221243,293.7422912309621,0.0,-1.7302600099355914e-06,0.1585468795738052,74237.27841095743,74237.16470138881,1.1190691446339973,168.19693649895703,0.0,-1.887011649159831e-06,0.09827939888850779,2616895923.338364,2616885608.9886813,0.9581316150712489,142.6803020638501,0.0,-1.2392307120288137,9821.095010201363
148.0,2.0,6.380959453267395,5.739942013374092,7.6098979882791635,870874.085620266,25209.645422449194,17.80665127474583,1.3262792517990525e-07,0.9800005312901774,2.9999999999999996,896083.7310427129,896082.3797631498,13.776589149987032,2099.031180880714,0.0,-1.206518436447368e-05,1.1516095173842587,126323.02642660786,126322.84017962453,1.9535496037982776,297.64939043855867,0.0,-1.7304830066677823e-06,0.1599860967851896,74235.04206055455,74234.92741951227,1.118640938470475,170.43421837589798,0.0,-1.886614114710028e-06,0.09921087295319353,2616896067.927808,2616885607.072939,0.9578717151179682,144.59604549408604,0.0,-1.2392296791012143,9967.600197315223
150.0,2.0,6.380619639513639,5.739300578199539,7.609332525438123,870846.7259461472,25209.472710958195,17.800072320581563,1.426511148800275e-07,0.9800005307031733,2.9999999999999996,896056.1986571071,896054.8369275574,13.771417795859543,2126.5740164724334,0.0,-1.2065873761457624e-05,1.1620595032504752,126319.12219411213,126318.93454714399,1.9528162403806426,301.55502291932,0.0,-1.7302641026617493e-06,0.16138608182018288,74232.80652502038,74232.69097725285,1.1182211294577877,172.67066063481357,0.0,-1.8871240570206282e-06,0.10011759769727746,2616896210.5728507,2616885605.157704,0.9576172975347049,146.51128008915546,0.0,-1.2392301266038146,10112.160474806562
152.0,2.0,6.380282929347623,5.73866888796015,7.608774162751548,870819.376176886,25209.300033714768,17.793620519459772,1.5354494342068256e-07,0.9800005300073438,2.9999999999999996,896028.6762106017,896027.3042354017,13.76634607888429,2154.106708630202,0.0,-1.2063789654348511e-05,1.172305155642789,126315.21928241655,126315.03035309736,1.9520970233296762,305.45921696597935,0.0,-1.730231531382742e-06,0.1626684329006025,74230.57174575895,74230.45535842681,1.1178094131324008,174.90627946107838,0.0,-1.8868902316171443e-06,0.10095716253113096,2616896351.1255736,2616885603.242967,0.957368157658349,148.42601640447216,0.0,-1.2392305590288117,10254.627934052787
154.0,2.0,6.3799491595552285,5.738046516962156,7.608222825161172,870792.0356027281,25209.127396889806,17.78729019404167,1.621491557724059e-07,0.9800005294611162,2.9999999999999996,896001.1629996208,895999.7814962363,13.76136958241862,2181.629447795039,0.0,-1.2064298516634153e-05,1.1818333395599439,126311.31787023645,126311.12757049831,1.9513912993137843,309.36199956460695,0.0,-1.7306527411165007e-06,0.1640388514271649,74228.33782565081,74228.22054759337,1.1174054168748466,177.14109029482808,0.0,-1.8865814013224735e-06,0.10184788814677859,2616896490.5072317,2616885601.3287163,0.9571240575835734,150.3402645196393,0.0,-1.2392332945391615,10395.923840245196
156.0,2.0,6.379618272171066,5.73743329939557,7.607678428904237,870764.7043508565,25208.954794047957,17.7810784764004,1.686124684344605e-07,0.9800005290579915,2.9999999999999996,895973.6591449047,895972.2685241116,13.756486063742866,2209.142419922525,0.0,-1.2061548659403343e-05,1.190950750965385,126307.4178145608,126307.22617299705,1.9506987508504756,313.2633970663079,0.0,-1.7302157857557177e-06,0.16538067747717378,74226.10468043295,74225.98652967473,1.1170089590305285,179.37510821288913,0.0,-1.8871634210881894e-06,0.10272058834550535,2616896628.1027517,2616885599.4149485,0.9568848713889957,152.2540342624173,0.0,-1.239231366397405,10535.433130007505
158.0,2.0,6.37929020819368,5.736829025140151,7.607140877977779,870737.3826654479,25208.782220225363,17.774982166597653,1.7537546506566132e-07,0.9800005285731072,2.9999999999999996,895946.1648856739,895944.7651381275,13.75169299089359,2236.645805904312,0.0,-1.2063867416145513e-05,1.200077501960095,126303.51897746634,126303.3261349129,1.950019041972505,317.1634351502529,0.0,-1.730417011458485e-06,0.16658166696504395,74223.87223095901,74223.7532899822,1.1166198464366397,181.6083479057624,0.0,-1.8868241227210092e-06,0.10351080727463113,2616896763.349573,2616885597.501644,0.956650462670383,154.16733518775806,0.0,-1.2392347699750985,10672.593252336348
160.0,2.0,6.378964964071099,5.736233713627321,7.606610070296505,870710.0705472414,25208.609688250745,17.76900034058724,1.8181456305623086e-07,0.9800005280237659,2.9999999999999996,895918.6802354897,895917.2711588222,13.746989651583396,2264.139785207479,0.0,-1.2065962437191047e-05,1.209406620959271,126299.62154872496,126299.42743077289,1.9493520699893145,321.0621392902315,0.0,-1.7304489006164658e-06,0.16785706555612023,74221.64058777574,74221.52081394216,1.1162380202426823,183.84082394624775,0.0,-1.8863757702547446e-06,0.10434366448671994,2616896897.348535,2616885595.5888076,0.9564207805864084,156.08017674893088,0.0,-1.2392297604685325,10808.505055823027
162.0,2.0,6.378642449333024,5.735646767666246,7.606085899271537,870682.7673114089,25208.43718698489,17.763125866077527,1.858078257861221e-07,0.9800005276018122,2.9999999999999996,895891.2044983944,895889.7864178746,13.742370473996889,2291.6245261554727,0.0,-1.206557453770074e-05,1.218410473608401,126295.72537481778,126295.5300367232,1.9486970248672448,324.959533339966,0.0,-1.730408826006169e-06,0.16907720810866067,74219.40966682394,74219.2890879063,1.1158630175905382,186.07254998142884,0.0,-1.887048767912347e-06,0.1051487478688955,2616897029.499246,2616885593.6764154,0.9561955354306807,157.99256781979224,0.0,-1.2392308290419862,10942.56815795346
164.0,2.0,6.378322648637742,5.735067883203364,7.605568257533624,870655.4725383637,25208.264720174226,17.75735471219084,1.8752998114804905e-07,0.9800005273013952,2.9999999999999996,895863.7372585371,895862.3107532752,13.737832298750284,2319.1001907529735,0.0,-1.2067523130099289e-05,1.226835213807135,126291.83053607125,126291.63392980555,1.9480534589186174,328.85564025780326,0.0,-1.7302155015386234e-06,0.1703453794252141,74217.17951127133,74217.0580987414,1.1154945824408138,188.30353914631047,0.0,-1.8870727558351064e-06,0.10598236014408258,2616897160.3458695,2616885591.764462,0.9559745596111053,159.90451693901446,0.0,-1.2392351590690396,11075.326730493396
166.0,2.0,6.37800551326688,5.734496827302301,7.605057039182231,870628.1864946735,25208.092280150333,17.751683669223905,1.885281220835314e-07,0.9800005269632526,2.9999999999999996,895836.2787748228,895834.8440080942,13.73337259211751,2346.5669359372087,0.0,-1.20642971523921e-05,1.2350966837811939,126287.93685450351,126287.73908774814,1.9474210287105829,332.7504823152244,0.0,-1.7302104424743447e-06,0.17150586910202037,74214.95001358645,74214.8278337055,1.1151325181164424,190.53380418254335,0.0,-1.8867450535253738e-06,0.10674971149808243,2616897289.0841527,2616885589.8529525,0.9557577188074913,161.81603237662944,0.0,-1.2392292353090397,11205.97652908836
168.0,2.0,6.377690802431786,5.733933409547587,7.604552121605881,870600.9093439472,25207.91986707621,17.746109967509717,1.8918898678472183e-07,0.9800005265058758,2.9999999999999996,895808.8292110241,895807.3860297423,13.728989175781612,2374.024914288772,0.0,-1.2064590464433422e-05,1.243511236616996,126284.04425892068,126283.84548888181,1.9467994333955767,336.64408118201555,0.0,-1.7297481349487498e-06,0.17250915306232173,74212.72113463725,74212.59828040059,1.1147766524041272,192.7633574873516,0.0,-1.8868404652039317e-06,0.10742406710502905,2616897415.604151,2616885587.9418545,0.9555448951173884,163.7271221668642,0.0,-1.2392374484617221,11334.407616952172
170.0,2.0,6.377377807006796,5.733377506582319,7.604053296262329,870573.6407879753,25207.747502239934,17.7406314299076,1.87382991605459e-07,0.9800005261620676,2.9999999999999996,895781.3882902126,895779.9366689861,13.724680376746837,2401.4742750422656,0.0,-1.2067300303897355e-05,1.251951178614945,126280.15300093158,126279.953112057,1.9461884121673851,340.5364580063503,0.0,-1.7302193668911059e-06,0.17362798829316262,74210.49302076374,74210.36942672738,1.1144268364700942,194.9922111602918,0.0,-1.8871087945626641e-06,0.10816386653272048,2616897541.7807975,2616885586.0311904,0.955335991906276,165.63779415067677,0.0,-1.2392295462226457,11462.494935645427
172.0,2.0,6.377066663374556,5.732828917820164,7.603560274890107,870546.3802205354,25207.575173679263,17.735245237721706,1.8330080199964507e-07,0.9800005259273588,2.9999999999999996,895753.9553942139,895752.4957810132,13.720443987019344,2428.915163016304,0.0,-1.2066207091265824e-05,1.2599431539501893,126276.26295196473,126276.06193675206,1.9455876522092346,344.4276333107688,0.0,-1.7307478401562548e-06,0.17475432586672923,74208.26559888337,74208.14126094502,1.1140828913877334,197.22037694306727,0.0,-1.8866956565943838e-06,0.10890776894319742,2616897666.950687,2616885584.120926,0.9551308904061957,167.54805593148916,0.0,-1.2392322574451669,11589.575086876313
174.0,2.0,6.376757471595911,5.7322874234984145,7.603072747235064,870519.129539626,25207.402908225064,17.72994842983948,1.7718826936467848e-07,0.9800005257870887,2.9999999999999996,895726.5324478497,895725.0632256459,13.716277684843178,2456.3477183859904,0.0,-1.2063759641023353e-05,1.2695521594832826,126272.37435634635,126272.1719431014,1.9449968255792105,348.3176269619272,0.0,-1.7302389778706129e-06,0.17615235864479928,74206.03900868994,74205.9137716856,1.1137446295739903,199.44786620221524,0.0,-1.8869618259031995e-06,0.10980683466144114,2616897792.378462,2616885582.211065,0.9549294670313712,169.4579148655519,0.0,-1.239234411181485,11716.912720716535
176.0,2.0,6.376450210452178,5.7317528135465565,7.602590427330418,870491.8894220275,25207.230712981363,17.72473829428645,1.7125530333505415e-07,0.9800005253905743,2.9999999999999996,895699.1201350106,895697.6388670404,13.712179301530444,2483.772076989051,0.0,-1.2066222552675754e-05,1.2815979233637336,126268.48724040532,126268.28311178123,1.9444156598830855,352.20645828169336,0.0,-1.7306479094258975e-06,0.17786773737725525,74203.81326522997,74203.68694789638,1.1134118946711806,201.67468999155759,0.0,-1.8868471158839384e-06,0.11088716402960586,2616897918.2857285,2616885580.301597,0.954731609457044,171.367378084466,0.0,-1.2392388894109558,11844.72945055227
178.0,2.0,6.3761449207797245,5.731224890277345,7.6021130792614375,870464.6596496499,25207.05857706883,17.71961204217825,1.6294895827953108e-07,0.9800005250959424,2.9999999999999996,895671.7182267151,895670.2225736473,13.708146696989445,2511.18837038303,0.0,-1.2065365808666684e-05,1.2959830218806019,126264.60142913442,126264.39542415127,1.9438438154075695,356.0941459125085,0.0,-1.729794632865378e-06,0.17974409729384888,74201.58827172454,74201.46077891045,1.1130844929579395,203.90085897747346,0.0,-1.8868609288347216e-06,0.11206264451763559,2616898043.873425,2616885578.392534,0.9545371997722568,173.27645248401052,0.0,-1.239227829099832,11972.226221504092
180.0,2.0,6.375841579898184,5.730703469420017,7.601640520338408,870437.4397196206,25206.886509434244,17.71456717499945,1.5246746040863502e-07,0.9800005248989283,2.9999999999999996,895644.3262290542,895642.8142178218,13.704177913310964,2538.596726209652,0.0,-1.2064208021911327e-05,1.312341187643142,126260.71709768241,126260.50886212119,1.943281014792019,359.9807079420925,0.0,-1.730289113766048e-06,0.18197467487243557,74199.36412837355,74199.23525437871,1.1127622657919556,206.12638350905738,0.0,-1.8870125870762422e-06,0.11344382510989703,2616898170.155596,2616885576.483835,0.9543461335719651,175.18514475115444,0.0,-1.2392341207632853,12100.417084543787
182.0,2.0,6.375540191798101,5.730188377648034,7.6011726151082355,870410.2277737899,25206.71448007624,17.70960133467384,1.3999822298981956e-07,0.9800005247959145,2.9999999999999996,895616.942253868,895615.4136756136,13.700271102757863,2565.9972684151676,0.0,-1.2066918770869961e-05,1.3289082068899916,126256.83393002559,126256.6234081285,1.9427269962394378,363.8661619345714,0.0,-1.7305081314589188e-06,0.1842610105288145,74197.1406497555,74197.010364252,1.1124450634362013,208.35127363592977,0.0,-1.8868559550355712e-06,0.11485533393346259,2616898295.6140094,2616885574.5755143,0.9541583122385603,177.09346137563156,0.0,-1.239238400064238,12227.783814769185
184.0,2.0,6.375240737711179,5.729679450973845,7.600709264746099,870383.0229968277,25206.542480093187,17.704712329215933,1.262062584123898e-07,0.9800005246453753,2.9999999999999996,895589.5654769175,895588.0208265539,13.696424530523952,2593.3901174762154,0.0,-1.2065529972460354e-05,1.344980317503996,126252.95185181675,126252.73904507248,1.9421815278454913,367.75052499026236,0.0,-1.7308321389464254e-06,0.18654585737562002,74194.91779070307,74194.78609874591,1.1121327530260343,210.57553914198184,0.0,-1.886887503133039e-06,0.1162617875536398,2616898419.9348893,2616885572.6675754,0.9539736440267121,179.001408663685,0.0,-1.239230069225158,12354.012641993459
186.0,2.0,6.3749432129026955,5.729176532888191,7.600250396593717,870355.8253085042,25206.37050832294,17.699898045296425,1.1113741001781717e-07,0.9800005243751381,2.9999999999999996,895562.1958168274,895560.635553487,13.692636532114754,2620.7753905404447,0.0,-1.2068232081219321e-05,1.3605932915438643,126249.07083592167,126248.85575631095,1.941644380697499,371.6338137516574,0.0,-1.7309652093899786e-06,0.18881872369058783,74192.69553859187,74192.5624483388,1.1118252035157448,212.79918954901333,0.0,-1.8869748430461186e-06,0.11766008338710776,2616898543.058148,2616885570.7599874,0.9537920401058396,180.90899274389668,0.0,-1.2392339940793988,12479.043484664367
188.0,2.0,6.374647607240295,5.728679473548539,7.599795956184954,870328.6349012606,25206.19855905115,17.695156374444753,9.407977644691076e-08,0.9800005241932769,2.9999999999999996,895534.8334603099,895533.2577425267,13.688905481812286,2648.1532015040693,0.0,-1.2064893780916464e-05,1.376047737704539,126245.19074417397,126244.97352570486,1.9411153032142603,375.5160443580859,0.0,-1.730626877360919e-06,0.19095758242804095,74190.47381539254,74190.33940379566,1.111522271341869,215.02223409169707,0.0,-1.8874252702971717e-06,0.11898142674360201,2616898664.3969293,2616885568.852762,0.9536134121561146,182.8162195682089,0.0,-1.2392323017556919,12602.289492845492
190.0,2.0,6.374353905370974,5.728188129171574,7.599345900514541,870301.4515016327,25206.026634665144,17.690485362001407,7.522469157877819e-08,0.9800005241003555,2.9999999999999996,895507.4781362962,895505.8872828298,13.685229848296196,2675.5236612006615,0.0,-1.2065161627106136e-05,1.3911834205559899,126241.31162810822,126241.0923375484,1.9405940784562181,379.39723251499834,0.0,-1.730175995362515e-06,0.19302967358396472,74188.25264921268,74188.11695613203,1.1112238319903192,217.2446817556777,0.0,-1.887077559104e-06,0.12026291085956586,2616898784.3006263,2616885566.945886,0.9534376784833667,184.72309492517564,0.0,-1.239233031977676,12724.100065216313
192.0,2.0,6.37406209884304,5.727702361231362,7.598900193652781,870274.274762964,25205.85473881473,17.685883128228507,5.4753078914568855e-08,0.9800005240939034,2.9999999999999996,895480.1295017767,895478.5240665165,13.681608158654166,2702.88687751797,0.0,-1.2061153938702773e-05,1.4057652183664686,126237.43356600738,126237.21217655252,1.9400804977511918,383.2773935105007,0.0,-1.7305491155639174e-06,0.19512856825269864,74186.03208637585,74185.89509659985,1.1109297660420132,219.46654128776174,0.0,-1.8871691054300754e-06,0.12155960611892169,2616898903.2641172,2616885565.03936,0.9532647605342159,186.62962444624407,0.0,-1.2392295996238545,12844.970085700365
194.0,2.0,6.373772167814293,5.7272220364250686,7.598458803278996,870247.1050338654,25205.682863351572,17.681347914685134,3.287975355937465e-08,0.9800005240038883,2.9999999999999996,895452.7878972185,895451.1679884832,13.678039014297331,2730.2429555465646,0.0,-1.2065894679835765e-05,1.420238688792324,126233.55637112897,126233.33302779336,1.9395743792972406,387.15654226909516,0.0,-1.7311207898274006e-06,0.19708244843474176,74183.81201804586,74183.67381666064,1.1106399697512592,221.68782122726427,0.0,-1.886881165091836e-06,0.1227712156325822,2616899020.4068904,2616885563.133166,0.9530945842190542,188.53581361468218,0.0,-1.2392346412382267,12964.0190480202
196.0,2.0,6.37348410146083,5.7267470261457225,7.598021698796448,870219.9419258257,25205.511012773342,17.676877981847333,9.437090311003988e-09,0.980000523827121,2.9999999999999996,895425.452938598,895423.8189463796,13.674521052066641,2757.591997650698,0.0,-1.2065387181792175e-05,1.4343221724398063,126229.68014610896,126229.45487673367,1.9390755300016058,391.0346933290984,0.0,-1.7308066730947758e-06,0.199008488429115,74181.59250081611,74181.45310799542,1.110354332667281,223.90852989259884,0.0,-1.8867663129640277e-06,0.12396265121651595,2616899136.3144674,2616885561.2273116,0.9529270765488927,190.44166776777996,0.0,-1.2392347132991404,13081.832479211109
198.0,2.0,6.37319788086192,5.726277206489533,7.5975888499110935,870192.7855376604,25205.33918333388,17.67247161497361,0.0,0.9800005237313978,2.9999999999999996,895398.1247209965,895396.4768404838,13.671052949506336,2784.9341035497105,0.0,-1.2062121186318109e-05,1.4482104699322917,126225.80479859262,126225.57770924357,1.9385837450481174,394.9118608191946,0.0,-1.7308031488028064e-06,0.20082846218593886,74179.37348508777,74179.23296251832,1.1100727382938864,226.1286753691866,0.0,-1.8872769658173638e-06,0.12509239945669037,2616899250.612139,2616885559.3217916,0.9527621821252699,192.3471921320305,0.0,-1.2392303113593925,13198.03567537025
200.0,2.0,6.372913488756696,5.725812457884049,7.597160225670087,870165.6355564935,25205.167378400645,17.66812720683894,0.0,0.9800005237151407,2.9999999999999996,895370.8029348953,895369.14157359,13.667633447234252,2812.269370444179,0.0,-1.2061498637194745e-05,1.461691263191824,126221.93040117968,126221.70151155254,1.9380988458185462,398.7880585108317,0.0,-1.7301978800787765e-06,0.20262874087649152,74177.15501285197,74177.0133723495,1.1097950845767581,228.34826553834012,0.0,-1.8869480982175446e-06,0.12621033281777727,2616899363.7548895,2616885557.416588,0.9525998292093814,194.25239179044925,0.0,-1.2392344722155428,13313.083625291883
202.0,2.0,6.372630912040959,5.725352664729715,7.596735794386945,870138.4918786081,25204.995597768928,17.66384319575293,0.0,0.9800005237711608,2.9999999999999996,895343.4874763776,895341.8130509497,13.664261320764522,2839.597893085708,0.0,-1.2060249900969211e-05,1.4747553870829506,126218.05694592983,126217.82627023308,1.9376206597678431,402.6632998303674,0.0,-1.7301219372711785e-06,0.2044148105622412,74174.93707817912,74174.79432980486,1.1095212722859242,230.56730808291195,0.0,-1.8870077838073485e-06,0.12731820453791443,2616899475.779198,2616885555.5117087,0.9524399429346379,196.15727167631852,0.0,-1.2392336795164454,13427.01281385924
204.0,2.0,6.372351441780709,5.724897723433067,7.596315686805758,870111.3542221054,25204.823850574252,17.659618187513438,0.0,0.9800005238016414,2.9999999999999996,895316.1780726757,895314.4911800149,13.660935465867679,2866.9197640174434,0.0,-1.2063314898114186e-05,1.4872226168999987,126214.18449541648,126213.95197215259,1.937149040047036,406.5375979104615,0.0,-1.7305242181464564e-06,0.20626237731312358,74172.71971732502,74172.57582737056,1.1092512172639588,232.78581051743987,0.0,-1.8867851281356707e-06,0.1284597849606257,2616899587.610736,2616885553.6071486,0.9522824643347658,198.06183660498806,0.0,-1.2392288399582299,13540.748916511451
206.0,2.0,6.37207378843893,5.724447527655653,7.595900051572419,870084.2226755897,25204.65212898732,17.655450785361545,0.0,0.9800005236860643,2.9999999999999996,895288.8748045752,895287.1758704679,13.657654773276372,2894.235073563996,0.0,-1.2063766462233616e-05,1.4992640629684502,126210.31296612535,126210.07860446961,1.9366838413585583,410.4109655931786,0.0,-1.7307795587839792e-06,0.20810076889370066,74170.50288450715,74170.35785769812,1.1089848362052066,235.0037801898503,0.0,-1.8868089739498828e-06,0.1295966395042285,2616899698.516461,2616885551.702894,0.9521273345214075,199.96609127403087,0.0,-1.2392286074083358,13653.558896182783
208.0,2.0,6.371797812259757,5.72400193444074,7.595488941158343,870057.0973436885,25204.480428581915,17.651339178900187,0.0,0.9800005236393786,2.9999999999999996,895261.5777722717,895259.8670347703,13.654417849908661,2921.5439092638135,0.0,-1.206154229294043e-05,1.5110674592597206,126206.44227796033,126206.20615478132,1.9362248444797194,414.28341528213804,0.0,-1.7301134107583493e-06,0.20986229283897728,74168.28653331196,74168.14041368995,1.108722004077329,237.22122419800496,0.0,-1.8868269080485334e-06,0.13068945246402563,2616899808.064563,2616885549.7989388,0.9519744804344794,201.87004023489982,0.0,-1.2392351061341174,13765.010947045661
210.0,2.0,6.3715235370082555,5.723560806469267,7.5950823091263855,870029.9783604572,25204.30874472701,17.647281693138957,0.0,0.9800005236589691,2.9999999999999996,895234.2871051797,895232.5645880079,13.651223381741676,2948.8463560272967,0.0,-1.2060508197464515e-05,1.5228471307809741,126202.57233155229,126202.33461105471,1.9357718632288043,418.15495900859565,0.0,-1.7302631363236287e-06,0.21145961125472468,74166.0706072304,74165.92348846096,1.1084626143991194,239.4381494268032,0.0,-1.8870182429964188e-06,0.131688599708923,2616899915.8026032,2616885547.8953,0.951823833769355,203.77368790243852,0.0,-1.2392262783170906,13874.652635160433
212.0,2.0,6.371250916242375,5.723124046887704,7.594680048717266,870002.8653645117,25204.13708212573,17.643277043986657,0.0,0.980000523742761,2.9999999999999996,895207.0024466391,895205.2684472785,13.648070362336577,2976.1424967519697,0.0,-1.2065168448316399e-05,1.5343293148316661,126198.70322593168,126198.46396154439,1.935324755026059,422.0256085186478,0.0,-1.7305361552644172e-06,0.21300350069157048,74163.85516310563,74163.70707528984,1.1082065856112855,241.65456259802576,0.0,-1.8869135658405867e-06,0.1326576461620732,2616900022.313461,2616885545.991943,0.951675341012733,205.677038584464,0.0,-1.2392326252528107,13983.066843424553
214.0,2.0,6.370979976050672,5.722691564396497,7.594282033995886,869975.7582969598,25203.96543969554,17.63932401346667,0.0,0.980000523888794,2.9999999999999996,895179.7237366529,895177.9785316045,13.644957837140025,3003.43241242625,0.0,-1.2064905149600236e-05,1.5455350028646535,126194.83494486852,126194.59419477523,1.9348833846406759,425.89537528792914,0.0,-1.7304142829743796e-06,0.2144892068148465,74161.64018830072,74161.49116760882,1.1079538403593099,243.8704702787444,0.0,-1.8872152622861904e-06,0.1335905219683582,2616900127.5459123,2616885544.0888886,0.9515289513266587,207.58009648711732,0.0,-1.239228959965203,14090.20235276611
216.0,2.0,6.37071138298143,5.722262896385144,7.593888259192233,869948.657070196,25203.793820290008,17.63541808357593,0.0,0.9800005238517301,2.9999999999999996,895152.4508904851,895150.6947671615,13.641882222569446,3030.7161768713886,0.0,-1.2062777386745438e-05,1.556453280212736,126190.96748743091,126190.72530023966,1.9344472680477185,429.76426982402455,0.0,-1.7298868328907702e-06,0.21592630530477663,74159.42568238985,74159.27575940591,1.1077041015768725,246.08587848189813,0.0,-1.8869770883611636e-06,0.13449281424868786,2616900231.785281,2616885542.1861205,0.9513844913818947,209.48286546988112,0.0,-1.239228112272201,14196.34449066443
218.0,2.0,6.370445205834711,5.72183800073562,7.593498842394754,869921.5615223314,25203.622225663607,17.63155849028717,0.0,0.9800005238217008,2.9999999999999996,895125.1837479954,895123.4170812708,13.638842944829602,3057.9938627610477,0.0,-1.2063791018590564e-05,1.5669966802029194,126187.10087444364,126186.85726762966,1.9340163048053651,433.6323024336353,0.0,-1.7302763239968044e-06,0.2173459276428389,74157.21165861275,74157.0608447816,1.107457312095628,248.3007931060894,0.0,-1.887088586727259e-06,0.1353836613454007,2616900335.269773,2616885540.283626,0.9512419285565746,211.38534932699426,0.0,-1.2392386857010536,14301.731466346648
220.0,2.0,6.370180588943316,5.721416850159419,7.593113827617426,869894.4715906477,25203.45065325902,17.627744649482093,0.0,0.9800005238500461,2.9999999999999996,895097.9222439048,895096.1454021626,13.635839554327024,3085.265541869702,0.0,-1.2063400845363503e-05,1.5771716982330872,126183.23509650525,126182.9900867774,1.9335904260159142,437.4994832856671,0.0,-1.730507619868149e-06,0.2187488412807852,74154.99811225703,74154.84641791659,1.1072134325549212,250.51521997119923,0.0,-1.8869941698085313e-06,0.13626417073461994,2616900437.7871213,2616885538.381434,0.9511012365842313,213.28755180016273,0.0,-1.2392283283162726,14406.151017109305
222.0,2.0,6.369917510666296,5.72099939862082,7.592733145375062,869867.3871470432,25203.27910350117,17.623975828341706,0.0,0.9800005239352891,2.9999999999999996,895070.6662505422,895068.8796592077,13.632871477685816,3112.5312848250733,0.0,-1.2062943824275862e-05,1.5869212909719863,126179.37016330674,126179.12374767578,1.9331695505003497,441.3658223866678,0.0,-1.7311231204075739e-06,0.22015474377440114,74152.7850503533,74152.63247308382,1.1069724164958392,252.7291648041909,0.0,-1.8867677624712087e-06,0.13714709999194952,2616900539.449445,2616885536.4795017,0.9509623836597,215.18947656748213,0.0,-1.2392358005293431,14509.71526535151
224.0,2.0,6.369657199223642,5.720585608719711,7.592356907234748,869840.3081339259,25203.107579565527,17.620251379797566,0.0,0.9800005240760251,2.9999999999999996,895043.4157134887,895041.6197827905,13.62993820897429,3139.7911612430216,0.0,-1.2062107998644933e-05,1.5962606554712693,126175.50606565032,126175.25824046279,1.9327536066443702,445.23132959995655,0.0,-1.7308257156400941e-06,0.22156430064296728,74150.57246578796,74150.41900463784,1.106734222926895,254.94263325004468,0.0,-1.886902822434422e-06,0.13803098051030815,2616900640.579664,2616885534.577858,0.950825341252009,217.09112724998616,0.0,-1.2392288710770742,14612.747135493548
226.0,2.0,6.369398691467547,5.720175439152471,7.591985201287385,869813.234712898,25202.936075116468,17.61657063154059,0.0,0.9800005242599412,2.9999999999999996,895016.1707880166,895014.3657043534,13.627039220936169,3167.045239684894,0.0,-1.2057344065397047e-05,1.605413625273286,126171.64270591899,126171.39355542151,1.9323425209001877,449.09601464175694,0.0,-1.7303023014392238e-06,0.2228896111123504,74148.36030185323,74148.20600701854,1.106498809732113,257.1556308695089,0.0,-1.8867340827455337e-06,0.13886466524303387,2616900740.5285378,2616885532.676469,0.950690079972119,218.9925074099304,0.0,-1.2392378331421128,14714.597389173388
228.0,2.0,6.369144240145422,5.719768839619684,7.591618700207129,869786.1668952751,25202.76459474204,17.612932898879958,0.0,0.9800005242277389,2.9999999999999996,894988.9314900148,894987.117356453,13.624173945701111,3194.2935875762964,0.0,-1.206640035888995e-05,1.6144635148125417,126167.78004438568,126167.52968294387,1.9319362386513985,452.9598871190597,0.0,-1.730638757635461e-06,0.22410055511005567,74146.14853601056,74145.99347472774,1.106266145239638,259.36816315998817,0.0,-1.8870507574320072e-06,0.13963111304997256,2616900839.726831,2616885530.7753577,0.9505565692878137,220.89362054850602,0.0,-1.2392358205125333,14815.69679552104
230.0,2.0,6.36889167436057,5.71936570815171,7.591257699124555,869759.1054798445,25202.59315639509,17.60933691358739,0.0,0.9800005242497128,2.9999999999999996,894961.6986362401,894959.8746736137,13.62134142169064,3221.5362704196777,0.0,-1.2062297173542902e-05,1.624292583514034,126163.91836561234,126163.66661375166,1.9315345964174775,456.82295631189464,0.0,-1.7300191643698781e-06,0.22549097459688028,74143.9373321709,74143.78140245515,1.1060361363819622,261.5802354327521,0.0,-1.8868826714424358e-06,0.14049954615489924,2616900939.211216,2616885528.874513,0.9504247590973082,222.79447006670063,0.0,-1.2392308762925381,14917.082030052816
232.0,2.0,6.368640744339853,5.71896593224295,7.590902091851965,869732.0504344461,25202.42174731532,17.605781395692887,0.0,0.9800005243236408,2.9999999999999996,894934.4721817599,894932.6375923231,13.618540643911427,3248.7733517075008,0.0,-1.206504612127901e-05,1.6349193911350994,126160.05746643223,126159.8043388477,1.9311374518240014,460.6852312155427,0.0,-1.730335270622163e-06,0.22686669814379457,74141.7265745429,74141.56978505141,1.1058087017317535,263.7918528362156,0.0,-1.8871556335398054e-06,0.141359321622474,2616901037.9136953,2616885526.9739237,0.9502945982257016,224.69505926315202,0.0,-1.2392311459361167,15017.685098611755
234.0,2.0,6.368394943690367,5.71856931357196,7.590553242770147,869705.0020206954,25202.250391658166,17.602264319671686,0.0,0.9800005244475185,2.9999999999999996,894907.252412353,894905.4060522848,13.61577001990548,3276.004891747312,0.0,-1.2063601843692595e-05,1.6466900239988718,126156.19755201168,126155.94284968893,1.9307445790905213,464.5467203737237,0.0,-1.7309182567259995e-06,0.2284414357739024,74139.51638225444,74139.35861762713,1.105583712193887,266.00302026060336,0.0,-1.8870447888730268e-06,0.14233445754899776,2616901137.8157983,2616885525.0735917,0.9501660084817962,226.59539128011562,0.0,-1.239231103002055,15119.487533575953
236.0,2.0,6.36815257060732,5.7181758819360935,7.590212025278738,869677.9585421588,25202.079065327605,17.598785696928648,0.0,0.9800005246205346,2.9999999999999996,894880.0376074852,894878.1799931646,13.613029561733661,3303.230950870779,0.0,-1.2060283097525826e-05,1.6579442797178672,126152.33845145418,126152.08213772869,1.9303559800575532,468.4074323338388,0.0,-1.7310415501015086e-06,0.23005283838909918,74137.30665564275,74137.14789528957,1.1053611687680134,268.2137425981394,0.0,-1.8870729832087818e-06,0.14333018339431192,2616901237.7358694,2616885523.173512,0.9500389863694175,228.49546925285446,0.0,-1.2392328574360647,15221.307682673722
238.0,2.0,6.367917123977019,5.717785626280594,7.589882707423356,869650.9200198823,25201.90777609174,17.5953451784292,0.0,0.9800005248414042,2.9999999999999996,894852.827795972,894850.9593551649,13.61031899745091,3330.4515888656806,0.0,-1.2065089322277345e-05,1.6687707614237297,126148.48012582363,126148.22219449685,1.929971616301253,472.26737556644133,0.0,-1.7302832588939054e-06,0.23167044043424312,74135.09737327059,74134.93761319102,1.105141049441258,270.4240246970219,0.0,-1.8867360722651938e-06,0.14432991011540253,2616901338.402815,2616885521.2736826,0.949913515235779,230.39529628332602,0.0,-1.2392352146293035,15323.874455161653
240.0,2.0,6.367686675675756,5.717398481547542,7.58957037249748,869623.8883915882,25201.736540004873,17.591942002445005,0.0,0.9800005248553344,2.9999999999999996,894825.6249315937,894823.7440797683,13.607637698422062,3357.6668642625245,0.0,-1.2064838301739655e-05,1.6811817799261917,126144.6226993561,126144.36301164869,1.9295914240922971,476.12655841462595,0.0,-1.7302571677646483e-06,0.23342682109262114,74132.88860645138,74132.727766556,1.1049233173485768,272.63387133171904,0.0,-1.8870678673010843e-06,0.14540972560183718,2616901440.080229,2616885519.3741083,0.9497895625820678,232.29487540849016,0.0,-1.239230369250322,15427.451448227246
242.0,2.0,6.367460762199102,5.717014411612005,7.589288736459754,869596.8618037425,25201.565331639897,17.58857555413887,0.0,0.9800005249052556,2.9999999999999996,894798.4271353817,894796.5341093419,13.604985213525968,3384.8768346895763,0.0,-1.2064183010807028e-05,1.6933559950507515,126140.76595329809,126140.5045810188,1.9292153151643434,479.98498904495466,0.0,-1.7298156080869376e-06,0.2351113934124669,74130.68022947817,74130.51835071156,1.1047079223731875,274.8432871764654,0.0,-1.8867593780669267e-06,0.1464485971356453,2616901541.596394,2616885517.4747744,0.9496671030753703,234.1942096146409,0.0,-1.2392301169570032,15530.866947689898
244.0,2.0,6.367237314179171,5.716633375893004,7.589036717689573,869569.8401809689,25201.39415060014,17.58524523982121,0.0,0.9800005250020799,2.9999999999999996,894771.2343315668,894769.3293871852,13.602361079359467,3412.0815568482953,0.0,-1.2062212135788286e-05,1.7052743388790077,126136.90995920358,126136.64689457323,1.9288432227111136,483.8426754903769,0.0,-1.7299614682997344e-06,0.23680374432228746,74128.47228368613,74128.30936105875,1.1044948262867083,277.0522768290388,0.0,-1.8869910149987845e-06,0.1474924576754688,2616901642.9052753,2616885515.5756817,0.9495461114639215,236.09330183756873,0.0,-1.2392305682845404,15634.074921195632
246.0,2.0,6.367014694170813,5.716255301681405,7.588776183685905,869542.8252403399,25201.223010144684,17.581950196799028,0.0,0.9800005251503611,2.9999999999999996,894744.0482504832,894742.129857946,13.599764619446935,3439.281086087189,0.0,-1.2062527730449801e-05,1.718722494164922,126133.05481310353,126132.78994447121,1.9284750508997992,487.6996255921765,0.0,-1.7301865682384232e-06,0.23860774607578605,74126.26482403126,74126.10079311175,1.1042839735968017,279.26084477623243,0.0,-1.8868011579797894e-06,0.14860074999177186,2616901744.1701627,2616885513.6768312,0.9494265528554902,237.9921549432797,0.0,-1.2392279035525746,15737.23866163426
248.0,2.0,6.366792880746613,5.7158801117613605,7.588510929373889,869515.8153462448,25201.051895638542,17.578689529294618,0.0,0.9800005253436842,2.9999999999999996,894716.8672418816,894714.935467683,13.597195130210851,3466.4754763476108,0.0,-1.2065048849763116e-05,1.7321041529089598,126129.20043390743,126128.93372307133,1.9281107000309718,491.55584699223846,0.0,-1.7300058061664458e-06,0.2404499500394195,74124.05780243517,74123.8926424961,1.104075307860118,281.46899539195266,0.0,-1.8867346511797223e-06,0.14972976962718576,2616901845.024712,2616885511.778208,0.949308391192678,239.89077172566505,0.0,-1.2392345876589275,15839.991827824602
250.0,2.0,6.3665718207761355,5.715507794203316,7.588243208081411,869488.8111678882,25200.880811009527,17.57546291725312,0.0,0.9800005255804851,2.9999999999999996,894689.6919788985,894687.7461629614,13.59465236206912,3493.664781071749,0.0,-1.2062568657711381e-05,1.7461458939737895,126125.34679622903,126125.07822280144,1.9277501348106834,495.4113472618598,0.0,-1.7302693890997034e-06,0.24231254125760415,74121.85120519543,74121.68490487806,1.1038688089341224,283.6767330098209,0.0,-1.886905067749467e-06,0.15087014775593843,2616901945.4314847,2616885509.879828,0.9491916114391948,241.78915494854343,0.0,-1.2392311674844052,15942.296983661006
252.0,2.0,6.36635152421164,5.715138335692755,7.587974384125412,869461.8123723759,25200.70975914005,17.572270061835447,0.0,0.9800005257184341,2.9999999999999996,894662.5221315144,894660.5618908309,13.592136064649116,3520.8490532010474,0.0,-1.2063756003044546e-05,1.7605706391768763,126121.49397591449,126121.22343613276,1.9273933339441982,499.2661339297482,0.0,-1.7310668454229017e-06,0.24427889460628194,74119.64507677403,74119.47757594934,1.1036644643847378,285.8840619385904,0.0,-1.8868574329644616e-06,0.1520706551257831,2616902045.818082,2616885507.9816794,0.949076198857395,243.68730734625822,0.0,-1.2392273064517383,16044.581733215246
254.0,2.0,6.366131973291041,5.714771710525074,7.587705324291224,869434.8181200875,25200.538727341365,17.569110523222946,0.0,0.9800005257873894,2.9999999999999996,894635.3568474274,894633.3825990367,13.589645897796954,3548.0283449966414,0.0,-1.2062354926456464e-05,1.7745783478208068,126117.64184533722,126117.36935564106,1.9270402462018408,503.1202144221519,0.0,-1.7303624417763785e-06,0.24622880973618066,74117.43934311818,74117.27065145939,1.1034622449385862,288.09098642846755,0.0,-1.8869269524657284e-06,0.1532614891528965,2616902145.561901,2616885506.083749,0.9489621342855673,245.58523161482935,0.0,-1.239233659981437,16146.223476720574
256.0,2.0,6.365913142483829,5.714407884981262,7.587436597541609,869407.8284340404,25200.367714358337,17.56598378674611,0.0,0.9800005259023485,2.9999999999999996,894608.1961484009,894606.2082360897,13.587181472843707,3575.2027079423287,0.0,-1.2063667782058474e-05,1.788242266965426,126113.79037250878,126113.51597403179,1.9266908046750486,506.973596031502,0.0,-1.7302800188190304e-06,0.2481375906509129,74115.23398626961,74115.06412723359,1.1032621128392703,290.2975106541461,0.0,-1.887044277282257e-06,0.1544288662597637,2616902244.5371675,2616885504.1860433,0.9488493963880843,247.48293040760552,0.0,-1.239240422167427,16247.096441969952
258.0,2.0,6.3656950464223865,5.714046819470748,7.58716858613293,869380.843330042,25200.196718674753,17.56288931031766,0.0,0.9800005260621214,2.9999999999999996,894581.0400487148,894579.0387513585,13.58474236503985,3602.3721926724083,0.0,-1.2064747352269478e-05,1.8016273109951726,126109.93952236827,126109.66328413246,1.9263449492304283,510.82628592996286,0.0,-1.7311486999460612e-06,0.2499773485959622,74113.02898688467,74112.85799916602,1.103064033678807,292.5036387215037,0.0,-1.8872564737648645e-06,0.15555754868142913,2616902342.6115685,2616885502.2885747,0.94873796236858,249.3804063323427,0.0,-1.239233064324793,16347.068318796484
260.0,2.0,6.365477658972406,5.713688471971511,7.586901550168347,869353.8627532652,25200.025740402336,17.559826529710737,0.0,0.980000526262478,2.9999999999999996,894553.8884936636,894551.8740950963,13.582328131744635,3629.5368489358975,0.0,-1.2063520898664137e-05,1.8147285232721515,126106.08929100714,126105.8112788974,1.9260026178099319,514.6782911655828,0.0,-1.730593794491142e-06,0.25175122309155995,74110.82434262935,74110.65226322299,1.1028679715877858,294.7093746646793,0.0,-1.8871136830966861e-06,0.15664923653145024,2616902439.815331,2616885500.391323,0.9486278085683847,251.27766194947947,0.0,-1.2392290531755634,16446.169336944902
262.0,2.0,6.365260979287866,5.713332799923752,7.586635667585669,869326.8866145128,25199.854780015008,17.556794888383436,0.0,0.9800005265024367,2.9999999999999996,894526.7413945278,894524.7142184189,13.579938336699641,3656.6967256092967,0.0,-1.2067445823049638e-05,1.827506060878477,126102.23968819204,126101.95995139952,1.9256637486228707,518.5296186628285,0.0,-1.731223960632633e-06,0.25347590523881536,74108.62005864526,74108.4469154409,1.1026738912142988,296.91472244710786,0.0,-1.8867733047045476e-06,0.1577130348730975,2616902536.2411804,2616885498.494283,0.9485189118466265,253.1746997731727,0.0,-1.239231119771631,16544.492224206308
264.0,2.0,6.36504502001187,5.712979760056381,7.586371061162383,869299.9147312855,25199.6838394429,17.5537938293117,0.0,0.9800005267807534,2.9999999999999996,894499.5985707275,894497.5590733356,13.577572543161574,3683.8518706956197,0.0,-1.2064444035786437e-05,1.839827346873335,126098.3907626472,126098.10929483995,1.9253282798361235,522.3802752225008,0.0,-1.7311260762653546e-06,0.2552069200744427,74106.4161636524,74106.24195192607,1.1024817571814118,299.1196859614707,0.0,-1.8872391933655308e-06,0.15878155636761448,2616902632.1545496,2616885496.59746,0.9484112491325902,255.07152227143789,0.0,-1.239232027725933,16642.302415883347
266.0,2.0,6.36482974295812,5.712629310535658,7.586107814607869,869272.9472074935,25199.512916249223,17.55082285185655,0.0,0.9800005268973917,2.9999999999999996,894472.4601237415,894470.4086126686,13.575230334196126,3711.0023313640118,0.0,-1.2063028862030478e-05,1.8518410292886074,126094.54245175212,126094.25930249608,1.924996172239668,526.2302675669802,0.0,-1.7305115989074693e-06,0.25688836946426363,74104.21261865456,74104.03736883296,1.1022915467349919,301.32426905494066,0.0,-1.8868857409870543e-06,0.15981965200916193,2616902727.2808633,2616885494.700853,0.948304798685765,256.9681318688094,0.0,-1.2392293525040827,16739.325339167088
268.0,2.0,6.364615165006266,5.712281409193866,7.585845984292946,869245.9839788108,25199.342010355183,17.547881387047443,0.0,0.9800005270114739,2.9999999999999996,894445.3259891636,894443.2627901016,13.572911283343016,3738.148153930698,0.0,-1.2063393114658538e-05,1.8635290180382071,126090.6947560078,126090.40996779746,1.9246673494665174,530.0796022659132,0.0,-1.730200096972112e-06,0.2585273240773631,74102.00942368267,74101.83316240014,1.102103216443481,303.5284754878276,0.0,-1.8868112761083466e-06,0.1608311130012794,2616902821.6559157,2616885492.8044543,0.9481995377944313,258.86453094439827,0.0,-1.2392288212267317,16835.596790694766
270.0,2.0,6.364401287233109,5.711936014125641,7.585585608137862,869219.0249442038,25199.171122450945,17.544968897275297,0.0,0.9800005271633744,2.9999999999999996,894418.196066655,894416.1215601516,13.57061497409945,3765.289383878897,0.0,-1.2065202099620365e-05,1.874836457625861,126086.84769009311,126086.56128430022,1.9243417484060499,533.9282857627253,0.0,-1.7306307427134016e-06,0.2601449062052552,74099.80659261551,74099.62932893963,1.1019167302662456,305.7323089483601,0.0,-1.8867955304813222e-06,0.16183350637436433,2616902915.3897905,2616885490.9082594,0.94809544450355,260.76072183340534,0.0,-1.2392328670646293,16931.226856381592
272.0,2.0,6.364188080595608,5.711593085299258,7.585326710276055,869192.0700616086,25199.00025256942,17.5420848740469,0.0,0.9800005273521954,2.9999999999999996,894391.0703141765,894388.9848781344,13.568341007745468,3792.4260658943876,0.0,-1.2066835552104749e-05,1.8857659946279455,126083.00124758953,126082.71324567494,1.92401931258411,537.7763243878935,0.0,-1.7307402231381275e-06,0.26174102779532404,74097.60412074816,74097.42586482778,1.1017320558934405,307.935773060147,0.0,-1.8868602751354047e-06,0.16282575081203277,2616903008.50246,2616885489.0122757,0.9479924978238823,262.6567068290531,0.0,-1.2392315674007364,17026.235510845167
274.0,2.0,6.363975563441646,5.71125253767084,7.585069305333612,869165.1194806484,25198.829397006644,17.539228436741013,0.0,0.9800005275768343,2.9999999999999996,894363.948877654,894361.852700757,13.566088692052123,3819.558243278492,0.0,-1.2060200333507964e-05,1.8965068562733904,126079.15534906964,126078.86584578696,1.9236999438807612,541.623724275655,0.0,-1.7309567965639872e-06,0.2632423956609955,74095.40196100758,74095.22276655311,1.1015491372202062,310.13887133458746,0.0,-1.8870853750740935e-06,0.16376428466872994,2616903100.6038733,2616885487.1164956,0.9478906635879236,264.55248815622895,0.0,-1.2392303267422449,17120.232705422313
276.0,2.0,6.363763728465584,5.710914338871064,7.584813401649281,869138.1731154257,25198.65855634239,17.536399153602293,0.0,0.9800005278365104,2.9999999999999996,894336.8316717668,894334.7249853763,13.563857688652593,3846.685958655797,0.0,-1.2063524536642944e-05,1.907016346360706,126075.31000889244,126075.01907859802,1.923383594373915,545.4704914644028,0.0,-1.7311465398961445e-06,0.2646694072102491,74093.20012123768,74093.02003065958,1.1013679468273947,312.34160722824225,0.0,-1.8869607742999506e-06,0.16466040842414031,2616903191.787958,2616885485.2209125,0.9477899237483934,266.4480680037257,0.0,-1.2392336320164645,17213.312370162083
278.0,2.0,6.363552557718482,5.710578464282604,7.5845590025388265,869111.2308275336,25198.487732216494,17.533596661563983,0.0,0.9800005281301738,2.9999999999999996,894309.7185597495,894307.6016899488,13.561647713257617,3873.8092540823122,0.0,-1.2064542261214228e-05,1.9171997555963571,126071.46525630612,126071.17293815056,1.9230702238457258,549.3166319120943,0.0,-1.7309206441495917e-06,0.2660572685859961,74090.99861819834,74090.81765373619,1.101188461696489,314.54398415163524,0.0,-1.8869606606131129e-06,0.1655342924794354,2616903282.267593,2616885483.3255334,0.9476902627641521,268.34344852925403,0.0,-1.2392321729554396,17305.68738544942
280.0,2.0,6.363342065888652,5.7102448847405105,7.5843061081215115,869084.2925123976,25198.316925351766,17.530820593454017,0.0,0.9800005282858366,2.9999999999999996,894282.609437748,894280.482773036,13.559458457229269,3900.928170996771,0.0,-1.2062902897014283e-05,1.9269946684889874,126067.62111256697,126067.3274185393,1.9227598056370914,553.1621515233685,0.0,-1.7309091617789818e-06,0.26743314070085944,74088.79746178488,74088.61563240358,1.1010106662957113,316.74600548422666,0.0,-1.886972427200817e-06,0.16639921161174698,2616903372.1628523,2616885481.4303474,0.9475916642919437,270.2386318578379,0.0,-1.2392347917897837,17397.477828158346
282.0,2.0,6.3631322391324945,5.709913568526185,7.584054716292884,869057.3582388042,25198.14613378806,17.528070512913377,0.0,0.980000528418324,2.9999999999999996,894255.5043725943,894253.3681938499,13.5572895926866,3928.042750182144,0.0,-1.2063605936418753e-05,1.9365087001833672,126063.7775286282,126063.48251397564,1.9224522817981806,557.0070560869649,0.0,-1.7309644135821145e-06,0.2687537655297092,74086.59662470796,74086.41396334846,1.1008345276550575,318.94767453953676,0.0,-1.8867868334382365e-06,0.1672311900037471,2616903461.2684994,2616885479.535358,0.9474941107735411,272.13362007938497,0.0,-1.2392360607517503,17488.47846346699
284.0,2.0,6.362923066129844,5.709584482744726,7.5838048227761385,869030.4279892836,25197.97535704319,17.525345988603508,0.0,0.980000528584666,2.9999999999999996,894228.4033463272,894226.2579122739,13.555140788515814,3955.153031759176,0.0,-1.2062627320119645e-05,1.945764010169114,126059.9344935514,126059.63821877676,1.9221475996796984,560.8513512863243,0.0,-1.7304886341662495e-06,0.270013888086055,74084.3961002527,74084.21264331676,1.1006600157438517,321.14899457102445,0.0,-1.887000621536572e-06,0.16802676623490242,2616903549.5472846,2616885477.6405654,0.9473975846641436,274.02841524871326,0.0,-1.2392334481861553,17578.652043865048
286.0,2.0,6.362714559224061,5.709257593215079,7.583556422144658,869003.5016439289,25197.80459616812,17.522646592960072,0.0,0.9800005287840111,2.9999999999999996,894201.3062400968,894199.1518888558,13.553011709388112,3982.259055177952,0.0,-1.2061869711033069e-05,1.9546811985001113,126056.09203320176,126055.79452735254,1.9218457117962344,564.6950427099167,0.0,-1.7311155033894465e-06,0.27124496203975923,74082.19590334388,74082.01166911027,1.1004871033940145,323.3499687778125,0.0,-1.886696395558829e-06,0.16880406419238625,2616903637.159472,2616885475.7459617,0.9473020683817079,275.92301938547666,0.0,-1.239233040670797,17668.15883538737
288.0,2.0,6.362506705780301,5.708932866978705,7.583309508001732,868976.5804059864,25197.633861755272,17.51997191242796,0.0,0.9800005290156331,2.9999999999999996,894174.2142677444,894172.0500847934,13.550902030985707,4009.3608592399237,0.0,-1.2062389487255132e-05,1.9645129081168307,126052.2501893706,126051.95143420823,1.9215465722122949,568.5381358543414,0.0,-1.7310053408436943e-06,0.27249427531523907,74079.99605773804,74079.81103758143,1.1003157643239567,325.5506003064604,0.0,-1.8868938695959514e-06,0.16958998700488337,2616903724.347225,2616885473.85155,0.9472075449060003,277.8174344752887,0.0,-1.2392295147320738,17757.24100367771
290.0,2.0,6.3622994975002,5.708610270904359,7.583064072662364,868949.6639059647,25197.463158847226,17.517321535839,0.0,0.9800005292788546,2.9999999999999996,894147.1270648158,894144.9524619294,13.548811430826412,4036.4584821015765,0.0,-1.2064685051882407e-05,1.9749328411585338,126048.40907830064,126048.108933938,1.921250135251008,572.3806361248434,0.0,-1.7307312418779475e-06,0.2738834758500843,74077.79663075959,74077.61074563637,1.1001459723964875,327.7508922512534,0.0,-1.887161488411948e-06,0.17045495334969019,2616903811.7361465,2616885471.957317,0.9471139973650942,279.7116624700189,0.0,-1.2392347467779814,17846.524152933274
292.0,2.0,6.3620929458223845,5.708289771035461,7.582820108043327,868922.7520784918,25197.292484757985,17.514695049043173,0.0,0.9800005295729738,2.9999999999999996,894120.0445632486,894117.8589827599,13.546739584022442,4063.551961269621,0.0,-1.2066172985214507e-05,1.9859104420015683,126044.56865596204,126044.26702122818,1.9209563548922164,576.2225488346278,0.0,-1.7307636426266981e-06,0.2753738470321423,74075.59759907432,74075.41079023415,1.0999777012830336,329.95084765381944,0.0,-1.8868140614358708e-06,0.17137867064047896,2616903899.137915,2616885470.0632763,0.9470214088454795,281.60570528770984,0.0,-1.2392325136512454,17935.819964435355
294.0,2.0,6.3618870309227065,5.707971334410923,7.582577605566955,868895.844935215,25197.121838040504,17.5120920605848,0.0,0.98000052983006,2.9999999999999996,894092.9667732553,894090.7696104106,13.54468617527428,4090.64133362017,0.0,-1.2064945167367114e-05,1.9974927991756886,126040.72888803652,126040.42569084247,1.9206651931619243,580.0638792209517,0.0,-1.7301484831477865e-06,0.27693630784199286,74073.39894339564,74073.21116837583,1.0998109291496405,332.1504695121187,0.0,-1.8868374240810226e-06,0.1723448502673932,2616903986.41697,2616885468.169418,0.9469297629989508,283.49956481370776,0.0,-1.2392314204230956,18024.992878603076
296.0,2.0,6.361681745767711,5.7076549289524126,7.582336555676814,868868.9424224144,25196.951223183045,17.509512192061578,0.0,0.9800005299654702,2.9999999999999996,894065.8936455975,894063.6843086155,13.542650897488263,4117.726635415146,0.0,-1.2065012015227694e-05,2.0096669363947512,126036.88984597161,126036.58493761212,1.920376614907556,583.9046324507668,0.0,-1.730686904011236e-06,0.27864747274873025,74071.20070366915,74071.011877104,1.0996456357500974,334.34976078361893,0.0,-1.8871641600526345e-06,0.17339639527295958,2616904073.978224,2616885466.2757425,0.9468390439156645,285.3932429015391,0.0,-1.239228659892774,18114.447810715414
298.0,2.0,6.3614771003054305,5.707340522758868,7.582096948510471,868842.0445827662,25196.78064136064,17.506955032015885,0.0,0.9800005301320823,2.9999999999999996,894038.8252241266,894036.6030417236,13.540633446633022,4144.807902308412,0.0,-1.206365595862735e-05,2.0225123587279086,126033.05153985758,126032.74475648804,1.9200905617928117,587.7448135743524,0.0,-1.731177803776518e-06,0.2805224823003982,74069.00288483026,74068.81291352808,1.09948178795664,336.54872435953223,0.0,-1.887174562398286e-06,0.17454113229689483,2616904161.896358,2616885464.3822403,0.9467492356334113,287.2867413728059,0.0,-1.239232424038562,18204.259443399173
300.0,2.0,6.361273072839235,5.707028085017625,7.5818587739445285,868815.1504177788,25196.610075996276,17.50442020642236,0.0,0.9800005303284501,2.9999999999999996,894011.7604937754,894009.5257746654,13.5386335291842,4171.88516936678,0.0,-1.206348133564461e-05,2.035049065887506,126029.21379612546,126028.90514250446,1.9198069923215635,591.5844275589956,0.0,-1.7301168782068999e-06,0.28239273482574845,74066.80538660944,74066.61427480416,1.0993193620269641,338.74736308358615,0.0,-1.8870364328904543e-06,0.17568163553141858,2616904249.31349,2616885462.4889197,0.9466603228896343,289.1800620185852,0.0,-1.2392323387146007,18293.56989594574
302.0,2.0,6.361069653088074,5.706717585804308,7.58162202113117,868788.2600231963,25196.439522122397,17.501907351703633,0.0,0.9800005305539868,2.9999999999999996,893984.6995453171,893982.4524729453,13.536650859920197,4198.95847108662,0.0,-1.2063725080224685e-05,2.0474023274600768,126025.3765145059,126025.06609077165,1.9195258660867303,595.4234792911691,0.0,-1.7307513644482242e-06,0.2841628474368463,74064.60815156638,74064.41595813466,1.0991583348468954,340.94567975327993,0.0,-1.8868416873374372e-06,0.1767632621664461,2616904335.757307,2616885460.595782,0.9465722908498116,291.07320660028483,0.0,-1.239225688838701,18381.906857666112
304.0,2.0,6.360866850068574,5.706408995110661,7.581386679084441,868761.3734404948,25196.268978177304,17.499416106840272,0.0,0.9800005308080733,2.9999999999999996,893957.6424186724,893955.3831026338,13.534685155587452,4226.027841397795,0.0,-1.2064118891430553e-05,2.059645993985214,126021.53966300654,126021.22759648605,1.9192471429668434,599.2619735771028,0.0,-1.7304240600424237e-06,0.2858056340070334,74062.4111613623,74062.21796076732,1.0989986834619339,343.1436771202038,0.0,-1.8872620444199129e-06,0.17777042500296147,2616904421.072713,2616885458.702806,0.946485124824044,292.96617684993294,0.0,-1.239231246380541,18469.1152337614
306.0,2.0,6.3606646515286585,5.706102283493699,7.581152736907468,868734.4903177058,25196.098449594694,17.496946118554547,0.0,0.9800005310901062,2.9999999999999996,893930.5887673014,893928.3176303556,13.53273613899833,4253.093313675791,0.0,-1.2064284419466276e-05,2.0714669009421414,126017.70335896866,126017.38965491894,1.9189707836993668,603.0999151445016,0.0,-1.7301332491115318e-06,0.28744316353038357,74060.21448462935,74060.0202799963,1.098840385408928,345.34135789102163,0.0,-1.8874603711083182e-06,0.17877446287764087,2616904505.907001,2616885456.810007,0.9463988104479252,294.8589744708288,0.0,-1.2392325260889265,18555.842319502568
308.0,2.0,6.360463044096783,5.705797422495939,7.580920183323549,868707.6107691117,25195.92793383852,17.49449704460716,0.0,0.9800005313992629,2.9999999999999996,893903.5387029493,893901.2560232746,13.530803541605076,4280.1549207590015,0.0,-1.2062051609973423e-05,2.0830096320441953,126013.86754214646,126013.55226141763,1.9186967502696932,606.937308645041,0.0,-1.7309016584476922e-06,0.2890198418658656,74058.01808595161,74057.8229131587,1.0986834189378674,347.53872472889736,0.0,-1.8871859310820582e-06,0.17974262301243016,2616904589.982307,2616885454.9173846,0.9463133337945236,296.75160113841787,0.0,-1.2392283293555693,18641.810252108877
310.0,2.0,6.360262035717516,5.705494512495206,7.580689006887032,868680.7347819927,25195.757432896156,17.491996830942426,0.0,0.9800005316337861,2.9999999999999996,893876.4922148888,893874.1983599984,13.528831634864126,4307.21258402873,0.0,-1.2068532669218257e-05,2.0941848412730906,126010.03226200442,126009.715427117,1.9184171504702943,610.7741429459816,0.0,-1.7305906112596858e-06,0.29057400076590056,74055.82199395412,74055.62586662959,1.09852326452109,349.7357712579395,0.0,-1.887252551568963e-06,0.18069715455919777,2616904673.477037,2616885453.024933,0.9462247810869145,298.6440507005917,0.0,-1.239230530334794,18727.197431666777
312.0,2.0,6.36006162094426,5.705193615376067,7.580459196413337,868653.8625226897,25195.58694606514,17.48943931800645,0.0,0.98000053179005,2.9999999999999996,893849.4494687555,893847.1447286794,13.526815662455254,4334.26621535364,0.0,-1.206258821184747e-05,2.1050700328960374,126006.19750134675,126005.87916449658,1.9181313102717634,614.6104055665251,0.0,-1.7304651009908412e-06,0.2920759636376715,74053.62619671538,74053.42914755776,1.0983595361101097,351.93249033015974,0.0,-1.886860161448567e-06,0.18161898804765997,2616904756.2418,2616885451.1326666,0.9461328091693251,300.53631631893035,0.0,-1.2392311854947025,18811.854460163533
314.0,2.0,6.35986177803791,5.7048946358205415,7.58023074020985,868626.993881664,25195.416474827747,17.486899787184235,0.0,0.9800005319747922,2.9999999999999996,893822.4103564883,893820.0951009745,13.524813850113445,4361.315843053867,0.0,-1.206725664815167e-05,2.1155854659218676,126002.36328707368,126002.04346954555,1.9178474755198873,618.4461005175648,0.0,-1.7304597577094682e-06,0.2935566416084612,74051.43071063602,74051.23275364623,1.098196955712365,354.12888424158444,0.0,-1.8869730524784245e-06,0.18252682010933086,2616904838.452909,2616885449.240577,0.9460415058385409,302.4283993306074,0.0,-1.2392375407304712,18895.95765233659
316.0,2.0,6.35966251876797,5.70459751951703,7.580003626520152,868600.1287726868,25195.24601996103,17.48437770421936,0.0,0.980000532189427,2.9999999999999996,893795.3747926471,893793.0494494219,13.522825777729292,4388.361494609326,0.0,-1.206441447720863e-05,2.1256731801513524,125998.52963687305,125998.208338372,1.9175655867433574,622.2812316910515,0.0,-1.7305189885519212e-06,0.2950376144674465,74049.23554627557,74049.03668266837,1.0980354890004633,356.3249552195854,0.0,-1.8868225879487e-06,0.18343343765502595,2616904920.22615,2616885447.348676,0.9459508507462464,304.3203010320999,0.0,-1.2392368554733366,18979.622795081174
318.0,2.0,6.359463844550034,5.7043022244691235,7.57977784433942,868573.2673359794,25195.075578424516,17.48187264112959,0.0,0.980000532432498,2.9999999999999996,893768.3429144047,893766.0077472038,13.520851108718043,4415.403196826762,0.0,-1.2065099326719064e-05,2.135497155201847,125994.69648128783,125994.3737671794,1.9172855962470718,626.1158028835457,0.0,-1.7306333575106692e-06,0.2964532217415581,74047.04066472633,74046.84093245077,1.0978751087896794,358.52070543716474,0.0,-1.8868515212489e-06,0.18430210599836983,2616905001.2311363,2616885445.456958,0.9458608273747964,306.2120226868495,0.0,-1.2392335883275223,19062.519503022086
320.0,2.0,6.359265724923074,5.704008715286259,7.5795533825547325,868546.4095078176,25194.905151054245,17.47938422817088,0.0,0.9800005327012687,2.9999999999999996,893741.3146588729,893738.969968105,13.518889552262818,4442.4409759312875,0.0,-1.2059415894327685e-05,2.145020727930387,125990.86383190971,125990.53975225381,1.917007462828146,629.949817809202,0.0,-1.7305588926319615e-06,0.29781876927734174,74044.84607262982,74044.64550086703,1.097715791753543,360.7161370206718,0.0,-1.8870800886361394e-06,0.18514159299729727,2616905081.5611405,2616885443.565411,0.9457714213263734,308.10356552950225,0.0,-1.2392374719015606,19144.741050079978
322.0,2.0,6.359068172205452,5.70371695896646,7.5793302299183996,868519.5553662498,25194.734735826903,17.47691211883071,0.0,0.9800005329951693,2.9999999999999996,893714.2901020744,893711.9360864314,13.51694083600974,4469.474857603307,0.0,-1.2060985682182945e-05,2.154345601438763,125987.03164598023,125986.70628995818,1.9167311479014175,633.7832801050049,0.0,-1.7303877939411905e-06,0.2990951355991456,74042.65174578845,74042.45038583495,1.097557515822129,362.91125205231606,0.0,-1.8875177829613676e-06,0.1859297832672837,2616905161.0100894,2616885441.6740513,0.945682619097425,309.9949307676971,0.0,-1.2392320397675007,19226.081364178342
324.0,2.0,6.358871187616912,5.703426923962518,7.579108375272939,868492.7047405065,25194.564335066236,17.4744559811798,0.0,0.9800005333135379,2.9999999999999996,893687.2690755716,893684.9060770319,13.515004699060109,4496.504867001428,0.0,-1.2062382666044869e-05,2.1633284967301734,125983.19997562052,125982.87337672981,1.9164566145166058,637.6161933340381,0.0,-1.7297234080615453e-06,0.30033800492401497,74040.45771431646,74040.25558531577,1.0974002598598924,365.1060525720358,0.0,-1.8869787368203106e-06,0.18669883100386642,2616905239.868126,2616885439.7828636,0.945594407743194,311.8861195831835,0.0,-1.2392308921278072,19306.830589511927
326.0,2.0,6.358674747932024,5.7031387078963585,7.578887807241404,868465.857846312,25194.393947313412,17.471945035507186,0.0,0.980000533603167,2.9999999999999996,893660.2517936254,893657.8800242183,13.51302640522071,4523.530919811869,0.0,-1.2065452210663352e-05,2.172099361027904,125979.36878255241,125979.04102451613,1.9161761063504124,641.448545546739,0.0,-1.7307005464317626e-06,0.3014971495164218,74038.2639561765,74038.06110615126,1.0972395822357441,367.3005317365073,0.0,-1.8870146050176118e-06,0.18741985550650497,2616905317.889101,2616885437.8918605,0.9455029417003182,313.7771254665841,0.0,-1.2392281405936387,19386.742570508242
328.0,2.0,6.358478859423942,5.702852584991507,7.578668515434491,868439.0148538953,25194.223576173525,17.46925444937177,0.0,0.9800005337737476,2.9999999999999996,893633.2384300742,893630.8582053527,13.510909431656794,4550.552738675183,0.0,-1.2067811439919751e-05,2.1805546731093273,125975.53814905013,125975.2092726251,1.915875945493282,645.2802974377255,0.0,-1.7307474990957417e-06,0.30261553822401766,74036.07051688802,74035.86697085084,1.0970676502460017,369.4946670369993,0.0,-1.8869448012992507e-06,0.18811586752622134,2616905395.2885947,2616885436.0010505,0.9454014219756955,315.6679283105355,0.0,-1.239235309459616,19466.0328670465
330.0,2.0,6.3582835264795055,5.70256836977249,7.578450489770569,868412.1755741988,25194.05322418757,17.46658196748744,2.8104327347119605e-09,0.9800005339730091,2.9999999999999996,893606.2287983847,893603.8405919309,13.508806711425555,4577.570352098034,0.0,-1.2066736417182256e-05,2.188536406439198,125971.7081321397,125971.37811701861,1.9155778031555584,649.1114530440366,0.0,-1.7309237136942102e-06,0.30375423410191615,74033.87743136729,74033.67317710294,1.096896873911488,371.68846078482227,0.0,-1.8870160829465021e-06,0.18882409461718908,2616905472.3857946,2616885434.1104546,0.9453005818052702,317.55852947414604,0.0,-1.2392300587824252,19545.02066812695
332.0,2.0,6.358088739689067,5.702285973358707,7.57823372220417,868385.3402134201,25193.882887308966,17.463926752887943,3.723636445341193e-08,0.9800005341999488,2.9999999999999996,893579.2231007271,893576.8271567585,13.506717585797052,4604.583787269628,0.0,-1.2067524949088693e-05,2.1962739204464015,125967.8786376238,125967.5475538475,1.915281585861642,652.9420162157598,0.0,-1.7303123058809433e-06,0.30482288992561735,74031.68464569052,74031.47972270315,1.0967271998958497,373.88191518461394,0.0,-1.8870166513806907e-06,0.18949281763639192,2616905548.721121,2616885432.22005,0.9452004185697643,319.44893031128555,0.0,-1.239233922875826,19623.24639515885
334.0,2.0,6.357894486628185,5.702005336197831,7.578018205427316,868358.5086761822,25193.7125667384,17.461288236788416,5.731920318638562e-08,0.9800005344508452,2.9999999999999996,893552.221242922,893549.8178735488,13.504641606698005,4631.593070483024,0.0,-1.2063814210705459e-05,2.2036993287765654,125964.04969025722,125963.71757938605,1.9149872306813545,656.7719906771225,0.0,-1.7303983668170986e-06,0.305849984709198,74029.49217210918,74029.28660551958,1.0965585918859422,376.07503236838585,0.0,-1.886819688934338e-06,0.1901364200710418,2616905624.4474034,2616885430.3298516,0.9451008648423167,321.3391320409702,0.0,-1.2392304239346004,19700.862879485125
336.0,2.0,6.357700774547765,5.7017264098278435,7.5778039375017,868331.6809958973,25193.542261241848,17.45866596061969,6.255422811078611e-08,0.980000534725068,2.9999999999999996,893525.2232571412,893522.8127167216,13.502578413163352,4658.598227309351,0.0,-1.2064762813679408e-05,2.210870374282422,125960.22126258258,125959.88819001257,1.9146946864535326,660.6013800500295,0.0,-1.7309721442870796e-06,0.3068116829745122,74027.29999697636,74027.09382347799,1.0963910206296081,378.26781440964504,0.0,-1.8871481302085158e-06,0.1907433285111324,2616905699.4413056,2616885428.4398456,0.9450019029274251,323.22913584682505,0.0,-1.2392326834483924,19777.7467854974
338.0,2.0,6.357507605752314,5.70144915157769,7.577590936179896,868304.8569858705,25193.371973419285,17.45605952039086,5.245407512984672e-08,0.9800005350220329,2.9999999999999996,893498.2289592884,893495.8116613454,13.500527687177863,4685.599282683707,0.0,-1.2066545423294883e-05,2.2176278958986586,125956.39341494384,125956.05938219698,1.9144039081085507,664.4301878662467,0.0,-1.730344251882343e-06,0.3077718604566826,74025.10815655476,74024.90137455704,1.096224460356217,380.46026333035746,0.0,-1.8873843714573013e-06,0.19135182762596514,2616905774.0258617,2616885426.5500383,0.9449035172023025,325.11894288122966,0.0,-1.2392328733174622,19854.221148634555
340.0,2.0,6.357314946201163,5.701173524112892,7.577379166196976,868278.0367451041,25193.201701328628,17.45346856238239,2.654896499910422e-08,0.9800005353412122,2.9999999999999996,893471.2384464302,893468.8146830458,13.498489150288062,4712.596260984284,0.0,-1.2065544979122933e-05,2.2240933382136063,125952.56609865051,125952.23115248476,1.9141148561876957,668.2584175786221,0.0,-1.7301892967225285e-06,0.3086852794992865,74022.91662010591,74022.70925678073,1.0960588885005873,382.6523811073586,0.0,-1.8866974755837873e-06,0.19193315577484782,2616905847.9751678,2616885424.6604285,0.9448056939550095,327.00855426913967,0.0,-1.2392312990976393,19930.060066033668
342.0,2.0,6.357122806591142,5.700899938266838,7.577168578429861,868251.2206421487,25193.03144705693,17.450747536270175,1.986502993667768e-09,0.9800005356924617,2.9999999999999996,893444.2520892068,893441.8219824758,13.496350286080041,4739.588961556444,0.0,-1.206341494253138e-05,2.230436687014844,125948.73933581503,125948.40352933125,1.9138115767419503,672.0860407321061,0.0,-1.7302181731793098e-06,0.3095455975026198,74020.72540150008,74020.51748644591,1.0958851671407808,384.8441514416402,0.0,-1.8872312921303092e-06,0.1924848842238589,2616905921.277587,2616885422.7710238,0.9447005082939071,328.8979552857275,0.0,-1.2392350562219576,20005.251886235892
344.0,2.0,6.3569311930518975,5.700628760794403,7.576959168149729,868224.4090490866,25192.86121517184,17.44779712652647,2.845206959295287e-09,0.9800005359730699,2.9999999999999996,893417.2702642626,893414.8339138373,13.494034318252856,4766.57703019295,0.0,-1.206539491249714e-05,2.236680379259269,125944.91321455741,125944.57656294138,1.913483194442517,675.9130071209911,0.0,-1.7312013369519264e-06,0.310390728769562,74018.53455043191,74018.32609231224,1.0956970669240487,387.0355455754883,0.0,-1.8870510984925204e-06,0.19302794990414895,2616905994.121357,2616885420.881862,0.9445825497522535,330.787120385232,0.0,-1.2392315434789225,20079.98482136256
346.0,2.0,6.356740091506438,5.700359342852592,7.576750929055905,868197.6016530767,25192.69100377447,17.44487079260262,3.952891788607526e-09,0.9800005361994996,2.9999999999999996,893390.2926568508,893387.8504394502,13.491737193908856,4793.560504580767,0.0,-1.206466640724102e-05,2.242547355278475,125941.08772862091,125940.75024796184,1.9131574897948633,679.7393221005808,0.0,-1.731150064188114e-06,0.3112197718622838,74016.34406327644,74016.13507131278,1.0955104996299536,389.22656657474823,0.0,-1.887258747501619e-06,0.1935617936915719,2616906066.5036716,2616885418.992937,0.9444656132218399,332.6760516116757,0.0,-1.2392253925662544,20154.25606727101
348.0,2.0,6.356549493102182,5.700091651514856,7.576543853407612,868170.7985569966,25192.520810345464,17.441968044975287,5.092546245238113e-09,0.9800005364487661,2.9999999999999996,893363.3193673465,893360.8715223748,13.48945853936556,4820.539421659498,0.0,-1.20613731269259e-05,2.24817492971124,125937.26282152331,125936.92457915863,1.9128344021573105,683.5649909048955,0.0,-1.7300478702964028e-06,0.31198147857526237,74014.15390593612,74013.94442045185,1.0953254306868219,391.41721743612186,0.0,-1.8868096276491997e-06,0.19405531474956206,2616906138.1553307,2616885417.104235,0.9443496778581383,334.56475096739194,0.0,-1.2392279525909657,20227.796425638564
350.0,2.0,6.356359404837623,5.6998256318429785,7.576337932935283,868143.9996816419,25192.35063535744,17.4390881946358,6.261383812245763e-09,0.9800005367194917,2.9999999999999996,893336.3503170004,893333.8971267445,13.487197814496787,4847.513817288492,0.0,-1.2062678251822945e-05,2.2535202126464355,125933.43850422627,125933.09955144864,1.9125138550332377,687.390018614962,0.0,-1.7299682895099977e-06,0.31269189160207134,74011.96408518245,74011.75413681874,1.0951418163382223,393.6075010687983,0.0,-1.8872469240704959e-06,0.19451819375359491,2616906209.159395,2616885415.215762,0.9442347150289365,336.4532203974498,0.0,-1.239231556438142,20300.68895962856
352.0,2.0,6.356169829530824,5.699561229660407,7.576133159899019,868117.2049732001,25192.180478901242,17.436230565299525,7.45676051445296e-09,0.9800005370110626,2.9999999999999996,893309.3854521037,893306.9272177633,13.48495448921335,4874.483726266919,0.0,-1.2065485861967318e-05,2.2585642943467974,125929.61477941918,125929.27515990168,1.9121957732732224,691.2144101615083,0.0,-1.7303866570728133e-06,0.3133586310539158,74009.77460309741,74009.56421759183,1.0949596136007773,395.7974202959998,0.0,-1.8869501445806236e-06,0.19495533591214098,2616906279.554867,2616885413.327526,0.9441206966689349,338.34146179078766,0.0,-1.23922620893768,20372.972672594773
354.0,2.0,6.355980740061491,5.699298396554798,7.575929526238092,868090.4145308838,25192.01033876935,17.433394547274595,8.67614322887457e-09,0.9800005373229161,2.9999999999999996,893282.4248696497,893279.9617615938,13.482728085666471,4901.449182438252,0.0,-1.2063600479450542e-05,2.2634380116896864,125925.79159342794,125925.4513997235,1.911880089135466,695.0381703397793,0.0,-1.7302886590186972e-06,0.3139328180909615,74007.58542842523,74007.3746600248,1.094778783727326,397.98697786345446,0.0,-1.886530583306012e-06,0.19533823118553073,2616906349.090447,2616885411.4395046,0.9440075974214749,340.2294769856306,0.0,-1.2392324832109693,20444.39626794785
356.0,2.0,6.355792143952943,5.699037088187777,7.575727023312096,868063.628009317,25191.840220082082,17.43057957870151,9.917107387516797e-09,0.980000537654522,2.9999999999999996,893255.468229401,893253.0007252647,13.480518163522971,4928.410218765298,0.0,-1.206571232614806e-05,2.2678340900829426,125921.96906034011,125921.6282662432,1.9115667401991419,698.8613038201776,0.0,-1.7301889556620154e-06,0.3145332106552132,74005.39662799709,74005.18546144238,1.094599291012566,400.1761764454796,0.0,-1.8869240534513665e-06,0.19573638507523583,2616906418.39132,2616885409.551712,0.9438953938839407,342.11726777339845,0.0,-1.2392342827233733,20515.58493201519
358.0,2.0,6.355604044240058,5.69877726345685,7.5755256425328765,868036.8455709561,25191.670119277464,17.42778513613746,1.1177332509392763e-08,0.9800005380053771,2.9999999999999996,893228.5156902364,893226.0440766384,13.478324312576778,4955.366867390451,0.0,-1.2066807357768994e-05,2.2719435505468937,125918.14709887948,125917.80575490638,1.9112556683163995,702.6838151568104,0.0,-1.7303805179835763e-06,0.3150830866529759,74003.20815517586,74002.99661923792,1.0944211021938615,402.3650186498673,0.0,-1.8869939708565653e-06,0.19610576823123438,2616906487.069493,2616885407.664144,0.9437840642277525,344.00483590185394,0.0,-1.2392341512466487,20586.150672731994
360.0,2.0,6.355416433148695,5.698518884501803,7.575325375652172,868010.0671066922,25191.500037584767,17.425010734360892,1.2454594714215456e-08,0.9800005383742776,2.9999999999999996,893201.5671442779,893199.0917843367,13.476146152510834,4982.319159695473,0.0,-1.2063477697665803e-05,2.275689897071061,125914.32573597382,125913.9838612671,1.9109468196503898,706.5057087961112,0.0,-1.7303601680396241e-06,0.31561382029838114,74001.02002552713,74000.80813086472,1.0942441864721346,404.5535070228116,0.0,-1.8872478904086165e-06,0.19646449244919495,2616906555.2871065,2616885405.7767944,0.9436735881821281,345.8921830782182,0.0,-1.2392365804427072,20656.255633605408
362.0,2.0,6.355229293857239,5.698261916666681,7.575126213971686,867983.2927459137,25191.329972248597,17.42225595878894,1.427638775369741e-08,0.98000053868514,2.9999999999999996,893174.622718159,893172.1438176412,13.47398334907773,5009.267126393628,0.0,-1.2060852895956486e-05,2.2792304763643187,125910.50490742433,125910.1625809581,1.9106401543060922,710.3269891047233,0.0,-1.7307471580352285e-06,0.3160655794193872,73998.83220090417,73998.61999382336,1.0940685209061123,406.7416440646238,0.0,-1.886796837879956e-06,0.19677691130067387,2616906622.7380815,2616885403.8896685,0.9435639487753942,347.77931097576896,0.0,-1.2392346518250292,20725.593736444214
364.0,2.0,6.355042632856893,5.698006327063328,7.574928148359052,867956.5222194924,25191.159927144847,17.419520394170537,1.6794446563059674e-08,0.9800005389127513,2.9999999999999996,893147.6821466343,893145.2001464902,13.471835573838494,5036.2107975413055,0.0,-1.2064123438904062e-05,2.282330099373212,125906.68470087426,125906.34190970202,1.9103356281784827,714.1476603610803,0.0,-1.730468852656486e-06,0.3165302857099732,73996.64473279177,73996.43220566308,1.0938940802248116,408.9294322250734,0.0,-1.886632219338935e-06,0.19709695934756155,2616906689.8982153,2616885402.00276,0.9434551287231936,349.66622123321537,0.0,-1.2392329255675918,20794.640780540314
365.0,1.0,6.354949422418894,5.697878872031829,7.574829388446693,867943.1378141412,25191.07490997824,17.418157884176086,1.8042281191413204e-08,0.9800005390337978,2.9999999999999996,893134.2127241221,893131.7293806785,13.470765810074884,5049.681563351381,0.0,-1.2065788723703008e-05,2.2836733972262664,125904.77476874724,125904.43172575258,1.910183949150608,716.0578443102308,0.0,-1.730757958284812e-06,0.3167821078418456,73995.55109670044,73995.3383984681,1.093807194351675,410.02323941942507,0.0,-1.887259145405551e-06,0.19726806236633365,2616906723.489186,2616885401.059366,0.943400948641197,350.60962218185654,0.0,-1.2392256842018128,20829.17515200516
