time_days,cell,x_m,y_m,depth_m,pressure_bar,gas_saturation,gas_H2_mole_fraction,aqueous_H2_mole_fraction
0.0,0,55.55555555555556,55.55555555555556,102.5,5.999557826243381,0.7499389048457202,0.9728989537725385,7.971840295705841e-05
0.0,1,166.66666666666669,55.55555555555556,102.5,5.999557826243381,0.7499389048457202,0.9728989537725385,7.971840295705841e-05
0.0,2,277.77777777777777,55.55555555555556,102.5,5.999557826243381,0.7499389048457202,0.9728989537725385,7.971840295705841e-05
0.0,3,388.8888888888889,55.55555555555556,102.5,5.999557826243381,0.7499389048457202,0.9728989537725385,7.971840295705841e-05
0.0,4,500.0,55.55555555555556,102.5,5.999557826243381,0.7499389048457202,0.9728989537725385,7.971840295705841e-05
0.0,5,611.1111111111111,55.55555555555556,102.5,5.999557826243381,0.7499389048457202,0.9728989537725385,7.971840295705841e-05
0.0,6,722.2222222222223,55.55555555555556,102.5,5.999557826243381,0.7499389048457202,0.9728989537725385,7.971840295705841e-05
0.0,7,833.3333333333334,55.55555555555556,102.5,5.999557826243381,0.7499389048457202,0.9728989537725385,7.971840295705841e-05
0.0,8,944.4444444444445,55.55555555555556,102.5,5.999557826243381,0.7499389048457202,0.9728989537725385,7.971840295705841e-05
0.0,9,55.55555555555556,166.66666666666669,102.5,5.999557826243381,0.7499389048457202,0.9728989537725385,7.971840295705841e-05
0.0,10,166.66666666666669,166.66666666666669,102.5,5.999557826243381,0.7499389048457202,0.9728989537725385,7.971840295705841e-05
0.0,11,277.77777777777777,166.66666666666669,102.5,5.999557826243381,0.7499389048457202,0.9728989537725385,7.971840295705841e-05
0.0,12,388.8888888888889,166.66666666666669,102.5,5.999557826243381,0.7499389048457202,0.9728989537725385,7.971840295705841e-05
0.0,13,500.0,166.66666666666669,102.5,5.999557826243381,0.7499389048457202,0.9728989537725385,7.971840295705841e-05
0.0,14,611.1111111111111,166.66666666666669,102.5,5.999557826243381,0.7499389048457202,0.9728989537725385,7.971840295705841e-05
0.0,15,722.2222222222223,166.66666666666669,102.5,5.999557826243381,0.7499389048457202,0.9728989537725385,7.971840295705841e-05
0.0,16,833.3333333333334,166.66666666666669,102.5,5.999557826243381,0.7499389048457202,0.9728989537725385,7.971840295705841e-05
0.0,17,944.4444444444445,166.66666666666669,102.5,5.999557826243381,0.7499389048457202,0.9728989537725385,7.971840295705841e-05
0.0,18,55.55555555555556,277.77777777777777,102.5,5.999557826243381,0.7499389048457202,0.9728989537725385,7.971840295705841e-05
0.0,19,166.66666666666669,277.77777777777777,102.5,5.999557826243381,0.7499389048457202,0.9728989537725385,7.971840295705841e-05
0.0,20,277.77777777777777,277.77777777777777,102.5,5.999557826243381,0.7499389048457202,0.9728989537725385,7.971840295705841e-05
0.0,21,388.8888888888889,277.77777777777777,102.5,5.999557826243381,0.7499389048457202,0.9728989537725385,7.971840295705841e-05
0.0,22,500.0,277.77777777777777,102.5,5.999557826243381,0.7499389048457202,0.9728989537725385,7.971840295705841e-05
0.0,23,611.1111111111111,277.77777777777777,102.5,5.999557826243381,0.7499389048457202,0.9728989537725385,7.971840295705841e-05
0.0,24,722.2222222222223,277.77777777777777,102.5,5.999557826243381,0.7499389048457202,0.9728989537725385,7.971840295705841e-05
0.0,25,833.3333333333334,277.77777777777777,102.5,5.999557826243381,0.7499389048457202,0.9728989537725385,7.971840295705841e-05
0.0,26,944.4444444444445,277.77777777777777,102.5,5.999557826243381,0.7499389048457202,0.9728989537725385,7.971840295705841e-05
0.0,27,55.55555555555556,388.8888888888889,102.5,5.999557826243381,0.7499389048457202,0.9728989537725385,7.971840295705841e-05
0.0,28,166.66666666666669,388.8888888888889,102.5,5.999557826243381,0.7499389048457202,0.9728989537725385,7.971840295705841e-05
0.0,29,277.77777777777777,388.8888888888889,102.5,5.999557826243381,0.7499389048457202,0.9728989537725385,7.971840295705841e-05
0.0,30,388.8888888888889,388.8888888888889,102.5,5.999557826243381,0.7499389048457202,0.9728989537725385,7.971840295705841e-05
0.0,31,500.0,388.8888888888889,102.5,5.999557826243381,0.7499389048457202,0.9728989537725385,7.971840295705841e-05
0.0,32,611.1111111111111,388.8888888888889,102.5,5.999557826243381,0.7499389048457202,0.9728989537725385,7.971840295705841e-05
0.0,33,722.2222222222223,388.8888888888889,102.5,5.999557826243381,0.7499389048457202,0.9728989537725385,7.971840295705841e-05
0.0,34,833.3333333333334,388.8888888888889,102.5,5.999557826243381,0.7499389048457202,0.9728989537725385,7.971840295705841e-05
0.0,35,944.4444444444445,388.8888888888889,102.5,5.999557826243381,0.7499389048457202,0.9728989537725385,7.971840295705841e-05
0.0,36,55.55555555555556,500.0,102.5,5.999557826243381,0.7499389048457202,0.9728989537725385,7.971840295705841e-05
0.0,37,166.66666666666669,500.0,102.5,5.999557826243381,0.7499389048457202,0.9728989537725385,7.971840295705841e-05
0.0,38,277.77777777777777,500.0,102.5,5.999557826243381,0.7499389048457202,0.9728989537725385,7.971840295705841e-05
0.0,39,388.8888888888889,500.0,102.5,5.999557826243381,0.7499389048457202,0.9728989537725385,7.971840295705841e-05
0.0,40,500.0,500.0,102.5,5.999557826243381,0.7499389048457202,0.9728989537725385,7.971840295705841e-05
0.0,41,611.1111111111111,500.0,102.5,5.999557826243381,0.7499389048457202,0.9728989537725385,7.971840295705841e-05
0.0,42,722.2222222222223,500.0,102.5,5.999557826243381,0.7499389048457202,0.9728989537725385,7.971840295705841e-05
0.0,43,833.3333333333334,500.0,102.5,5.999557826243381,0.7499389048457202,0.9728989537725385,7.971840295705841e-05
0.0,44,944.4444444444445,500.0,102.5,5.999557826243381,0.7499389048457202,0.9728989537725385,7.971840295705841e-05
0.0,45,55.55555555555556,611.1111111111111,102.5,5.999557826243381,0.7499389048457202,0.9728989537725385,7.971840295705841e-05
0.0,46,166.66666666666669,611.1111111111111,102.5,5.999557826243381,0.7499389048457202,0.9728989537725385,7.971840295705841e-05
0.0,47,277.77777777777777,611.1111111111111,102.5,5.999557826243381,0.7499389048457202,0.9728989537725385,7.971840295705841e-05
0.0,48,388.8888888888889,611.1111111111111,102.5,5.999557826243381,0.7499389048457202,0.9728989537725385,7.971840295705841e-05
0.0,49,500.0,611.1111111111111,102.5,5.999557826243381,0.7499389048457202,0.9728989537725385,7.971840295705841e-05
0.0,50,611.1111111111111,611.1111111111111,102.5,5.999557826243381,0.7499389048457202,0.9728989537725385,7.971840295705841e-05
0.0,51,722.2222222222223,611.1111111111111,102.5,5.999557826243381,0.7499389048457202,0.9728989537725385,7.971840295705841e-05
0.0,52,833.3333333333334,611.1111111111111,102.5,5.999557826243381,0.7499389048457202,0.9728989537725385,7.971840295705841e-05
0.0,53,944.4444444444445,611.1111111111111,102.5,5.999557826243381,0.7499389048457202,0.9728989537725385,7.971840295705841e-05
0.0,54,55.55555555555556,722.2222222222223,102.5,5.999557826243381,0.7499389048457202,0.9728989537725385,7.971840295705841e-05
0.0,55,166.66666666666669,722.2222222222223,102.5,5.999557826243381,0.7499389048457202,0.9728989537725385,7.971840295705841e-05
0.0,56,277.77777777777777,722.2222222222223,102.5,5.999557826243381,0.7499389048457202,0.9728989537725385,7.971840295705841e-05
0.0,57,388.8888888888889,722.2222222222223,102.5,5.999557826243381,0.7499389048457202,0.9728989537725385,7.971840295705841e-05
0.0,58,500.0,722.2222222222223,102.5,5.999557826243381,0.7499389048457202,0.9728989537725385,7.971840295705841e-05
0.0,59,611.1111111111111,722.2222222222223,102.5,5.999557826243381,0.7499389048457202,0.9728989537725385,7.971840295705841e-05
0.0,60,722.2222222222223,722.2222222222223,102.5,5.999557826243381,0.7499389048457202,0.9728989537725385,7.971840295705841e-05
0.0,61,833.3333333333334,722.2222222222223,102.5,5.999557826243381,0.7499389048457202,0.9728989537725385,7.971840295705841e-05
0.0,62,944.4444444444445,722.2222222222223,102.5,5.999557826243381,0.7499389048457202,0.9728989537725385,7.971840295705841e-05
0.0,63,55.55555555555556,833.3333333333334,102.5,5.999557826243381,0.7499389048457202,0.9728989537725385,7.971840295705841e-05
0.0,64,166.66666666666669,833.3333333333334,102.5,5.999557826243381,0.7499389048457202,0.9728989537725385,7.971840295705841e-05
0.0,65,277.77777777777777,833.3333333333334,102.5,5.999557826243381,0.7499389048457202,0.9728989537725385,7.971840295705841e-05
0.0,66,388.8888888888889,833.3333333333334,102.5,5.999557826243381,0.7499389048457202,0.9728989537725385,7.971840295705841e-05
0.0,67,500.0,833.3333333333334,102.5,5.999557826243381,0.7499389048457202,0.9728989537725385,7.971840295705841e-05
0.0,68,611.1111111111111,833.3333333333334,102.5,5.999557826243381,0.7499389048457202,0.9728989537725385,7.971840295705841e-05
0.0,69,722.2222222222223,833.3333333333334,102.5,5.999557826243381,0.7499389048457202,0.9728989537725385,7.971840295705841e-05
0.0,70,833.3333333333334,833.3333333333334,102.5,5.999557826243381,0.7499389048457202,0.9728989537725385,7.971840295705841e-05
0.0,71,944.4444444444445,833.3333333333334,102.5,5.999557826243381,0.7499389048457202,0.9728989537725385,7.971840295705841e-05
0.0,72,55.55555555555556,944.4444444444445,102.5,5.999557826243381,0.7499389048457202,0.9728989537725385,7.971840295705841e-05
0.0,73,166.66666666666669,944.4444444444445,102.5,5.999557826243381,0.7499389048457202,0.9728989537725385,7.971840295705841e-05
0.0,74,277.77777777777777,944.4444444444445,102.5,5.999557826243381,0.7499389048457202,0.9728989537725385,7.971840295705841e-05
0.0,75,388.8888888888889,944.4444444444445,102.5,5.999557826243381,0.7499389048457202,0.9728989537725385,7.971840295705841e-05
0.0,76,500.0,944.4444444444445,102.5,5.999557826243381,0.7499389048457202,0.9728989537725385,7.971840295705841e-05
0.0,77,611.1111111111111,944.4444444444445,102.5,5.999557826243381,0.7499389048457202,0.9728989537725385,7.971840295705841e-05
0.0,78,722.2222222222223,944.4444444444445,102.5,5.999557826243381,0.7499389048457202,0.9728989537725385,7.971840295705841e-05
0.0,79,833.3333333333334,944.4444444444445,102.5,5.999557826243381,0.7499389048457202,0.9728989537725385,7.971840295705841e-05
0.0,80,944.4444444444445,944.4444444444445,102.5,5.999557826243381,0.7499389048457202,0.9728989537725385,7.971840295705841e-05
0.0,81,55.55555555555556,55.55555555555556,107.5,5.999852605290406,0.7498995277421171,0.9728992936851246,7.972234091504035e-05
0.0,82,166.66666666666669,55.55555555555556,107.5,5.999852605290406,0.7498995277421171,0.9728992936851246,7.972234091504035e-05
0.0,83,277.77777777777777,55.55555555555556,107.5,5.999852605290406,0.7498995277421171,0.9728992936851246,7.972234091504035e-05
0.0,84,388.8888888888889,55.55555555555556,107.5,5.999852605290406,0.7498995277421171,0.9728992936851246,7.972234091504035e-05
0.0,85,500.0,55.55555555555556,107.5,5.999852605290406,0.7498995277421171,0.9728992936851246,7.972234091504035e-05
0.0,86,611.1111111111111,55.55555555555556,107.5,5.999852605290406,0.7498995277421171,0.9728992936851246,7.972234091504035e-05
0.0,87,722.2222222222223,55.55555555555556,107.5,5.999852605290406,0.7498995277421171,0.9728992936851246,7.972234091504035e-05
0.0,88,833.3333333333334,55.55555555555556,107.5,5.999852605290406,0.7498995277421171,0.9728992936851246,7.972234091504035e-05
0.0,89,944.4444444444445,55.55555555555556,107.5,5.999852605290406,0.7498995277421171,0.9728992936851246,7.972234091504035e-05
0.0,90,55.55555555555556,166.66666666666669,107.5,5.999852605290406,0.7498995277421171,0.9728992936851246,7.972234091504035e-05
0.0,91,166.66666666666669,166.66666666666669,107.5,5.999852605290406,0.7498995277421171,0.9728992936851246,7.972234091504035e-05
0.0,92,277.77777777777777,166.66666666666669,107.5,5.999852605290406,0.7498995277421171,0.9728992936851246,7.972234091504035e-05
0.0,93,388.8888888888889,166.66666666666669,107.5,5.999852605290406,0.7498995277421171,0.9728992936851246,7.972234091504035e-05
0.0,94,500.0,166.66666666666669,107.5,5.999852605290406,0.7498995277421171,0.9728992936851246,7.972234091504035e-05
0.0,95,611.1111111111111,166.66666666666669,107.5,5.999852605290406,0.7498995277421171,0.9728992936851246,7.972234091504035e-05
0.0,96,722.2222222222223,166.66666666666669,107.5,5.999852605290406,0.7498995277421171,0.9728992936851246,7.972234091504035e-05
0.0,97,833.3333333333334,166.66666666666669,107.5,5.999852605290406,0.7498995277421171,0.9728992936851246,7.972234091504035e-05
0.0,98,944.4444444444445,166.66666666666669,107.5,5.999852605290406,0.7498995277421171,0.9728992936851246,7.972234091504035e-05
0.0,99,55.55555555555556,277.77777777777777,107.5,5.999852605290406,0.7498995277421171,0.9728992936851246,7.972234091504035e-05
0.0,100,166.66666666666669,277.77777777777777,107.5,5.999852605290406,0.7498995277421171,0.9728992936851246,7.972234091504035e-05
0.0,101,277.77777777777777,277.77777777777777,107.5,5.999852605290406,0.7498995277421171,0.9728992936851246,7.972234091504035e-05
0.0,102,388.8888888888889,277.77777777777777,107.5,5.999852605290406,0.7498995277421171,0.9728992936851246,7.972234091504035e-05
0.0,103,500.0,277.77777777777777,107.5,5.999852605290406,0.7498995277421171,0.9728992936851246,7.972234091504035e-05
0.0,104,611.1111111111111,277.77777777777777,107.5,5.999852605290406,0.7498995277421171,0.9728992936851246,7.972234091504035e-05
0.0,105,722.2222222222223,277.77777777777777,107.5,5.999852605290406,0.7498995277421171,0.9728992936851246,7.972234091504035e-05
0.0,106,833.3333333333334,277.77777777777777,107.5,5.999852605290406,0.7498995277421171,0.9728992936851246,7.972234091504035e-05
0.0,107,944.4444444444445,277.77777777777777,107.5,5.999852605290406,0.7498995277421171,0.9728992936851246,7.972234091504035e-05
0.0,108,55.55555555555556,388.8888888888889,107.5,5.999852605290406,0.7498995277421171,0.9728992936851246,7.972234091504035e-05
0.0,109,166.66666666666669,388.8888888888889,107.5,5.999852605290406,0.7498995277421171,0.9728992936851246,7.972234091504035e-05
0.0,110,277.77777777777777,388.8888888888889,107.5,5.999852605290406,0.7498995277421171,0.9728992936851246,7.972234091504035e-05
0.0,111,388.8888888888889,388.8888888888889,107.5,5.999852605290406,0.7498995277421171,0.9728992936851246,7.972234091504035e-05
0.0,112,500.0,388.8888888888889,107.5,5.999852605290406,0.7498995277421171,0.9728992936851246,7.972234091504035e-05
0.0,113,611.1111111111111,388.8888888888889,107.5,5.999852605290406,0.7498995277421171,0.9728992936851246,7.972234091504035e-05
0.0,114,722.2222222222223,388.8888888888889,107.5,5.999852605290406,0.7498995277421171,0.9728992936851246,7.972234091504035e-05
0.0,115,833.3333333333334,388.8888888888889,107.5,5.999852605290406,0.7498995277421171,0.9728992936851246,7.972234091504035e-05
0.0,116,944.4444444444445,388.8888888888889,107.5,5.999852605290406,0.7498995277421171,0.9728992936851246,7.972234091504035e-05
0.0,117,55.55555555555556,500.0,107.5,5.999852605290406,0.7498995277421171,0.9728992936851246,7.972234091504035e-05
0.0,118,166.66666666666669,500.0,107.5,5.999852605290406,0.7498995277421171,0.9728992936851246,7.972234091504035e-05
0.0,119,277.77777777777777,500.0,107.5,5.999852605290406,0.7498995277421171,0.9728992936851246,7.972234091504035e-05
0.0,120,388.8888888888889,500.0,107.5,5.999852605290406,0.7498995277421171,0.9728992936851246,7.972234091504035e-05
0.0,121,500.0,500.0,107.5,5.999852605290406,0.7498995277421171,0.9728992936851246,7.972234091504035e-05
0.0,122,611.1111111111111,500.0,107.5,5.999852605290406,0.7498995277421171,0.9728992936851246,7.972234091504035e-05
0.0,123,722.2222222222223,500.0,107.5,5.999852605290406,0.7498995277421171,0.9728992936851246,7.972234091504035e-05
0.0,124,833.3333333333334,500.0,107.5,5.999852605290406,0.7498995277421171,0.9728992936851246,7.972234091504035e-05
0.0,125,944.4444444444445,500.0,107.5,5.999852605290406,0.7498995277421171,0.9728992936851246,7.972234091504035e-05
0.0,126,55.55555555555556,611.1111111111111,107.5,5.999852605290406,0.7498995277421171,0.9728992936851246,7.972234091504035e-05
0.0,127,166.66666666666669,611.1111111111111,107.5,5.999852605290406,0.7498995277421171,0.9728992936851246,7.972234091504035e-05
0.0,128,277.77777777777777,611.1111111111111,107.5,5.999852605290406,0.7498995277421171,0.9728992936851246,7.972234091504035e-05
0.0,129,388.8888888888889,611.1111111111111,107.5,5.999852605290406,0.7498995277421171,0.9728992936851246,7.972234091504035e-05
0.0,130,500.0,611.1111111111111,107.5,5.999852605290406,0.7498995277421171,0.9728992936851246,7.972234091504035e-05
0.0,131,611.1111111111111,611.1111111111111,107.5,5.999852605290406,0.7498995277421171,0.9728992936851246,7.972234091504035e-05
0.0,132,722.2222222222223,611.1111111111111,107.5,5.999852605290406,0.7498995277421171,0.9728992936851246,7.972234091504035e-05
0.0,133,833.3333333333334,611.1111111111111,107.5,5.999852605290406,0.7498995277421171,0.9728992936851246,7.972234091504035e-05
0.0,134,944.4444444444445,611.1111111111111,107.5,5.999852605290406,0.7498995277421171,0.9728992936851246,7.972234091504035e-05
0.0,135,55.55555555555556,722.2222222222223,107.5,5.999852605290406,0.7498995277421171,0.9728992936851246,7.972234091504035e-05
0.0,136,166.66666666666669,722.2222222222223,107.5,5.999852605290406,0.7498995277421171,0.9728992936851246,7.972234091504035e-05
0.0,137,277.77777777777777,722.2222222222223,107.5,5.999852605290406,0.7498995277421171,0.9728992936851246,7.972234091504035e-05
0.0,138,388.8888888888889,722.2222222222223,107.5,5.999852605290406,0.7498995277421171,0.9728992936851246,7.972234091504035e-05
0.0,139,500.0,722.2222222222223,107.5,5.999852605290406,0.7498995277421171,0.9728992936851246,7.972234091504035e-05
0.0,140,611.1111111111111,722.2222222222223,107.5,5.999852605290406,0.7498995277421171,0.9728992936851246,7.972234091504035e-05
0.0,141,722.2222222222223,722.2222222222223,107.5,5.999852605290406,0.7498995277421171,0.9728992936851246,7.972234091504035e-05
0.0,142,833.3333333333334,722.2222222222223,107.5,5.999852605290406,0.7498995277421171,0.9728992936851246,7.972234091504035e-05
0.0,143,944.4444444444445,722.2222222222223,107.5,5.999852605290406,0.7498995277421171,0.9728992936851246,7.972234091504035e-05
0.0,144,55.55555555555556,833.3333333333334,107.5,5.999852605290406,0.7498995277421171,0.9728992936851246,7.972234091504035e-05
0.0,145,166.66666666666669,833.3333333333334,107.5,5.999852605290406,0.7498995277421171,0.9728992936851246,7.972234091504035e-05
0.0,146,277.77777777777777,833.3333333333334,107.5,5.999852605290406,0.7498995277421171,0.9728992936851246,7.972234091504035e-05
0.0,147,388.8888888888889,833.3333333333334,107.5,5.999852605290406,0.7498995277421171,0.9728992936851246,7.972234091504035e-05
0.0,148,500.0,833.3333333333334,107.5,5.999852605290406,0.7498995277421171,0.9728992936851246,7.972234091504035e-05
0.0,149,611.1111111111111,833.3333333333334,107.5,5.999852605290406,0.7498995277421171,0.9728992936851246,7.972234091504035e-05
0.0,150,722.2222222222223,833.3333333333334,107.5,5.999852605290406,0.7498995277421171,0.9728992936851246,7.972234091504035e-05
0.0,151,833.3333333333334,833.3333333333334,107.5,5.999852605290406,0.7498995277421171,0.9728992936851246,7.972234091504035e-05
0.0,152,944.4444444444445,833.3333333333334,107.5,5.999852605290406,0.7498995277421171,0.9728992936851246,7.972234091504035e-05
0.0,153,55.55555555555556,944.4444444444445,107.5,5.999852605290406,0.7498995277421171,0.9728992936851246,7.972234091504035e-05
0.0,154,166.66666666666669,944.4444444444445,107.5,5.999852605290406,0.7498995277421171,0.9728992936851246,7.972234091504035e-05
0.0,155,277.77777777777777,944.4444444444445,107.5,5.999852605290406,0.7498995277421171,0.9728992936851246,7.972234091504035e-05
0.0,156,388.8888888888889,944.4444444444445,107.5,5.999852605290406,0.7498995277421171,0.9728992936851246,7.972234091504035e-05
0.0,157,500.0,944.4444444444445,107.5,5.999852605290406,0.7498995277421171,0.9728992936851246,7.972234091504035e-05
0.0,158,611.1111111111111,944.4444444444445,107.5,5.999852605290406,0.7498995277421171,0.9728992936851246,7.972234091504035e-05
0.0,159,722.2222222222223,944.4444444444445,107.5,5.999852605290406,0.7498995277421171,0.9728992936851246,7.972234091504035e-05
0.0,160,833.3333333333334,944.4444444444445,107.5,5.999852605290406,0.7498995277421171,0.9728992936851246,7.972234091504035e-05
0.0,161,944.4444444444445,944.4444444444445,107.5,5.999852605290406,0.7498995277421171,0.9728992936851246,7.972234091504035e-05
0.0,162,55.55555555555556,55.55555555555556,112.5,6.000147398167091,0.749804890468588,0.9728996335802645,7.972627905711708e-05
0.0,163,166.66666666666669,55.55555555555556,112.5,6.000147398167091,0.749804890468588,0.9728996335802645,7.972627905711708e-05
0.0,164,277.77777777777777,55.55555555555556,112.5,6.000147398167091,0.749804890468588,0.9728996335802645,7.972627905711708e-05
0.0,165,388.8888888888889,55.55555555555556,112.5,6.000147398167091,0.749804890468588,0.9728996335802645,7.972627905711708e-05
0.0,166,500.0,55.55555555555556,112.5,6.000147398167091,0.749804890468588,0.9728996335802645,7.972627905711708e-05
0.0,167,611.1111111111111,55.55555555555556,112.5,6.000147398167091,0.749804890468588,0.9728996335802645,7.972627905711708e-05
0.0,168,722.2222222222223,55.55555555555556,112.5,6.000147398167091,0.749804890468588,0.9728996335802645,7.972627905711708e-05
0.0,169,833.3333333333334,55.55555555555556,112.5,6.000147398167091,0.749804890468588,0.9728996335802645,7.972627905711708e-05
0.0,170,944.4444444444445,55.55555555555556,112.5,6.000147398167091,0.749804890468588,0.9728996335802645,7.972627905711708e-05
0.0,171,55.55555555555556,166.66666666666669,112.5,6.000147398167091,0.749804890468588,0.9728996335802645,7.972627905711708e-05
0.0,172,166.66666666666669,166.66666666666669,112.5,6.000147398167091,0.749804890468588,0.9728996335802645,7.972627905711708e-05
0.0,173,277.77777777777777,166.66666666666669,112.5,6.000147398167091,0.749804890468588,0.9728996335802645,7.972627905711708e-05
0.0,174,388.8888888888889,166.66666666666669,112.5,6.000147398167091,0.749804890468588,0.9728996335802645,7.972627905711708e-05
0.0,175,500.0,166.66666666666669,112.5,6.000147398167091,0.749804890468588,0.9728996335802645,7.972627905711708e-05
0.0,176,611.1111111111111,166.66666666666669,112.5,6.000147398167091,0.749804890468588,0.9728996335802645,7.972627905711708e-05
0.0,177,722.2222222222223,166.66666666666669,112.5,6.000147398167091,0.749804890468588,0.9728996335802645,7.972627905711708e-05
0.0,178,833.3333333333334,166.66666666666669,112.5,6.000147398167091,0.749804890468588,0.9728996335802645,7.972627905711708e-05
0.0,179,944.4444444444445,166.66666666666669,112.5,6.000147398167091,0.749804890468588,0.9728996335802645,7.972627905711708e-05
0.0,180,55.55555555555556,277.77777777777777,112.5,6.000147398167091,0.749804890468588,0.9728996335802645,7.972627905711708e-05
0.0,181,166.66666666666669,277.77777777777777,112.5,6.000147398167091,0.749804890468588,0.9728996335802645,7.972627905711708e-05
0.0,182,277.77777777777777,277.77777777777777,112.5,6.000147398167091,0.749804890468588,0.9728996335802645,7.972627905711708e-05
0.0,183,388.8888888888889,277.77777777777777,112.5,6.000147398167091,0.749804890468588,0.9728996335802645,7.972627905711708e-05
0.0,184,500.0,277.77777777777777,112.5,6.000147398167091,0.749804890468588,0.9728996335802645,7.972627905711708e-05
0.0,185,611.1111111111111,277.77777777777777,112.5,6.000147398167091,0.749804890468588,0.9728996335802645,7.972627905711708e-05
0.0,186,722.2222222222223,277.77777777777777,112.5,6.000147398167091,0.749804890468588,0.9728996335802645,7.972627905711708e-05
0.0,187,833.3333333333334,277.77777777777777,112.5,6.000147398167091,0.749804890468588,0.9728996335802645,7.972627905711708e-05
0.0,188,944.4444444444445,277.77777777777777,112.5,6.000147398167091,0.749804890468588,0.9728996335802645,7.972627905711708e-05
0.0,189,55.55555555555556,388.8888888888889,112.5,6.000147398167091,0.749804890468588,0.9728996335802645,7.972627905711708e-05
0.0,190,166.66666666666669,388.8888888888889,112.5,6.000147398167091,0.749804890468588,0.9728996335802645,7.972627905711708e-05
0.0,191,277.77777777777777,388.8888888888889,112.5,6.000147398167091,0.749804890468588,0.9728996335802645,7.972627905711708e-05
0.0,192,388.8888888888889,388.8888888888889,112.5,6.000147398167091,0.749804890468588,0.9728996335802645,7.972627905711708e-05
0.0,193,500.0,388.8888888888889,112.5,6.000147398167091,0.749804890468588,0.9728996335802645,7.972627905711708e-05
0.0,194,611.1111111111111,388.8888888888889,112.5,6.000147398167091,0.749804890468588,0.9728996335802645,7.972627905711708e-05
0.0,195,722.2222222222223,388.8888888888889,112.5,6.000147398167091,0.749804890468588,0.9728996335802645,7.972627905711708e-05
0.0,196,833.3333333333334,388.8888888888889,112.5,6.000147398167091,0.749804890468588,0.9728996335802645,7.972627905711708e-05
0.0,197,944.4444444444445,388.8888888888889,112.5,6.000147398167091,0.749804890468588,0.9728996335802645,7.972627905711708e-05
0.0,198,55.55555555555556,500.0,112.5,6.000147398167091,0.749804890468588,0.9728996335802645,7.972627905711708e-05
0.0,199,166.66666666666669,500.0,112.5,6.000147398167091,0.749804890468588,0.9728996335802645,7.972627905711708e-05
0.0,200,277.77777777777777,500.0,112.5,6.000147398167091,0.749804890468588,0.9728996335802645,7.972627905711708e-05
0.0,201,388.8888888888889,500.0,112.5,6.000147398167091,0.749804890468588,0.9728996335802645,7.972627905711708e-05
0.0,202,500.0,500.0,112.5,6.000147398167091,0.749804890468588,0.9728996335802645,7.972627905711708e-05
0.0,203,611.1111111111111,500.0,112.5,6.000147398167091,0.749804890468588,0.9728996335802645,7.972627905711708e-05
0.0,204,722.2222222222223,500.0,112.5,6.000147398167091,0.749804890468588,0.9728996335802645,7.972627905711708e-05
0.0,205,833.3333333333334,500.0,112.5,6.000147398167091,0.749804890468588,0.9728996335802645,7.972627905711708e-05
0.0,206,944.4444444444445,500.0,112.5,6.000147398167091,0.749804890468588,0.9728996335802645,7.972627905711708e-05
0.0,207,55.55555555555556,611.1111111111111,112.5,6.000147398167091,0.749804890468588,0.9728996335802645,7.972627905711708e-05
0.0,208,166.66666666666669,611.1111111111111,112.5,6.000147398167091,0.749804890468588,0.9728996335802645,7.972627905711708e-05
0.0,209,277.77777777777777,611.1111111111111,112.5,6.000147398167091,0.749804890468588,0.9728996335802645,7.972627905711708e-05
0.0,210,388.8888888888889,611.1111111111111,112.5,6.000147398167091,0.749804890468588,0.9728996335802645,7.972627905711708e-05
0.0,211,500.0,611.1111111111111,112.5,6.000147398167091,0.749804890468588,0.9728996335802645,7.972627905711708e-05
0.0,212,611.1111111111111,611.1111111111111,112.5,6.000147398167091,0.749804890468588,0.9728996335802645,7.972627905711708e-05
0.0,213,722.2222222222223,611.1111111111111,112.5,6.000147398167091,0.749804890468588,0.9728996335802645,7.972627905711708e-05
0.0,214,833.3333333333334,611.1111111111111,112.5,6.000147398167091,0.749804890468588,0.9728996335802645,7.972627905711708e-05
0.0,215,944.4444444444445,611.1111111111111,112.5,6.000147398167091,0.749804890468588,0.9728996335802645,7.972627905711708e-05
0.0,216,55.55555555555556,722.2222222222223,112.5,6.000147398167091,0.749804890468588,0.9728996335802645,7.972627905711708e-05
0.0,217,166.66666666666669,722.2222222222223,112.5,6.000147398167091,0.749804890468588,0.9728996335802645,7.972627905711708e-05
0.0,218,277.77777777777777,722.2222222222223,112.5,6.000147398167091,0.749804890468588,0.9728996335802645,7.972627905711708e-05
0.0,219,388.8888888888889,722.2222222222223,112.5,6.000147398167091,0.749804890468588,0.9728996335802645,7.972627905711708e-05
0.0,220,500.0,722.2222222222223,112.5,6.000147398167091,0.749804890468588,0.9728996335802645,7.972627905711708e-05
0.0,221,611.1111111111111,722.2222222222223,112.5,6.000147398167091,0.749804890468588,0.9728996335802645,7.972627905711708e-05
0.0,222,722.2222222222223,722.2222222222223,112.5,6.000147398167091,0.749804890468588,0.9728996335802645,7.972627905711708e-05
0.0,223,833.3333333333334,722.2222222222223,112.5,6.000147398167091,0.749804890468588,0.9728996335802645,7.972627905711708e-05
0.0,224,944.4444444444445,722.2222222222223,112.5,6.000147398167091,0.749804890468588,0.9728996335802645,7.972627905711708e-05
0.0,225,55.55555555555556,833.3333333333334,112.5,6.000147398167091,0.749804890468588,0.9728996335802645,7.972627905711708e-05
0.0,226,166.66666666666669,833.3333333333334,112.5,6.000147398167091,0.749804890468588,0.9728996335802645,7.972627905711708e-05
0.0,227,277.77777777777777,833.3333333333334,112.5,6.000147398167091,0.749804890468588,0.9728996335802645,7.972627905711708e-05
0.0,228,388.8888888888889,833.3333333333334,112.5,6.000147398167091,0.749804890468588,0.9728996335802645,7.972627905711708e-05
0.0,229,500.0,833.3333333333334,112.5,6.000147398167091,0.749804890468588,0.9728996335802645,7.972627905711708e-05
0.0,230,611.1111111111111,833.3333333333334,112.5,6.000147398167091,0.749804890468588,0.9728996335802645,7.972627905711708e-05
0.0,231,722.2222222222223,833.3333333333334,112.5,6.000147398167091,0.749804890468588,0.9728996335802645,7.972627905711708e-05
0.0,232,833.3333333333334,833.3333333333334,112.5,6.000147398167091,0.749804890468588,0.9728996335802645,7.972627905711708e-05
0.0,233,944.4444444444445,833.3333333333334,112.5,6.000147398167091,0.749804890468588,0.9728996335802645,7.972627905711708e-05
0.0,234,55.55555555555556,944.4444444444445,112.5,6.000147398167091,0.749804890468588,0.9728996335802645,7.972627905711708e-05
0.0,235,166.66666666666669,944.4444444444445,112.5,6.000147398167091,0.749804890468588,0.9728996335802645,7.972627905711708e-05
0.0,236,277.77777777777777,944.4444444444445,112.5,6.000147398167091,0.749804890468588,0.9728996335802645,7.972627905711708e-05
0.0,237,388.8888888888889,944.4444444444445,112.5,6.000147398167091,0.749804890468588,0.9728996335802645,7.972627905711708e-05
0.0,238,500.0,944.4444444444445,112.5,6.000147398167091,0.749804890468588,0.9728996335802645,7.972627905711708e-05
0.0,239,611.1111111111111,944.4444444444445,112.5,6.000147398167091,0.749804890468588,0.9728996335802645,7.972627905711708e-05
0.0,240,722.2222222222223,944.4444444444445,112.5,6.000147398167091,0.749804890468588,0.9728996335802645,7.972627905711708e-05
0.0,241,833.3333333333334,944.4444444444445,112.5,6.000147398167091,0.749804890468588,0.9728996335802645,7.972627905711708e-05
0.0,242,944.4444444444445,944.4444444444445,112.5,6.000147398167091,0.749804890468588,0.9728996335802645,7.972627905711708e-05
0.0,243,55.55555555555556,55.55555555555556,117.5,6.000442204874086,0.749469512259529,0.9728999734578776,7.97302173832935e-05
0.0,244,166.66666666666669,55.55555555555556,117.5,6.000442204874086,0.749469512259529,0.9728999734578776,7.97302173832935e-05
0.0,245,277.77777777777777,55.55555555555556,117.5,6.000442204874086,0.749469512259529,0.9728999734578776,7.97302173832935e-05
0.0,246,388.8888888888889,55.55555555555556,117.5,6.000442204874086,0.749469512259529,0.9728999734578776,7.97302173832935e-05
0.0,247,500.0,55.55555555555556,117.5,6.000442204874086,0.749469512259529,0.9728999734578776,7.97302173832935e-05
0.0,248,611.1111111111111,55.55555555555556,117.5,6.000442204874086,0.749469512259529,0.9728999734578776,7.97302173832935e-05
0.0,249,722.2222222222223,55.55555555555556,117.5,6.000442204874086,0.749469512259529,0.9728999734578776,7.97302173832935e-05
0.0,250,833.3333333333334,55.55555555555556,117.5,6.000442204874086,0.749469512259529,0.9728999734578776,7.97302173832935e-05
0.0,251,944.4444444444445,55.55555555555556,117.5,6.000442204874086,0.749469512259529,0.9728999734578776,7.97302173832935e-05
0.0,252,55.55555555555556,166.66666666666669,117.5,6.000442204874086,0.749469512259529,0.9728999734578776,7.97302173832935e-05
0.0,253,166.66666666666669,166.66666666666669,117.5,6.000442204874086,0.749469512259529,0.9728999734578776,7.97302173832935e-05
0.0,254,277.77777777777777,166.66666666666669,117.5,6.000442204874086,0.749469512259529,0.9728999734578776,7.97302173832935e-05
0.0,255,388.8888888888889,166.66666666666669,117.5,6.000442204874086,0.749469512259529,0.9728999734578776,7.97302173832935e-05
0.0,256,500.0,166.66666666666669,117.5,6.000442204874086,0.749469512259529,0.9728999734578776,7.97302173832935e-05
0.0,257,611.1111111111111,166.66666666666669,117.5,6.000442204874086,0.749469512259529,0.9728999734578776,7.97302173832935e-05
0.0,258,722.2222222222223,166.66666666666669,117.5,6.000442204874086,0.749469512259529,0.9728999734578776,7.97302173832935e-05
0.0,259,833.3333333333334,166.66666666666669,117.5,6.000442204874086,0.749469512259529,0.9728999734578776,7.97302173832935e-05
0.0,260,944.4444444444445,166.66666666666669,117.5,6.000442204874086,0.749469512259529,0.9728999734578776,7.97302173832935e-05
0.0,261,55.55555555555556,277.77777777777777,117.5,6.000442204874086,0.749469512259529,0.9728999734578776,7.97302173832935e-05
0.0,262,166.66666666666669,277.77777777777777,117.5,6.000442204874086,0.749469512259529,0.9728999734578776,7.97302173832935e-05
0.0,263,277.77777777777777,277.77777777777777,117.5,6.000442204874086,0.749469512259529,0.9728999734578776,7.97302173832935e-05
0.0,264,388.8888888888889,277.77777777777777,117.5,6.000442204874086,0.749469512259529,0.9728999734578776,7.97302173832935e-05
0.0,265,500.0,277.77777777777777,117.5,6.000442204874086,0.749469512259529,0.9728999734578776,7.97302173832935e-05
0.0,266,611.1111111111111,277.77777777777777,117.5,6.000442204874086,0.749469512259529,0.9728999734578776,7.97302173832935e-05
0.0,267,722.2222222222223,277.77777777777777,117.5,6.000442204874086,0.749469512259529,0.9728999734578776,7.97302173832935e-05
0.0,268,833.3333333333334,277.77777777777777,117.5,6.000442204874086,0.749469512259529,0.9728999734578776,7.97302173832935e-05
0.0,269,944.4444444444445,277.77777777777777,117.5,6.000442204874086,0.749469512259529,0.9728999734578776,7.97302173832935e-05
0.0,270,55.55555555555556,388.8888888888889,117.5,6.000442204874086,0.749469512259529,0.9728999734578776,7.97302173832935e-05
0.0,271,166.66666666666669,388.8888888888889,117.5,6.000442204874086,0.749469512259529,0.9728999734578776,7.97302173832935e-05
0.0,272,277.77777777777777,388.8888888888889,117.5,6.000442204874086,0.749469512259529,0.9728999734578776,7.97302173832935e-05
0.0,273,388.8888888888889,388.8888888888889,117.5,6.000442204874086,0.749469512259529,0.9728999734578776,7.97302173832935e-05
0.0,274,500.0,388.8888888888889,117.5,6.000442204874086,0.749469512259529,0.9728999734578776,7.97302173832935e-05
0.0,275,611.1111111111111,388.8888888888889,117.5,6.000442204874086,0.749469512259529,0.9728999734578776,7.97302173832935e-05
0.0,276,722.2222222222223,388.8888888888889,117.5,6.000442204874086,0.749469512259529,0.9728999734578776,7.97302173832935e-05
0.0,277,833.3333333333334,388.8888888888889,117.5,6.000442204874086,0.749469512259529,0.9728999734578776,7.97302173832935e-05
0.0,278,944.4444444444445,388.8888888888889,117.5,6.000442204874086,0.749469512259529,0.9728999734578776,7.97302173832935e-05
0.0,279,55.55555555555556,500.0,117.5,6.000442204874086,0.749469512259529,0.9728999734578776,7.97302173832935e-05
0.0,280,166.66666666666669,500.0,117.5,6.000442204874086,0.749469512259529,0.9728999734578776,7.97302173832935e-05
0.0,281,277.77777777777777,500.0,117.5,6.000442204874086,0.749469512259529,0.9728999734578776,7.97302173832935e-05
0.0,282,388.8888888888889,500.0,117.5,6.000442204874086,0.749469512259529,0.9728999734578776,7.97302173832935e-05
0.0,283,500.0,500.0,117.5,6.000442204874086,0.749469512259529,0.9728999734578776,7.97302173832935e-05
0.0,284,611.1111111111111,500.0,117.5,6.000442204874086,0.749469512259529,0.9728999734578776,7.97302173832935e-05
0.0,285,722.2222222222223,500.0,117.5,6.000442204874086,0.749469512259529,0.9728999734578776,7.97302173832935e-05
0.0,286,833.3333333333334,500.0,117.5,6.000442204874086,0.749469512259529,0.9728999734578776,7.97302173832935e-05
0.0,287,944.4444444444445,500.0,117.5,6.000442204874086,0.749469512259529,0.9728999734578776,7.97302173832935e-05
0.0,288,55.55555555555556,611.1111111111111,117.5,6.000442204874086,0.749469512259529,0.9728999734578776,7.97302173832935e-05
0.0,289,166.66666666666669,611.1111111111111,117.5,6.000442204874086,0.749469512259529,0.9728999734578776,7.97302173832935e-05
0.0,290,277.77777777777777,611.1111111111111,117.5,6.000442204874086,0.749469512259529,0.9728999734578776,7.97302173832935e-05
0.0,291,388.8888888888889,611.1111111111111,117.5,6.000442204874086,0.749469512259529,0.9728999734578776,7.97302173832935e-05
0.0,292,500.0,611.1111111111111,117.5,6.000442204874086,0.749469512259529,0.9728999734578776,7.97302173832935e-05
0.0,293,611.1111111111111,611.1111111111111,117.5,6.000442204874086,0.749469512259529,0.9728999734578776,7.97302173832935e-05
0.0,294,722.2222222222223,611.1111111111111,117.5,6.000442204874086,0.749469512259529,0.9728999734578776,7.97302173832935e-05
0.0,295,833.3333333333334,611.1111111111111,117.5,6.000442204874086,0.749469512259529,0.9728999734578776,7.97302173832935e-05
0.0,296,944.4444444444445,611.1111111111111,117.5,6.000442204874086,0.749469512259529,0.9728999734578776,7.97302173832935e-05
0.0,297,55.55555555555556,722.2222222222223,117.5,6.000442204874086,0.749469512259529,0.9728999734578776,7.97302173832935e-05
0.0,298,166.66666666666669,722.2222222222223,117.5,6.000442204874086,0.749469512259529,0.9728999734578776,7.97302173832935e-05
0.0,299,277.77777777777777,722.2222222222223,117.5,6.000442204874086,0.749469512259529,0.9728999734578776,7.97302173832935e-05
0.0,300,388.8888888888889,722.2222222222223,117.5,6.000442204874086,0.749469512259529,0.9728999734578776,7.97302173832935e-05
0.0,301,500.0,722.2222222222223,117.5,6.000442204874086,0.749469512259529,0.9728999734578776,7.97302173832935e-05
0.0,302,611.1111111111111,722.2222222222223,117.5,6.000442204874086,0.749469512259529,0.9728999734578776,7.97302173832935e-05
0.0,303,722.2222222222223,722.2222222222223,117.5,6.000442204874086,0.749469512259529,0.9728999734578776,7.97302173832935e-05
0.0,304,833.3333333333334,722.2222222222223,117.5,6.000442204874086,0.749469512259529,0.9728999734578776,7.97302173832935e-05
0.0,305,944.4444444444445,722.2222222222223,117.5,6.000442204874086,0.749469512259529,0.9728999734578776,7.97302173832935e-05
0.0,306,55.55555555555556,833.3333333333334,117.5,6.000442204874086,0.749469512259529,0.9728999734578776,7.97302173832935e-05
0.0,307,166.66666666666669,833.3333333333334,117.5,6.000442204874086,0.749469512259529,0.9728999734578776,7.97302173832935e-05
0.0,308,277.77777777777777,833.3333333333334,117.5,6.000442204874086,0.749469512259529,0.9728999734578776,7.97302173832935e-05
0.0,309,388.8888888888889,833.3333333333334,117.5,6.000442204874086,0.749469512259529,0.9728999734578776,7.97302173832935e-05
0.0,310,500.0,833.3333333333334,117.5,6.000442204874086,0.749469512259529,0.9728999734578776,7.97302173832935e-05
0.0,311,611.1111111111111,833.3333333333334,117.5,6.000442204874086,0.749469512259529,0.9728999734578776,7.97302173832935e-05
0.0,312,722.2222222222223,833.3333333333334,117.5,6.000442204874086,0.749469512259529,0.9728999734578776,7.97302173832935e-05
0.0,313,833.3333333333334,833.3333333333334,117.5,6.000442204874086,0.749469512259529,0.9728999734578776,7.97302173832935e-05
0.0,314,944.4444444444445,833.3333333333334,117.5,6.000442204874086,0.749469512259529,0.9728999734578776,7.97302173832935e-05
0.0,315,55.55555555555556,944.4444444444445,117.5,6.000442204874086,0.749469512259529,0.9728999734578776,7.97302173832935e-05
0.0,316,166.66666666666669,944.4444444444445,117.5,6.000442204874086,0.749469512259529,0.9728999734578776,7.97302173832935e-05
0.0,317,277.77777777777777,944.4444444444445,117.5,6.000442204874086,0.749469512259529,0.9728999734578776,7.97302173832935e-05
0.0,318,388.8888888888889,944.4444444444445,117.5,6.000442204874086,0.749469512259529,0.9728999734578776,7.97302173832935e-05
0.0,319,500.0,944.4444444444445,117.5,6.000442204874086,0.749469512259529,0.9728999734578776,7.97302173832935e-05
0.0,320,611.1111111111111,944.4444444444445,117.5,6.000442204874086,0.749469512259529,0.9728999734578776,7.97302173832935e-05
0.0,321,722.2222222222223,944.4444444444445,117.5,6.000442204874086,0.749469512259529,0.9728999734578776,7.97302173832935e-05
0.0,322,833.3333333333334,944.4444444444445,117.5,6.000442204874086,0.749469512259529,0.9728999734578776,7.97302173832935e-05
0.0,323,944.4444444444445,944.4444444444445,117.5,6.000442204874086,0.749469512259529,0.9728999734578776,7.97302173832935e-05
0.0,324,55.55555555555556,55.55555555555556,122.5,6.000737025412036,0.7456957828946722,0.9729003133174152,7.973415589359035e-05
0.0,325,166.66666666666669,55.55555555555556,122.5,6.000737025412036,0.7456957828946722,0.9729003133174152,7.973415589359035e-05
0.0,326,277.77777777777777,55.55555555555556,122.5,6.000737025412036,0.7456957828946722,0.9729003133174152,7.973415589359035e-05
0.0,327,388.8888888888889,55.55555555555556,122.5,6.000737025412036,0.7456957828946722,0.9729003133174152,7.973415589359035e-05
0.0,328,500.0,55.55555555555556,122.5,6.000737025412036,0.7456957828946722,0.9729003133174152,7.973415589359035e-05
0.0,329,611.1111111111111,55.55555555555556,122.5,6.000737025412036,0.7456957828946722,0.9729003133174152,7.973415589359035e-05
0.0,330,722.2222222222223,55.55555555555556,122.5,6.000737025412036,0.7456957828946722,0.9729003133174152,7.973415589359035e-05
0.0,331,833.3333333333334,55.55555555555556,122.5,6.000737025412036,0.7456957828946722,0.9729003133174152,7.973415589359035e-05
0.0,332,944.4444444444445,55.55555555555556,122.5,6.000737025412036,0.7456957828946722,0.9729003133174152,7.973415589359035e-05
0.0,333,55.55555555555556,166.66666666666669,122.5,6.000737025412036,0.7456957828946722,0.9729003133174152,7.973415589359035e-05
0.0,334,166.66666666666669,166.66666666666669,122.5,6.000737025412036,0.7456957828946722,0.9729003133174152,7.973415589359035e-05
0.0,335,277.77777777777777,166.66666666666669,122.5,6.000737025412036,0.7456957828946722,0.9729003133174152,7.973415589359035e-05
0.0,336,388.8888888888889,166.66666666666669,122.5,6.000737025412036,0.7456957828946722,0.9729003133174152,7.973415589359035e-05
0.0,337,500.0,166.66666666666669,122.5,6.000737025412036,0.7456957828946722,0.9729003133174152,7.973415589359035e-05
0.0,338,611.1111111111111,166.66666666666669,122.5,6.000737025412036,0.7456957828946722,0.9729003133174152,7.973415589359035e-05
0.0,339,722.2222222222223,166.66666666666669,122.5,6.000737025412036,0.7456957828946722,0.9729003133174152,7.973415589359035e-05
0.0,340,833.3333333333334,166.66666666666669,122.5,6.000737025412036,0.7456957828946722,0.9729003133174152,7.973415589359035e-05
0.0,341,944.4444444444445,166.66666666666669,122.5,6.000737025412036,0.7456957828946722,0.9729003133174152,7.973415589359035e-05
0.0,342,55.55555555555556,277.77777777777777,122.5,6.000737025412036,0.7456957828946722,0.9729003133174152,7.973415589359035e-05
0.0,343,166.66666666666669,277.77777777777777,122.5,6.000737025412036,0.7456957828946722,0.9729003133174152,7.973415589359035e-05
0.0,344,277.77777777777777,277.77777777777777,122.5,6.000737025412036,0.7456957828946722,0.9729003133174152,7.973415589359035e-05
0.0,345,388.8888888888889,277.77777777777777,122.5,6.000737025412036,0.7456957828946722,0.9729003133174152,7.973415589359035e-05
0.0,346,500.0,277.77777777777777,122.5,6.000737025412036,0.7456957828946722,0.9729003133174152,7.973415589359035e-05
0.0,347,611.1111111111111,277.77777777777777,122.5,6.000737025412036,0.7456957828946722,0.9729003133174152,7.973415589359035e-05
0.0,348,722.2222222222223,277.77777777777777,122.5,6.000737025412036,0.7456957828946722,0.9729003133174152,7.973415589359035e-05
0.0,349,833.3333333333334,277.77777777777777,122.5,6.000737025412036,0.7456957828946722,0.9729003133174152,7.973415589359035e-05
0.0,350,944.4444444444445,277.77777777777777,122.5,6.000737025412036,0.7456957828946722,0.9729003133174152,7.973415589359035e-05
0.0,351,55.55555555555556,388.8888888888889,122.5,6.000737025412036,0.7456957828946722,0.9729003133174152,7.973415589359035e-05
0.0,352,166.66666666666669,388.8888888888889,122.5,6.000737025412036,0.7456957828946722,0.9729003133174152,7.973415589359035e-05
0.0,353,277.77777777777777,388.8888888888889,122.5,6.000737025412036,0.7456957828946722,0.9729003133174152,7.973415589359035e-05
0.0,354,388.8888888888889,388.8888888888889,122.5,6.000737025412036,0.7456957828946722,0.9729003133174152,7.973415589359035e-05
0.0,355,500.0,388.8888888888889,122.5,6.000737025412036,0.7456957828946722,0.9729003133174152,7.973415589359035e-05
0.0,356,611.1111111111111,388.8888888888889,122.5,6.000737025412036,0.7456957828946722,0.9729003133174152,7.973415589359035e-05
0.0,357,722.2222222222223,388.8888888888889,122.5,6.000737025412036,0.7456957828946722,0.9729003133174152,7.973415589359035e-05
0.0,358,833.3333333333334,388.8888888888889,122.5,6.000737025412036,0.7456957828946722,0.9729003133174152,7.973415589359035e-05
0.0,359,944.4444444444445,388.8888888888889,122.5,6.000737025412036,0.7456957828946722,0.9729003133174152,7.973415589359035e-05
0.0,360,55.55555555555556,500.0,122.5,6.000737025412036,0.7456957828946722,0.9729003133174152,7.973415589359035e-05
0.0,361,166.66666666666669,500.0,122.5,6.000737025412036,0.7456957828946722,0.9729003133174152,7.973415589359035e-05
0.0,362,277.77777777777777,500.0,122.5,6.000737025412036,0.7456957828946722,0.9729003133174152,7.973415589359035e-05
0.0,363,388.8888888888889,500.0,122.5,6.000737025412036,0.7456957828946722,0.9729003133174152,7.973415589359035e-05
0.0,364,500.0,500.0,122.5,6.000737025412036,0.7456957828946722,0.9729003133174152,7.973415589359035e-05
0.0,365,611.1111111111111,500.0,122.5,6.000737025412036,0.7456957828946722,0.9729003133174152,7.973415589359035e-05
0.0,366,722.2222222222223,500.0,122.5,6.000737025412036,0.7456957828946722,0.9729003133174152,7.973415589359035e-05
0.0,367,833.3333333333334,500.0,122.5,6.000737025412036,0.7456957828946722,0.9729003133174152,7.973415589359035e-05
0.0,368,944.4444444444445,500.0,122.5,6.000737025412036,0.7456957828946722,0.9729003133174152,7.973415589359035e-05
0.0,369,55.55555555555556,611.1111111111111,122.5,6.000737025412036,0.7456957828946722,0.9729003133174152,7.973415589359035e-05
0.0,370,166.66666666666669,611.1111111111111,122.5,6.000737025412036,0.7456957828946722,0.9729003133174152,7.973415589359035e-05
0.0,371,277.77777777777777,611.1111111111111,122.5,6.000737025412036,0.7456957828946722,0.9729003133174152,7.973415589359035e-05
0.0,372,388.8888888888889,611.1111111111111,122.5,6.000737025412036,0.7456957828946722,0.9729003133174152,7.973415589359035e-05
0.0,373,500.0,611.1111111111111,122.5,6.000737025412036,0.7456957828946722,0.9729003133174152,7.973415589359035e-05
0.0,374,611.1111111111111,611.1111111111111,122.5,6.000737025412036,0.7456957828946722,0.9729003133174152,7.973415589359035e-05
0.0,375,722.2222222222223,611.1111111111111,122.5,6.000737025412036,0.7456957828946722,0.9729003133174152,7.973415589359035e-05
0.0,376,833.3333333333334,611.1111111111111,122.5,6.000737025412036,0.7456957828946722,0.9729003133174152,7.973415589359035e-05
0.0,377,944.4444444444445,611.1111111111111,122.5,6.000737025412036,0.7456957828946722,0.9729003133174152,7.973415589359035e-05
0.0,378,55.55555555555556,722.2222222222223,122.5,6.000737025412036,0.7456957828946722,0.9729003133174152,7.973415589359035e-05
0.0,379,166.66666666666669,722.2222222222223,122.5,6.000737025412036,0.7456957828946722,0.9729003133174152,7.973415589359035e-05
0.0,380,277.77777777777777,722.2222222222223,122.5,6.000737025412036,0.7456957828946722,0.9729003133174152,7.973415589359035e-05
0.0,381,388.8888888888889,722.2222222222223,122.5,6.000737025412036,0.7456957828946722,0.9729003133174152,7.973415589359035e-05
0.0,382,500.0,722.2222222222223,122.5,6.000737025412036,0.7456957828946722,0.9729003133174152,7.973415589359035e-05
0.0,383,611.1111111111111,722.2222222222223,122.5,6.000737025412036,0.7456957828946722,0.9729003133174152,7.973415589359035e-05
0.0,384,722.2222222222223,722.2222222222223,122.5,6.000737025412036,0.7456957828946722,0.9729003133174152,7.973415589359035e-05
0.0,385,833.3333333333334,722.2222222222223,122.5,6.000737025412036,0.7456957828946722,0.9729003133174152,7.973415589359035e-05
0.0,386,944.4444444444445,722.2222222222223,122.5,6.000737025412036,0.7456957828946722,0.9729003133174152,7.973415589359035e-05
0.0,387,55.55555555555556,833.3333333333334,122.5,6.000737025412036,0.7456957828946722,0.9729003133174152,7.973415589359035e-05
0.0,388,166.66666666666669,833.3333333333334,122.5,6.000737025412036,0.7456957828946722,0.9729003133174152,7.973415589359035e-05
0.0,389,277.77777777777777,833.3333333333334,122.5,6.000737025412036,0.7456957828946722,0.9729003133174152,7.973415589359035e-05
0.0,390,388.8888888888889,833.3333333333334,122.5,6.000737025412036,0.7456957828946722,0.9729003133174152,7.973415589359035e-05
0.0,391,500.0,833.3333333333334,122.5,6.000737025412036,0.7456957828946722,0.9729003133174152,7.973415589359035e-05
0.0,392,611.1111111111111,833.3333333333334,122.5,6.000737025412036,0.7456957828946722,0.9729003133174152,7.973415589359035e-05
0.0,393,722.2222222222223,833.3333333333334,122.5,6.000737025412036,0.7456957828946722,0.9729003133174152,7.973415589359035e-05
0.0,394,833.3333333333334,833.3333333333334,122.5,6.000737025412036,0.7456957828946722,0.9729003133174152,7.973415589359035e-05
0.0,395,944.4444444444445,833.3333333333334,122.5,6.000737025412036,0.7456957828946722,0.9729003133174152,7.973415589359035e-05
0.0,396,55.55555555555556,944.4444444444445,122.5,6.000737025412036,0.7456957828946722,0.9729003133174152,7.973415589359035e-05
0.0,397,166.66666666666669,944.4444444444445,122.5,6.000737025412036,0.7456957828946722,0.9729003133174152,7.973415589359035e-05
0.0,398,277.77777777777777,944.4444444444445,122.5,6.000737025412036,0.7456957828946722,0.9729003133174152,7.973415589359035e-05
0.0,399,388.8888888888889,944.4444444444445,122.5,6.000737025412036,0.7456957828946722,0.9729003133174152,7.973415589359035e-05
0.0,400,500.0,944.4444444444445,122.5,6.000737025412036,0.7456957828946722,0.9729003133174152,7.973415589359035e-05
0.0,401,611.1111111111111,944.4444444444445,122.5,6.000737025412036,0.7456957828946722,0.9729003133174152,7.973415589359035e-05
0.0,402,722.2222222222223,944.4444444444445,122.5,6.000737025412036,0.7456957828946722,0.9729003133174152,7.973415589359035e-05
0.0,403,833.3333333333334,944.4444444444445,122.5,6.000737025412036,0.7456957828946722,0.9729003133174152,7.973415589359035e-05
0.0,404,944.4444444444445,944.4444444444445,122.5,6.000737025412036,0.7456957828946722,0.9729003133174152,7.973415589359035e-05
0.0,405,55.55555555555556,55.55555555555556,127.5,6.24504039695399,0.0,0.0,7.884770186366967e-05
0.0,406,166.66666666666669,55.55555555555556,127.5,6.24504039695399,0.0,0.0,7.884770186366967e-05
0.0,407,277.77777777777777,55.55555555555556,127.5,6.24504039695399,0.0,0.0,7.884770186366967e-05
0.0,408,388.8888888888889,55.55555555555556,127.5,6.24504039695399,0.0,0.0,7.884770186366967e-05
0.0,409,500.0,55.55555555555556,127.5,6.24504039695399,0.0,0.0,7.884770186366967e-05
0.0,410,611.1111111111111,55.55555555555556,127.5,6.24504039695399,0.0,0.0,7.884770186366967e-05
0.0,411,722.2222222222223,55.55555555555556,127.5,6.24504039695399,0.0,0.0,7.884770186366967e-05
0.0,412,833.3333333333334,55.55555555555556,127.5,6.24504039695399,0.0,0.0,7.884770186366967e-05
0.0,413,944.4444444444445,55.55555555555556,127.5,6.24504039695399,0.0,0.0,7.884770186366967e-05
0.0,414,55.55555555555556,166.66666666666669,127.5,6.24504039695399,0.0,0.0,7.884770186366967e-05
0.0,415,166.66666666666669,166.66666666666669,127.5,6.24504039695399,0.0,0.0,7.884770186366967e-05
0.0,416,277.77777777777777,166.66666666666669,127.5,6.24504039695399,0.0,0.0,7.884770186366967e-05
0.0,417,388.8888888888889,166.66666666666669,127.5,6.24504039695399,0.0,0.0,7.884770186366967e-05
0.0,418,500.0,166.66666666666669,127.5,6.24504039695399,0.0,0.0,7.884770186366967e-05
0.0,419,611.1111111111111,166.66666666666669,127.5,6.24504039695399,0.0,0.0,7.884770186366967e-05
0.0,420,722.2222222222223,166.66666666666669,127.5,6.24504039695399,0.0,0.0,7.884770186366967e-05
0.0,421,833.3333333333334,166.66666666666669,127.5,6.24504039695399,0.0,0.0,7.884770186366967e-05
0.0,422,944.4444444444445,166.66666666666669,127.5,6.24504039695399,0.0,0.0,7.884770186366967e-05
0.0,423,55.55555555555556,277.77777777777777,127.5,6.24504039695399,0.0,0.0,7.884770186366967e-05
0.0,424,166.66666666666669,277.77777777777777,127.5,6.24504039695399,0.0,0.0,7.884770186366967e-05
0.0,425,277.77777777777777,277.77777777777777,127.5,6.24504039695399,0.0,0.0,7.884770186366967e-05
0.0,426,388.8888888888889,277.77777777777777,127.5,6.24504039695399,0.0,0.0,7.884770186366967e-05
0.0,427,500.0,277.77777777777777,127.5,6.24504039695399,0.0,0.0,7.884770186366967e-05
0.0,428,611.1111111111111,277.77777777777777,127.5,6.24504039695399,0.0,0.0,7.884770186366967e-05
0.0,429,722.2222222222223,277.77777777777777,127.5,6.24504039695399,0.0,0.0,7.884770186366967e-05
0.0,430,833.3333333333334,277.77777777777777,127.5,6.24504039695399,0.0,0.0,7.884770186366967e-05
0.0,431,944.4444444444445,277.77777777777777,127.5,6.24504039695399,0.0,0.0,7.884770186366967e-05
0.0,432,55.55555555555556,388.8888888888889,127.5,6.24504039695399,0.0,0.0,7.884770186366967e-05
0.0,433,166.66666666666669,388.8888888888889,127.5,6.24504039695399,0.0,0.0,7.884770186366967e-05
0.0,434,277.77777777777777,388.8888888888889,127.5,6.24504039695399,0.0,0.0,7.884770186366967e-05
0.0,435,388.8888888888889,388.8888888888889,127.5,6.24504039695399,0.0,0.0,7.884770186366967e-05
0.0,436,500.0,388.8888888888889,127.5,6.24504039695399,0.0,0.0,7.884770186366967e-05
0.0,437,611.1111111111111,388.8888888888889,127.5,6.24504039695399,0.0,0.0,7.884770186366967e-05
0.0,438,722.2222222222223,388.8888888888889,127.5,6.24504039695399,0.0,0.0,7.884770186366967e-05
0.0,439,833.3333333333334,388.8888888888889,127.5,6.24504039695399,0.0,0.0,7.884770186366967e-05
0.0,440,944.4444444444445,388.8888888888889,127.5,6.24504039695399,0.0,0.0,7.884770186366967e-05
0.0,441,55.55555555555556,500.0,127.5,6.24504039695399,0.0,0.0,7.884770186366967e-05
0.0,442,166.66666666666669,500.0,127.5,6.24504039695399,0.0,0.0,7.884770186366967e-05
0.0,443,277.77777777777777,500.0,127.5,6.24504039695399,0.0,0.0,7.884770186366967e-05
0.0,444,388.8888888888889,500.0,127.5,6.24504039695399,0.0,0.0,7.884770186366967e-05
0.0,445,500.0,500.0,127.5,6.24504039695399,0.0,0.0,7.884770186366967e-05
0.0,446,611.1111111111111,500.0,127.5,6.24504039695399,0.0,0.0,7.884770186366967e-05
0.0,447,722.2222222222223,500.0,127.5,6.24504039695399,0.0,0.0,7.884770186366967e-05
0.0,448,833.3333333333334,500.0,127.5,6.24504039695399,0.0,0.0,7.884770186366967e-05
0.0,449,944.4444444444445,500.0,127.5,6.24504039695399,0.0,0.0,7.884770186366967e-05
0.0,450,55.55555555555556,611.1111111111111,127.5,6.24504039695399,0.0,0.0,7.884770186366967e-05
0.0,451,166.66666666666669,611.1111111111111,127.5,6.24504039695399,0.0,0.0,7.884770186366967e-05
0.0,452,277.77777777777777,611.1111111111111,127.5,6.24504039695399,0.0,0.0,7.884770186366967e-05
0.0,453,388.8888888888889,611.1111111111111,127.5,6.24504039695399,0.0,0.0,7.884770186366967e-05
0.0,454,500.0,611.1111111111111,127.5,6.24504039695399,0.0,0.0,7.884770186366967e-05
0.0,455,611.1111111111111,611.1111111111111,127.5,6.24504039695399,0.0,0.0,7.884770186366967e-05
0.0,456,722.2222222222223,611.1111111111111,127.5,6.24504039695399,0.0,0.0,7.884770186366967e-05
0.0,457,833.3333333333334,611.1111111111111,127.5,6.24504039695399,0.0,0.0,7.884770186366967e-05
0.0,458,944.4444444444445,611.1111111111111,127.5,6.24504039695399,0.0,0.0,7.884770186366967e-05
0.0,459,55.55555555555556,722.2222222222223,127.5,6.24504039695399,0.0,0.0,7.884770186366967e-05
0.0,460,166.66666666666669,722.2222222222223,127.5,6.24504039695399,0.0,0.0,7.884770186366967e-05
0.0,461,277.77777777777777,722.2222222222223,127.5,6.24504039695399,0.0,0.0,7.884770186366967e-05
0.0,462,388.8888888888889,722.2222222222223,127.5,6.24504039695399,0.0,0.0,7.884770186366967e-05
0.0,463,500.0,722.2222222222223,127.5,6.24504039695399,0.0,0.0,7.884770186366967e-05
0.0,464,611.1111111111111,722.2222222222223,127.5,6.24504039695399,0.0,0.0,7.884770186366967e-05
0.0,465,722.2222222222223,722.2222222222223,127.5,6.24504039695399,0.0,0.0,7.884770186366967e-05
0.0,466,833.3333333333334,722.2222222222223,127.5,6.24504039695399,0.0,0.0,7.884770186366967e-05
0.0,467,944.4444444444445,722.2222222222223,127.5,6.24504039695399,0.0,0.0,7.884770186366967e-05
0.0,468,55.55555555555556,833.3333333333334,127.5,6.24504039695399,0.0,0.0,7.884770186366967e-05
0.0,469,166.66666666666669,833.3333333333334,127.5,6.24504039695399,0.0,0.0,7.884770186366967e-05
0.0,470,277.77777777777777,833.3333333333334,127.5,6.24504039695399,0.0,0.0,7.884770186366967e-05
0.0,471,388.8888888888889,833.3333333333334,127.5,6.24504039695399,0.0,0.0,7.884770186366967e-05
0.0,472,500.0,833.3333333333334,127.5,6.24504039695399,0.0,0.0,7.884770186366967e-05
0.0,473,611.1111111111111,833.3333333333334,127.5,6.24504039695399,0.0,0.0,7.884770186366967e-05
0.0,474,722.2222222222223,833.3333333333334,127.5,6.24504039695399,0.0,0.0,7.884770186366967e-05
0.0,475,833.3333333333334,833.3333333333334,127.5,6.24504039695399,0.0,0.0,7.884770186366967e-05
0.0,476,944.4444444444445,833.3333333333334,127.5,6.24504039695399,0.0,0.0,7.884770186366967e-05
0.0,477,55.55555555555556,944.4444444444445,127.5,6.24504039695399,0.0,0.0,7.884770186366967e-05
0.0,478,166.66666666666669,944.4444444444445,127.5,6.24504039695399,0.0,0.0,7.884770186366967e-05
0.0,479,277.77777777777777,944.4444444444445,127.5,6.24504039695399,0.0,0.0,7.884770186366967e-05
0.0,480,388.8888888888889,944.4444444444445,127.5,6.24504039695399,0.0,0.0,7.884770186366967e-05
0.0,481,500.0,944.4444444444445,127.5,6.24504039695399,0.0,0.0,7.884770186366967e-05
0.0,482,611.1111111111111,944.4444444444445,127.5,6.24504039695399,0.0,0.0,7.884770186366967e-05
0.0,483,722.2222222222223,944.4444444444445,127.5,6.24504039695399,0.0,0.0,7.884770186366967e-05
0.0,484,833.3333333333334,944.4444444444445,127.5,6.24504039695399,0.0,0.0,7.884770186366967e-05
0.0,485,944.4444444444445,944.4444444444445,127.5,6.24504039695399,0.0,0.0,7.884770186366967e-05
0.0,486,55.55555555555556,55.55555555555556,132.5,6.733360285833439,0.0,0.0,8.5043285424629e-05
0.0,487,166.66666666666669,55.55555555555556,132.5,6.733360285833439,0.0,0.0,8.5043285424629e-05
0.0,488,277.77777777777777,55.55555555555556,132.5,6.733360285833439,0.0,0.0,8.5043285424629e-05
0.0,489,388.8888888888889,55.55555555555556,132.5,6.733360285833439,0.0,0.0,8.5043285424629e-05
0.0,490,500.0,55.55555555555556,132.5,6.733360285833439,0.0,0.0,8.5043285424629e-05
0.0,491,611.1111111111111,55.55555555555556,132.5,6.733360285833439,0.0,0.0,8.5043285424629e-05
0.0,492,722.2222222222223,55.55555555555556,132.5,6.733360285833439,0.0,0.0,8.5043285424629e-05
0.0,493,833.3333333333334,55.55555555555556,132.5,6.733360285833439,0.0,0.0,8.5043285424629e-05
0.0,494,944.4444444444445,55.55555555555556,132.5,6.733360285833439,0.0,0.0,8.5043285424629e-05
0.0,495,55.55555555555556,166.66666666666669,132.5,6.733360285833439,0.0,0.0,8.5043285424629e-05
0.0,496,166.66666666666669,166.66666666666669,132.5,6.733360285833439,0.0,0.0,8.5043285424629e-05
0.0,497,277.77777777777777,166.66666666666669,132.5,6.733360285833439,0.0,0.0,8.5043285424629e-05
0.0,498,388.8888888888889,166.66666666666669,132.5,6.733360285833439,0.0,0.0,8.5043285424629e-05
0.0,499,500.0,166.66666666666669,132.5,6.733360285833439,0.0,0.0,8.5043285424629e-05
0.0,500,611.1111111111111,166.66666666666669,132.5,6.733360285833439,0.0,0.0,8.5043285424629e-05
0.0,501,722.2222222222223,166.66666666666669,132.5,6.733360285833439,0.0,0.0,8.5043285424629e-05
0.0,502,833.3333333333334,166.66666666666669,132.5,6.733360285833439,0.0,0.0,8.5043285424629e-05
0.0,503,944.4444444444445,166.66666666666669,132.5,6.733360285833439,0.0,0.0,8.5043285424629e-05
0.0,504,55.55555555555556,277.77777777777777,132.5,6.733360285833439,0.0,0.0,8.5043285424629e-05
0.0,505,166.66666666666669,277.77777777777777,132.5,6.733360285833439,0.0,0.0,8.5043285424629e-05
0.0,506,277.77777777777777,277.77777777777777,132.5,6.733360285833439,0.0,0.0,8.5043285424629e-05
0.0,507,388.8888888888889,277.77777777777777,132.5,6.733360285833439,0.0,0.0,8.5043285424629e-05
0.0,508,500.0,277.77777777777777,132.5,6.733360285833439,0.0,0.0,8.5043285424629e-05
0.0,509,611.1111111111111,277.77777777777777,132.5,6.733360285833439,0.0,0.0,8.5043285424629e-05
0.0,510,722.2222222222223,277.77777777777777,132.5,6.733360285833439,0.0,0.0,8.5043285424629e-05
0.0,511,833.3333333333334,277.77777777777777,132.5,6.733360285833439,0.0,0.0,8.5043285424629e-05
0.0,512,944.4444444444445,277.77777777777777,132.5,6.733360285833439,0.0,0.0,8.5043285424629e-05
0.0,513,55.55555555555556,388.8888888888889,132.5,6.733360285833439,0.0,0.0,8.5043285424629e-05
0.0,514,166.66666666666669,388.8888888888889,132.5,6.733360285833439,0.0,0.0,8.5043285424629e-05
0.0,515,277.77777777777777,388.8888888888889,132.5,6.733360285833439,0.0,0.0,8.5043285424629e-05
0.0,516,388.8888888888889,388.8888888888889,132.5,6.733360285833439,0.0,0.0,8.5043285424629e-05
0.0,517,500.0,388.8888888888889,132.5,6.733360285833439,0.0,0.0,8.5043285424629e-05
0.0,518,611.1111111111111,388.8888888888889,132.5,6.733360285833439,0.0,0.0,8.5043285424629e-05
0.0,519,722.2222222222223,388.8888888888889,132.5,6.733360285833439,0.0,0.0,8.5043285424629e-05
0.0,520,833.3333333333334,388.8888888888889,132.5,6.733360285833439,0.0,0.0,8.5043285424629e-05
0.0,521,944.4444444444445,388.8888888888889,132.5,6.733360285833439,0.0,0.0,8.5043285424629e-05
0.0,522,55.55555555555556,500.0,132.5,6.733360285833439,0.0,0.0,8.5043285424629e-05
0.0,523,166.66666666666669,500.0,132.5,6.733360285833439,0.0,0.0,8.5043285424629e-05
0.0,524,277.77777777777777,500.0,132.5,6.733360285833439,0.0,0.0,8.5043285424629e-05
0.0,525,388.8888888888889,500.0,132.5,6.733360285833439,0.0,0.0,8.5043285424629e-05
0.0,526,500.0,500.0,132.5,6.733360285833439,0.0,0.0,8.5043285424629e-05
0.0,527,611.1111111111111,500.0,132.5,6.733360285833439,0.0,0.0,8.5043285424629e-05
0.0,528,722.2222222222223,500.0,132.5,6.733360285833439,0.0,0.0,8.5043285424629e-05
0.0,529,833.3333333333334,500.0,132.5,6.733360285833439,0.0,0.0,8.5043285424629e-05
0.0,530,944.4444444444445,500.0,132.5,6.733360285833439,0.0,0.0,8.5043285424629e-05
0.0,531,55.55555555555556,611.1111111111111,132.5,6.733360285833439,0.0,0.0,8.5043285424629e-05
0.0,532,166.66666666666669,611.1111111111111,132.5,6.733360285833439,0.0,0.0,8.5043285424629e-05
0.0,533,277.77777777777777,611.1111111111111,132.5,6.733360285833439,0.0,0.0,8.5043285424629e-05
0.0,534,388.8888888888889,611.1111111111111,132.5,6.733360285833439,0.0,0.0,8.5043285424629e-05
0.0,535,500.0,611.1111111111111,132.5,6.733360285833439,0.0,0.0,8.5043285424629e-05
0.0,536,611.1111111111111,611.1111111111111,132.5,6.733360285833439,0.0,0.0,8.5043285424629e-05
0.0,537,722.2222222222223,611.1111111111111,132.5,6.733360285833439,0.0,0.0,8.5043285424629e-05
0.0,538,833.3333333333334,611.1111111111111,132.5,6.733360285833439,0.0,0.0,8.5043285424629e-05
0.0,539,944.4444444444445,611.1111111111111,132.5,6.733360285833439,0.0,0.0,8.5043285424629e-05
0.0,540,55.55555555555556,722.2222222222223,132.5,6.733360285833439,0.0,0.0,8.5043285424629e-05
0.0,541,166.66666666666669,722.2222222222223,132.5,6.733360285833439,0.0,0.0,8.5043285424629e-05
0.0,542,277.77777777777777,722.2222222222223,132.5,6.733360285833439,0.0,0.0,8.5043285424629e-05
0.0,543,388.8888888888889,722.2222222222223,132.5,6.733360285833439,0.0,0.0,8.5043285424629e-05
0.0,544,500.0,722.2222222222223,132.5,6.733360285833439,0.0,0.0,8.5043285424629e-05
0.0,545,611.1111111111111,722.2222222222223,132.5,6.733360285833439,0.0,0.0,8.5043285424629e-05
0.0,546,722.2222222222223,722.2222222222223,132.5,6.733360285833439,0.0,0.0,8.5043285424629e-05
0.0,547,833.3333333333334,722.2222222222223,132.5,6.733360285833439,0.0,0.0,8.5043285424629e-05
0.0,548,944.4444444444445,722.2222222222223,132.5,6.733360285833439,0.0,0.0,8.5043285424629e-05
0.0,549,55.55555555555556,833.3333333333334,132.5,6.733360285833439,0.0,0.0,8.5043285424629e-05
0.0,550,166.66666666666669,833.3333333333334,132.5,6.733360285833439,0.0,0.0,8.5043285424629e-05
0.0,551,277.77777777777777,833.3333333333334,132.5,6.733360285833439,0.0,0.0,8.5043285424629e-05
0.0,552,388.8888888888889,833.3333333333334,132.5,6.733360285833439,0.0,0.0,8.5043285424629e-05
0.0,553,500.0,833.3333333333334,132.5,6.733360285833439,0.0,0.0,8.5043285424629e-05
0.0,554,611.1111111111111,833.3333333333334,132.5,6.733360285833439,0.0,0.0,8.5043285424629e-05
0.0,555,722.2222222222223,833.3333333333334,132.5,6.733360285833439,0.0,0.0,8.5043285424629e-05
0.0,556,833.3333333333334,833.3333333333334,132.5,6.733360285833439,0.0,0.0,8.5043285424629e-05
0.0,557,944.4444444444445,833.3333333333334,132.5,6.733360285833439,0.0,0.0,8.5043285424629e-05
0.0,558,55.55555555555556,944.4444444444445,132.5,6.733360285833439,0.0,0.0,8.5043285424629e-05
0.0,559,166.66666666666669,944.4444444444445,132.5,6.733360285833439,0.0,0.0,8.5043285424629e-05
0.0,560,277.77777777777777,944.4444444444445,132.5,6.733360285833439,0.0,0.0,8.5043285424629e-05
0.0,561,388.8888888888889,944.4444444444445,132.5,6.733360285833439,0.0,0.0,8.5043285424629e-05
0.0,562,500.0,944.4444444444445,132.5,6.733360285833439,0.0,0.0,8.5043285424629e-05
0.0,563,611.1111111111111,944.4444444444445,132.5,6.733360285833439,0.0,0.0,8.5043285424629e-05
0.0,564,722.2222222222223,944.4444444444445,132.5,6.733360285833439,0.0,0.0,8.5043285424629e-05
0.0,565,833.3333333333334,944.4444444444445,132.5,6.733360285833439,0.0,0.0,8.5043285424629e-05
0.0,566,944.4444444444445,944.4444444444445,132.5,6.733360285833439,0.0,0.0,8.5043285424629e-05
0.0,567,55.55555555555556,55.55555555555556,137.5,7.221690809656721,0.0,0.0,9.123729671153857e-05
0.0,568,166.66666666666669,55.55555555555556,137.5,7.221690809656721,0.0,0.0,9.123729671153857e-05
0.0,569,277.77777777777777,55.55555555555556,137.5,7.221690809656721,0.0,0.0,9.123729671153857e-05
0.0,570,388.8888888888889,55.55555555555556,137.5,7.221690809656721,0.0,0.0,9.123729671153857e-05
0.0,571,500.0,55.55555555555556,137.5,7.221690809656721,0.0,0.0,9.123729671153857e-05
0.0,572,611.1111111111111,55.55555555555556,137.5,7.221690809656721,0.0,0.0,9.123729671153857e-05
0.0,573,722.2222222222223,55.55555555555556,137.5,7.221690809656721,0.0,0.0,9.123729671153857e-05
0.0,574,833.3333333333334,55.55555555555556,137.5,7.221690809656721,0.0,0.0,9.123729671153857e-05
0.0,575,944.4444444444445,55.55555555555556,137.5,7.221690809656721,0.0,0.0,9.123729671153857e-05
0.0,576,55.55555555555556,166.66666666666669,137.5,7.221690809656721,0.0,0.0,9.123729671153857e-05
0.0,577,166.66666666666669,166.66666666666669,137.5,7.221690809656721,0.0,0.0,9.123729671153857e-05
0.0,578,277.77777777777777,166.66666666666669,137.5,7.221690809656721,0.0,0.0,9.123729671153857e-05
0.0,579,388.8888888888889,166.66666666666669,137.5,7.221690809656721,0.0,0.0,9.123729671153857e-05
0.0,580,500.0,166.66666666666669,137.5,7.221690809656721,0.0,0.0,9.123729671153857e-05
0.0,581,611.1111111111111,166.66666666666669,137.5,7.221690809656721,0.0,0.0,9.123729671153857e-05
0.0,582,722.2222222222223,166.66666666666669,137.5,7.221690809656721,0.0,0.0,9.123729671153857e-05
0.0,583,833.3333333333334,166.66666666666669,137.5,7.221690809656721,0.0,0.0,9.123729671153857e-05
0.0,584,944.4444444444445,166.66666666666669,137.5,7.221690809656721,0.0,0.0,9.123729671153857e-05
0.0,585,55.55555555555556,277.77777777777777,137.5,7.221690809656721,0.0,0.0,9.123729671153857e-05
0.0,586,166.66666666666669,277.77777777777777,137.5,7.221690809656721,0.0,0.0,9.123729671153857e-05
0.0,587,277.77777777777777,277.77777777777777,137.5,7.221690809656721,0.0,0.0,9.123729671153857e-05
0.0,588,388.8888888888889,277.77777777777777,137.5,7.221690809656721,0.0,0.0,9.123729671153857e-05
0.0,589,500.0,277.77777777777777,137.5,7.221690809656721,0.0,0.0,9.123729671153857e-05
0.0,590,611.1111111111111,277.77777777777777,137.5,7.221690809656721,0.0,0.0,9.123729671153857e-05
0.0,591,722.2222222222223,277.77777777777777,137.5,7.221690809656721,0.0,0.0,9.123729671153857e-05
0.0,592,833.3333333333334,277.77777777777777,137.5,7.221690809656721,0.0,0.0,9.123729671153857e-05
0.0,593,944.4444444444445,277.77777777777777,137.5,7.221690809656721,0.0,0.0,9.123729671153857e-05
0.0,594,55.55555555555556,388.8888888888889,137.5,7.221690809656721,0.0,0.0,9.123729671153857e-05
0.0,595,166.66666666666669,388.8888888888889,137.5,7.221690809656721,0.0,0.0,9.123729671153857e-05
0.0,596,277.77777777777777,388.8888888888889,137.5,7.221690809656721,0.0,0.0,9.123729671153857e-05
0.0,597,388.8888888888889,388.8888888888889,137.5,7.221690809656721,0.0,0.0,9.123729671153857e-05
0.0,598,500.0,388.8888888888889,137.5,7.221690809656721,0.0,0.0,9.123729671153857e-05
0.0,599,611.1111111111111,388.8888888888889,137.5,7.221690809656721,0.0,0.0,9.123729671153857e-05
0.0,600,722.2222222222223,388.8888888888889,137.5,7.221690809656721,0.0,0.0,9.123729671153857e-05
0.0,601,833.3333333333334,388.8888888888889,137.5,7.221690809656721,0.0,0.0,9.123729671153857e-05
0.0,602,944.4444444444445,388.8888888888889,137.5,7.221690809656721,0.0,0.0,9.123729671153857e-05
0.0,603,55.55555555555556,500.0,137.5,7.221690809656721,0.0,0.0,9.123729671153857e-05
0.0,604,166.66666666666669,500.0,137.5,7.221690809656721,0.0,0.0,9.123729671153857e-05
0.0,605,277.77777777777777,500.0,137.5,7.221690809656721,0.0,0.0,9.123729671153857e-05
0.0,606,388.8888888888889,500.0,137.5,7.221690809656721,0.0,0.0,9.123729671153857e-05
0.0,607,500.0,500.0,137.5,7.221690809656721,0.0,0.0,9.123729671153857e-05
0.0,608,611.1111111111111,500.0,137.5,7.221690809656721,0.0,0.0,9.123729671153857e-05
0.0,609,722.2222222222223,500.0,137.5,7.221690809656721,0.0,0.0,9.123729671153857e-05
0.0,610,833.3333333333334,500.0,137.5,7.221690809656721,0.0,0.0,9.123729671153857e-05
0.0,611,944.4444444444445,500.0,137.5,7.221690809656721,0.0,0.0,9.123729671153857e-05
0.0,612,55.55555555555556,611.1111111111111,137.5,7.221690809656721,0.0,0.0,9.123729671153857e-05
0.0,613,166.66666666666669,611.1111111111111,137.5,7.221690809656721,0.0,0.0,9.123729671153857e-05
0.0,614,277.77777777777777,611.1111111111111,137.5,7.221690809656721,0.0,0.0,9.123729671153857e-05
0.0,615,388.8888888888889,611.1111111111111,137.5,7.221690809656721,0.0,0.0,9.123729671153857e-05
0.0,616,500.0,611.1111111111111,137.5,7.221690809656721,0.0,0.0,9.123729671153857e-05
0.0,617,611.1111111111111,611.1111111111111,137.5,7.221690809656721,0.0,0.0,9.123729671153857e-05
0.0,618,722.2222222222223,611.1111111111111,137.5,7.221690809656721,0.0,0.0,9.123729671153857e-05
0.0,619,833.3333333333334,611.1111111111111,137.5,7.221690809656721,0.0,0.0,9.123729671153857e-05
0.0,620,944.4444444444445,611.1111111111111,137.5,7.221690809656721,0.0,0.0,9.123729671153857e-05
0.0,621,55.55555555555556,722.2222222222223,137.5,7.221690809656721,0.0,0.0,9.123729671153857e-05
0.0,622,166.66666666666669,722.2222222222223,137.5,7.221690809656721,0.0,0.0,9.123729671153857e-05
0.0,623,277.77777777777777,722.2222222222223,137.5,7.221690809656721,0.0,0.0,9.123729671153857e-05
0.0,624,388.8888888888889,722.2222222222223,137.5,7.221690809656721,0.0,0.0,9.123729671153857e-05
0.0,625,500.0,722.2222222222223,137.5,7.221690809656721,0.0,0.0,9.123729671153857e-05
0.0,626,611.1111111111111,722.2222222222223,137.5,7.221690809656721,0.0,0.0,9.123729671153857e-05
0.0,627,722.2222222222223,722.2222222222223,137.5,7.221690809656721,0.0,0.0,9.123729671153857e-05
0.0,628,833.3333333333334,722.2222222222223,137.5,7.221690809656721,0.0,0.0,9.123729671153857e-05
0.0,629,944.4444444444445,722.2222222222223,137.5,7.221690809656721,0.0,0.0,9.123729671153857e-05
0.0,630,55.55555555555556,833.3333333333334,137.5,7.221690809656721,0.0,0.0,9.123729671153857e-05
0.0,631,166.66666666666669,833.3333333333334,137.5,7.221690809656721,0.0,0.0,9.123729671153857e-05
0.0,632,277.77777777777777,833.3333333333334,137.5,7.221690809656721,0.0,0.0,9.123729671153857e-05
0.0,633,388.8888888888889,833.3333333333334,137.5,7.221690809656721,0.0,0.0,9.123729671153857e-05
0.0,634,500.0,833.3333333333334,137.5,7.221690809656721,0.0,0.0,9.123729671153857e-05
0.0,635,611.1111111111111,833.3333333333334,137.5,7.221690809656721,0.0,0.0,9.123729671153857e-05
0.0,636,722.2222222222223,833.3333333333334,137.5,7.221690809656721,0.0,0.0,9.123729671153857e-05
0.0,637,833.3333333333334,833.3333333333334,137.5,7.221690809656721,0.0,0.0,9.123729671153857e-05
0.0,638,944.4444444444445,833.3333333333334,137.5,7.221690809656721,0.0,0.0,9.123729671153857e-05
0.0,639,55.55555555555556,944.4444444444445,137.5,7.221690809656721,0.0,0.0,9.123729671153857e-05
0.0,640,166.66666666666669,944.4444444444445,137.5,7.221690809656721,0.0,0.0,9.123729671153857e-05
0.0,641,277.77777777777777,944.4444444444445,137.5,7.221690809656721,0.0,0.0,9.123729671153857e-05
0.0,642,388.8888888888889,944.4444444444445,137.5,7.221690809656721,0.0,0.0,9.123729671153857e-05
0.0,643,500.0,944.4444444444445,137.5,7.221690809656721,0.0,0.0,9.123729671153857e-05
0.0,644,611.1111111111111,944.4444444444445,137.5,7.221690809656721,0.0,0.0,9.123729671153857e-05
0.0,645,722.2222222222223,944.4444444444445,137.5,7.221690809656721,0.0,0.0,9.123729671153857e-05
0.0,646,833.3333333333334,944.4444444444445,137.5,7.221690809656721,0.0,0.0,9.123729671153857e-05
0.0,647,944.4444444444445,944.4444444444445,137.5,7.221690809656721,0.0,0.0,9.123729671153857e-05
0.0,648,55.55555555555556,55.55555555555556,142.5,7.7100319676250875,0.0,0.0,9.742974047468082e-05
0.0,649,166.66666666666669,55.55555555555556,142.5,7.7100319676250875,0.0,0.0,9.742974047468082e-05
0.0,650,277.77777777777777,55.55555555555556,142.5,7.7100319676250875,0.0,0.0,9.742974047468082e-05
0.0,651,388.8888888888889,55.55555555555556,142.5,7.7100319676250875,0.0,0.0,9.742974047468082e-05
0.0,652,500.0,55.55555555555556,142.5,7.7100319676250875,0.0,0.0,9.742974047468082e-05
0.0,653,611.1111111111111,55.55555555555556,142.5,7.7100319676250875,0.0,0.0,9.742974047468082e-05
0.0,654,722.2222222222223,55.55555555555556,142.5,7.7100319676250875,0.0,0.0,9.742974047468082e-05
0.0,655,833.3333333333334,55.55555555555556,142.5,7.7100319676250875,0.0,0.0,9.742974047468082e-05
0.0,656,944.4444444444445,55.55555555555556,142.5,7.7100319676250875,0.0,0.0,9.742974047468082e-05
0.0,657,55.55555555555556,166.66666666666669,142.5,7.7100319676250875,0.0,0.0,9.742974047468082e-05
0.0,658,166.66666666666669,166.66666666666669,142.5,7.7100319676250875,0.0,0.0,9.742974047468082e-05
0.0,659,277.77777777777777,166.66666666666669,142.5,7.7100319676250875,0.0,0.0,9.742974047468082e-05
0.0,660,388.8888888888889,166.66666666666669,142.5,7.7100319676250875,0.0,0.0,9.742974047468082e-05
0.0,661,500.0,166.66666666666669,142.5,7.7100319676250875,0.0,0.0,9.742974047468082e-05
0.0,662,611.1111111111111,166.66666666666669,142.5,7.7100319676250875,0.0,0.0,9.742974047468082e-05
0.0,663,722.2222222222223,166.66666666666669,142.5,7.7100319676250875,0.0,0.0,9.742974047468082e-05
0.0,664,833.3333333333334,166.66666666666669,142.5,7.7100319676250875,0.0,0.0,9.742974047468082e-05
0.0,665,944.4444444444445,166.66666666666669,142.5,7.7100319676250875,0.0,0.0,9.742974047468082e-05
0.0,666,55.55555555555556,277.77777777777777,142.5,7.7100319676250875,0.0,0.0,9.742974047468082e-05
0.0,667,166.66666666666669,277.77777777777777,142.5,7.7100319676250875,0.0,0.0,9.742974047468082e-05
0.0,668,277.77777777777777,277.77777777777777,142.5,7.7100319676250875,0.0,0.0,9.742974047468082e-05
0.0,669,388.8888888888889,277.77777777777777,142.5,7.7100319676250875,0.0,0.0,9.742974047468082e-05
0.0,670,500.0,277.77777777777777,142.5,7.7100319676250875,0.0,0.0,9.742974047468082e-05
0.0,671,611.1111111111111,277.77777777777777,142.5,7.7100319676250875,0.0,0.0,9.742974047468082e-05
0.0,672,722.2222222222223,277.77777777777777,142.5,7.7100319676250875,0.0,0.0,9.742974047468082e-05
0.0,673,833.3333333333334,277.77777777777777,142.5,7.7100319676250875,0.0,0.0,9.742974047468082e-05
0.0,674,944.4444444444445,277.77777777777777,142.5,7.7100319676250875,0.0,0.0,9.742974047468082e-05
0.0,675,55.55555555555556,388.8888888888889,142.5,7.7100319676250875,0.0,0.0,9.742974047468082e-05
0.0,676,166.66666666666669,388.8888888888889,142.5,7.7100319676250875,0.0,0.0,9.742974047468082e-05
0.0,677,277.77777777777777,388.8888888888889,142.5,7.7100319676250875,0.0,0.0,9.742974047468082e-05
0.0,678,388.8888888888889,388.8888888888889,142.5,7.7100319676250875,0.0,0.0,9.742974047468082e-05
0.0,679,500.0,388.8888888888889,142.5,7.7100319676250875,0.0,0.0,9.742974047468082e-05
0.0,680,611.1111111111111,388.8888888888889,142.5,7.7100319676250875,0.0,0.0,9.742974047468082e-05
0.0,681,722.2222222222223,388.8888888888889,142.5,7.7100319676250875,0.0,0.0,9.742974047468082e-05
0.0,682,833.3333333333334,388.8888888888889,142.5,7.7100319676250875,0.0,0.0,9.742974047468082e-05
0.0,683,944.4444444444445,388.8888888888889,142.5,7.7100319676250875,0.0,0.0,9.742974047468082e-05
0.0,684,55.55555555555556,500.0,142.5,7.7100319676250875,0.0,0.0,9.742974047468082e-05
0.0,685,166.66666666666669,500.0,142.5,7.7100319676250875,0.0,0.0,9.742974047468082e-05
0.0,686,277.77777777777777,500.0,142.5,7.7100319676250875,0.0,0.0,9.742974047468082e-05
0.0,687,388.8888888888889,500.0,142.5,7.7100319676250875,0.0,0.0,9.742974047468082e-05
0.0,688,500.0,500.0,142.5,7.7100319676250875,0.0,0.0,9.742974047468082e-05
0.0,689,611.1111111111111,500.0,142.5,7.7100319676250875,0.0,0.0,9.742974047468082e-05
0.0,690,722.2222222222223,500.0,142.5,7.7100319676250875,0.0,0.0,9.742974047468082e-05
0.0,691,833.3333333333334,500.0,142.5,7.7100319676250875,0.0,0.0,9.742974047468082e-05
0.0,692,944.4444444444445,500.0,142.5,7.7100319676250875,0.0,0.0,9.742974047468082e-05
0.0,693,55.55555555555556,611.1111111111111,142.5,7.7100319676250875,0.0,0.0,9.742974047468082e-05
0.0,694,166.66666666666669,611.1111111111111,142.5,7.7100319676250875,0.0,0.0,9.742974047468082e-05
0.0,695,277.77777777777777,611.1111111111111,142.5,7.7100319676250875,0.0,0.0,9.742974047468082e-05
0.0,696,388.8888888888889,611.1111111111111,142.5,7.7100319676250875,0.0,0.0,9.742974047468082e-05
0.0,697,500.0,611.1111111111111,142.5,7.7100319676250875,0.0,0.0,9.742974047468082e-05
0.0,698,611.1111111111111,611.1111111111111,142.5,7.7100319676250875,0.0,0.0,9.742974047468082e-05
0.0,699,722.2222222222223,611.1111111111111,142.5,7.7100319676250875,0.0,0.0,9.742974047468082e-05
0.0,700,833.3333333333334,611.1111111111111,142.5,7.7100319676250875,0.0,0.0,9.742974047468082e-05
0.0,701,944.4444444444445,611.1111111111111,142.5,7.7100319676250875,0.0,0.0,9.742974047468082e-05
0.0,702,55.55555555555556,722.2222222222223,142.5,7.7100319676250875,0.0,0.0,9.742974047468082e-05
0.0,703,166.66666666666669,722.2222222222223,142.5,7.7100319676250875,0.0,0.0,9.742974047468082e-05
0.0,704,277.77777777777777,722.2222222222223,142.5,7.7100319676250875,0.0,0.0,9.742974047468082e-05
0.0,705,388.8888888888889,722.2222222222223,142.5,7.7100319676250875,0.0,0.0,9.742974047468082e-05
0.0,706,500.0,722.2222222222223,142.5,7.7100319676250875,0.0,0.0,9.742974047468082e-05
0.0,707,611.1111111111111,722.2222222222223,142.5,7.7100319676250875,0.0,0.0,9.742974047468082e-05
0.0,708,722.2222222222223,722.2222222222223,142.5,7.7100319676250875,0.0,0.0,9.742974047468082e-05
0.0,709,833.3333333333334,722.2222222222223,142.5,7.7100319676250875,0.0,0.0,9.742974047468082e-05
0.0,710,944.4444444444445,722.2222222222223,142.5,7.7100319676250875,0.0,0.0,9.742974047468082e-05
0.0,711,55.55555555555556,833.3333333333334,142.5,7.7100319676250875,0.0,0.0,9.742974047468082e-05
0.0,712,166.66666666666669,833.3333333333334,142.5,7.7100319676250875,0.0,0.0,9.742974047468082e-05
0.0,713,277.77777777777777,833.3333333333334,142.5,7.7100319676250875,0.0,0.0,9.742974047468082e-05
0.0,714,388.8888888888889,833.3333333333334,142.5,7.7100319676250875,0.0,0.0,9.742974047468082e-05
0.0,715,500.0,833.3333333333334,142.5,7.7100319676250875,0.0,0.0,9.742974047468082e-05
0.0,716,611.1111111111111,833.3333333333334,142.5,7.7100319676250875,0.0,0.0,9.742974047468082e-05
0.0,717,722.2222222222223,833.3333333333334,142.5,7.7100319676250875,0.0,0.0,9.742974047468082e-05
0.0,718,833.3333333333334,833.3333333333334,142.5,7.7100319676250875,0.0,0.0,9.742974047468082e-05
0.0,719,944.4444444444445,833.3333333333334,142.5,7.7100319676250875,0.0,0.0,9.742974047468082e-05
0.0,720,55.55555555555556,944.4444444444445,142.5,7.7100319676250875,0.0,0.0,9.742974047468082e-05
0.0,721,166.66666666666669,944.4444444444445,142.5,7.7100319676250875,0.0,0.0,9.742974047468082e-05
0.0,722,277.77777777777777,944.4444444444445,142.5,7.7100319676250875,0.0,0.0,9.742974047468082e-05
0.0,723,388.8888888888889,944.4444444444445,142.5,7.7100319676250875,0.0,0.0,9.742974047468082e-05
0.0,724,500.0,944.4444444444445,142.5,7.7100319676250875,0.0,0.0,9.742974047468082e-05
0.0,725,611.1111111111111,944.4444444444445,142.5,7.7100319676250875,0.0,0.0,9.742974047468082e-05
0.0,726,722.2222222222223,944.4444444444445,142.5,7.7100319676250875,0.0,0.0,9.742974047468082e-05
0.0,727,833.3333333333334,944.4444444444445,142.5,7.7100319676250875,0.0,0.0,9.742974047468082e-05
0.0,728,944.4444444444445,944.4444444444445,142.5,7.7100319676250875,0.0,0.0,9.742974047468082e-05
30.0,0,55.55555555555556,55.55555555555556,102.5,5.999557845210715,0.7499389048471019,0.9728989537944952,7.971840321045007e-05
30.0,1,166.66666666666669,55.55555555555556,102.5,5.999557695098264,0.7499389048372833,0.9728989536207567,7.971840120504339e-05
30.0,2,277.77777777777777,55.55555555555556,102.5,5.999556629477497,0.7499389047675777,0.9728989523874773,7.971838696903345e-05
30.0,3,388.8888888888889,55.55555555555556,102.5,5.999551398056726,0.7499389044252941,0.97289894633293,7.971831708060514e-05
30.0,4,500.0,55.55555555555556,102.5,5.999538799712037,0.7499389036004425,0.9728989317522164,7.97181487747885e-05
30.0,5,611.1111111111111,55.55555555555556,102.5,5.999551398056725,0.7499389044252943,0.9728989463329308,7.97183170806052e-05
30.0,6,722.2222222222223,55.55555555555556,102.5,5.999556629477497,0.7499389047675777,0.9728989523874773,7.971838696903345e-05
30.0,7,833.3333333333334,55.55555555555556,102.5,5.9995576950982645,0.7499389048372832,0.9728989536207561,7.971840120504333e-05
30.0,8,944.4444444444445,55.55555555555556,102.5,5.999557845210716,0.7499389048471019,0.9728989537944953,7.971840321045008e-05
30.0,9,55.55555555555556,166.66666666666669,102.5,5.999557695098263,0.7499389048372833,0.9728989536207564,7.971840120504336e-05
30.0,10,166.66666666666669,166.66666666666669,102.5,5.99955635107492,0.7499389047493659,0.9728989520652781,7.971838324975414e-05
30.0,11,277.77777777777777,166.66666666666669,102.5,5.9995460771735525,0.7499389040770164,0.972898940174822,7.971824599701494e-05
30.0,12,388.8888888888889,166.66666666666669,102.5,5.999490825409287,0.7499389004521612,0.9728988762273808,7.971750786872278e-05
30.0,13,500.0,166.66666666666669,102.5,5.99933991303066,0.7499388904736563,0.9728987015458981,7.97154917745945e-05
30.0,14,611.1111111111111,166.66666666666669,102.5,5.999490825409288,0.7499389004521612,0.9728988762273809,7.97175078687228e-05
30.0,15,722.2222222222223,166.66666666666669,102.5,5.9995460771735525,0.7499389040770164,0.972898940174822,7.971824599701494e-05
30.0,16,833.3333333333334,166.66666666666669,102.5,5.9995563510749195,0.749938904749366,0.9728989520652784,7.971838324975417e-05
30.0,17,944.4444444444445,166.66666666666669,102.5,5.9995576950982645,0.7499389048372832,0.9728989536207561,7.971840120504333e-05
30.0,18,55.55555555555556,277.77777777777777,102.5,5.999556629477497,0.749938904767578,0.9728989523874777,7.971838696903349e-05
30.0,19,166.66666666666669,277.77777777777777,102.5,5.9995460771735525,0.7499389040770164,0.9728989401748221,7.971824599701495e-05
30.0,20,277.77777777777777,277.77777777777777,102.5,5.999458483212926,0.7499388983232365,0.9728988387934391,7.97170757975298e-05
30.0,21,388.8888888888889,277.77777777777777,102.5,5.998933673309412,0.7499388630470734,0.9728982311906278,7.971006466025311e-05
30.0,22,500.0,277.77777777777777,102.5,5.997241769574807,0.7499387464827224,0.9728962708153999,7.968746178508743e-05
30.0,23,611.1111111111111,277.77777777777777,102.5,5.998933673309412,0.7499388630470734,0.9728982311906278,7.971006466025311e-05
30.0,24,722.2222222222223,277.77777777777777,102.5,5.999458483212926,0.7499388983232367,0.9728988387934396,7.971707579752984e-05
30.0,25,833.3333333333334,277.77777777777777,102.5,5.9995460771735525,0.7499389040770165,0.9728989401748227,7.971824599701499e-05
30.0,26,944.4444444444445,277.77777777777777,102.5,5.999556629477497,0.7499389047675777,0.9728989523874773,7.971838696903345e-05
30.0,27,55.55555555555556,388.8888888888889,102.5,5.999551398056726,0.7499389044252942,0.9728989463329308,7.97183170806052e-05
30.0,28,166.66666666666669,388.8888888888889,102.5,5.999490825409288,0.7499389004521612,0.9728988762273809,7.97175078687228e-05
30.0,29,277.77777777777777,388.8888888888889,102.5,5.998933673309411,0.7499388630470734,0.9728982311906276,7.971006466025323e-05
30.0,30,388.8888888888889,388.8888888888889,102.5,5.995058155146897,0.7499386087743589,0.972893739253475,7.96582899167499e-05
30.0,31,500.0,388.8888888888889,102.5,5.978720110537137,0.7499379887983956,0.9728747413573103,7.944002180712041e-05
30.0,32,611.1111111111111,388.8888888888889,102.5,5.995058155146899,0.749938608774359,0.9728937392534759,7.965828991674997e-05
30.0,33,722.2222222222223,388.8888888888889,102.5,5.998933673309413,0.7499388630470734,0.9728982311906278,7.971006466025325e-05
30.0,34,833.3333333333334,388.8888888888889,102.5,5.999490825409287,0.7499389004521612,0.9728988762273808,7.971750786872278e-05
30.0,35,944.4444444444445,388.8888888888889,102.5,5.999551398056724,0.7499389044252942,0.9728989463329302,7.9718317080605e-05
30.0,36,55.55555555555556,500.0,102.5,5.999538799712037,0.7499389036004427,0.9728989317522169,7.971814877478853e-05
30.0,37,166.66666666666669,500.0,102.5,5.99933991303066,0.7499388904736563,0.9728987015458981,7.97154917745945e-05
30.0,38,277.77777777777777,500.0,102.5,5.997241769574808,0.7499387464827224,0.9728962708154001,7.968746178508745e-05
30.0,39,388.8888888888889,500.0,102.5,5.978720110537137,0.7499379887983957,0.9728747413573106,7.944002180712043e-05
30.0,40,500.0,500.0,102.5,5.846550444176505,0.7499373069882418,0.9727171669954705,7.767422813005576e-05
30.0,41,611.1111111111111,500.0,102.5,5.978720110537137,0.7499379887983956,0.9728747413573103,7.944002180712041e-05
30.0,42,722.2222222222223,500.0,102.5,5.99724176957481,0.7499387464827222,0.9728962708153994,7.96874617850874e-05
30.0,43,833.3333333333334,500.0,102.5,5.99933991303066,0.7499388904736566,0.9728987015458985,7.971549177459454e-05
30.0,44,944.4444444444445,500.0,102.5,5.999538799712037,0.7499389036004427,0.9728989317522169,7.971814877478853e-05
30.0,45,55.55555555555556,611.1111111111111,102.5,5.999551398056724,0.7499389044252941,0.9728989463329302,7.9718317080605e-05
30.0,46,166.66666666666669,611.1111111111111,102.5,5.999490825409288,0.749938900452161,0.9728988762273811,7.971750786872281e-05
30.0,47,277.77777777777777,611.1111111111111,102.5,5.998933673309412,0.7499388630470734,0.9728982311906278,7.971006466025311e-05
30.0,48,388.8888888888889,611.1111111111111,102.5,5.995058155146897,0.7499386087743589,0.9728937392534753,7.965828991674992e-05
30.0,49,500.0,611.1111111111111,102.5,5.978720110537137,0.7499379887983956,0.9728747413573103,7.944002180712041e-05
30.0,50,611.1111111111111,611.1111111111111,102.5,5.995058155146897,0.749938608774359,0.9728937392534753,7.965828991674992e-05
30.0,51,722.2222222222223,611.1111111111111,102.5,5.998933673309412,0.7499388630470734,0.9728982311906278,7.971006466025311e-05
30.0,52,833.3333333333334,611.1111111111111,102.5,5.999490825409287,0.7499389004521612,0.9728988762273808,7.971750786872278e-05
30.0,53,944.4444444444445,611.1111111111111,102.5,5.999551398056724,0.7499389044252943,0.9728989463329307,7.971831708060504e-05
30.0,54,55.55555555555556,722.2222222222223,102.5,5.999556629477497,0.7499389047675779,0.9728989523874773,7.971838696903345e-05
30.0,55,166.66666666666669,722.2222222222223,102.5,5.999546077173553,0.7499389040770165,0.9728989401748228,7.9718245997015e-05
30.0,56,277.77777777777777,722.2222222222223,102.5,5.999458483212926,0.7499388983232367,0.9728988387934394,7.971707579752983e-05
30.0,57,388.8888888888889,722.2222222222223,102.5,5.998933673309413,0.7499388630470734,0.9728982311906275,7.971006466025308e-05
30.0,58,500.0,722.2222222222223,102.5,5.997241769574808,0.7499387464827223,0.9728962708153994,7.96874617850874e-05
30.0,59,611.1111111111111,722.2222222222223,102.5,5.998933673309413,0.7499388630470734,0.9728982311906276,7.971006466025323e-05
30.0,60,722.2222222222223,722.2222222222223,102.5,5.999458483212926,0.7499388983232367,0.9728988387934393,7.971707579752982e-05
30.0,61,833.3333333333334,722.2222222222223,102.5,5.9995460771735525,0.7499389040770164,0.972898940174822,7.971824599701494e-05
30.0,62,944.4444444444445,722.2222222222223,102.5,5.999556629477497,0.7499389047675777,0.9728989523874773,7.971838696903345e-05
30.0,63,55.55555555555556,833.3333333333334,102.5,5.9995576950982645,0.7499389048372832,0.9728989536207562,7.971840120504335e-05
30.0,64,166.66666666666669,833.3333333333334,102.5,5.99955635107492,0.7499389047493659,0.9728989520652783,7.971838324975416e-05
30.0,65,277.77777777777777,833.3333333333334,102.5,5.9995460771735525,0.7499389040770164,0.9728989401748221,7.971824599701495e-05
30.0,66,388.8888888888889,833.3333333333334,102.5,5.999490825409287,0.7499389004521612,0.9728988762273809,7.97175078687228e-05
30.0,67,500.0,833.3333333333334,102.5,5.99933991303066,0.7499388904736563,0.9728987015458981,7.97154917745945e-05
30.0,68,611.1111111111111,833.3333333333334,102.5,5.999490825409288,0.749938900452161,0.9728988762273808,7.971750786872278e-05
30.0,69,722.2222222222223,833.3333333333334,102.5,5.9995460771735525,0.7499389040770165,0.9728989401748225,7.971824599701498e-05
30.0,70,833.3333333333334,833.3333333333334,102.5,5.9995563510749195,0.749938904749366,0.9728989520652784,7.971838324975417e-05
30.0,71,944.4444444444445,833.3333333333334,102.5,5.999557695098264,0.7499389048372833,0.9728989536207567,7.971840120504339e-05
30.0,72,55.55555555555556,944.4444444444445,102.5,5.999557845210716,0.7499389048471019,0.9728989537944956,7.97184032104501e-05
30.0,73,166.66666666666669,944.4444444444445,102.5,5.9995576950982645,0.7499389048372833,0.9728989536207568,7.97184012050434e-05
30.0,74,277.77777777777777,944.4444444444445,102.5,5.999556629477497,0.7499389047675777,0.9728989523874773,7.971838696903345e-05
30.0,75,388.8888888888889,944.4444444444445,102.5,5.999551398056726,0.7499389044252942,0.9728989463329308,7.97183170806052e-05
30.0,76,500.0,944.4444444444445,102.5,5.999538799712037,0.7499389036004427,0.9728989317522169,7.971814877478853e-05
30.0,77,611.1111111111111,944.4444444444445,102.5,5.999551398056725,0.7499389044252943,0.9728989463329308,7.97183170806052e-05
30.0,78,722.2222222222223,944.4444444444445,102.5,5.999556629477497,0.7499389047675779,0.9728989523874773,7.971838696903345e-05
30.0,79,833.3333333333334,944.4444444444445,102.5,5.9995576950982645,0.7499389048372833,0.9728989536207564,7.971840120504336e-05
30.0,80,944.4444444444445,944.4444444444445,102.5,5.999557845210714,0.749938904847102,0.9728989537944953,7.971840321045008e-05
30.0,81,55.55555555555556,55.55555555555556,107.5,5.999852624296074,0.7498995277434909,0.9728992937071305,7.972234116894504e-05
30.0,82,166.66666666666669,55.55555555555556,107.5,5.999852474304854,0.7498995277324834,0.9728992935334395,7.972233916514911e-05
30.0,83,277.77777777777777,55.55555555555556,107.5,5.999851409854578,0.7498995276543621,0.972899292300855,7.972232494471479e-05
30.0,84,388.8888888888889,55.55555555555556,107.5,5.999846187149599,0.74989952727098,0.9728992862531286,7.97222551724189e-05
30.0,85,500.0,55.55555555555556,107.5,5.9998336257937765,0.7498995263483322,0.9728992717073747,7.972208736001792e-05
30.0,86,611.1111111111111,55.55555555555556,107.5,5.999846187149598,0.74989952727098,0.9728992862531283,7.972225517241887e-05
30.0,87,722.2222222222223,55.55555555555556,107.5,5.999851409854578,0.7498995276543621,0.9728992923008551,7.97223249447148e-05
30.0,88,833.3333333333334,55.55555555555556,107.5,5.999852474304855,0.7498995277324835,0.9728992935334404,7.972233916514918e-05
30.0,89,944.4444444444445,55.55555555555556,107.5,5.999852624296075,0.7498995277434908,0.9728992937071305,7.972234116894504e-05
30.0,90,55.55555555555556,166.66666666666669,107.5,5.999852474304853,0.7498995277324834,0.9728992935334394,7.97223391651491e-05
30.0,91,166.66666666666669,166.66666666666669,107.5,5.999851131781741,0.7498995276339531,0.9728992919788613,7.972232122982423e-05
30.0,92,277.77777777777777,166.66666666666669,107.5,5.9998408751183625,0.7498995268809007,0.9728992801019529,7.972218420677622e-05
30.0,93,388.8888888888889,166.66666666666669,107.5,5.999785780180709,0.7498995228267837,0.9728992163015474,7.972144817037362e-05
30.0,94,500.0,166.66666666666669,107.5,5.999635710133015,0.7498995117070207,0.972899042501253,7.971944332050608e-05
30.0,95,611.1111111111111,166.66666666666669,107.5,5.999785780180711,0.7498995228267837,0.9728992163015477,7.972144817037365e-05
30.0,96,722.2222222222223,166.66666666666669,107.5,5.999840875118363,0.7498995268809006,0.9728992801019524,7.972218420677618e-05
30.0,97,833.3333333333334,166.66666666666669,107.5,5.99985113178174,0.7498995276339531,0.9728992919788612,7.972232122982421e-05
30.0,98,944.4444444444445,166.66666666666669,107.5,5.999852474304855,0.7498995277324835,0.9728992935334404,7.972233916514918e-05
30.0,99,55.55555555555556,277.77777777777777,107.5,5.999851409854578,0.7498995276543621,0.9728992923008551,7.97223249447148e-05
30.0,100,166.66666666666669,277.77777777777777,107.5,5.999840875118363,0.7498995268809006,0.972899280101952,7.972218420677616e-05
30.0,101,277.77777777777777,277.77777777777777,107.5,5.9997535245495195,0.7498995204462346,0.9728991789476138,7.972101725375439e-05
30.0,102,388.8888888888889,277.77777777777777,107.5,5.999231458061499,0.7498994811963182,0.972898574177057,7.971404273493071e-05
30.0,103,500.0,277.77777777777777,107.5,5.9975582120931845,0.7498993697625985,0.9728966361420344,7.96916891637422e-05
30.0,104,611.1111111111111,277.77777777777777,107.5,5.999231458061499,0.7498994811963182,0.972898574177057,7.971404273493071e-05
30.0,105,722.2222222222223,277.77777777777777,107.5,5.9997535245495195,0.7498995204462346,0.9728991789476138,7.972101725375439e-05
30.0,106,833.3333333333334,277.77777777777777,107.5,5.9998408751183625,0.7498995268809007,0.9728992801019529,7.972218420677622e-05
30.0,107,944.4444444444445,277.77777777777777,107.5,5.999851409854578,0.7498995276543621,0.972899292300855,7.972232494471479e-05
30.0,108,55.55555555555556,388.8888888888889,107.5,5.999846187149599,0.7498995272709799,0.9728992862531279,7.972225517241885e-05
30.0,109,166.66666666666669,388.8888888888889,107.5,5.99978578018071,0.7498995228267837,0.9728992163015474,7.972144817037362e-05
30.0,110,277.77777777777777,388.8888888888889,107.5,5.999231458061499,0.7498994811963182,0.9728985741770575,7.971404273493075e-05
30.0,111,388.8888888888889,388.8888888888889,107.5,5.995395898275234,0.7498992331422993,0.9728941297293763,7.966280187986471e-05
30.0,112,500.0,388.8888888888889,107.5,5.979328321351884,0.7498985965596339,0.9728754485902803,7.944814708429646e-05
30.0,113,611.1111111111111,388.8888888888889,107.5,5.995395898275236,0.7498992331422996,0.9728941297293772,7.966280187986479e-05
30.0,114,722.2222222222223,388.8888888888889,107.5,5.999231458061501,0.7498994811963182,0.9728985741770572,7.971404273493087e-05
30.0,115,833.3333333333334,388.8888888888889,107.5,5.999785780180709,0.7498995228267838,0.9728992163015474,7.972144817037362e-05
30.0,116,944.4444444444445,388.8888888888889,107.5,5.999846187149597,0.7498995272709799,0.9728992862531283,7.972225517241887e-05
30.0,117,55.55555555555556,500.0,107.5,5.999833625793776,0.749899526348332,0.9728992717073743,7.97220873600179e-05
30.0,118,166.66666666666669,500.0,107.5,5.999635710133014,0.7498995117070207,0.972899042501253,7.971944332050608e-05
30.0,119,277.77777777777777,500.0,107.5,5.997558212093185,0.7498993697625986,0.9728966361420348,7.969168916374223e-05
30.0,120,388.8888888888889,500.0,107.5,5.979328321351884,0.7498985965596339,0.9728754485902803,7.944814708429646e-05
30.0,121,500.0,500.0,107.5,5.832003289290912,0.7498972539236762,0.9726994087910987,7.747987099938618e-05
30.0,122,611.1111111111111,500.0,107.5,5.979328321351886,0.7498985965596339,0.9728754485902801,7.94481470842966e-05
30.0,123,722.2222222222223,500.0,107.5,5.997558212093186,0.7498993697625985,0.9728966361420344,7.96916891637422e-05
30.0,124,833.3333333333334,500.0,107.5,5.999635710133014,0.7498995117070207,0.9728990425012528,7.971944332050605e-05
30.0,125,944.4444444444445,500.0,107.5,5.999833625793776,0.749899526348332,0.9728992717073742,7.972208736001788e-05
30.0,126,55.55555555555556,611.1111111111111,107.5,5.999846187149598,0.74989952727098,0.9728992862531284,7.972225517241889e-05
30.0,127,166.66666666666669,611.1111111111111,107.5,5.99978578018071,0.7498995228267837,0.9728992163015473,7.97214481703736e-05
30.0,128,277.77777777777777,611.1111111111111,107.5,5.9992314580615,0.7498994811963182,0.9728985741770572,7.971404273493087e-05
30.0,129,388.8888888888889,611.1111111111111,107.5,5.995395898275235,0.7498992331422993,0.9728941297293765,7.966280187986474e-05
30.0,130,500.0,611.1111111111111,107.5,5.979328321351886,0.7498985965596339,0.9728754485902802,7.944814708429661e-05
30.0,131,611.1111111111111,611.1111111111111,107.5,5.995395898275235,0.7498992331422993,0.9728941297293765,7.966280187986474e-05
30.0,132,722.2222222222223,611.1111111111111,107.5,5.999231458061501,0.7498994811963182,0.9728985741770575,7.97140427349309e-05
30.0,133,833.3333333333334,611.1111111111111,107.5,5.999785780180709,0.7498995228267838,0.9728992163015474,7.972144817037362e-05
30.0,134,944.4444444444445,611.1111111111111,107.5,5.999846187149597,0.74989952727098,0.9728992862531279,7.972225517241885e-05
30.0,135,55.55555555555556,722.2222222222223,107.5,5.999851409854578,0.7498995276543621,0.9728992923008551,7.97223249447148e-05
30.0,136,166.66666666666669,722.2222222222223,107.5,5.999840875118363,0.7498995268809007,0.9728992801019527,7.972218420677621e-05
30.0,137,277.77777777777777,722.2222222222223,107.5,5.99975352454952,0.7498995204462349,0.9728991789476142,7.972101725375428e-05
30.0,138,388.8888888888889,722.2222222222223,107.5,5.999231458061501,0.7498994811963181,0.9728985741770566,7.971404273493083e-05
30.0,139,500.0,722.2222222222223,107.5,5.9975582120931845,0.7498993697625985,0.9728966361420344,7.96916891637422e-05
30.0,140,611.1111111111111,722.2222222222223,107.5,5.9992314580615,0.7498994811963182,0.9728985741770575,7.97140427349309e-05
30.0,141,722.2222222222223,722.2222222222223,107.5,5.9997535245495195,0.7498995204462346,0.9728991789476138,7.972101725375439e-05
30.0,142,833.3333333333334,722.2222222222223,107.5,5.9998408751183625,0.7498995268809007,0.9728992801019529,7.972218420677622e-05
30.0,143,944.4444444444445,722.2222222222223,107.5,5.999851409854577,0.7498995276543621,0.972899292300855,7.972232494471479e-05
30.0,144,55.55555555555556,833.3333333333334,107.5,5.999852474304854,0.7498995277324835,0.9728992935334401,7.972233916514915e-05
30.0,145,166.66666666666669,833.3333333333334,107.5,5.99985113178174,0.7498995276339531,0.9728992919788612,7.972232122982421e-05
30.0,146,277.77777777777777,833.3333333333334,107.5,5.999840875118363,0.7498995268809006,0.9728992801019524,7.972218420677618e-05
30.0,147,388.8888888888889,833.3333333333334,107.5,5.999785780180711,0.7498995228267837,0.9728992163015477,7.972144817037365e-05
30.0,148,500.0,833.3333333333334,107.5,5.999635710133015,0.7498995117070207,0.972899042501253,7.971944332050608e-05
30.0,149,611.1111111111111,833.3333333333334,107.5,5.999785780180711,0.7498995228267836,0.9728992163015473,7.97214481703736e-05
30.0,150,722.2222222222223,833.3333333333334,107.5,5.999840875118363,0.7498995268809006,0.9728992801019524,7.972218420677618e-05
30.0,151,833.3333333333334,833.3333333333334,107.5,5.99985113178174,0.7498995276339531,0.9728992919788612,7.972232122982421e-05
30.0,152,944.4444444444445,833.3333333333334,107.5,5.999852474304854,0.7498995277324834,0.9728992935334397,7.972233916514912e-05
30.0,153,55.55555555555556,944.4444444444445,107.5,5.999852624296075,0.7498995277434908,0.9728992937071305,7.972234116894504e-05
30.0,154,166.66666666666669,944.4444444444445,107.5,5.999852474304854,0.7498995277324835,0.9728992935334401,7.972233916514915e-05
30.0,155,277.77777777777777,944.4444444444445,107.5,5.999851409854578,0.7498995276543621,0.972899292300855,7.972232494471479e-05
30.0,156,388.8888888888889,944.4444444444445,107.5,5.999846187149599,0.74989952727098,0.9728992862531286,7.97222551724189e-05
30.0,157,500.0,944.4444444444445,107.5,5.999833625793776,0.7498995263483321,0.9728992717073739,7.972208736001785e-05
30.0,158,611.1111111111111,944.4444444444445,107.5,5.999846187149598,0.74989952727098,0.9728992862531284,7.972225517241889e-05
30.0,159,722.2222222222223,944.4444444444445,107.5,5.999851409854578,0.7498995276543621,0.972899292300855,7.972232494471479e-05
30.0,160,833.3333333333334,944.4444444444445,107.5,5.999852474304854,0.7498995277324834,0.9728992935334395,7.972233916514911e-05
30.0,161,944.4444444444445,944.4444444444445,107.5,5.999852624296074,0.7498995277434909,0.9728992937071305,7.972234116894504e-05
30.0,162,55.55555555555556,55.55555555555556,112.5,6.000147417222021,0.749804890470057,0.9728996336023259,7.972627931167973e-05
30.0,163,166.66666666666669,55.55555555555556,112.5,6.000147267450314,0.7498048904586375,0.9728996334288658,7.972627731081333e-05
30.0,164,277.77777777777777,55.55555555555556,112.5,6.000146205047831,0.7498048903776295,0.9728996321985028,7.972626311771661e-05
30.0,165,388.8888888888889,55.55555555555556,112.5,6.000140997137535,0.7498048899804467,0.9728996261672634,7.972619354297956e-05
30.0,166,500.0,55.55555555555556,112.5,6.000128497348381,0.7498048890265933,0.9728996116911819,7.972602655285237e-05
30.0,167,611.1111111111111,55.55555555555556,112.5,6.000140997137535,0.7498048899804467,0.9728996261672633,7.972619354297955e-05
30.0,168,722.2222222222223,55.55555555555556,112.5,6.000146205047832,0.7498048903776295,0.9728996321985031,7.972626311771662e-05
30.0,169,833.3333333333334,55.55555555555556,112.5,6.000147267450314,0.7498048904586375,0.9728996334288658,7.972627731081333e-05
30.0,170,944.4444444444445,55.55555555555556,112.5,6.000147417222021,0.749804890470057,0.9728996336023251,7.972627931167966e-05
30.0,171,55.55555555555556,166.66666666666669,112.5,6.000147267450314,0.7498048904586375,0.9728996334288658,7.972627731081333e-05
30.0,172,166.66666666666669,166.66666666666669,112.5,6.00014592754796,0.7498048903564696,0.9728996318771507,7.972625941047654e-05
30.0,173,277.77777777777777,166.66666666666669,112.5,6.00013570013277,0.74980488957633,0.9728996200327914,7.972612277798726e-05
30.0,174,388.8888888888889,166.66666666666669,112.5,6.000080866432404,0.7498048853847362,0.9728995565278897,7.97253902306009e-05
30.0,175,500.0,166.66666666666669,112.5,5.999932205241263,0.749804873945143,0.9728993843403604,7.972340419964846e-05
30.0,176,611.1111111111111,166.66666666666669,112.5,6.000080866432404,0.7498048853847364,0.97289955652789,7.972539023060091e-05
30.0,177,722.2222222222223,166.66666666666669,112.5,6.000135700132769,0.74980488957633,0.972899620032791,7.972612277798721e-05
30.0,178,833.3333333333334,166.66666666666669,112.5,6.00014592754796,0.7498048903564696,0.972899631877151,7.972625941047657e-05
30.0,179,944.4444444444445,166.66666666666669,112.5,6.000147267450314,0.7498048904586375,0.9728996334288658,7.972627731081333e-05
30.0,180,55.55555555555556,277.77777777777777,112.5,6.000146205047832,0.7498048903776295,0.9728996321985031,7.972626311771662e-05
30.0,181,166.66666666666669,277.77777777777777,112.5,6.000135700132769,0.7498048895763301,0.9728996200327914,7.972612277798726e-05
30.0,182,277.77777777777777,277.77777777777777,112.5,6.00004875522091,0.7498048829231119,0.972899519337104,7.972496124278225e-05
30.0,183,388.8888888888889,277.77777777777777,112.5,5.999531274973427,0.7498048425421415,0.9728989198327528,7.971804798607944e-05
30.0,184,500.0,277.77777777777777,112.5,5.997891887308321,0.749804733581472,0.9728970214151081,7.969614676207626e-05
30.0,185,611.1111111111111,277.77777777777777,112.5,5.999531274973427,0.7498048425421415,0.9728989198327528,7.971804798607944e-05
30.0,186,722.2222222222223,277.77777777777777,112.5,6.000048755220909,0.7498048829231119,0.9728995193371041,7.972496124278227e-05
30.0,187,833.3333333333334,277.77777777777777,112.5,6.000135700132768,0.7498048895763301,0.9728996200327914,7.972612277798726e-05
30.0,188,944.4444444444445,277.77777777777777,112.5,6.000146205047832,0.7498048903776295,0.9728996321985031,7.972626311771662e-05
30.0,189,55.55555555555556,388.8888888888889,112.5,6.000140997137534,0.7498048899804468,0.9728996261672638,7.972619354297959e-05
30.0,190,166.66666666666669,388.8888888888889,112.5,6.000080866432404,0.7498048853847364,0.9728995565278904,7.972539023060095e-05
30.0,191,277.77777777777777,388.8888888888889,112.5,5.999531274973427,0.7498048425421414,0.9728989198327526,7.971804798607942e-05
30.0,192,388.8888888888889,388.8888888888889,112.5,5.995767845151991,0.749804597797323,0.9728945597403186,7.966777077861697e-05
30.0,193,500.0,388.8888888888889,112.5,5.980575768865987,0.7498039657013634,0.9728769015379979,7.946481234744331e-05
30.0,194,611.1111111111111,388.8888888888889,112.5,5.995767845151992,0.749804597797323,0.9728945597403189,7.966777077861699e-05
30.0,195,722.2222222222223,388.8888888888889,112.5,5.999531274973428,0.7498048425421416,0.9728989198327531,7.971804798607946e-05
30.0,196,833.3333333333334,388.8888888888889,112.5,6.000080866432403,0.7498048853847363,0.97289955652789,7.972539023060091e-05
30.0,197,944.4444444444445,388.8888888888889,112.5,6.000140997137534,0.7498048899804467,0.9728996261672633,7.972619354297955e-05
30.0,198,55.55555555555556,500.0,112.5,6.000128497348382,0.7498048890265931,0.9728996116911819,7.972602655285237e-05
30.0,199,166.66666666666669,500.0,112.5,5.999932205241261,0.749804873945143,0.97289938434036,7.972340419964844e-05
30.0,200,277.77777777777777,500.0,112.5,5.997891887308321,0.749804733581472,0.9728970214151085,7.969614676207629e-05
30.0,201,388.8888888888889,500.0,112.5,5.980575768865987,0.7498039657013632,0.9728769015379973,7.946481234744327e-05
30.0,202,500.0,500.0,112.5,5.8678746638541135,0.7498029611211561,0.9727430702318093,7.795912977354264e-05
30.0,203,611.1111111111111,500.0,112.5,5.980575768865987,0.7498039657013633,0.9728769015379976,7.946481234744328e-05
30.0,204,722.2222222222223,500.0,112.5,5.997891887308322,0.7498047335814719,0.9728970214151083,7.969614676207628e-05
30.0,205,833.3333333333334,500.0,112.5,5.999932205241262,0.7498048739451431,0.9728993843403605,7.972340419964848e-05
30.0,206,944.4444444444445,500.0,112.5,6.000128497348382,0.749804889026593,0.9728996116911816,7.972602655285234e-05
30.0,207,55.55555555555556,611.1111111111111,112.5,6.000140997137534,0.7498048899804467,0.9728996261672633,7.972619354297955e-05
30.0,208,166.66666666666669,611.1111111111111,112.5,6.000080866432403,0.7498048853847364,0.9728995565278897,7.97253902306009e-05
30.0,209,277.77777777777777,611.1111111111111,112.5,5.999531274973427,0.7498048425421416,0.9728989198327532,7.971804798607948e-05
30.0,210,388.8888888888889,611.1111111111111,112.5,5.995767845151993,0.749804597797323,0.9728945597403185,7.966777077861695e-05
30.0,211,500.0,611.1111111111111,112.5,5.980575768865988,0.7498039657013634,0.9728769015379983,7.946481234744335e-05
30.0,212,611.1111111111111,611.1111111111111,112.5,5.995767845151993,0.749804597797323,0.9728945597403189,7.966777077861699e-05
30.0,213,722.2222222222223,611.1111111111111,112.5,5.999531274973427,0.7498048425421416,0.9728989198327531,7.971804798607946e-05
30.0,214,833.3333333333334,611.1111111111111,112.5,6.000080866432403,0.7498048853847363,0.97289955652789,7.972539023060091e-05
30.0,215,944.4444444444445,611.1111111111111,112.5,6.0001409971375335,0.7498048899804469,0.9728996261672641,7.972619354297962e-05
30.0,216,55.55555555555556,722.2222222222223,112.5,6.000146205047831,0.7498048903776295,0.9728996321985028,7.972626311771661e-05
30.0,217,166.66666666666669,722.2222222222223,112.5,6.000135700132769,0.7498048895763301,0.9728996200327907,7.97261227779872e-05
30.0,218,277.77777777777777,722.2222222222223,112.5,6.000048755220912,0.7498048829231121,0.9728995193371044,7.97249612427823e-05
30.0,219,388.8888888888889,722.2222222222223,112.5,5.999531274973427,0.7498048425421415,0.9728989198327528,7.971804798607944e-05
30.0,220,500.0,722.2222222222223,112.5,5.997891887308321,0.749804733581472,0.9728970214151085,7.969614676207629e-05
30.0,221,611.1111111111111,722.2222222222223,112.5,5.999531274973427,0.7498048425421415,0.9728989198327528,7.971804798607944e-05
30.0,222,722.2222222222223,722.2222222222223,112.5,6.00004875522091,0.7498048829231119,0.972899519337104,7.972496124278225e-05
30.0,223,833.3333333333334,722.2222222222223,112.5,6.000135700132769,0.7498048895763301,0.9728996200327914,7.972612277798726e-05
30.0,224,944.4444444444445,722.2222222222223,112.5,6.00014620504783,0.7498048903776297,0.9728996321985034,7.972626311771665e-05
30.0,225,55.55555555555556,833.3333333333334,112.5,6.0001472674503145,0.7498048904586374,0.9728996334288654,7.97262773108133e-05
30.0,226,166.66666666666669,833.3333333333334,112.5,6.00014592754796,0.7498048903564696,0.972899631877151,7.972625941047657e-05
30.0,227,277.77777777777777,833.3333333333334,112.5,6.000135700132769,0.7498048895763301,0.9728996200327911,7.972612277798723e-05
30.0,228,388.8888888888889,833.3333333333334,112.5,6.000080866432404,0.7498048853847364,0.9728995565278901,7.972539023060093e-05
30.0,229,500.0,833.3333333333334,112.5,5.9999322052412625,0.749804873945143,0.97289938434036,7.972340419964844e-05
30.0,230,611.1111111111111,833.3333333333334,112.5,6.000080866432404,0.7498048853847364,0.9728995565278904,7.972539023060095e-05
30.0,231,722.2222222222223,833.3333333333334,112.5,6.000135700132769,0.74980488957633,0.9728996200327911,7.972612277798723e-05
30.0,232,833.3333333333334,833.3333333333334,112.5,6.00014592754796,0.7498048903564694,0.9728996318771501,7.97262594104765e-05
30.0,233,944.4444444444445,833.3333333333334,112.5,6.0001472674503145,0.7498048904586375,0.972899633428866,7.972627731081349e-05
30.0,234,55.55555555555556,944.4444444444445,112.5,6.00014741722202,0.749804890470057,0.9728996336023255,7.972627931167969e-05
30.0,235,166.66666666666669,944.4444444444445,112.5,6.000147267450314,0.7498048904586374,0.9728996334288652,7.972627731081328e-05
30.0,236,277.77777777777777,944.4444444444445,112.5,6.000146205047832,0.7498048903776295,0.9728996321985031,7.972626311771662e-05
30.0,237,388.8888888888889,944.4444444444445,112.5,6.000140997137535,0.7498048899804467,0.9728996261672638,7.972619354297959e-05
30.0,238,500.0,944.4444444444445,112.5,6.000128497348381,0.7498048890265931,0.9728996116911816,7.972602655285234e-05
30.0,239,611.1111111111111,944.4444444444445,112.5,6.000140997137535,0.7498048899804467,0.9728996261672634,7.972619354297956e-05
30.0,240,722.2222222222223,944.4444444444445,112.5,6.000146205047832,0.7498048903776295,0.9728996321985031,7.972626311771662e-05
30.0,241,833.3333333333334,944.4444444444445,112.5,6.0001472674503145,0.7498048904586375,0.972899633428866,7.972627731081349e-05
30.0,242,944.4444444444445,944.4444444444445,112.5,6.000147417222021,0.749804890470057,0.9728996336023259,7.972627931167973e-05
30.0,243,55.55555555555556,55.55555555555556,117.5,6.000442223924849,0.7494695113178218,0.9728999734799257,7.973021763779967e-05
30.0,244,166.66666666666669,55.55555555555556,117.5,6.000442074419554,0.7494695113055717,0.972899973306731,7.973021564048825e-05
30.0,245,277.77777777777777,55.55555555555556,117.5,6.000441014368129,0.7494695112186799,0.9728999720787014,7.973020147876086e-05
30.0,246,388.8888888888889,55.55555555555556,117.5,6.000435822562526,0.7494695107928354,0.9728999660641623,7.97301321189769e-05
30.0,247,500.0,55.55555555555556,117.5,6.00042338712376,0.7494695097716148,0.9728999516580265,7.972996598807089e-05
30.0,248,611.1111111111111,55.55555555555556,117.5,6.000435822562526,0.7494695107928354,0.9728999660641625,7.973013211897692e-05
30.0,249,722.2222222222223,55.55555555555556,117.5,6.000441014368129,0.7494695112186799,0.9728999720787017,7.973020147876089e-05
30.0,250,833.3333333333334,55.55555555555556,117.5,6.000442074419554,0.7494695113055717,0.9728999733067311,7.973021564048826e-05
30.0,251,944.4444444444445,55.55555555555556,117.5,6.00044222392485,0.7494695113178219,0.9728999734799257,7.973021763779967e-05
30.0,252,55.55555555555556,166.66666666666669,117.5,6.000442074419554,0.7494695113055715,0.9728999733067306,7.973021564048822e-05
30.0,253,166.66666666666669,166.66666666666669,117.5,6.000440737518576,0.7494695111959834,0.972899971757968,7.97301977801959e-05
30.0,254,277.77777777777777,166.66666666666669,117.5,6.000430541916347,0.7494695103595659,0.9728999599466936,7.973006157232924e-05
30.0,255,388.8888888888889,166.66666666666669,117.5,6.000375981737834,0.7494695058719961,0.972899896738397,7.972933267700213e-05
30.0,256,500.0,166.66666666666669,117.5,6.000228768649326,0.7494694947162243,0.972899726281422,7.972736599521791e-05
30.0,257,611.1111111111111,166.66666666666669,117.5,6.000375981737834,0.7494695058719962,0.9728998967383974,7.972933267700215e-05
30.0,258,722.2222222222223,166.66666666666669,117.5,6.000430541916346,0.749469510359566,0.9728999599466852,7.973006157232855e-05
30.0,259,833.3333333333334,166.66666666666669,117.5,6.000440737518576,0.7494695111959832,0.9728999717579669,7.973019778019581e-05
30.0,260,944.4444444444445,166.66666666666669,117.5,6.000442074419554,0.7494695113055717,0.9728999733067311,7.973021564048826e-05
30.0,261,55.55555555555556,277.77777777777777,117.5,6.000441014368129,0.7494695112186799,0.9728999720787017,7.973020147876089e-05
30.0,262,166.66666666666669,277.77777777777777,117.5,6.000430541916346,0.749469510359566,0.9728999599466936,7.973006157232924e-05
30.0,263,277.77777777777777,277.77777777777777,117.5,6.000344022236761,0.7494695032366223,0.9728998597115359,7.972890571475789e-05
30.0,264,388.8888888888889,277.77777777777777,117.5,5.9998312609864035,0.7494694685658538,0.9728992663517275,7.972205555315988e-05
30.0,265,500.0,277.77777777777777,117.5,5.998226713703157,0.7494693547485601,0.9728974079684274,7.970061973780479e-05
30.0,266,611.1111111111111,277.77777777777777,117.5,5.9998312609864035,0.7494694685658538,0.9728992663517275,7.972205555315988e-05
30.0,267,722.2222222222223,277.77777777777777,117.5,6.000344022236759,0.7494695032366223,0.9728998597115353,7.972890571475784e-05
30.0,268,833.3333333333334,277.77777777777777,117.5,6.000430541916345,0.749469510359566,0.9728999599466852,7.973006157232855e-05
30.0,269,944.4444444444445,277.77777777777777,117.5,6.000441014368129,0.7494695112186799,0.9728999720787014,7.973020147876086e-05
30.0,270,55.55555555555556,388.8888888888889,117.5,6.000435822562527,0.7494695107928355,0.9728999660641626,7.973013211897693e-05
30.0,271,166.66666666666669,388.8888888888889,117.5,6.000375981737834,0.7494695058719962,0.9728998967383976,7.972933267700217e-05
30.0,272,277.77777777777777,388.8888888888889,117.5,5.9998312609864035,0.7494694685658538,0.9728992663517274,7.972205555315987e-05
30.0,273,388.8888888888889,388.8888888888889,117.5,5.996142036688558,0.7494692193043584,0.9728949923009221,7.967276966378135e-05
30.0,274,500.0,388.8888888888889,117.5,5.981817032651148,0.7494685794883528,0.9728783464396868,7.948139496765803e-05
30.0,275,611.1111111111111,388.8888888888889,117.5,5.996142036688559,0.7494692193043584,0.9728949923009217,7.967276966378131e-05
30.0,276,722.2222222222223,388.8888888888889,117.5,5.999831260986404,0.7494694685658538,0.9728992663517276,7.97220555531599e-05
30.0,277,833.3333333333334,388.8888888888889,117.5,6.000375981737834,0.7494695058719961,0.972899896738397,7.972933267700213e-05
30.0,278,944.4444444444445,388.8888888888889,117.5,6.000435822562525,0.7494695107928356,0.9728999660641626,7.973013211897693e-05
30.0,279,55.55555555555556,500.0,117.5,6.000423387123762,0.7494695097716148,0.9728999516580271,7.972996598807108e-05
30.0,280,166.66666666666669,500.0,117.5,6.0002287686493245,0.7494694947162243,0.9728997262814215,7.972736599521787e-05
30.0,281,277.77777777777777,500.0,117.5,5.998226713703155,0.7494693547485602,0.9728974079684276,7.97006197378048e-05
30.0,282,388.8888888888889,500.0,117.5,5.98181703265115,0.7494685794883528,0.9728783464396866,7.948139496765817e-05
30.0,283,500.0,500.0,117.5,5.890472563396911,0.7494679333878559,0.9727703071164184,7.826104391025986e-05
30.0,284,611.1111111111111,500.0,117.5,5.98181703265115,0.7494685794883529,0.9728783464396875,7.948139496765809e-05
30.0,285,722.2222222222223,500.0,117.5,5.998226713703158,0.7494693547485601,0.9728974079684277,7.970061973780482e-05
30.0,286,833.3333333333334,500.0,117.5,6.0002287686493245,0.7494694947162243,0.9728997262814219,7.97273659952179e-05
30.0,287,944.4444444444445,500.0,117.5,6.000423387123762,0.7494695097716148,0.9728999516580267,7.97299659880709e-05
30.0,288,55.55555555555556,611.1111111111111,117.5,6.000435822562527,0.7494695107928355,0.9728999660641626,7.973013211897693e-05
30.0,289,166.66666666666669,611.1111111111111,117.5,6.000375981737833,0.7494695058719962,0.9728998967383976,7.972933267700217e-05
30.0,290,277.77777777777777,611.1111111111111,117.5,5.9998312609864035,0.7494694685658537,0.9728992663517269,7.972205555315983e-05
30.0,291,388.8888888888889,611.1111111111111,117.5,5.996142036688559,0.7494692193043585,0.9728949923009228,7.96727696637814e-05
30.0,292,500.0,611.1111111111111,117.5,5.98181703265115,0.7494685794883529,0.9728783464396877,7.94813949676581e-05
30.0,293,611.1111111111111,611.1111111111111,117.5,5.996142036688559,0.7494692193043585,0.9728949923009222,7.967276966378121e-05
30.0,294,722.2222222222223,611.1111111111111,117.5,5.999831260986404,0.749469468565854,0.9728992663517276,7.97220555531599e-05
30.0,295,833.3333333333334,611.1111111111111,117.5,6.000375981737834,0.7494695058719961,0.972899896738397,7.972933267700213e-05
30.0,296,944.4444444444445,611.1111111111111,117.5,6.000435822562526,0.7494695107928355,0.9728999660641626,7.973013211897693e-05
30.0,297,55.55555555555556,722.2222222222223,117.5,6.000441014368129,0.7494695112186799,0.9728999720787017,7.973020147876089e-05
30.0,298,166.66666666666669,722.2222222222223,117.5,6.000430541916346,0.7494695103595658,0.9728999599466935,7.973006157232922e-05
30.0,299,277.77777777777777,722.2222222222223,117.5,6.000344022236761,0.7494695032366225,0.9728998597115365,7.972890571475793e-05
30.0,300,388.8888888888889,722.2222222222223,117.5,5.9998312609864035,0.7494694685658538,0.9728992663517275,7.972205555315988e-05
30.0,301,500.0,722.2222222222223,117.5,5.998226713703155,0.7494693547485602,0.9728974079684276,7.97006197378048e-05
30.0,302,611.1111111111111,722.2222222222223,117.5,5.9998312609864035,0.7494694685658538,0.9728992663517272,7.972205555315986e-05
30.0,303,722.2222222222223,722.2222222222223,117.5,6.00034402223676,0.7494695032366225,0.9728998597115366,7.972890571475795e-05
30.0,304,833.3333333333334,722.2222222222223,117.5,6.000430541916346,0.749469510359566,0.9728999599466936,7.973006157232924e-05
30.0,305,944.4444444444445,722.2222222222223,117.5,6.000441014368128,0.7494695112186798,0.9728999720787008,7.973020147876069e-05
30.0,306,55.55555555555556,833.3333333333334,117.5,6.000442074419554,0.7494695113055717,0.9728999733067311,7.973021564048826e-05
30.0,307,166.66666666666669,833.3333333333334,117.5,6.000440737518577,0.7494695111959833,0.9728999717579676,7.973019778019586e-05
30.0,308,277.77777777777777,833.3333333333334,117.5,6.000430541916346,0.749469510359566,0.9728999599466855,7.973006157232857e-05
30.0,309,388.8888888888889,833.3333333333334,117.5,6.000375981737834,0.7494695058719961,0.972899896738397,7.972933267700213e-05
30.0,310,500.0,833.3333333333334,117.5,6.0002287686493245,0.7494694947162243,0.9728997262814219,7.97273659952179e-05
30.0,311,611.1111111111111,833.3333333333334,117.5,6.000375981737834,0.7494695058719962,0.9728998967383976,7.972933267700217e-05
30.0,312,722.2222222222223,833.3333333333334,117.5,6.000430541916345,0.749469510359566,0.9728999599466852,7.973006157232855e-05
30.0,313,833.3333333333334,833.3333333333334,117.5,6.000440737518576,0.7494695111959832,0.9728999717579669,7.973019778019581e-05
30.0,314,944.4444444444445,833.3333333333334,117.5,6.000442074419554,0.7494695113055717,0.972899973306731,7.973021564048825e-05
30.0,315,55.55555555555556,944.4444444444445,117.5,6.00044222392485,0.7494695113178219,0.9728999734799256,7.973021763779965e-05
30.0,316,166.66666666666669,944.4444444444445,117.5,6.000442074419554,0.7494695113055717,0.972899973306731,7.973021564048825e-05
30.0,317,277.77777777777777,944.4444444444445,117.5,6.000441014368129,0.7494695112186799,0.9728999720787014,7.973020147876086e-05
30.0,318,388.8888888888889,944.4444444444445,117.5,6.000435822562526,0.7494695107928356,0.972899966064163,7.973013211897696e-05
30.0,319,500.0,944.4444444444445,117.5,6.000423387123761,0.7494695097716146,0.9728999516580265,7.972996598807089e-05
30.0,320,611.1111111111111,944.4444444444445,117.5,6.000435822562527,0.7494695107928354,0.9728999660641625,7.973013211897692e-05
30.0,321,722.2222222222223,944.4444444444445,117.5,6.000441014368129,0.7494695112186799,0.9728999720787014,7.973020147876086e-05
30.0,322,833.3333333333334,944.4444444444445,117.5,6.000442074419554,0.7494695113055715,0.9728999733067306,7.973021564048822e-05
30.0,323,944.4444444444445,944.4444444444445,117.5,6.000442223924849,0.7494695113178218,0.9728999734799257,7.973021763779967e-05
30.0,324,55.55555555555556,55.55555555555556,122.5,6.0007370439282814,0.7456957588838741,0.9729003133393954,7.973415614100128e-05
30.0,325,166.66666666666669,55.55555555555556,122.5,6.000736894670787,0.7456957587599486,0.9729003131667235,7.97341541470182e-05
30.0,326,277.77777777777777,55.55555555555556,122.5,6.000735836626397,0.7456957587115826,0.9729003119427053,7.973414001223445e-05
30.0,327,388.8888888888889,55.55555555555556,122.5,6.000730657177599,0.7456957584005537,0.9729003059506623,7.973407081816461e-05
30.0,328,500.0,55.55555555555556,122.5,6.000718266415859,0.7456957576062966,0.9729002916158765,7.973390528563816e-05
30.0,329,611.1111111111111,55.55555555555556,122.5,6.0007306571776,0.7456957584005537,0.9729003059506629,7.973407081816465e-05
30.0,330,722.2222222222223,55.55555555555556,122.5,6.000735836626397,0.7456957587115826,0.9729003119427055,7.973414001223446e-05
30.0,331,833.3333333333334,55.55555555555556,122.5,6.000736894670786,0.7456957587599488,0.9729003131667158,7.973415414701756e-05
30.0,332,944.4444444444445,55.55555555555556,122.5,6.0007370439282814,0.7456957588838741,0.9729003133393953,7.973415614100127e-05
30.0,333,55.55555555555556,166.66666666666669,122.5,6.000736894670786,0.7456957587599488,0.9729003131667158,7.973415414701756e-05
30.0,334,166.66666666666669,166.66666666666669,122.5,6.000735560321143,0.7456957586929435,0.9729003116230494,7.973413632097571e-05
30.0,335,277.77777777777777,166.66666666666669,122.5,6.000725389086715,0.7456957580938237,0.9729002998560544,7.97340004398935e-05
30.0,336,388.8888888888889,166.66666666666669,122.5,6.000671019699815,0.7456957545778268,0.9729002369547951,7.973327410010469e-05
30.0,337,500.0,166.66666666666669,122.5,6.00052475293156,0.7456957444351666,0.9729000677181734,7.97313200697864e-05
30.0,338,611.1111111111111,166.66666666666669,122.5,6.000671019699814,0.7456957545778268,0.9729002369547951,7.973327410010469e-05
30.0,339,722.2222222222223,166.66666666666669,122.5,6.000725389086715,0.7456957580938237,0.9729002998560548,7.973400043989353e-05
30.0,340,833.3333333333334,166.66666666666669,122.5,6.000735560321143,0.7456957586929436,0.972900311623049,7.973413632097569e-05
30.0,341,944.4444444444445,166.66666666666669,122.5,6.000736894670786,0.7456957587599488,0.9729003131667158,7.973415414701756e-05
30.0,342,55.55555555555556,277.77777777777777,122.5,6.000735836626397,0.7456957587115826,0.9729003119427057,7.973414001223448e-05
30.0,343,166.66666666666669,277.77777777777777,122.5,6.000725389086714,0.7456957580938237,0.9729002998560548,7.973400043989353e-05
30.0,344,277.77777777777777,277.77777777777777,122.5,6.000639166948583,0.7456957523845937,0.9729002001019611,7.973284856788301e-05
30.0,345,388.8888888888889,277.77777777777777,122.5,6.0001295029474395,0.7456957165076022,0.9728996102737073,7.972603977561839e-05
30.0,346,500.0,277.77777777777777,122.5,5.998546955490036,0.7456955980780173,0.9728977769365793,7.970489781780696e-05
30.0,347,611.1111111111111,277.77777777777777,122.5,6.0001295029474395,0.7456957165076022,0.9728996102737073,7.972603977561839e-05
30.0,348,722.2222222222223,277.77777777777777,122.5,6.000639166948581,0.745695752384594,0.9729002001019617,7.973284856788305e-05
30.0,349,833.3333333333334,277.77777777777777,122.5,6.000725389086714,0.7456957580938237,0.9729002998560544,7.97340004398935e-05
30.0,350,944.4444444444445,277.77777777777777,122.5,6.000735836626397,0.7456957587115826,0.9729003119427055,7.973414001223446e-05
30.0,351,55.55555555555556,388.8888888888889,122.5,6.0007306571776,0.7456957584005536,0.9729003059506707,7.973407081816529e-05
30.0,352,166.66666666666669,388.8888888888889,122.5,6.000671019699815,0.7456957545778268,0.9729002369547951,7.973327410010469e-05
30.0,353,277.77777777777777,388.8888888888889,122.5,6.000129502947439,0.7456957165076021,0.9728996102737066,7.972603977561833e-05
30.0,354,388.8888888888889,388.8888888888889,122.5,5.996487224173302,0.7456954629182189,0.9728953902695964,7.967738099508436e-05
30.0,355,500.0,388.8888888888889,122.5,5.982679644656338,0.7456948396494147,0.9728793476823117,7.949291878884349e-05
30.0,356,611.1111111111111,388.8888888888889,122.5,5.996487224173303,0.7456954629182188,0.9728953902695957,7.967738099508431e-05
30.0,357,722.2222222222223,388.8888888888889,122.5,6.00012950294744,0.745695716507602,0.9728996102737071,7.972603977561838e-05
30.0,358,833.3333333333334,388.8888888888889,122.5,6.000671019699815,0.7456957545778268,0.9729002369547951,7.973327410010469e-05
30.0,359,944.4444444444445,388.8888888888889,122.5,6.000730657177599,0.7456957584005538,0.9729003059506626,7.973407081816463e-05
30.0,360,55.55555555555556,500.0,122.5,6.000718266415862,0.7456957576062967,0.9729002916158773,7.973390528563837e-05
30.0,361,166.66666666666669,500.0,122.5,6.000524752931558,0.7456957444351665,0.9729000677181726,7.973132006978633e-05
30.0,362,277.77777777777777,500.0,122.5,5.998546955490035,0.7456955980780173,0.972897776936579,7.970489781780694e-05
30.0,363,388.8888888888889,500.0,122.5,5.982679644656339,0.7456948396494147,0.9728793476823114,7.949291878884347e-05
30.0,364,500.0,500.0,122.5,5.901746665745444,0.7450308508140282,0.9727838088343278,7.841166685592059e-05
30.0,365,611.1111111111111,500.0,122.5,5.982679644656339,0.7456948396494147,0.9728793476823117,7.949291878884349e-05
30.0,366,722.2222222222223,500.0,122.5,5.9985469554900375,0.7456955980780176,0.9728977769365804,7.970489781780706e-05
30.0,367,833.3333333333334,500.0,122.5,6.00052475293156,0.7456957444351666,0.9729000677181734,7.97313200697864e-05
30.0,368,944.4444444444445,500.0,122.5,6.000718266415861,0.7456957576062965,0.9729002916158764,7.973390528563829e-05
30.0,369,55.55555555555556,611.1111111111111,122.5,6.000730657177599,0.7456957584005537,0.9729003059506622,7.97340708181646e-05
30.0,370,166.66666666666669,611.1111111111111,122.5,6.000671019699815,0.7456957545778268,0.9729002369547951,7.973327410010469e-05
30.0,371,277.77777777777777,611.1111111111111,122.5,6.00012950294744,0.745695716507602,0.9728996102737071,7.972603977561838e-05
30.0,372,388.8888888888889,611.1111111111111,122.5,5.996487224173302,0.7456954629182189,0.9728953902695964,7.967738099508436e-05
30.0,373,500.0,611.1111111111111,122.5,5.982679644656339,0.7456948396494147,0.9728793476823117,7.949291878884349e-05
30.0,374,611.1111111111111,611.1111111111111,122.5,5.996487224173302,0.745695462918219,0.9728953902695969,7.96773809950844e-05
30.0,375,722.2222222222223,611.1111111111111,122.5,6.00012950294744,0.745695716507602,0.9728996102737071,7.972603977561838e-05
30.0,376,833.3333333333334,611.1111111111111,122.5,6.000671019699815,0.7456957545778268,0.9729002369547951,7.973327410010469e-05
30.0,377,944.4444444444445,611.1111111111111,122.5,6.000730657177599,0.7456957584005538,0.9729003059506629,7.973407081816465e-05
30.0,378,55.55555555555556,722.2222222222223,122.5,6.000735836626397,0.7456957587115826,0.9729003119427055,7.973414001223446e-05
30.0,379,166.66666666666669,722.2222222222223,122.5,6.000725389086714,0.7456957580938237,0.9729002998560544,7.97340004398935e-05
30.0,380,277.77777777777777,722.2222222222223,122.5,6.0006391669485835,0.7456957523845937,0.9729002001019611,7.973284856788301e-05
30.0,381,388.8888888888889,722.2222222222223,122.5,6.00012950294744,0.745695716507602,0.9728996102737071,7.972603977561838e-05
30.0,382,500.0,722.2222222222223,122.5,5.998546955490036,0.7456955980780176,0.9728977769365803,7.970489781780705e-05
30.0,383,611.1111111111111,722.2222222222223,122.5,6.0001295029474395,0.7456957165076021,0.9728996102737071,7.972603977561838e-05
30.0,384,722.2222222222223,722.2222222222223,122.5,6.000639166948581,0.7456957523845937,0.9729002001019611,7.973284856788301e-05
30.0,385,833.3333333333334,722.2222222222223,122.5,6.000725389086714,0.7456957580938237,0.9729002998560544,7.97340004398935e-05
30.0,386,944.4444444444445,722.2222222222223,122.5,6.000735836626396,0.7456957587115826,0.9729003119427057,7.973414001223448e-05
30.0,387,55.55555555555556,833.3333333333334,122.5,6.000736894670785,0.7456957587599489,0.9729003131667159,7.973415414701757e-05
30.0,388,166.66666666666669,833.3333333333334,122.5,6.000735560321145,0.7456957586929436,0.9729003116230491,7.97341363209757e-05
30.0,389,277.77777777777777,833.3333333333334,122.5,6.000725389086714,0.7456957580938238,0.9729002998560546,7.973400043989352e-05
30.0,390,388.8888888888889,833.3333333333334,122.5,6.000671019699815,0.7456957545778268,0.9729002369547951,7.973327410010469e-05
30.0,391,500.0,833.3333333333334,122.5,6.00052475293156,0.7456957444351666,0.9729000677181731,7.973132006978638e-05
30.0,392,611.1111111111111,833.3333333333334,122.5,6.000671019699815,0.7456957545778268,0.9729002369547951,7.973327410010469e-05
30.0,393,722.2222222222223,833.3333333333334,122.5,6.000725389086714,0.7456957580938237,0.9729002998560544,7.97340004398935e-05
30.0,394,833.3333333333334,833.3333333333334,122.5,6.000735560321143,0.7456957586929432,0.9729003116230484,7.973413632097563e-05
30.0,395,944.4444444444445,833.3333333333334,122.5,6.000736894670787,0.7456957587599486,0.9729003131667235,7.97341541470182e-05
30.0,396,55.55555555555556,944.4444444444445,122.5,6.0007370439282814,0.745695758883874,0.9729003133393951,7.973415614100126e-05
30.0,397,166.66666666666669,944.4444444444445,122.5,6.000736894670787,0.7456957587599488,0.9729003131667158,7.973415414701756e-05
30.0,398,277.77777777777777,944.4444444444445,122.5,6.000735836626397,0.7456957587115826,0.9729003119427057,7.973414001223448e-05
30.0,399,388.8888888888889,944.4444444444445,122.5,6.000730657177599,0.7456957584005537,0.9729003059506623,7.973407081816461e-05
30.0,400,500.0,944.4444444444445,122.5,6.00071826641586,0.7456957576062966,0.9729002916158771,7.973390528563822e-05
30.0,401,611.1111111111111,944.4444444444445,122.5,6.0007306571776,0.7456957584005538,0.9729003059506632,7.973407081816468e-05
30.0,402,722.2222222222223,944.4444444444445,122.5,6.000735836626397,0.7456957587115826,0.9729003119427057,7.973414001223448e-05
30.0,403,833.3333333333334,944.4444444444445,122.5,6.000736894670787,0.7456957587599484,0.9729003131667233,7.973415414701818e-05
30.0,404,944.4444444444445,944.4444444444445,122.5,6.0007370439282814,0.7456957588838741,0.9729003133393953,7.973415614100127e-05
30.0,405,55.55555555555556,55.55555555555556,127.5,6.215961883624764,0.0,0.0,7.884770305793281e-05
30.0,406,166.66666666666669,55.55555555555556,127.5,6.215425139373245,0.0,0.0,7.884770307821937e-05
30.0,407,277.77777777777777,55.55555555555556,127.5,6.214533561151523,0.0,0.0,7.884770311129687e-05
30.0,408,388.8888888888889,55.55555555555556,127.5,6.213650803600158,0.0,0.0,7.88477031439857e-05
30.0,409,500.0,55.55555555555556,127.5,6.213252592772333,0.0,0.0,7.884770315966565e-05
30.0,410,611.1111111111111,55.55555555555556,127.5,6.213650803600098,0.0,0.0,7.88477031439857e-05
30.0,411,722.2222222222223,55.55555555555556,127.5,6.214533561151435,0.0,0.0,7.884770311129693e-05
30.0,412,833.3333333333334,55.55555555555556,127.5,6.215425139373172,0.0,0.0,7.884770307821941e-05
30.0,413,944.4444444444445,55.55555555555556,127.5,6.215961883624718,0.0,0.0,7.884770305793282e-05
30.0,414,55.55555555555556,166.66666666666669,127.5,6.215425139372777,0.0,0.0,7.88477030782194e-05
30.0,415,166.66666666666669,166.66666666666669,127.5,6.21470682716331,0.0,0.0,7.884770310487058e-05
30.0,416,277.77777777777777,166.66666666666669,127.5,6.213452415446755,0.0,0.0,7.884770315125978e-05
30.0,417,388.8888888888889,166.66666666666669,127.5,6.21209519375311,0.0,0.0,7.884770320653072e-05
30.0,418,500.0,166.66666666666669,127.5,6.211385564590255,0.0,0.0,7.884770327318875e-05
30.0,419,611.1111111111111,166.66666666666669,127.5,6.212095193753048,0.0,0.0,7.884770320653077e-05
30.0,420,722.2222222222223,166.66666666666669,127.5,6.213452415446792,0.0,0.0,7.88477031512598e-05
30.0,421,833.3333333333334,166.66666666666669,127.5,6.214706827163484,0.0,0.0,7.884770310487062e-05
30.0,422,944.4444444444445,166.66666666666669,127.5,6.215425139373268,0.0,0.0,7.88477030782194e-05
30.0,423,55.55555555555556,277.77777777777777,127.5,6.214533561151251,0.0,0.0,7.884770311129687e-05
30.0,424,166.66666666666669,277.77777777777777,127.5,6.213452415446724,0.0,0.0,7.884770315125976e-05
30.0,425,277.77777777777777,277.77777777777777,127.5,6.211404109621004,0.0,0.0,7.88477032355964e-05
30.0,426,388.8888888888889,277.77777777777777,127.5,6.208820556229691,0.0,0.0,7.884770346177486e-05
30.0,427,500.0,277.77777777777777,127.5,6.207025915541279,0.0,0.0,7.884770493817367e-05
30.0,428,611.1111111111111,277.77777777777777,127.5,6.20882055622968,0.0,0.0,7.884770346177486e-05
30.0,429,722.2222222222223,277.77777777777777,127.5,6.211404109621058,0.0,0.0,7.884770323559642e-05
30.0,430,833.3333333333334,277.77777777777777,127.5,6.213452415446662,0.0,0.0,7.884770315125978e-05
30.0,431,944.4444444444445,277.77777777777777,127.5,6.2145335611511685,0.0,0.0,7.884770311129691e-05
30.0,432,55.55555555555556,388.8888888888889,127.5,6.213650803600106,0.0,0.0,7.884770314398568e-05
30.0,433,166.66666666666669,388.8888888888889,127.5,6.212095193752971,0.0,0.0,7.884770320653071e-05
30.0,434,277.77777777777777,388.8888888888889,127.5,6.2088205562295835,0.0,0.0,7.884770346177486e-05
30.0,435,388.8888888888889,388.8888888888889,127.5,6.203681322333663,0.0,0.0,7.884770659750806e-05
30.0,436,500.0,388.8888888888889,127.5,6.197887998362699,0.0,0.0,7.88477621606143e-05
30.0,437,611.1111111111111,388.8888888888889,127.5,6.203681322333638,0.0,0.0,7.884770659750806e-05
30.0,438,722.2222222222223,388.8888888888889,127.5,6.208820556229636,0.0,0.0,7.884770346177485e-05
30.0,439,833.3333333333334,388.8888888888889,127.5,6.212095193753022,0.0,0.0,7.884770320653068e-05
30.0,440,944.4444444444445,388.8888888888889,127.5,6.2136508035996085,0.0,0.0,7.88477031439857e-05
30.0,441,55.55555555555556,500.0,127.5,6.213252592772554,0.0,0.0,7.884770315966564e-05
30.0,442,166.66666666666669,500.0,127.5,6.211385564590248,0.0,0.0,7.884770327318877e-05
30.0,443,277.77777777777777,500.0,127.5,6.2070259155416,0.0,0.0,7.884770493817366e-05
30.0,444,388.8888888888889,500.0,127.5,6.1978879983627735,0.0,0.0,7.884776216061431e-05
30.0,445,500.0,500.0,127.5,6.171218594411383,0.0,0.0,7.88505295289326e-05
30.0,446,611.1111111111111,500.0,127.5,6.197887998362725,0.0,0.0,7.884776216061432e-05
30.0,447,722.2222222222223,500.0,127.5,6.207025915541411,0.0,0.0,7.884770493817366e-05
30.0,448,833.3333333333334,500.0,127.5,6.211385564590218,0.0,0.0,7.884770327318877e-05
30.0,449,944.4444444444445,500.0,127.5,6.213252592772523,0.0,0.0,7.884770315966567e-05
30.0,450,55.55555555555556,611.1111111111111,127.5,6.213650803600091,0.0,0.0,7.884770314398568e-05
30.0,451,166.66666666666669,611.1111111111111,127.5,6.212095193753047,0.0,0.0,7.88477032065307e-05
30.0,452,277.77777777777777,611.1111111111111,127.5,6.20882055622966,0.0,0.0,7.884770346177485e-05
30.0,453,388.8888888888889,611.1111111111111,127.5,6.203681322333701,0.0,0.0,7.884770659750807e-05
30.0,454,500.0,611.1111111111111,127.5,6.197887998362856,0.0,0.0,7.884776216061432e-05
30.0,455,611.1111111111111,611.1111111111111,127.5,6.203681322333729,0.0,0.0,7.884770659750802e-05
30.0,456,722.2222222222223,611.1111111111111,127.5,6.208820556229706,0.0,0.0,7.884770346177486e-05
30.0,457,833.3333333333334,611.1111111111111,127.5,6.212095193753037,0.0,0.0,7.884770320653071e-05
30.0,458,944.4444444444445,611.1111111111111,127.5,6.2136508035997755,0.0,0.0,7.884770314398568e-05
30.0,459,55.55555555555556,722.2222222222223,127.5,6.214533561151448,0.0,0.0,7.884770311129687e-05
30.0,460,166.66666666666669,722.2222222222223,127.5,6.213452415446806,0.0,0.0,7.884770315125976e-05
30.0,461,277.77777777777777,722.2222222222223,127.5,6.211404109620877,0.0,0.0,7.884770323559638e-05
30.0,462,388.8888888888889,722.2222222222223,127.5,6.208820556229712,0.0,0.0,7.884770346177489e-05
30.0,463,500.0,722.2222222222223,127.5,6.20702591554151,0.0,0.0,7.884770493817366e-05
30.0,464,611.1111111111111,722.2222222222223,127.5,6.208820556229786,0.0,0.0,7.884770346177486e-05
30.0,465,722.2222222222223,722.2222222222223,127.5,6.211404109620917,0.0,0.0,7.884770323559637e-05
30.0,466,833.3333333333334,722.2222222222223,127.5,6.213452415446666,0.0,0.0,7.884770315125976e-05
30.0,467,944.4444444444445,722.2222222222223,127.5,6.2145335611513834,0.0,0.0,7.884770311129687e-05
30.0,468,55.55555555555556,833.3333333333334,127.5,6.215425139373248,0.0,0.0,7.88477030782194e-05
30.0,469,166.66666666666669,833.3333333333334,127.5,6.214706827163571,0.0,0.0,7.884770310487058e-05
30.0,470,277.77777777777777,833.3333333333334,127.5,6.213452415446792,0.0,0.0,7.884770315125976e-05
30.0,471,388.8888888888889,833.3333333333334,127.5,6.212095193753058,0.0,0.0,7.884770320653071e-05
30.0,472,500.0,833.3333333333334,127.5,6.21138556459029,0.0,0.0,7.884770327318875e-05
30.0,473,611.1111111111111,833.3333333333334,127.5,6.212095193753131,0.0,0.0,7.884770320653078e-05
30.0,474,722.2222222222223,833.3333333333334,127.5,6.213452415446707,0.0,0.0,7.884770315125978e-05
30.0,475,833.3333333333334,833.3333333333334,127.5,6.214706827163412,0.0,0.0,7.884770310487062e-05
30.0,476,944.4444444444445,833.3333333333334,127.5,6.215425139373226,0.0,0.0,7.88477030782194e-05
30.0,477,55.55555555555556,944.4444444444445,127.5,6.215961883624457,0.0,0.0,7.884770305793278e-05
30.0,478,166.66666666666669,944.4444444444445,127.5,6.215425139373218,0.0,0.0,7.884770307821944e-05
30.0,479,277.77777777777777,944.4444444444445,127.5,6.214533561151368,0.0,0.0,7.884770311129694e-05
30.0,480,388.8888888888889,944.4444444444445,127.5,6.21365080359975,0.0,0.0,7.884770314398568e-05
30.0,481,500.0,944.4444444444445,127.5,6.213252592772581,0.0,0.0,7.884770315966561e-05
30.0,482,611.1111111111111,944.4444444444445,127.5,6.213650803599658,0.0,0.0,7.884770314398568e-05
30.0,483,722.2222222222223,944.4444444444445,127.5,6.214533561151174,0.0,0.0,7.884770311129689e-05
30.0,484,833.3333333333334,944.4444444444445,127.5,6.215425139373238,0.0,0.0,7.884770307821942e-05
30.0,485,944.4444444444445,944.4444444444445,127.5,6.215961883624503,0.0,0.0,7.88477030579328e-05
30.0,486,55.55555555555556,55.55555555555556,132.5,6.704283302547474,0.0,0.0,8.504328896454032e-05
30.0,487,166.66666666666669,55.55555555555556,132.5,6.703746546009552,0.0,0.0,8.504328902910614e-05
30.0,488,277.77777777777777,55.55555555555556,132.5,6.702854946801162,0.0,0.0,8.50432891355558e-05
30.0,489,388.8888888888889,55.55555555555556,132.5,6.701972167535542,0.0,0.0,8.504328924091802e-05
30.0,490,500.0,55.55555555555556,132.5,6.701573948919238,0.0,0.0,8.504328928828214e-05
30.0,491,611.1111111111111,55.55555555555556,132.5,6.701972167535481,0.0,0.0,8.504328924091802e-05
30.0,492,722.2222222222223,55.55555555555556,132.5,6.702854946801055,0.0,0.0,8.504328913555582e-05
30.0,493,833.3333333333334,55.55555555555556,132.5,6.703746546009457,0.0,0.0,8.504328902910621e-05
30.0,494,944.4444444444445,55.55555555555556,132.5,6.7042833025474815,0.0,0.0,8.504328896454032e-05
30.0,495,55.55555555555556,166.66666666666669,132.5,6.703746546009136,0.0,0.0,8.504328902910613e-05
30.0,496,166.66666666666669,166.66666666666669,132.5,6.703028216278315,0.0,0.0,8.504328911488087e-05
30.0,497,277.77777777777777,166.66666666666669,132.5,6.701773772791895,0.0,0.0,8.504328926477989e-05
30.0,498,388.8888888888889,166.66666666666669,132.5,6.700416628695204,0.0,0.0,8.50432894299778e-05
30.0,499,500.0,166.66666666666669,132.5,6.699707048551941,0.0,0.0,8.504328951901727e-05
30.0,500,611.1111111111111,166.66666666666669,132.5,6.700416628695138,0.0,0.0,8.504328942997775e-05
30.0,501,722.2222222222223,166.66666666666669,132.5,6.701773772791929,0.0,0.0,8.50432892647799e-05
30.0,502,833.3333333333334,166.66666666666669,132.5,6.7030282162784705,0.0,0.0,8.504328911488089e-05
30.0,503,944.4444444444445,166.66666666666669,132.5,6.703746546009556,0.0,0.0,8.504328902910617e-05
30.0,504,55.55555555555556,277.77777777777777,132.5,6.70285494680087,0.0,0.0,8.504328913555582e-05
30.0,505,166.66666666666669,277.77777777777777,132.5,6.701773772791863,0.0,0.0,8.504328926477986e-05
30.0,506,277.77777777777777,277.77777777777777,132.5,6.699725531503286,0.0,0.0,8.504328951738341e-05
30.0,507,388.8888888888889,277.77777777777777,132.5,6.697142125057464,0.0,0.0,8.504328984201324e-05
30.0,508,500.0,277.77777777777777,132.5,6.69534983637477,0.0,0.0,8.504329006738238e-05
30.0,509,611.1111111111111,277.77777777777777,132.5,6.6971421250574545,0.0,0.0,8.504328984201327e-05
30.0,510,722.2222222222223,277.77777777777777,132.5,6.699725531503339,0.0,0.0,8.504328951738345e-05
30.0,511,833.3333333333334,277.77777777777777,132.5,6.70177377279178,0.0,0.0,8.504328926477987e-05
30.0,512,944.4444444444445,277.77777777777777,132.5,6.702854946800859,0.0,0.0,8.504328913555584e-05
30.0,513,55.55555555555556,388.8888888888889,132.5,6.701972167535486,0.0,0.0,8.504328924091802e-05
30.0,514,166.66666666666669,388.8888888888889,132.5,6.700416628695062,0.0,0.0,8.504328942997778e-05
30.0,515,277.77777777777777,388.8888888888889,132.5,6.697142125057354,0.0,0.0,8.504328984201323e-05
30.0,516,388.8888888888889,388.8888888888889,132.5,6.692007763070069,0.0,0.0,8.504329149328512e-05
30.0,517,500.0,388.8888888888889,132.5,6.686308591010468,0.0,0.0,8.504335199741046e-05
30.0,518,611.1111111111111,388.8888888888889,132.5,6.692007763070042,0.0,0.0,8.50432914932851e-05
30.0,519,722.2222222222223,388.8888888888889,132.5,6.697142125057409,0.0,0.0,8.504328984201324e-05
30.0,520,833.3333333333334,388.8888888888889,132.5,6.7004166286951135,0.0,0.0,8.504328942997775e-05
30.0,521,944.4444444444445,388.8888888888889,132.5,6.701972167534926,0.0,0.0,8.504328924091798e-05
30.0,522,55.55555555555556,500.0,132.5,6.701573948919386,0.0,0.0,8.504328928828219e-05
30.0,523,166.66666666666669,500.0,132.5,6.699707048551947,0.0,0.0,8.504328951901727e-05
30.0,524,277.77777777777777,500.0,132.5,6.695349836375045,0.0,0.0,8.504329006738235e-05
30.0,525,388.8888888888889,500.0,132.5,6.686308591010542,0.0,0.0,8.504335199741047e-05
30.0,526,500.0,500.0,132.5,6.664351288467618,0.0,0.0,8.504506260934025e-05
30.0,527,611.1111111111111,500.0,132.5,6.686308591010494,0.0,0.0,8.50433519974105e-05
30.0,528,722.2222222222223,500.0,132.5,6.695349836374928,0.0,0.0,8.504329006738231e-05
30.0,529,833.3333333333334,500.0,132.5,6.699707048551901,0.0,0.0,8.504328951901734e-05
30.0,530,944.4444444444445,500.0,132.5,6.7015739489193535,0.0,0.0,8.504328928828218e-05
30.0,531,55.55555555555556,611.1111111111111,132.5,6.701972167535472,0.0,0.0,8.504328924091802e-05
30.0,532,166.66666666666669,611.1111111111111,132.5,6.70041662869514,0.0,0.0,8.504328942997771e-05
30.0,533,277.77777777777777,611.1111111111111,132.5,6.697142125057435,0.0,0.0,8.504328984201324e-05
30.0,534,388.8888888888889,611.1111111111111,132.5,6.692007763070105,0.0,0.0,8.504329149328503e-05
30.0,535,500.0,611.1111111111111,132.5,6.686308591010625,0.0,0.0,8.504335199741047e-05
30.0,536,611.1111111111111,611.1111111111111,132.5,6.692007763070134,0.0,0.0,8.504329149328512e-05
30.0,537,722.2222222222223,611.1111111111111,132.5,6.697142125057482,0.0,0.0,8.504328984201327e-05
30.0,538,833.3333333333334,611.1111111111111,132.5,6.7004166286951286,0.0,0.0,8.504328942997774e-05
30.0,539,944.4444444444445,611.1111111111111,132.5,6.7019721675351125,0.0,0.0,8.5043289240918e-05
30.0,540,55.55555555555556,722.2222222222223,132.5,6.702854946801067,0.0,0.0,8.504328913555585e-05
30.0,541,166.66666666666669,722.2222222222223,132.5,6.701773772791945,0.0,0.0,8.504328926477991e-05
30.0,542,277.77777777777777,722.2222222222223,132.5,6.69972553150323,0.0,0.0,8.504328951738346e-05
30.0,543,388.8888888888889,722.2222222222223,132.5,6.697142125057487,0.0,0.0,8.504328984201324e-05
30.0,544,500.0,722.2222222222223,132.5,6.695349836375026,0.0,0.0,8.504329006738234e-05
30.0,545,611.1111111111111,722.2222222222223,132.5,6.697142125057562,0.0,0.0,8.50432898420132e-05
30.0,546,722.2222222222223,722.2222222222223,132.5,6.69972553150327,0.0,0.0,8.50432895173834e-05
30.0,547,833.3333333333334,722.2222222222223,132.5,6.701773772791784,0.0,0.0,8.504328926477987e-05
30.0,548,944.4444444444445,722.2222222222223,132.5,6.7028549468010015,0.0,0.0,8.504328913555577e-05
30.0,549,55.55555555555556,833.3333333333334,132.5,6.703746546009534,0.0,0.0,8.50432890291061e-05
30.0,550,166.66666666666669,833.3333333333334,132.5,6.703028216278578,0.0,0.0,8.504328911488087e-05
30.0,551,277.77777777777777,833.3333333333334,132.5,6.701773772791931,0.0,0.0,8.504328926477986e-05
30.0,552,388.8888888888889,833.3333333333334,132.5,6.700416628695149,0.0,0.0,8.504328942997771e-05
30.0,553,500.0,833.3333333333334,132.5,6.699707048551974,0.0,0.0,8.504328951901729e-05
30.0,554,611.1111111111111,833.3333333333334,132.5,6.700416628695223,0.0,0.0,8.504328942997775e-05
30.0,555,722.2222222222223,833.3333333333334,132.5,6.701773772791826,0.0,0.0,8.504328926477991e-05
30.0,556,833.3333333333334,833.3333333333334,132.5,6.703028216278398,0.0,0.0,8.504328911488087e-05
30.0,557,944.4444444444445,833.3333333333334,132.5,6.703746546009511,0.0,0.0,8.504328902910618e-05
30.0,558,55.55555555555556,944.4444444444445,132.5,6.7042833025472195,0.0,0.0,8.504328896454028e-05
30.0,559,166.66666666666669,944.4444444444445,132.5,6.703746546009504,0.0,0.0,8.504328902910609e-05
30.0,560,277.77777777777777,944.4444444444445,132.5,6.702854946800986,0.0,0.0,8.504328913555581e-05
30.0,561,388.8888888888889,944.4444444444445,132.5,6.701972167535087,0.0,0.0,8.504328924091802e-05
30.0,562,500.0,944.4444444444445,132.5,6.701573948919413,0.0,0.0,8.504328928828214e-05
30.0,563,611.1111111111111,944.4444444444445,132.5,6.701972167534975,0.0,0.0,8.504328924091802e-05
30.0,564,722.2222222222223,944.4444444444445,132.5,6.702854946800864,0.0,0.0,8.504328913555581e-05
30.0,565,833.3333333333334,944.4444444444445,132.5,6.703746546009526,0.0,0.0,8.504328902910617e-05
30.0,566,944.4444444444445,944.4444444444445,132.5,6.704283302547266,0.0,0.0,8.50432889645403e-05
30.0,567,55.55555555555556,55.55555555555556,137.5,7.192608863807812,0.0,0.0,9.123729458948221e-05
30.0,568,166.66666666666669,55.55555555555556,137.5,7.192072096708087,0.0,0.0,9.123729454966941e-05
30.0,569,277.77777777777777,55.55555555555556,137.5,7.191180480780705,0.0,0.0,9.123729448325482e-05
30.0,570,388.8888888888889,55.55555555555556,137.5,7.190297684266616,0.0,0.0,9.123729441765452e-05
30.0,571,500.0,55.55555555555556,137.5,7.189899461647222,0.0,0.0,9.12372943895351e-05
30.0,572,611.1111111111111,55.55555555555556,137.5,7.190297684266554,0.0,0.0,9.123729441765452e-05
30.0,573,722.2222222222223,55.55555555555556,137.5,7.191180480780546,0.0,0.0,9.12372944832549e-05
30.0,574,833.3333333333334,55.55555555555556,137.5,7.192072096707938,0.0,0.0,9.123729454966941e-05
30.0,575,944.4444444444445,55.55555555555556,137.5,7.192608863807809,0.0,0.0,9.123729458948218e-05
30.0,576,55.55555555555556,166.66666666666669,137.5,7.192072096707662,0.0,0.0,9.123729454966938e-05
30.0,577,166.66666666666669,166.66666666666669,137.5,7.191353754548026,0.0,0.0,9.123729449616192e-05
30.0,578,277.77777777777777,166.66666666666669,137.5,7.190099286809441,0.0,0.0,9.123729440298388e-05
30.0,579,388.8888888888889,166.66666666666669,137.5,7.188741954882507,0.0,0.0,9.123729430641807e-05
30.0,580,500.0,166.66666666666669,137.5,7.188032453497946,0.0,0.0,9.123729430577557e-05
30.0,581,611.1111111111111,166.66666666666669,137.5,7.18874195488244,0.0,0.0,9.123729430641807e-05
30.0,582,722.2222222222223,166.66666666666669,137.5,7.190099286809471,0.0,0.0,9.123729440298388e-05
30.0,583,833.3333333333334,166.66666666666669,137.5,7.191353754548131,0.0,0.0,9.123729449616197e-05
30.0,584,944.4444444444445,166.66666666666669,137.5,7.1920720967080385,0.0,0.0,9.12372945496694e-05
30.0,585,55.55555555555556,277.77777777777777,137.5,7.191180480780362,0.0,0.0,9.123729448325491e-05
30.0,586,166.66666666666669,277.77777777777777,137.5,7.190099286809406,0.0,0.0,9.123729440298388e-05
30.0,587,277.77777777777777,277.77777777777777,137.5,7.188050851503488,0.0,0.0,9.123729425624141e-05
30.0,588,388.8888888888889,277.77777777777777,137.5,7.185467695536395,0.0,0.0,9.123729422837599e-05
30.0,589,500.0,277.77777777777777,137.5,7.183678519743624,0.0,0.0,9.123729595175481e-05
30.0,590,611.1111111111111,277.77777777777777,137.5,7.185467695536384,0.0,0.0,9.123729422837598e-05
30.0,591,722.2222222222223,277.77777777777777,137.5,7.188050851503539,0.0,0.0,9.12372942562414e-05
30.0,592,833.3333333333334,277.77777777777777,137.5,7.190099286809275,0.0,0.0,9.123729440298389e-05
30.0,593,944.4444444444445,277.77777777777777,137.5,7.191180480780385,0.0,0.0,9.123729448325494e-05
30.0,594,55.55555555555556,388.8888888888889,137.5,7.190297684266556,0.0,0.0,9.123729441765454e-05
30.0,595,166.66666666666669,388.8888888888889,137.5,7.188741954882367,0.0,0.0,9.123729430641802e-05
30.0,596,277.77777777777777,388.8888888888889,137.5,7.185467695536285,0.0,0.0,9.123729422837598e-05
30.0,597,388.8888888888889,388.8888888888889,137.5,7.18033983394373,0.0,0.0,9.123729782574748e-05
30.0,598,500.0,388.8888888888889,137.5,7.174743178454342,0.0,0.0,9.123733417977445e-05
30.0,599,611.1111111111111,388.8888888888889,137.5,7.180339833943703,0.0,0.0,9.123729782574754e-05
30.0,600,722.2222222222223,388.8888888888889,137.5,7.185467695536341,0.0,0.0,9.123729422837599e-05
30.0,601,833.3333333333334,388.8888888888889,137.5,7.1887419548824125,0.0,0.0,9.123729430641807e-05
30.0,602,944.4444444444445,388.8888888888889,137.5,7.190297684265945,0.0,0.0,9.123729441765453e-05
30.0,603,55.55555555555556,500.0,137.5,7.189899461647331,0.0,0.0,9.123729438953515e-05
30.0,604,166.66666666666669,500.0,137.5,7.188032453497996,0.0,0.0,9.123729430577554e-05
30.0,605,277.77777777777777,500.0,137.5,7.18367851974382,0.0,0.0,9.123729595175485e-05
30.0,606,388.8888888888889,500.0,137.5,7.174743178454417,0.0,0.0,9.123733417977446e-05
30.0,607,500.0,500.0,137.5,7.155689679628725,0.0,0.0,9.1238145990915e-05
30.0,608,611.1111111111111,500.0,137.5,7.174743178454369,0.0,0.0,9.123733417977444e-05
30.0,609,722.2222222222223,500.0,137.5,7.18367851974374,0.0,0.0,9.123729595175486e-05
30.0,610,833.3333333333334,500.0,137.5,7.188032453497906,0.0,0.0,9.123729430577554e-05
30.0,611,944.4444444444445,500.0,137.5,7.189899461647291,0.0,0.0,9.12372943895351e-05
30.0,612,55.55555555555556,611.1111111111111,137.5,7.190297684266544,0.0,0.0,9.123729441765453e-05
30.0,613,166.66666666666669,611.1111111111111,137.5,7.1887419548824445,0.0,0.0,9.123729430641806e-05
30.0,614,277.77777777777777,611.1111111111111,137.5,7.185467695536367,0.0,0.0,9.123729422837599e-05
30.0,615,388.8888888888889,611.1111111111111,137.5,7.180339833943767,0.0,0.0,9.123729782574748e-05
30.0,616,500.0,611.1111111111111,137.5,7.174743178454498,0.0,0.0,9.123733417977444e-05
30.0,617,611.1111111111111,611.1111111111111,137.5,7.180339833943795,0.0,0.0,9.12372978257475e-05
30.0,618,722.2222222222223,611.1111111111111,137.5,7.185467695536413,0.0,0.0,9.123729422837599e-05
30.0,619,833.3333333333334,611.1111111111111,137.5,7.188741954882428,0.0,0.0,9.123729430641803e-05
30.0,620,944.4444444444445,611.1111111111111,137.5,7.1902976842661825,0.0,0.0,9.123729441765453e-05
30.0,621,55.55555555555556,722.2222222222223,137.5,7.191180480780557,0.0,0.0,9.123729448325491e-05
30.0,622,166.66666666666669,722.2222222222223,137.5,7.190099286809491,0.0,0.0,9.123729440298384e-05
30.0,623,277.77777777777777,722.2222222222223,137.5,7.18805085150347,0.0,0.0,9.123729425624138e-05
30.0,624,388.8888888888889,722.2222222222223,137.5,7.185467695536418,0.0,0.0,9.123729422837598e-05
30.0,625,500.0,722.2222222222223,137.5,7.183678519743838,0.0,0.0,9.123729595175486e-05
30.0,626,611.1111111111111,722.2222222222223,137.5,7.185467695536493,0.0,0.0,9.123729422837598e-05
30.0,627,722.2222222222223,722.2222222222223,137.5,7.188050851503507,0.0,0.0,9.123729425624138e-05
30.0,628,833.3333333333334,722.2222222222223,137.5,7.190099286809278,0.0,0.0,9.123729440298389e-05
30.0,629,944.4444444444445,722.2222222222223,137.5,7.191180480780488,0.0,0.0,9.123729448325491e-05
30.0,630,55.55555555555556,833.3333333333334,137.5,7.1920720967080145,0.0,0.0,9.123729454966941e-05
30.0,631,166.66666666666669,833.3333333333334,137.5,7.191353754548291,0.0,0.0,9.123729449616188e-05
30.0,632,277.77777777777777,833.3333333333334,137.5,7.190099286809476,0.0,0.0,9.123729440298385e-05
30.0,633,388.8888888888889,833.3333333333334,137.5,7.18874195488245,0.0,0.0,9.123729430641806e-05
30.0,634,500.0,833.3333333333334,137.5,7.1880324534979785,0.0,0.0,9.123729430577552e-05
30.0,635,611.1111111111111,833.3333333333334,137.5,7.188741954882522,0.0,0.0,9.123729430641806e-05
30.0,636,722.2222222222223,833.3333333333334,137.5,7.19009928680932,0.0,0.0,9.123729440298386e-05
30.0,637,833.3333333333334,833.3333333333334,137.5,7.191353754548058,0.0,0.0,9.123729449616197e-05
30.0,638,944.4444444444445,833.3333333333334,137.5,7.192072096707991,0.0,0.0,9.12372945496694e-05
30.0,639,55.55555555555556,944.4444444444445,137.5,7.192608863807549,0.0,0.0,9.123729458948217e-05
30.0,640,166.66666666666669,944.4444444444445,137.5,7.192072096707985,0.0,0.0,9.123729454966943e-05
30.0,641,277.77777777777777,944.4444444444445,137.5,7.191180480780476,0.0,0.0,9.123729448325489e-05
30.0,642,388.8888888888889,944.4444444444445,137.5,7.190297684266159,0.0,0.0,9.123729441765453e-05
30.0,643,500.0,944.4444444444445,137.5,7.189899461647351,0.0,0.0,9.123729438953511e-05
30.0,644,611.1111111111111,944.4444444444445,137.5,7.190297684265995,0.0,0.0,9.123729441765453e-05
30.0,645,722.2222222222223,944.4444444444445,137.5,7.191180480780389,0.0,0.0,9.12372944832549e-05
30.0,646,833.3333333333334,944.4444444444445,137.5,7.1920720967080065,0.0,0.0,9.12372945496694e-05
30.0,647,944.4444444444445,944.4444444444445,137.5,7.192608863807595,0.0,0.0,9.123729458948225e-05
30.0,648,55.55555555555556,55.55555555555556,142.5,7.680947232400867,0.0,0.0,9.742973939673898e-05
30.0,649,166.66666666666669,55.55555555555556,142.5,7.6804104542610325,0.0,0.0,9.742973937679757e-05
30.0,650,277.77777777777777,55.55555555555556,142.5,7.679518820360492,0.0,0.0,9.742973934363713e-05
30.0,651,388.8888888888889,55.55555555555556,142.5,7.678636005075306,0.0,0.0,9.742973931094183e-05
30.0,652,500.0,55.55555555555556,142.5,7.678237776702278,0.0,0.0,9.742973929725622e-05
30.0,653,611.1111111111111,55.55555555555556,142.5,7.678636005075243,0.0,0.0,9.742973931094184e-05
30.0,654,722.2222222222223,55.55555555555556,142.5,7.67951882036036,0.0,0.0,9.742973934363715e-05
30.0,655,833.3333333333334,55.55555555555556,142.5,7.6804104542609055,0.0,0.0,9.742973937679757e-05
30.0,656,944.4444444444445,55.55555555555556,142.5,7.680947232400808,0.0,0.0,9.742973939673898e-05
30.0,657,55.55555555555556,166.66666666666669,142.5,7.680410454260652,0.0,0.0,9.74297393767976e-05
30.0,658,166.66666666666669,166.66666666666669,142.5,7.679692098115081,0.0,0.0,9.742973935008839e-05
30.0,659,277.77777777777777,166.66666666666669,142.5,7.678437603455393,0.0,0.0,9.742973930368649e-05
30.0,660,388.8888888888889,166.66666666666669,142.5,7.677080170453922,0.0,0.0,9.742973925699873e-05
30.0,661,500.0,166.66666666666669,142.5,7.676370717794222,0.0,0.0,9.742973926738652e-05
30.0,662,611.1111111111111,166.66666666666669,142.5,7.677080170453854,0.0,0.0,9.742973925699877e-05
30.0,663,722.2222222222223,166.66666666666669,142.5,7.6784376034554205,0.0,0.0,9.742973930368649e-05
30.0,664,833.3333333333334,166.66666666666669,142.5,7.679692098115112,0.0,0.0,9.742973935008839e-05
30.0,665,944.4444444444445,166.66666666666669,142.5,7.680410454261008,0.0,0.0,9.742973937679759e-05
30.0,666,55.55555555555556,277.77777777777777,142.5,7.679518820360177,0.0,0.0,9.742973934363717e-05
30.0,667,166.66666666666669,277.77777777777777,142.5,7.678437603455356,0.0,0.0,9.742973930368647e-05
30.0,668,277.77777777777777,277.77777777777777,142.5,7.6763890574190805,0.0,0.0,9.742973923282646e-05
30.0,669,388.8888888888889,277.77777777777777,142.5,7.673806053860461,0.0,0.0,9.742973925264184e-05
30.0,670,500.0,277.77777777777777,142.5,7.672018941984065,0.0,0.0,9.742974038384719e-05
30.0,671,611.1111111111111,277.77777777777777,142.5,7.673806053860449,0.0,0.0,9.742973925264185e-05
30.0,672,722.2222222222223,277.77777777777777,142.5,7.676389057419131,0.0,0.0,9.742973923282653e-05
30.0,673,833.3333333333334,277.77777777777777,142.5,7.678437603455252,0.0,0.0,9.742973930368647e-05
30.0,674,944.4444444444445,277.77777777777777,142.5,7.679518820360215,0.0,0.0,9.742973934363713e-05
30.0,675,55.55555555555556,388.8888888888889,142.5,7.678636005075243,0.0,0.0,9.742973931094178e-05
30.0,676,166.66666666666669,388.8888888888889,142.5,7.677080170453783,0.0,0.0,9.742973925699879e-05
30.0,677,277.77777777777777,388.8888888888889,142.5,7.673806053860351,0.0,0.0,9.742973925264185e-05
30.0,678,388.8888888888889,388.8888888888889,142.5,7.668682497019253,0.0,0.0,9.742974046820863e-05
30.0,679,500.0,388.8888888888889,142.5,7.6631479710884705,0.0,0.0,9.742974047467937e-05
30.0,680,611.1111111111111,388.8888888888889,142.5,7.668682497019226,0.0,0.0,9.742974046820863e-05
30.0,681,722.2222222222223,388.8888888888889,142.5,7.673806053860408,0.0,0.0,9.742973925264187e-05
30.0,682,833.3333333333334,388.8888888888889,142.5,7.6770801704538245,0.0,0.0,9.742973925699877e-05
30.0,683,944.4444444444445,388.8888888888889,142.5,7.67863600507461,0.0,0.0,9.74297393109418e-05
30.0,684,55.55555555555556,500.0,142.5,7.678237776702368,0.0,0.0,9.742973929725622e-05
30.0,685,166.66666666666669,500.0,142.5,7.6763707177943425,0.0,0.0,9.74297392673865e-05
30.0,686,277.77777777777777,500.0,142.5,7.672018941984225,0.0,0.0,9.74297403838472e-05
30.0,687,388.8888888888889,500.0,142.5,7.663147971088545,0.0,0.0,9.742974047467935e-05
30.0,688,500.0,500.0,142.5,7.645478101183281,0.0,0.0,9.742974047468084e-05
30.0,689,611.1111111111111,500.0,142.5,7.663147971088498,0.0,0.0,9.742974047467934e-05
30.0,690,722.2222222222223,500.0,142.5,7.672018941984162,0.0,0.0,9.742974038384715e-05
30.0,691,833.3333333333334,500.0,142.5,7.676370717794181,0.0,0.0,9.742973926738656e-05
30.0,692,944.4444444444445,500.0,142.5,7.678237776702323,0.0,0.0,9.742973929725622e-05
30.0,693,55.55555555555556,611.1111111111111,142.5,7.678636005075234,0.0,0.0,9.742973931094178e-05
30.0,694,166.66666666666669,611.1111111111111,142.5,7.677080170453861,0.0,0.0,9.742973925699882e-05
30.0,695,277.77777777777777,611.1111111111111,142.5,7.673806053860434,0.0,0.0,9.742973925264187e-05
30.0,696,388.8888888888889,611.1111111111111,142.5,7.668682497019291,0.0,0.0,9.742974046820865e-05
30.0,697,500.0,611.1111111111111,142.5,7.663147971088625,0.0,0.0,9.742974047467935e-05
30.0,698,611.1111111111111,611.1111111111111,142.5,7.668682497019319,0.0,0.0,9.742974046820865e-05
30.0,699,722.2222222222223,611.1111111111111,142.5,7.67380605386048,0.0,0.0,9.742973925264187e-05
30.0,700,833.3333333333334,611.1111111111111,142.5,7.6770801704538405,0.0,0.0,9.742973925699883e-05
30.0,701,944.4444444444445,611.1111111111111,142.5,7.678636005074821,0.0,0.0,9.742973931094182e-05
30.0,702,55.55555555555556,722.2222222222223,142.5,7.67951882036037,0.0,0.0,9.742973934363713e-05
30.0,703,166.66666666666669,722.2222222222223,142.5,7.678437603455442,0.0,0.0,9.742973930368649e-05
30.0,704,277.77777777777777,722.2222222222223,142.5,7.67638905741908,0.0,0.0,9.742973923282653e-05
30.0,705,388.8888888888889,722.2222222222223,142.5,7.673806053860485,0.0,0.0,9.742973925264187e-05
30.0,706,500.0,722.2222222222223,142.5,7.672018941984259,0.0,0.0,9.742974038384713e-05
30.0,707,611.1111111111111,722.2222222222223,142.5,7.6738060538605595,0.0,0.0,9.742973925264185e-05
30.0,708,722.2222222222223,722.2222222222223,142.5,7.676389057419117,0.0,0.0,9.74297392328265e-05
30.0,709,833.3333333333334,722.2222222222223,142.5,7.678437603455254,0.0,0.0,9.742973930368646e-05
30.0,710,944.4444444444445,722.2222222222223,142.5,7.6795188203602995,0.0,0.0,9.742973934363715e-05
30.0,711,55.55555555555556,833.3333333333334,142.5,7.680410454260982,0.0,0.0,9.742973937679757e-05
30.0,712,166.66666666666669,833.3333333333334,142.5,7.679692098115246,0.0,0.0,9.74297393500884e-05
30.0,713,277.77777777777777,833.3333333333334,142.5,7.678437603455426,0.0,0.0,9.742973930368647e-05
30.0,714,388.8888888888889,833.3333333333334,142.5,7.677080170453863,0.0,0.0,9.742973925699877e-05
30.0,715,500.0,833.3333333333334,142.5,7.676370717794254,0.0,0.0,9.742973926738657e-05
30.0,716,611.1111111111111,833.3333333333334,142.5,7.677080170453934,0.0,0.0,9.742973925699882e-05
30.0,717,722.2222222222223,833.3333333333334,142.5,7.678437603455297,0.0,0.0,9.742973930368649e-05
30.0,718,833.3333333333334,833.3333333333334,142.5,7.67969209811504,0.0,0.0,9.742973935008839e-05
30.0,719,944.4444444444445,833.3333333333334,142.5,7.680410454260958,0.0,0.0,9.742973937679757e-05
30.0,720,55.55555555555556,944.4444444444445,142.5,7.680947232400549,0.0,0.0,9.7429739396739e-05
30.0,721,166.66666666666669,944.4444444444445,142.5,7.680410454260953,0.0,0.0,9.742973937679757e-05
30.0,722,277.77777777777777,944.4444444444445,142.5,7.679518820360288,0.0,0.0,9.742973934363717e-05
30.0,723,388.8888888888889,944.4444444444445,142.5,7.6786360050747975,0.0,0.0,9.742973931094179e-05
30.0,724,500.0,944.4444444444445,142.5,7.678237776702384,0.0,0.0,9.742973929725622e-05
30.0,725,611.1111111111111,944.4444444444445,142.5,7.678636005074661,0.0,0.0,9.742973931094179e-05
30.0,726,722.2222222222223,944.4444444444445,142.5,7.679518820360219,0.0,0.0,9.742973934363714e-05
30.0,727,833.3333333333334,944.4444444444445,142.5,7.680410454260974,0.0,0.0,9.742973937679759e-05
30.0,728,944.4444444444445,944.4444444444445,142.5,7.680947232400595,0.0,0.0,9.742973939673896e-05
90.0,0,55.55555555555556,55.55555555555556,102.5,5.999539594052813,0.7499389036527565,0.9728989326715596,7.971815938667318e-05
90.0,1,166.66666666666669,55.55555555555556,102.5,5.999495581313605,0.7499389007650623,0.9728988817319326,7.971757140457744e-05
90.0,2,277.77777777777777,55.55555555555556,102.5,5.99935543924822,0.7499388915058081,0.9728987195187634,7.971569919513673e-05
90.0,3,388.8888888888889,55.55555555555556,102.5,5.999065194436158,0.7499388720170811,0.9728983834903281,7.97118217033939e-05
90.0,4,500.0,55.55555555555556,102.5,5.998797573055321,0.7499388536743318,0.9728980735671237,7.970824644142448e-05
90.0,5,611.1111111111111,55.55555555555556,102.5,5.999065194436158,0.7499388720170811,0.9728983834903281,7.97118217033939e-05
90.0,6,722.2222222222223,55.55555555555556,102.5,5.999355439248221,0.7499388915058082,0.9728987195187634,7.971569919513673e-05
90.0,7,833.3333333333334,55.55555555555556,102.5,5.999495581313607,0.7499389007650623,0.9728988817319331,7.971757140457749e-05
90.0,8,944.4444444444445,55.55555555555556,102.5,5.9995395940528145,0.7499389036527567,0.9728989326715606,7.971815938667341e-05
90.0,9,55.55555555555556,166.66666666666669,102.5,5.999495581313606,0.7499389007650622,0.9728988817319327,7.971757140457746e-05
90.0,10,166.66666666666669,166.66666666666669,102.5,5.999334270389396,0.7499388900986427,0.9728986950140267,7.971541639243847e-05
90.0,11,277.77777777777777,166.66666666666669,102.5,5.9987895895470125,0.7499388531216858,0.9728980643204497,7.97081397864415e-05
90.0,12,388.8888888888889,166.66666666666669,102.5,5.997562014603933,0.7499387649959298,0.9728966416559653,7.969174005382125e-05
90.0,13,500.0,166.66666666666669,102.5,5.996261451079865,0.7499386866288608,0.9728951348743579,7.96743653116712e-05
90.0,14,611.1111111111111,166.66666666666669,102.5,5.997562014603933,0.7499387649959297,0.972896641655965,7.969174005382122e-05
90.0,15,722.2222222222223,166.66666666666669,102.5,5.998789589547013,0.7499388531216856,0.972898064320449,7.970813978644144e-05
90.0,16,833.3333333333334,166.66666666666669,102.5,5.999334270389396,0.7499388900986429,0.9728986950140273,7.97154163924385e-05
90.0,17,944.4444444444445,166.66666666666669,102.5,5.999495581313604,0.7499389007650624,0.9728988817319331,7.971757140457749e-05
90.0,18,55.55555555555556,277.77777777777777,102.5,5.99935543924822,0.7499388915058081,0.9728987195187634,7.971569919513673e-05
90.0,19,166.66666666666669,277.77777777777777,102.5,5.998789589547014,0.7499388531216855,0.9728980643204487,7.970813978644142e-05
90.0,20,277.77777777777777,277.77777777777777,102.5,5.996741559370723,0.7499387165421679,0.9728956913381832,7.968077928212137e-05
90.0,21,388.8888888888889,277.77777777777777,102.5,5.991595251048906,0.7499384230928376,0.9728897216188158,7.961202744883216e-05
90.0,22,500.0,277.77777777777777,102.5,5.984922558447731,0.7499381432653492,0.9728819659285333,7.95228836607025e-05
90.0,23,611.1111111111111,277.77777777777777,102.5,5.991595251048908,0.7499384230928376,0.972889721618816,7.961202744883217e-05
90.0,24,722.2222222222223,277.77777777777777,102.5,5.996741559370725,0.7499387165421681,0.9728956913381839,7.968077928212143e-05
90.0,25,833.3333333333334,277.77777777777777,102.5,5.998789589547013,0.7499388531216858,0.9728980643204499,7.970813978644151e-05
90.0,26,944.4444444444445,277.77777777777777,102.5,5.99935543924822,0.7499388915058082,0.9728987195187639,7.971569919513677e-05
90.0,27,55.55555555555556,388.8888888888889,102.5,5.999065194436157,0.7499388720170813,0.9728983834903286,7.971182170339394e-05
90.0,28,166.66666666666669,388.8888888888889,102.5,5.9975620146039335,0.7499387649959296,0.972896641655965,7.969174005382122e-05
90.0,29,277.77777777777777,388.8888888888889,102.5,5.991595251048908,0.7499384230928374,0.9728897216188158,7.961202744883216e-05
90.0,30,388.8888888888889,388.8888888888889,102.5,5.973947603498109,0.7499379395863466,0.9728691723629851,7.93762631247691e-05
90.0,31,500.0,388.8888888888889,102.5,5.941370012281194,0.7499379366274839,0.9728309196683436,7.894103569464627e-05
90.0,32,611.1111111111111,388.8888888888889,102.5,5.97394760349811,0.749937939586347,0.9728691723629784,7.937626312476856e-05
90.0,33,722.2222222222223,388.8888888888889,102.5,5.991595251048909,0.7499384230928376,0.9728897216188165,7.961202744883221e-05
90.0,34,833.3333333333334,388.8888888888889,102.5,5.9975620146039335,0.7499387649959296,0.972896641655965,7.969174005382122e-05
90.0,35,944.4444444444445,388.8888888888889,102.5,5.999065194436156,0.7499388720170813,0.972898383490329,7.971182170339396e-05
90.0,36,55.55555555555556,500.0,102.5,5.99879757305532,0.7499388536743318,0.9728980735671318,7.970824644142514e-05
90.0,37,166.66666666666669,500.0,102.5,5.996261451079865,0.749938686628861,0.9728951348743587,7.967436531167126e-05
90.0,38,277.77777777777777,500.0,102.5,5.984922558447731,0.7499381432653492,0.9728819659285333,7.95228836607025e-05
90.0,39,388.8888888888889,500.0,102.5,5.941370012281193,0.7499379366274839,0.9728309196683428,7.894103569464605e-05
90.0,40,500.0,500.0,102.5,5.779291641314674,0.7499361444498375,0.9726342690264108,7.677560060050643e-05
90.0,41,611.1111111111111,500.0,102.5,5.941370012281194,0.7499379366274839,0.9728309196683433,7.894103569464626e-05
90.0,42,722.2222222222223,500.0,102.5,5.984922558447731,0.7499381432653491,0.9728819659285325,7.952288366070243e-05
90.0,43,833.3333333333334,500.0,102.5,5.996261451079865,0.749938686628861,0.9728951348743589,7.967436531167128e-05
90.0,44,944.4444444444445,500.0,102.5,5.99879757305532,0.7499388536743321,0.9728980735671245,7.970824644142456e-05
90.0,45,55.55555555555556,611.1111111111111,102.5,5.999065194436155,0.7499388720170812,0.9728983834903276,7.971182170339385e-05
90.0,46,166.66666666666669,611.1111111111111,102.5,5.9975620146039335,0.7499387649959296,0.9728966416559649,7.969174005382121e-05
90.0,47,277.77777777777777,611.1111111111111,102.5,5.991595251048908,0.7499384230928378,0.9728897216188168,7.961202744883224e-05
90.0,48,388.8888888888889,611.1111111111111,102.5,5.97394760349811,0.7499379395863467,0.9728691723629861,7.937626312476919e-05
90.0,49,500.0,611.1111111111111,102.5,5.941370012281194,0.7499379366274838,0.972830919668343,7.894103569464623e-05
90.0,50,611.1111111111111,611.1111111111111,102.5,5.97394760349811,0.7499379395863468,0.9728691723629781,7.937626312476854e-05
90.0,51,722.2222222222223,611.1111111111111,102.5,5.991595251048908,0.7499384230928379,0.9728897216188174,7.961202744883228e-05
90.0,52,833.3333333333334,611.1111111111111,102.5,5.997562014603934,0.7499387649959298,0.9728966416559656,7.969174005382126e-05
90.0,53,944.4444444444445,611.1111111111111,102.5,5.999065194436157,0.7499388720170812,0.972898383490328,7.971182170339388e-05
90.0,54,55.55555555555556,722.2222222222223,102.5,5.999355439248218,0.749938891505808,0.9728987195187629,7.971569919513669e-05
90.0,55,166.66666666666669,722.2222222222223,102.5,5.998789589547014,0.7499388531216857,0.9728980643204497,7.97081397864415e-05
90.0,56,277.77777777777777,722.2222222222223,102.5,5.996741559370725,0.749938716542168,0.9728956913381832,7.968077928212137e-05
90.0,57,388.8888888888889,722.2222222222223,102.5,5.991595251048909,0.7499384230928375,0.972889721618816,7.961202744883217e-05
90.0,58,500.0,722.2222222222223,102.5,5.984922558447731,0.7499381432653491,0.9728819659285328,7.952288366070246e-05
90.0,59,611.1111111111111,722.2222222222223,102.5,5.991595251048908,0.7499384230928376,0.9728897216188167,7.961202744883222e-05
90.0,60,722.2222222222223,722.2222222222223,102.5,5.996741559370724,0.7499387165421681,0.9728956913381833,7.968077928212139e-05
90.0,61,833.3333333333334,722.2222222222223,102.5,5.998789589547013,0.7499388531216856,0.9728980643204492,7.970813978644146e-05
90.0,62,944.4444444444445,722.2222222222223,102.5,5.99935543924822,0.749938891505808,0.9728987195187622,7.971569919513662e-05
90.0,63,55.55555555555556,833.3333333333334,102.5,5.999495581313604,0.7499389007650622,0.9728988817319321,7.97175714045774e-05
90.0,64,166.66666666666669,833.3333333333334,102.5,5.999334270389396,0.7499388900986428,0.9728986950140267,7.971541639243847e-05
90.0,65,277.77777777777777,833.3333333333334,102.5,5.998789589547013,0.749938853121686,0.9728980643204506,7.970813978644157e-05
90.0,66,388.8888888888889,833.3333333333334,102.5,5.9975620146039335,0.7499387649959296,0.972896641655965,7.969174005382122e-05
90.0,67,500.0,833.3333333333334,102.5,5.996261451079864,0.749938686628861,0.9728951348743589,7.967436531167128e-05
90.0,68,611.1111111111111,833.3333333333334,102.5,5.9975620146039335,0.7499387649959296,0.972896641655965,7.969174005382122e-05
90.0,69,722.2222222222223,833.3333333333334,102.5,5.998789589547014,0.7499388531216855,0.9728980643204489,7.970813978644143e-05
90.0,70,833.3333333333334,833.3333333333334,102.5,5.999334270389396,0.7499388900986428,0.9728986950140267,7.971541639243847e-05
90.0,71,944.4444444444445,833.3333333333334,102.5,5.999495581313606,0.7499389007650624,0.9728988817319335,7.971757140457753e-05
90.0,72,55.55555555555556,944.4444444444445,102.5,5.999539594052812,0.7499389036527567,0.9728989326715605,7.97181593866734e-05
90.0,73,166.66666666666669,944.4444444444445,102.5,5.999495581313606,0.7499389007650622,0.9728988817319324,7.971757140457743e-05
90.0,74,277.77777777777777,944.4444444444445,102.5,5.9993554392482205,0.7499388915058081,0.9728987195187626,7.971569919513666e-05
90.0,75,388.8888888888889,944.4444444444445,102.5,5.999065194436157,0.7499388720170812,0.9728983834903281,7.97118217033939e-05
90.0,76,500.0,944.4444444444445,102.5,5.99879757305532,0.7499388536743319,0.9728980735671239,7.970824644142451e-05
90.0,77,611.1111111111111,944.4444444444445,102.5,5.999065194436156,0.7499388720170812,0.9728983834903283,7.971182170339391e-05
90.0,78,722.2222222222223,944.4444444444445,102.5,5.9993554392482205,0.749938891505808,0.9728987195187627,7.971569919513668e-05
90.0,79,833.3333333333334,944.4444444444445,102.5,5.999495581313604,0.7499389007650624,0.9728988817319327,7.971757140457746e-05
90.0,80,944.4444444444445,944.4444444444445,102.5,5.999539594052812,0.7499389036527566,0.9728989326715601,7.971815938667337e-05
90.0,81,55.55555555555556,55.55555555555556,107.5,5.999834374392278,0.7498995264032976,0.9728992725742401,7.972209736085841e-05
90.0,82,166.66666666666669,55.55555555555556,107.5,5.999790364173599,0.7498995231646297,0.9728992216099872,7.972150940986774e-05
90.0,83,277.77777777777777,55.55555555555556,107.5,5.999650228765859,0.749899512787685,0.9728990593168289,7.971963728119349e-05
90.0,84,388.8888888888889,55.55555555555556,107.5,5.999359999184683,0.7498994909864004,0.9728987231122984,7.971575997500294e-05
90.0,85,500.0,55.55555555555556,107.5,5.9990924161525,0.749899470513269,0.9728984130532369,7.971218520868956e-05
90.0,86,611.1111111111111,55.55555555555556,107.5,5.9993599991846835,0.7498994909864004,0.9728987231122992,7.971575997500314e-05
90.0,87,722.2222222222223,55.55555555555556,107.5,5.99965022876586,0.749899512787685,0.9728990593168292,7.971963728119351e-05
90.0,88,833.3333333333334,55.55555555555556,107.5,5.999790364173601,0.7498995231646299,0.9728992216099884,7.972150940986784e-05
90.0,89,944.4444444444445,55.55555555555556,107.5,5.99983437439228,0.7498995264032974,0.9728992725742392,7.972209736085834e-05
90.0,90,55.55555555555556,166.66666666666669,107.5,5.999790364173599,0.7498995231646297,0.9728992216099868,7.97215094098677e-05
90.0,91,166.66666666666669,166.66666666666669,107.5,5.999629060555717,0.7498995112116561,0.9728990347995856,7.971935448592545e-05
90.0,92,277.77777777777777,166.66666666666669,107.5,5.999084407806575,0.7498994698950651,0.9728984037724343,7.971207822139494e-05
90.0,93,388.8888888888889,166.66666666666669,107.5,5.997856992572148,0.7498993894019121,0.972896982309933,7.969568069700335e-05
90.0,94,500.0,166.66666666666669,107.5,5.996557244191412,0.7498993007154299,0.9728954756603081,7.967831676892717e-05
90.0,95,611.1111111111111,166.66666666666669,107.5,5.997856992572148,0.7498993894019119,0.9728969823099328,7.969568069700334e-05
90.0,96,722.2222222222223,166.66666666666669,107.5,5.999084407806575,0.7498994698950653,0.9728984037724346,7.971207822139496e-05
90.0,97,833.3333333333334,166.66666666666669,107.5,5.9996290605557165,0.7498995112116561,0.9728990347995854,7.971935448592544e-05
90.0,98,944.4444444444445,166.66666666666669,107.5,5.999790364173598,0.74989952316463,0.9728992216099884,7.972150940986769e-05
90.0,99,55.55555555555556,277.77777777777777,107.5,5.999650228765859,0.7498995127876852,0.9728990593168296,7.971963728119356e-05
90.0,100,166.66666666666669,277.77777777777777,107.5,5.999084407806576,0.7498994698950651,0.972898403772434,7.971207822139491e-05
90.0,101,277.77777777777777,277.77777777777777,107.5,5.997036625596437,0.749899334408395,0.9728960315813413,7.968472105654157e-05
90.0,102,388.8888888888889,277.77777777777777,107.5,5.991892952849333,0.749899034880197,0.9728900653160141,7.961600442892265e-05
90.0,103,500.0,277.77777777777777,107.5,5.985238346058685,0.7498987546944905,0.9728823318370916,7.952710230618689e-05
90.0,104,611.1111111111111,277.77777777777777,107.5,5.9918929528493345,0.749899034880197,0.9728900653160144,7.961600442892267e-05
90.0,105,722.2222222222223,277.77777777777777,107.5,5.997036625596439,0.7498993344083948,0.9728960315813414,7.968472105654159e-05
90.0,106,833.3333333333334,277.77777777777777,107.5,5.999084407806576,0.7498994698950652,0.9728984037724342,7.971207822139492e-05
90.0,107,944.4444444444445,277.77777777777777,107.5,5.999650228765859,0.7498995127876849,0.9728990593168283,7.971963728119345e-05
90.0,108,55.55555555555556,388.8888888888889,107.5,5.999359999184683,0.7498994909864001,0.9728987231122976,7.971575997500287e-05
90.0,109,166.66666666666669,388.8888888888889,107.5,5.9978569925721485,0.7498993894019119,0.9728969823099332,7.969568069700336e-05
90.0,110,277.77777777777777,388.8888888888889,107.5,5.991892952849334,0.7498990348801972,0.9728900653160151,7.961600442892273e-05
90.0,111,388.8888888888889,388.8888888888889,107.5,5.9742839890960395,0.7498985392636931,0.9728695633797829,7.938075695338183e-05
90.0,112,500.0,388.8888888888889,107.5,5.941968318872487,0.7498985687835038,0.9728316245650823,7.89490288593812e-05
90.0,113,611.1111111111111,388.8888888888889,107.5,5.9742839890960395,0.7498985392636938,0.9728695633797771,7.938075695338135e-05
90.0,114,722.2222222222223,388.8888888888889,107.5,5.9918929528493345,0.749899034880197,0.9728900653160144,7.961600442892267e-05
90.0,115,833.3333333333334,388.8888888888889,107.5,5.9978569925721485,0.7498993894019119,0.9728969823099332,7.969568069700336e-05
90.0,116,944.4444444444445,388.8888888888889,107.5,5.999359999184682,0.7498994909864005,0.9728987231122992,7.971575997500314e-05
90.0,117,55.55555555555556,500.0,107.5,5.999092416152499,0.7498994705132689,0.9728984130532367,7.971218520868954e-05
90.0,118,166.66666666666669,500.0,107.5,5.996557244191412,0.74989930071543,0.972895475660308,7.967831676892716e-05
90.0,119,277.77777777777777,500.0,107.5,5.985238346058685,0.7498987546944903,0.9728823318370906,7.952710230618681e-05
90.0,120,388.8888888888889,500.0,107.5,5.941968318872486,0.7498985687835038,0.9728316245650828,7.894902885938124e-05
90.0,121,500.0,500.0,107.5,5.765049074966151,0.749896832933901,0.9726165180138444,7.658530899321711e-05
90.0,122,611.1111111111111,500.0,107.5,5.941968318872487,0.7498985687835038,0.9728316245650818,7.894902885938116e-05
90.0,123,722.2222222222223,500.0,107.5,5.985238346058685,0.7498987546944903,0.9728823318370906,7.952710230618681e-05
90.0,124,833.3333333333334,500.0,107.5,5.996557244191413,0.7498993007154299,0.9728954756603083,7.967831676892719e-05
90.0,125,944.4444444444445,500.0,107.5,5.999092416152499,0.7498994705132689,0.9728984130532365,7.971218520868953e-05
90.0,126,55.55555555555556,611.1111111111111,107.5,5.999359999184681,0.7498994909864004,0.9728987231122984,7.971575997500294e-05
90.0,127,166.66666666666669,611.1111111111111,107.5,5.9978569925721485,0.7498993894019118,0.9728969823099405,7.969568069700396e-05
90.0,128,277.77777777777777,611.1111111111111,107.5,5.991892952849334,0.749899034880197,0.9728900653160146,7.961600442892269e-05
90.0,129,388.8888888888889,611.1111111111111,107.5,5.9742839890960395,0.7498985392636934,0.9728695633797758,7.938075695338124e-05
90.0,130,500.0,611.1111111111111,107.5,5.941968318872487,0.7498985687835036,0.9728316245650818,7.894902885938116e-05
90.0,131,611.1111111111111,611.1111111111111,107.5,5.9742839890960395,0.7498985392636935,0.9728695633797763,7.938075695338128e-05
90.0,132,722.2222222222223,611.1111111111111,107.5,5.9918929528493345,0.7498990348801973,0.9728900653160151,7.961600442892273e-05
90.0,133,833.3333333333334,611.1111111111111,107.5,5.997856992572149,0.7498993894019119,0.9728969823099328,7.969568069700334e-05
90.0,134,944.4444444444445,611.1111111111111,107.5,5.999359999184682,0.7498994909864004,0.9728987231122984,7.971575997500294e-05
90.0,135,55.55555555555556,722.2222222222223,107.5,5.999650228765857,0.7498995127876852,0.9728990593168296,7.971963728119356e-05
90.0,136,166.66666666666669,722.2222222222223,107.5,5.999084407806576,0.7498994698950652,0.9728984037724342,7.971207822139492e-05
90.0,137,277.77777777777777,722.2222222222223,107.5,5.997036625596439,0.7498993344083951,0.9728960315813416,7.96847210565416e-05
90.0,138,388.8888888888889,722.2222222222223,107.5,5.9918929528493345,0.7498990348801969,0.9728900653160136,7.96160044289226e-05
90.0,139,500.0,722.2222222222223,107.5,5.985238346058685,0.7498987546944903,0.9728823318370906,7.952710230618681e-05
90.0,140,611.1111111111111,722.2222222222223,107.5,5.9918929528493345,0.749899034880197,0.9728900653160144,7.961600442892267e-05
90.0,141,722.2222222222223,722.2222222222223,107.5,5.997036625596437,0.7498993344083947,0.9728960315813404,7.96847210565415e-05
90.0,142,833.3333333333334,722.2222222222223,107.5,5.999084407806575,0.7498994698950652,0.9728984037724342,7.971207822139492e-05
90.0,143,944.4444444444445,722.2222222222223,107.5,5.999650228765859,0.7498995127876852,0.9728990593168299,7.971963728119357e-05
90.0,144,55.55555555555556,833.3333333333334,107.5,5.999790364173598,0.7498995231646299,0.9728992216099879,7.972150940986763e-05
90.0,145,166.66666666666669,833.3333333333334,107.5,5.9996290605557165,0.7498995112116565,0.9728990347995788,7.97193544859249e-05
90.0,146,277.77777777777777,833.3333333333334,107.5,5.999084407806576,0.7498994698950652,0.9728984037724343,7.971207822139494e-05
90.0,147,388.8888888888889,833.3333333333334,107.5,5.9978569925721485,0.7498993894019119,0.9728969823099332,7.969568069700336e-05
90.0,148,500.0,833.3333333333334,107.5,5.996557244191412,0.7498993007154301,0.9728954756603088,7.967831676892723e-05
90.0,149,611.1111111111111,833.3333333333334,107.5,5.9978569925721485,0.7498993894019119,0.972896982309933,7.969568069700335e-05
90.0,150,722.2222222222223,833.3333333333334,107.5,5.999084407806576,0.7498994698950648,0.9728984037724331,7.971207822139483e-05
90.0,151,833.3333333333334,833.3333333333334,107.5,5.9996290605557165,0.7498995112116564,0.9728990347995785,7.971935448592487e-05
90.0,152,944.4444444444445,833.3333333333334,107.5,5.999790364173599,0.7498995231646299,0.9728992216099878,7.972150940986778e-05
90.0,153,55.55555555555556,944.4444444444445,107.5,5.999834374392278,0.7498995264032974,0.9728992725742395,7.972209736085836e-05
90.0,154,166.66666666666669,944.4444444444445,107.5,5.999790364173599,0.7498995231646299,0.9728992216099881,7.972150940986781e-05
90.0,155,277.77777777777777,944.4444444444445,107.5,5.9996502287658595,0.7498995127876852,0.9728990593168299,7.971963728119357e-05
90.0,156,388.8888888888889,944.4444444444445,107.5,5.999359999184682,0.7498994909864004,0.9728987231122987,7.971575997500296e-05
90.0,157,500.0,944.4444444444445,107.5,5.999092416152499,0.7498994705132688,0.9728984130532359,7.971218520868947e-05
90.0,158,611.1111111111111,944.4444444444445,107.5,5.999359999184682,0.7498994909864004,0.9728987231122983,7.971575997500292e-05
90.0,159,722.2222222222223,944.4444444444445,107.5,5.999650228765859,0.7498995127876849,0.9728990593168283,7.971963728119345e-05
90.0,160,833.3333333333334,944.4444444444445,107.5,5.999790364173597,0.7498995231646298,0.972899221609987,7.972150940986756e-05
90.0,161,944.4444444444445,944.4444444444445,107.5,5.999834374392278,0.7498995264032974,0.9728992725742396,7.972209736085837e-05
90.0,162,55.55555555555556,55.55555555555556,112.5,6.000129170704417,0.7498048890780296,0.9728996124709978,7.972603554850861e-05
90.0,163,166.66666666666669,55.55555555555556,112.5,6.000085167526755,0.7498048857140986,0.9728995615092549,7.972544769080794e-05
90.0,164,277.77777777777777,55.55555555555556,112.5,5.9999450515020865,0.7498048749380734,0.9728993992206251,7.972357581862157e-05
90.0,165,388.8888888888889,55.55555555555556,112.5,5.999654862506306,0.7498048523079611,0.972899063038043,7.971969905052274e-05
90.0,166,500.0,55.55555555555556,112.5,5.999387354615514,0.7498048313935627,0.9728987530777693,7.971612528712533e-05
90.0,167,611.1111111111111,55.55555555555556,112.5,5.999654862506306,0.7498048523079612,0.9728990630380435,7.971969905052278e-05
90.0,168,722.2222222222223,55.55555555555556,112.5,5.999945051502089,0.7498048749380735,0.9728993992206255,7.972357581862147e-05
90.0,169,833.3333333333334,55.55555555555556,112.5,6.000085167526756,0.7498048857140989,0.972899561509256,7.972544769080804e-05
90.0,170,944.4444444444445,55.55555555555556,112.5,6.000129170704419,0.7498048890780294,0.9728996124709968,7.972603554850853e-05
90.0,171,55.55555555555556,166.66666666666669,112.5,6.0000851675267555,0.7498048857140988,0.9728995615092553,7.972544769080797e-05
90.0,172,166.66666666666669,166.66666666666669,112.5,5.999923885451195,0.7498048733017035,0.9728993747031626,7.972329305182725e-05
90.0,173,277.77777777777777,166.66666666666669,112.5,5.999379307581652,0.7498048308971731,0.9728987437667979,7.971601778412429e-05
90.0,174,388.8888888888889,166.66666666666669,112.5,5.998152209587179,0.7498047514114395,0.9728973230399884,7.969962451934758e-05
90.0,175,500.0,166.66666666666669,112.5,5.9968538629001,0.7498046614979594,0.9728958181603999,7.968227931979563e-05
90.0,176,611.1111111111111,166.66666666666669,112.5,5.998152209587179,0.7498047514114398,0.9728973230399892,7.969962451934765e-05
90.0,177,722.2222222222223,166.66666666666669,112.5,5.999379307581652,0.7498048308971734,0.972898743766799,7.971601778412439e-05
90.0,178,833.3333333333334,166.66666666666669,112.5,5.999923885451194,0.7498048733017035,0.9728993747031629,7.972329305182728e-05
90.0,179,944.4444444444445,166.66666666666669,112.5,6.000085167526754,0.7498048857140989,0.9728995615092557,7.972544769080801e-05
90.0,180,55.55555555555556,277.77777777777777,112.5,5.9999450515020865,0.7498048749380734,0.972899399220625,7.972357581862143e-05
90.0,181,166.66666666666669,277.77777777777777,112.5,5.999379307581653,0.7498048308971734,0.9728987437667993,7.971601778412441e-05
90.0,182,277.77777777777777,277.77777777777777,112.5,5.997332024559972,0.7498046940881933,0.9728963724575364,7.96886672984977e-05
90.0,183,388.8888888888889,277.77777777777777,112.5,5.992192913482527,0.7498043900790747,0.972890412102883,7.962001162619843e-05
90.0,184,500.0,277.77777777777777,112.5,5.985571249300444,0.7498041070264378,0.9728827177437016,7.953154961764421e-05
90.0,185,611.1111111111111,277.77777777777777,112.5,5.99219291348253,0.7498043900790748,0.9728904121028752,7.96200116261978e-05
90.0,186,722.2222222222223,277.77777777777777,112.5,5.997332024559973,0.7498046940881936,0.9728963724575377,7.96886672984978e-05
90.0,187,833.3333333333334,277.77777777777777,112.5,5.999379307581652,0.7498048308971735,0.9728987437667999,7.971601778412445e-05
90.0,188,944.4444444444445,277.77777777777777,112.5,5.9999450515020865,0.7498048749380735,0.9728993992206253,7.972357581862146e-05
90.0,189,55.55555555555556,388.8888888888889,112.5,5.999654862506306,0.7498048523079615,0.9728990630380446,7.971969905052287e-05
90.0,190,166.66666666666669,388.8888888888889,112.5,5.99815220958718,0.7498047514114398,0.9728973230399897,7.969962451934769e-05
90.0,191,277.77777777777777,388.8888888888889,112.5,5.992192913482529,0.7498043900790745,0.9728904121028821,7.962001162619836e-05
90.0,192,388.8888888888889,388.8888888888889,112.5,5.974654151701527,0.7498038838840964,0.9728699943462066,7.938570207361562e-05
90.0,193,500.0,388.8888888888889,112.5,5.943189804224042,0.7498039731050828,0.97283306441929,7.89653475610618e-05
90.0,194,611.1111111111111,388.8888888888889,112.5,5.974654151701527,0.7498038838840964,0.9728699943462069,7.938570207361565e-05
90.0,195,722.2222222222223,388.8888888888889,112.5,5.99219291348253,0.7498043900790746,0.972890412102883,7.962001162619843e-05
90.0,196,833.3333333333334,388.8888888888889,112.5,5.998152209587179,0.7498047514114398,0.9728973230399887,7.969962451934761e-05
90.0,197,944.4444444444445,388.8888888888889,112.5,5.999654862506304,0.7498048523079612,0.9728990630380439,7.971969905052268e-05
90.0,198,55.55555555555556,500.0,112.5,5.9993873546155125,0.7498048313935628,0.9728987530777692,7.971612528712531e-05
90.0,199,166.66666666666669,500.0,112.5,5.9968538629001,0.7498046614979594,0.9728958181603999,7.968227931979563e-05
90.0,200,277.77777777777777,500.0,112.5,5.985571249300444,0.7498041070264381,0.9728827177437023,7.953154961764426e-05
90.0,201,388.8888888888889,500.0,112.5,5.943189804224042,0.7498039731050826,0.9728330644192973,7.89653475610624e-05
90.0,202,500.0,500.0,112.5,5.7999805109423574,0.7498030756349776,0.9726599879475581,7.70520240688325e-05
90.0,203,611.1111111111111,500.0,112.5,5.943189804224042,0.7498039731050825,0.972833064419297,7.896534756106237e-05
90.0,204,722.2222222222223,500.0,112.5,5.985571249300444,0.7498041070264377,0.9728827177437012,7.953154961764417e-05
90.0,205,833.3333333333334,500.0,112.5,5.9968538629001005,0.7498046614979594,0.9728958181604005,7.968227931979567e-05
90.0,206,944.4444444444445,500.0,112.5,5.9993873546155125,0.7498048313935628,0.972898753077769,7.97161252871253e-05
90.0,207,55.55555555555556,611.1111111111111,112.5,5.999654862506304,0.7498048523079613,0.9728990630380441,7.97196990505227e-05
90.0,208,166.66666666666669,611.1111111111111,112.5,5.998152209587179,0.7498047514114398,0.9728973230399892,7.969962451934765e-05
90.0,209,277.77777777777777,611.1111111111111,112.5,5.992192913482529,0.7498043900790746,0.9728904121028827,7.962001162619842e-05
90.0,210,388.8888888888889,611.1111111111111,112.5,5.974654151701527,0.7498038838840964,0.9728699943462066,7.938570207361562e-05
90.0,211,500.0,611.1111111111111,112.5,5.943189804224042,0.7498039731050826,0.9728330644192982,7.896534756106246e-05
90.0,212,611.1111111111111,611.1111111111111,112.5,5.974654151701527,0.7498038838840959,0.972869994346214,7.938570207361623e-05
90.0,213,722.2222222222223,611.1111111111111,112.5,5.99219291348253,0.7498043900790744,0.9728904121028826,7.96200116261984e-05
90.0,214,833.3333333333334,611.1111111111111,112.5,5.99815220958718,0.7498047514114398,0.9728973230399892,7.969962451934765e-05
90.0,215,944.4444444444445,611.1111111111111,112.5,5.999654862506305,0.7498048523079615,0.9728990630380447,7.971969905052275e-05
90.0,216,55.55555555555556,722.2222222222223,112.5,5.999945051502086,0.7498048749380736,0.9728993992206263,7.972357581862154e-05
90.0,217,166.66666666666669,722.2222222222223,112.5,5.999379307581653,0.7498048308971733,0.9728987437667983,7.971601778412433e-05
90.0,218,277.77777777777777,722.2222222222223,112.5,5.997332024559974,0.7498046940881935,0.9728963724575377,7.96886672984978e-05
90.0,219,388.8888888888889,722.2222222222223,112.5,5.99219291348253,0.7498043900790745,0.9728904121028821,7.962001162619836e-05
90.0,220,500.0,722.2222222222223,112.5,5.985571249300444,0.7498041070264381,0.9728827177437028,7.95315496176443e-05
90.0,221,611.1111111111111,722.2222222222223,112.5,5.992192913482529,0.7498043900790746,0.9728904121028827,7.962001162619842e-05
90.0,222,722.2222222222223,722.2222222222223,112.5,5.997332024559971,0.7498046940881935,0.9728963724575374,7.968866729849778e-05
90.0,223,833.3333333333334,722.2222222222223,112.5,5.999379307581652,0.7498048308971734,0.9728987437667983,7.971601778412433e-05
90.0,224,944.4444444444445,722.2222222222223,112.5,5.9999450515020865,0.7498048749380736,0.9728993992206262,7.972357581862153e-05
90.0,225,55.55555555555556,833.3333333333334,112.5,6.000085167526754,0.7498048857140986,0.9728995615092546,7.972544769080791e-05
90.0,226,166.66666666666669,833.3333333333334,112.5,5.999923885451194,0.7498048733017036,0.9728993747031636,7.972329305182733e-05
90.0,227,277.77777777777777,833.3333333333334,112.5,5.999379307581653,0.7498048308971734,0.9728987437667992,7.97160177841244e-05
90.0,228,388.8888888888889,833.3333333333334,112.5,5.99815220958718,0.74980475141144,0.9728973230399909,7.969962451934779e-05
90.0,229,500.0,833.3333333333334,112.5,5.9968538629001,0.7498046614979592,0.9728958181603992,7.968227931979556e-05
90.0,230,611.1111111111111,833.3333333333334,112.5,5.99815220958718,0.7498047514114399,0.97289732303999,7.969962451934772e-05
90.0,231,722.2222222222223,833.3333333333334,112.5,5.999379307581652,0.7498048308971734,0.972898743766799,7.971601778412439e-05
90.0,232,833.3333333333334,833.3333333333334,112.5,5.999923885451193,0.7498048733017035,0.9728993747031619,7.97232930518272e-05
90.0,233,944.4444444444445,833.3333333333334,112.5,6.000085167526755,0.7498048857140989,0.9728995615092559,7.972544769080802e-05
90.0,234,55.55555555555556,944.4444444444445,112.5,6.000129170704417,0.7498048890780294,0.9728996124709965,7.972603554850852e-05
90.0,235,166.66666666666669,944.4444444444445,112.5,6.000085167526755,0.7498048857140986,0.972899561509255,7.972544769080795e-05
90.0,236,277.77777777777777,944.4444444444445,112.5,5.999945051502088,0.7498048749380735,0.9728993992206262,7.972357581862153e-05
90.0,237,388.8888888888889,944.4444444444445,112.5,5.999654862506305,0.7498048523079613,0.9728990630380439,7.971969905052268e-05
90.0,238,500.0,944.4444444444445,112.5,5.9993873546155125,0.7498048313935628,0.972898753077769,7.97161252871253e-05
90.0,239,611.1111111111111,944.4444444444445,112.5,5.999654862506305,0.7498048523079616,0.9728990630380451,7.971969905052278e-05
90.0,240,722.2222222222223,944.4444444444445,112.5,5.999945051502087,0.7498048749380732,0.972899399220625,7.972357581862143e-05
90.0,241,833.3333333333334,944.4444444444445,112.5,6.000085167526753,0.7498048857140989,0.9728995615092557,7.972544769080801e-05
90.0,242,944.4444444444445,944.4444444444445,112.5,6.000129170704417,0.7498048890780296,0.9728996124709968,7.972603554850853e-05
90.0,243,55.55555555555556,55.55555555555556,117.5,6.0004239828329,0.7494695079272112,0.9728999523480881,7.972997394642681e-05
90.0,244,166.66666666666669,55.55555555555556,117.5,6.000379990863638,0.7494695042866751,0.9728999013830609,7.97293862368204e-05
90.0,245,277.77777777777777,55.55555555555556,117.5,6.000239905463325,0.7494694934470661,0.9728997391644959,7.972751477560179e-05
90.0,246,388.8888888888889,55.55555555555556,117.5,5.999949775654032,0.7494694742355952,0.9728994034964172,7.972363883268629e-05
90.0,247,500.0,55.55555555555556,117.5,5.999682355583627,0.7494694560750698,0.9728990940158518,7.97200662715934e-05
90.0,248,611.1111111111111,55.55555555555556,117.5,5.999949775654032,0.7494694742355952,0.9728994034964179,7.972363883268634e-05
90.0,249,722.2222222222223,55.55555555555556,117.5,6.000239905463327,0.749469493447066,0.9728997391644958,7.972751477560177e-05
90.0,250,833.3333333333334,55.55555555555556,117.5,6.00037999086364,0.7494695042866749,0.9728999013830609,7.97293862368204e-05
90.0,251,944.4444444444445,55.55555555555556,117.5,6.000423982832902,0.7494695079272112,0.9728999523480881,7.972997394642681e-05
90.0,252,55.55555555555556,166.66666666666669,117.5,6.000379990863638,0.7494695042866751,0.9728999013830609,7.97293862368204e-05
90.0,253,166.66666666666669,166.66666666666669,117.5,6.000218742800133,0.7494694920605038,0.9728997146834957,7.972723205658173e-05
90.0,254,277.77777777777777,166.66666666666669,117.5,5.999674273529195,0.7494694555874312,0.972899084661406,7.971995830044165e-05
90.0,255,388.8888888888889,166.66666666666669,117.5,5.998447548377643,0.7494693676213015,0.9728976639164404,7.970356997106972e-05
90.0,256,500.0,166.66666666666669,117.5,5.99715065341721,0.7494692789037032,0.9728961613523361,7.968624420839158e-05
90.0,257,611.1111111111111,166.66666666666669,117.5,5.998447548377643,0.7494693676213017,0.9728976639164411,7.970356997106978e-05
90.0,258,722.2222222222223,166.66666666666669,117.5,5.999674273529195,0.7494694555874312,0.972899084661406,7.971995830044165e-05
90.0,259,833.3333333333334,166.66666666666669,117.5,6.000218742800132,0.7494694920605033,0.9728997146835019,7.972723205658225e-05
90.0,260,944.4444444444445,166.66666666666669,117.5,6.000379990863637,0.7494695042866751,0.9728999013830605,7.972938623682035e-05
90.0,261,55.55555555555556,277.77777777777777,117.5,6.000239905463324,0.7494694934470663,0.9728997391644965,7.972751477560183e-05
90.0,262,166.66666666666669,277.77777777777777,117.5,5.9996742735291955,0.749469455587431,0.9728990846614057,7.971995830044178e-05
90.0,263,277.77777777777777,277.77777777777777,117.5,5.997627582517127,0.7494693089210595,0.972896713730865,7.969261568404842e-05
90.0,264,388.8888888888889,277.77777777777777,117.5,5.992493213824117,0.7494689937101454,0.972890759787468,7.962402340515572e-05
90.0,265,500.0,277.77777777777777,117.5,5.985905342690506,0.7494686794349417,0.9728831048497987,7.953601281645957e-05
90.0,266,611.1111111111111,277.77777777777777,117.5,5.992493213824118,0.7494689937101455,0.9728907597874688,7.962402340515579e-05
90.0,267,722.2222222222223,277.77777777777777,117.5,5.9976275825171275,0.7494693089210597,0.9728967137308658,7.969261568404848e-05
90.0,268,833.3333333333334,277.77777777777777,117.5,5.9996742735291955,0.749469455587431,0.9728990846614057,7.971995830044163e-05
90.0,269,944.4444444444445,277.77777777777777,117.5,6.000239905463324,0.749469493447066,0.9728997391644951,7.972751477560172e-05
90.0,270,55.55555555555556,388.8888888888889,117.5,5.999949775654032,0.7494694742355951,0.9728994034964175,7.972363883268645e-05
90.0,271,166.66666666666669,388.8888888888889,117.5,5.998447548377644,0.7494693676213015,0.9728976639164404,7.970356997106986e-05
90.0,272,277.77777777777777,388.8888888888889,117.5,5.992493213824117,0.7494689937101459,0.9728907597874696,7.962402340515586e-05
90.0,273,388.8888888888889,388.8888888888889,117.5,5.975026498913827,0.7494684170745521,0.9728704279374677,7.939067638870255e-05
90.0,274,500.0,388.8888888888889,117.5,5.944405127978588,0.7494685741730556,0.9728344960497549,7.898158390402208e-05
90.0,275,611.1111111111111,388.8888888888889,117.5,5.975026498913827,0.749468417074552,0.9728704279374668,7.939067638870248e-05
90.0,276,722.2222222222223,388.8888888888889,117.5,5.992493213824118,0.7494689937101456,0.9728907597874696,7.962402340515586e-05
90.0,277,833.3333333333334,388.8888888888889,117.5,5.998447548377643,0.7494693676213015,0.9728976639164404,7.970356997106972e-05
90.0,278,944.4444444444445,388.8888888888889,117.5,5.99994977565403,0.7494694742355954,0.9728994034964178,7.972363883268633e-05
90.0,279,55.55555555555556,500.0,117.5,5.9996823555836265,0.7494694560750698,0.9728990940158522,7.972006627159343e-05
90.0,280,166.66666666666669,500.0,117.5,5.99715065341721,0.7494692789037033,0.9728961613523368,7.968624420839164e-05
90.0,281,277.77777777777777,500.0,117.5,5.985905342690505,0.7494686794349418,0.9728831048497982,7.953601281645953e-05
90.0,282,388.8888888888889,500.0,117.5,5.944405127978588,0.7494685741730548,0.9728344960497599,7.898158390402249e-05
90.0,283,500.0,500.0,117.5,5.821945704862742,0.74946686907678,0.972687063561939,7.734549454780491e-05
90.0,284,611.1111111111111,500.0,117.5,5.944405127978588,0.7494685741730552,0.972834496049754,7.898158390402201e-05
90.0,285,722.2222222222223,500.0,117.5,5.985905342690505,0.7494686794349417,0.9728831048497986,7.953601281645956e-05
90.0,286,833.3333333333334,500.0,117.5,5.9971506534172105,0.7494692789037032,0.9728961613523366,7.968624420839162e-05
90.0,287,944.4444444444445,500.0,117.5,5.999682355583626,0.7494694560750698,0.9728990940158517,7.972006627159339e-05
90.0,288,55.55555555555556,611.1111111111111,117.5,5.99994977565403,0.7494694742355954,0.9728994034964179,7.972363883268634e-05
90.0,289,166.66666666666669,611.1111111111111,117.5,5.998447548377643,0.7494693676213016,0.9728976639164406,7.970356997106974e-05
90.0,290,277.77777777777777,611.1111111111111,117.5,5.992493213824118,0.7494689937101454,0.972890759787468,7.962402340515572e-05
90.0,291,388.8888888888889,611.1111111111111,117.5,5.975026498913827,0.749468417074552,0.9728704279374671,7.93906763887025e-05
90.0,292,500.0,611.1111111111111,117.5,5.944405127978588,0.7494685741730556,0.972834496049755,7.898158390402209e-05
90.0,293,611.1111111111111,611.1111111111111,117.5,5.975026498913827,0.749468417074552,0.9728704279374668,7.939067638870248e-05
90.0,294,722.2222222222223,611.1111111111111,117.5,5.992493213824118,0.7494689937101455,0.9728907597874688,7.962402340515579e-05
90.0,295,833.3333333333334,611.1111111111111,117.5,5.998447548377644,0.7494693676213015,0.9728976639164404,7.970356997106986e-05
90.0,296,944.4444444444445,611.1111111111111,117.5,5.999949775654031,0.7494694742355953,0.9728994034964179,7.972363883268634e-05
90.0,297,55.55555555555556,722.2222222222223,117.5,6.000239905463324,0.7494694934470661,0.9728997391644959,7.972751477560179e-05
90.0,298,166.66666666666669,722.2222222222223,117.5,5.9996742735291955,0.7494694555874309,0.9728990846614051,7.971995830044173e-05
90.0,299,277.77777777777777,722.2222222222223,117.5,5.997627582517128,0.7494693089210597,0.9728967137308661,7.969261568404863e-05
90.0,300,388.8888888888889,722.2222222222223,117.5,5.992493213824119,0.7494689937101457,0.9728907597874696,7.962402340515586e-05
90.0,301,500.0,722.2222222222223,117.5,5.985905342690506,0.7494686794349417,0.9728831048497983,7.953601281645954e-05
90.0,302,611.1111111111111,722.2222222222223,117.5,5.992493213824119,0.7494689937101455,0.972890759787468,7.962402340515572e-05
90.0,303,722.2222222222223,722.2222222222223,117.5,5.997627582517127,0.7494693089210599,0.9728967137308666,7.969261568404855e-05
90.0,304,833.3333333333334,722.2222222222223,117.5,5.999674273529195,0.7494694555874309,0.9728990846614051,7.971995830044173e-05
90.0,305,944.4444444444445,722.2222222222223,117.5,6.000239905463325,0.7494694934470663,0.9728997391644968,7.972751477560186e-05
90.0,306,55.55555555555556,833.3333333333334,117.5,6.000379990863637,0.7494695042866751,0.9728999013830609,7.97293862368204e-05
90.0,307,166.66666666666669,833.3333333333334,117.5,6.000218742800132,0.7494694920605036,0.9728997146834948,7.972723205658166e-05
90.0,308,277.77777777777777,833.3333333333334,117.5,5.9996742735291955,0.7494694555874308,0.9728990846614047,7.971995830044155e-05
90.0,309,388.8888888888889,833.3333333333334,117.5,5.998447548377644,0.7494693676213013,0.9728976639164397,7.97035699710698e-05
90.0,310,500.0,833.3333333333334,117.5,5.9971506534172105,0.7494692789037035,0.9728961613523379,7.968624420839173e-05
90.0,311,611.1111111111111,833.3333333333334,117.5,5.998447548377644,0.7494693676213015,0.9728976639164404,7.970356997106986e-05
90.0,312,722.2222222222223,833.3333333333334,117.5,5.999674273529195,0.7494694555874309,0.9728990846614051,7.971995830044158e-05
90.0,313,833.3333333333334,833.3333333333334,117.5,6.00021874280013,0.7494694920605035,0.9728997146834938,7.972723205658158e-05
90.0,314,944.4444444444445,833.3333333333334,117.5,6.000379990863638,0.7494695042866751,0.9728999013830609,7.97293862368204e-05
90.0,315,55.55555555555556,944.4444444444445,117.5,6.0004239828329,0.7494695079272111,0.9728999523480875,7.972997394642676e-05
90.0,316,166.66666666666669,944.4444444444445,117.5,6.000379990863638,0.7494695042866751,0.9728999013830609,7.97293862368204e-05
90.0,317,277.77777777777777,944.4444444444445,117.5,6.000239905463327,0.749469493447066,0.9728997391644959,7.972751477560179e-05
90.0,318,388.8888888888889,944.4444444444445,117.5,5.99994977565403,0.7494694742355954,0.9728994034964179,7.972363883268634e-05
90.0,319,500.0,944.4444444444445,117.5,5.9996823555836265,0.7494694560750697,0.9728990940158517,7.972006627159339e-05
90.0,320,611.1111111111111,944.4444444444445,117.5,5.99994977565403,0.7494694742355954,0.9728994034964179,7.972363883268634e-05
90.0,321,722.2222222222223,944.4444444444445,117.5,6.000239905463326,0.749469493447066,0.9728997391644959,7.972751477560179e-05
90.0,322,833.3333333333334,944.4444444444445,117.5,6.000379990863636,0.7494695042866747,0.9728999013830593,7.972938623682026e-05
90.0,323,944.4444444444445,944.4444444444445,117.5,6.000423982832899,0.7494695079272111,0.9728999523480873,7.972997394642674e-05
90.0,324,55.55555555555556,55.55555555555556,122.5,6.000718809653052,0.7456957628710875,0.9729002922442362,7.973391254292542e-05
90.0,325,166.66666666666669,55.55555555555556,122.5,6.000674831644269,0.7456957597600719,0.9729002413649331,7.973332502521146e-05
90.0,326,277.77777777777777,55.55555555555556,122.5,6.000534783772195,0.7456957501592639,0.9729000793249574,7.973145407543127e-05
90.0,327,388.8888888888889,55.55555555555556,122.5,6.000244720350716,0.7456957299827351,0.9728997436397556,7.97275790096656e-05
90.0,328,500.0,55.55555555555556,122.5,5.999977373569986,0.7456957110963716,0.9728994341577177,7.972400741871462e-05
90.0,329,611.1111111111111,55.55555555555556,122.5,6.000244720350716,0.7456957299827355,0.972899743639757,7.972757900966571e-05
90.0,330,722.2222222222223,55.55555555555556,122.5,6.000534783772197,0.7456957501592637,0.9729000793249654,7.973145407543192e-05
90.0,331,833.3333333333334,55.55555555555556,122.5,6.000674831644272,0.745695759760072,0.9729002413649339,7.973332502521153e-05
90.0,332,944.4444444444445,55.55555555555556,122.5,6.000718809653054,0.7456957628710875,0.9729002922442362,7.973391254292542e-05
90.0,333,55.55555555555556,166.66666666666669,122.5,6.00067483164427,0.745695759760072,0.9729002413649339,7.973332502521153e-05
90.0,334,166.66666666666669,166.66666666666669,122.5,6.000513625138421,0.745695748688491,0.9729000548417533,7.97311714095291e-05
90.0,335,277.77777777777777,166.66666666666669,122.5,5.999969276861502,0.745695710439086,0.9728994247837023,7.972389925152347e-05
90.0,336,388.8888888888889,166.66666666666669,122.5,5.99874286589302,0.7456956191825116,0.9728980039661685,7.970751507501794e-05
90.0,337,500.0,166.66666666666669,122.5,5.997446922455306,0.7456955367233031,0.9728965029113676,7.969020204826289e-05
90.0,338,611.1111111111111,166.66666666666669,122.5,5.9987428658930195,0.7456956191825119,0.9728980039661697,7.970751507501804e-05
90.0,339,722.2222222222223,166.66666666666669,122.5,5.999969276861502,0.7456957104390864,0.9728994247836956,7.972389925152293e-05
90.0,340,833.3333333333334,166.66666666666669,122.5,6.00051362513842,0.745695748688491,0.9729000548417529,7.973117140952905e-05
90.0,341,944.4444444444445,166.66666666666669,122.5,6.000674831644269,0.745695759760072,0.9729002413649342,7.973332502521156e-05
90.0,342,55.55555555555556,277.77777777777777,122.5,6.000534783772194,0.7456957501592638,0.9729000793249573,7.973145407543125e-05
90.0,343,166.66666666666669,277.77777777777777,122.5,5.999969276861503,0.7456957104390862,0.9728994247836946,7.972389925152285e-05
90.0,344,277.77777777777777,277.77777777777777,122.5,5.99792309269628,0.7456955666038289,0.9728970545696608,7.969656340241325e-05
90.0,345,388.8888888888889,277.77777777777777,122.5,5.9927918688448125,0.7456952606597341,0.9728911041439423,7.962801308965787e-05
90.0,346,500.0,277.77777777777777,122.5,5.986225097799718,0.7456949722088256,0.9728834736332457,7.954028433110681e-05
90.0,347,611.1111111111111,277.77777777777777,122.5,5.992791868844814,0.7456952606597341,0.9728911041439433,7.962801308965796e-05
90.0,348,722.2222222222223,277.77777777777777,122.5,5.997923092696281,0.7456955666038292,0.972897054569662,7.969656340241335e-05
90.0,349,833.3333333333334,277.77777777777777,122.5,5.999969276861502,0.7456957104390863,0.9728994247836948,7.972389925152286e-05
90.0,350,944.4444444444445,277.77777777777777,122.5,6.000534783772194,0.7456957501592638,0.9729000793249574,7.973145407543127e-05
90.0,351,55.55555555555556,388.8888888888889,122.5,6.000244720350716,0.745695729982735,0.972899743639755,7.972757900966555e-05
90.0,352,166.66666666666669,388.8888888888889,122.5,5.99874286589302,0.7456956191825116,0.9728980039661683,7.970751507501793e-05
90.0,353,277.77777777777777,388.8888888888889,122.5,5.992791868844813,0.7456952606597339,0.9728911041439415,7.96280130896578e-05
90.0,354,388.8888888888889,388.8888888888889,122.5,5.975370420561971,0.7456947650354661,0.9728708253880246,7.93952707118868e-05
90.0,355,500.0,388.8888888888889,122.5,5.945250597410051,0.7456949708868621,0.9728354864538856,7.899287868100535e-05
90.0,356,611.1111111111111,388.8888888888889,122.5,5.975370420561972,0.7456947650354658,0.9728708253880413,7.939527071188815e-05
90.0,357,722.2222222222223,388.8888888888889,122.5,5.992791868844813,0.7456952606597339,0.9728911041439423,7.962801308965787e-05
90.0,358,833.3333333333334,388.8888888888889,122.5,5.99874286589302,0.7456956191825117,0.9728980039661687,7.970751507501796e-05
90.0,359,944.4444444444445,388.8888888888889,122.5,6.000244720350714,0.7456957299827356,0.9728997436397568,7.97275790096657e-05
90.0,360,55.55555555555556,500.0,122.5,5.999977373569985,0.7456957110963717,0.9728994341577182,7.972400741871466e-05
90.0,361,166.66666666666669,500.0,122.5,5.997446922455306,0.7456955367233031,0.9728965029113676,7.969020204826289e-05
90.0,362,277.77777777777777,500.0,122.5,5.986225097799716,0.7456949722088254,0.9728834736332443,7.95402843311067e-05
90.0,363,388.8888888888889,500.0,122.5,5.945250597410049,0.7456949708868619,0.9728354864538844,7.899287868100525e-05
90.0,364,500.0,500.0,122.5,5.8329049654824,0.7434962625535754,0.9727004804798571,7.749191536632299e-05
90.0,365,611.1111111111111,500.0,122.5,5.94525059741005,0.7456949708868621,0.9728354864538847,7.899287868100528e-05
90.0,366,722.2222222222223,500.0,122.5,5.986225097799716,0.7456949722088262,0.9728834736332402,7.954028433110636e-05
90.0,367,833.3333333333334,500.0,122.5,5.997446922455306,0.7456955367233032,0.9728965029113684,7.969020204826296e-05
90.0,368,944.4444444444445,500.0,122.5,5.999977373569984,0.7456957110963714,0.9728994341577167,7.972400741871454e-05
90.0,369,55.55555555555556,611.1111111111111,122.5,6.0002447203507145,0.7456957299827353,0.9728997436397555,7.972757900966574e-05
90.0,370,166.66666666666669,611.1111111111111,122.5,5.99874286589302,0.7456956191825116,0.9728980039661683,7.970751507501793e-05
90.0,371,277.77777777777777,611.1111111111111,122.5,5.992791868844813,0.7456952606597338,0.9728911041439411,7.962801308965777e-05
90.0,372,388.8888888888889,611.1111111111111,122.5,5.975370420561972,0.7456947650354658,0.9728708253880413,7.939527071188815e-05
90.0,373,500.0,611.1111111111111,122.5,5.94525059741005,0.7456949708868618,0.9728354864538837,7.89928786810052e-05
90.0,374,611.1111111111111,611.1111111111111,122.5,5.975370420561972,0.7456947650354661,0.9728708253880243,7.939527071188677e-05
90.0,375,722.2222222222223,611.1111111111111,122.5,5.992791868844813,0.7456952606597339,0.9728911041439419,7.962801308965783e-05
90.0,376,833.3333333333334,611.1111111111111,122.5,5.99874286589302,0.7456956191825116,0.9728980039661685,7.970751507501794e-05
90.0,377,944.4444444444445,611.1111111111111,122.5,6.000244720350715,0.7456957299827355,0.9728997436397566,7.972757900966568e-05
90.0,378,55.55555555555556,722.2222222222223,122.5,6.000534783772194,0.7456957501592639,0.9729000793249657,7.973145407543194e-05
90.0,379,166.66666666666669,722.2222222222223,122.5,5.999969276861502,0.7456957104390864,0.9728994247836955,7.972389925152292e-05
90.0,380,277.77777777777777,722.2222222222223,122.5,5.997923092696282,0.745695566603829,0.9728970545696618,7.969656340241334e-05
90.0,381,388.8888888888889,722.2222222222223,122.5,5.992791868844814,0.7456952606597339,0.9728911041439419,7.962801308965783e-05
90.0,382,500.0,722.2222222222223,122.5,5.986225097799717,0.7456949722088261,0.9728834736332395,7.95402843311063e-05
90.0,383,611.1111111111111,722.2222222222223,122.5,5.992791868844814,0.7456952606597337,0.9728911041439411,7.962801308965777e-05
90.0,384,722.2222222222223,722.2222222222223,122.5,5.99792309269628,0.7456955666038292,0.9728970545696625,7.969656340241339e-05
90.0,385,833.3333333333334,722.2222222222223,122.5,5.999969276861502,0.7456957104390862,0.9728994247836945,7.972389925152284e-05
90.0,386,944.4444444444445,722.2222222222223,122.5,6.000534783772195,0.7456957501592639,0.9729000793249573,7.973145407543125e-05
90.0,387,55.55555555555556,833.3333333333334,122.5,6.000674831644269,0.7456957597600721,0.9729002413649339,7.973332502521153e-05
90.0,388,166.66666666666669,833.3333333333334,122.5,6.000513625138419,0.7456957486884909,0.9729000548417523,7.973117140952886e-05
90.0,389,277.77777777777777,833.3333333333334,122.5,5.999969276861503,0.7456957104390861,0.9728994247837027,7.972389925152351e-05
90.0,390,388.8888888888889,833.3333333333334,122.5,5.99874286589302,0.7456956191825116,0.9728980039661683,7.970751507501793e-05
90.0,391,500.0,833.3333333333334,122.5,5.997446922455307,0.7456955367233032,0.9728965029113679,7.969020204826305e-05
90.0,392,611.1111111111111,833.3333333333334,122.5,5.99874286589302,0.7456956191825115,0.9728980039661675,7.970751507501786e-05
90.0,393,722.2222222222223,833.3333333333334,122.5,5.999969276861502,0.7456957104390861,0.9728994247837027,7.972389925152351e-05
90.0,394,833.3333333333334,833.3333333333334,122.5,6.000513625138417,0.7456957486884905,0.9729000548417592,7.973117140952943e-05
90.0,395,944.4444444444445,833.3333333333334,122.5,6.00067483164427,0.7456957597600717,0.9729002413649331,7.973332502521146e-05
90.0,396,55.55555555555556,944.4444444444445,122.5,6.000718809653052,0.7456957628710872,0.9729002922442348,7.97339125429253e-05
90.0,397,166.66666666666669,944.4444444444445,122.5,6.00067483164427,0.745695759760072,0.9729002413649335,7.973332502521149e-05
90.0,398,277.77777777777777,944.4444444444445,122.5,6.0005347837721965,0.7456957501592636,0.9729000793249645,7.973145407543185e-05
90.0,399,388.8888888888889,944.4444444444445,122.5,6.0002447203507145,0.7456957299827354,0.9728997436397558,7.972757900966562e-05
90.0,400,500.0,944.4444444444445,122.5,5.999977373569984,0.7456957110963717,0.9728994341577177,7.972400741871462e-05
90.0,401,611.1111111111111,944.4444444444445,122.5,6.0002447203507145,0.7456957299827353,0.9728997436397555,7.972757900966574e-05
90.0,402,722.2222222222223,944.4444444444445,122.5,6.0005347837721965,0.7456957501592636,0.9729000793249654,7.973145407543192e-05
90.0,403,833.3333333333334,944.4444444444445,122.5,6.000674831644268,0.7456957597600719,0.9729002413649326,7.973332502521142e-05
90.0,404,944.4444444444445,944.4444444444445,122.5,6.000718809653051,0.7456957628710875,0.9729002922442362,7.973391254292542e-05
90.0,405,55.55555555555556,55.55555555555556,127.5,6.16454688252103,0.0,0.0,7.884771254857872e-05
90.0,406,166.66666666666669,55.55555555555556,127.5,6.164132573699027,0.0,0.0,7.884771288288028e-05
90.0,407,277.77777777777777,55.55555555555556,127.5,6.163444719147887,0.0,0.0,7.884771343627666e-05
90.0,408,388.8888888888889,55.55555555555556,127.5,6.1627641819597,0.0,0.0,7.884771395030484e-05
90.0,409,500.0,55.55555555555556,127.5,6.162457559703033,0.0,0.0,7.884771423510277e-05
90.0,410,611.1111111111111,55.55555555555556,127.5,6.162764181959696,0.0,0.0,7.88477139503049e-05
90.0,411,722.2222222222223,55.55555555555556,127.5,6.163444719147903,0.0,0.0,7.884771343627672e-05
90.0,412,833.3333333333334,55.55555555555556,127.5,6.16413257369905,0.0,0.0,7.884771288288029e-05
90.0,413,944.4444444444445,55.55555555555556,127.5,6.164546882521051,0.0,0.0,7.884771254857873e-05
90.0,414,55.55555555555556,166.66666666666669,127.5,6.164132573699027,0.0,0.0,7.884771288288032e-05
90.0,415,166.66666666666669,166.66666666666669,127.5,6.163578738687575,0.0,0.0,7.884771332928679e-05
90.0,416,277.77777777777777,166.66666666666669,127.5,6.162612310938174,0.0,0.0,7.884771410896812e-05
90.0,417,388.8888888888889,166.66666666666669,127.5,6.161567763719098,0.0,0.0,7.88477149658378e-05
90.0,418,500.0,166.66666666666669,127.5,6.161022954379316,0.0,0.0,7.884771553675024e-05
90.0,419,611.1111111111111,166.66666666666669,127.5,6.161567763719082,0.0,0.0,7.884771496583778e-05
90.0,420,722.2222222222223,166.66666666666669,127.5,6.162612310938195,0.0,0.0,7.884771410896812e-05
90.0,421,833.3333333333334,166.66666666666669,127.5,6.163578738687589,0.0,0.0,7.88477133292868e-05
90.0,422,944.4444444444445,166.66666666666669,127.5,6.164132573699044,0.0,0.0,7.884771288288024e-05
90.0,423,55.55555555555556,277.77777777777777,127.5,6.163444719147894,0.0,0.0,7.884771343627662e-05
90.0,424,166.66666666666669,277.77777777777777,127.5,6.162612310938157,0.0,0.0,7.884771410896812e-05
90.0,425,277.77777777777777,277.77777777777777,127.5,6.161037054839365,0.0,0.0,7.884771540316975e-05
90.0,426,388.8888888888889,277.77777777777777,127.5,6.159055239967448,0.0,0.0,7.88477174186491e-05
90.0,427,500.0,277.77777777777777,127.5,6.157682974058203,0.0,0.0,7.884772318455559e-05
90.0,428,611.1111111111111,277.77777777777777,127.5,6.159055239967392,0.0,0.0,7.88477174186491e-05
90.0,429,722.2222222222223,277.77777777777777,127.5,6.161037054839386,0.0,0.0,7.884771540316986e-05
90.0,430,833.3333333333334,277.77777777777777,127.5,6.162612310938199,0.0,0.0,7.884771410896812e-05
90.0,431,944.4444444444445,277.77777777777777,127.5,6.1634447191479405,0.0,0.0,7.884771343627663e-05
90.0,432,55.55555555555556,388.8888888888889,127.5,6.162764181959648,0.0,0.0,7.884771395030477e-05
90.0,433,166.66666666666669,388.8888888888889,127.5,6.16156776371905,0.0,0.0,7.884771496583777e-05
90.0,434,277.77777777777777,388.8888888888889,127.5,6.159055239967385,0.0,0.0,7.88477174186491e-05
90.0,435,388.8888888888889,388.8888888888889,127.5,6.155124513947928,0.0,0.0,7.884773031477168e-05
90.0,436,500.0,388.8888888888889,127.5,6.150709635254386,0.0,0.0,7.884791694018348e-05
90.0,437,611.1111111111111,388.8888888888889,127.5,6.155124513947887,0.0,0.0,7.884773031477168e-05
90.0,438,722.2222222222223,388.8888888888889,127.5,6.159055239967447,0.0,0.0,7.884771741864909e-05
90.0,439,833.3333333333334,388.8888888888889,127.5,6.1615677637191215,0.0,0.0,7.884771496583778e-05
90.0,440,944.4444444444445,388.8888888888889,127.5,6.1627641819597905,0.0,0.0,7.884771395030488e-05
90.0,441,55.55555555555556,500.0,127.5,6.162457559702976,0.0,0.0,7.884771423510269e-05
90.0,442,166.66666666666669,500.0,127.5,6.161022954379278,0.0,0.0,7.884771553675024e-05
90.0,443,277.77777777777777,500.0,127.5,6.157682974058157,0.0,0.0,7.884772318455544e-05
90.0,444,388.8888888888889,500.0,127.5,6.150709635254354,0.0,0.0,7.884791694018358e-05
90.0,445,500.0,500.0,127.5,6.130436331346827,0.0,0.0,7.885707637094042e-05
90.0,446,611.1111111111111,500.0,127.5,6.15070963525438,0.0,0.0,7.884791694018358e-05
90.0,447,722.2222222222223,500.0,127.5,6.157682974058255,0.0,0.0,7.88477231845555e-05
90.0,448,833.3333333333334,500.0,127.5,6.161022954379346,0.0,0.0,7.884771553675024e-05
90.0,449,944.4444444444445,500.0,127.5,6.162457559703053,0.0,0.0,7.884771423510278e-05
90.0,450,55.55555555555556,611.1111111111111,127.5,6.1627641819597585,0.0,0.0,7.884771395030488e-05
90.0,451,166.66666666666669,611.1111111111111,127.5,6.161567763719058,0.0,0.0,7.884771496583777e-05
90.0,452,277.77777777777777,611.1111111111111,127.5,6.159055239967377,0.0,0.0,7.884771741864913e-05
90.0,453,388.8888888888889,611.1111111111111,127.5,6.155124513947806,0.0,0.0,7.884773031477168e-05
90.0,454,500.0,611.1111111111111,127.5,6.150709635254324,0.0,0.0,7.884791694018358e-05
90.0,455,611.1111111111111,611.1111111111111,127.5,6.155124513947839,0.0,0.0,7.884773031477159e-05
90.0,456,722.2222222222223,611.1111111111111,127.5,6.15905523996743,0.0,0.0,7.884771741864914e-05
90.0,457,833.3333333333334,611.1111111111111,127.5,6.161567763719082,0.0,0.0,7.884771496583778e-05
90.0,458,944.4444444444445,611.1111111111111,127.5,6.162764181959744,0.0,0.0,7.884771395030477e-05
90.0,459,55.55555555555556,722.2222222222223,127.5,6.163444719147981,0.0,0.0,7.884771343627666e-05
90.0,460,166.66666666666669,722.2222222222223,127.5,6.162612310938186,0.0,0.0,7.884771410896812e-05
90.0,461,277.77777777777777,722.2222222222223,127.5,6.161037054839386,0.0,0.0,7.884771540316986e-05
90.0,462,388.8888888888889,722.2222222222223,127.5,6.159055239967367,0.0,0.0,7.884771741864917e-05
90.0,463,500.0,722.2222222222223,127.5,6.157682974058117,0.0,0.0,7.884772318455547e-05
90.0,464,611.1111111111111,722.2222222222223,127.5,6.159055239967373,0.0,0.0,7.884771741864904e-05
90.0,465,722.2222222222223,722.2222222222223,127.5,6.161037054839406,0.0,0.0,7.884771540316984e-05
90.0,466,833.3333333333334,722.2222222222223,127.5,6.162612310938214,0.0,0.0,7.884771410896812e-05
90.0,467,944.4444444444445,722.2222222222223,127.5,6.163444719147956,0.0,0.0,7.884771343627665e-05
90.0,468,55.55555555555556,833.3333333333334,127.5,6.164132573699061,0.0,0.0,7.884771288288026e-05
90.0,469,166.66666666666669,833.3333333333334,127.5,6.163578738687603,0.0,0.0,7.88477133292868e-05
90.0,470,277.77777777777777,833.3333333333334,127.5,6.16261231093818,0.0,0.0,7.884771410896812e-05
90.0,471,388.8888888888889,833.3333333333334,127.5,6.161567763719052,0.0,0.0,7.884771496583777e-05
90.0,472,500.0,833.3333333333334,127.5,6.161022954379255,0.0,0.0,7.884771553675033e-05
90.0,473,611.1111111111111,833.3333333333334,127.5,6.16156776371908,0.0,0.0,7.884771496583789e-05
90.0,474,722.2222222222223,833.3333333333334,127.5,6.162612310938234,0.0,0.0,7.884771410896812e-05
90.0,475,833.3333333333334,833.3333333333334,127.5,6.1635787386876375,0.0,0.0,7.884771332928689e-05
90.0,476,944.4444444444445,833.3333333333334,127.5,6.164132573699107,0.0,0.0,7.884771288288024e-05
90.0,477,55.55555555555556,944.4444444444445,127.5,6.1645468825211145,0.0,0.0,7.884771254857865e-05
90.0,478,166.66666666666669,944.4444444444445,127.5,6.164132573699061,0.0,0.0,7.884771288288028e-05
90.0,479,277.77777777777777,944.4444444444445,127.5,6.163444719147995,0.0,0.0,7.884771343627666e-05
90.0,480,388.8888888888889,944.4444444444445,127.5,6.162764181959733,0.0,0.0,7.884771395030481e-05
90.0,481,500.0,944.4444444444445,127.5,6.162457559702959,0.0,0.0,7.884771423510277e-05
90.0,482,611.1111111111111,944.4444444444445,127.5,6.162764181959761,0.0,0.0,7.884771395030479e-05
90.0,483,722.2222222222223,944.4444444444445,127.5,6.1634447191480515,0.0,0.0,7.884771343627662e-05
90.0,484,833.3333333333334,944.4444444444445,127.5,6.164132573699109,0.0,0.0,7.884771288288029e-05
90.0,485,944.4444444444445,944.4444444444445,127.5,6.164546882521184,0.0,0.0,7.884771254857875e-05
90.0,486,55.55555555555556,55.55555555555556,132.5,6.652876865390807,0.0,0.0,8.504330915091817e-05
90.0,487,166.66666666666669,55.55555555555556,132.5,6.652462530031091,0.0,0.0,8.504331025896687e-05
90.0,488,277.77777777777777,55.55555555555556,132.5,6.6517746280537375,0.0,0.0,8.504331090106876e-05
90.0,489,388.8888888888889,55.55555555555556,132.5,6.651094039421191,0.0,0.0,8.504331147544572e-05
90.0,490,500.0,55.55555555555556,132.5,6.6507873955019425,0.0,0.0,8.504331275342397e-05
90.0,491,611.1111111111111,55.55555555555556,132.5,6.651094039421188,0.0,0.0,8.504331147544572e-05
90.0,492,722.2222222222223,55.55555555555556,132.5,6.6517746280537535,0.0,0.0,8.504331090106876e-05
90.0,493,833.3333333333334,55.55555555555556,132.5,6.652462530031114,0.0,0.0,8.504331025896693e-05
90.0,494,944.4444444444445,55.55555555555556,132.5,6.652876865390828,0.0,0.0,8.504330915091805e-05
90.0,495,55.55555555555556,166.66666666666669,132.5,6.652462530031091,0.0,0.0,8.504331025896684e-05
90.0,496,166.66666666666669,166.66666666666669,132.5,6.651908651817913,0.0,0.0,8.504331074142575e-05
90.0,497,277.77777777777777,166.66666666666669,132.5,6.650942143504363,0.0,0.0,8.504331264358347e-05
90.0,498,388.8888888888889,166.66666666666669,132.5,6.649897512672086,0.0,0.0,8.504331335030637e-05
90.0,499,500.0,166.66666666666669,132.5,6.649352698190544,0.0,0.0,8.504331372014222e-05
90.0,500,611.1111111111111,166.66666666666669,132.5,6.649897512672069,0.0,0.0,8.504331335030637e-05
90.0,501,722.2222222222223,166.66666666666669,132.5,6.650942143504386,0.0,0.0,8.504331264358347e-05
90.0,502,833.3333333333334,166.66666666666669,132.5,6.651908651817926,0.0,0.0,8.504331074142584e-05
90.0,503,944.4444444444445,166.66666666666669,132.5,6.652462530031108,0.0,0.0,8.504331025896693e-05
90.0,504,55.55555555555556,277.77777777777777,132.5,6.651774628053747,0.0,0.0,8.50433109010687e-05
90.0,505,166.66666666666669,277.77777777777777,132.5,6.650942143504346,0.0,0.0,8.504331264358345e-05
90.0,506,277.77777777777777,277.77777777777777,132.5,6.649366747066212,0.0,0.0,8.50433136781467e-05
90.0,507,388.8888888888889,277.77777777777777,132.5,6.647384874797565,0.0,0.0,8.504331838891756e-05
90.0,508,500.0,277.77777777777777,132.5,6.6460142632930905,0.0,0.0,8.504332300547628e-05
90.0,509,611.1111111111111,277.77777777777777,132.5,6.647384874797505,0.0,0.0,8.504331838891754e-05
90.0,510,722.2222222222223,277.77777777777777,132.5,6.649366747066233,0.0,0.0,8.504331367814679e-05
90.0,511,833.3333333333334,277.77777777777777,132.5,6.6509421435043885,0.0,0.0,8.504331264358357e-05
90.0,512,944.4444444444445,277.77777777777777,132.5,6.651774628053792,0.0,0.0,8.50433109010688e-05
90.0,513,55.55555555555556,388.8888888888889,132.5,6.651094039421139,0.0,0.0,8.504331147544569e-05
90.0,514,166.66666666666669,388.8888888888889,132.5,6.6498975126720365,0.0,0.0,8.504331335030639e-05
90.0,515,277.77777777777777,388.8888888888889,132.5,6.647384874797498,0.0,0.0,8.504331838891756e-05
90.0,516,388.8888888888889,388.8888888888889,132.5,6.643457470181818,0.0,0.0,8.504333258766515e-05
90.0,517,500.0,388.8888888888889,132.5,6.639113631388495,0.0,0.0,8.504353859754847e-05
90.0,518,611.1111111111111,388.8888888888889,132.5,6.643457470181773,0.0,0.0,8.5043332587665e-05
90.0,519,722.2222222222223,388.8888888888889,132.5,6.647384874797563,0.0,0.0,8.504331838891756e-05
90.0,520,833.3333333333334,388.8888888888889,132.5,6.6498975126721085,0.0,0.0,8.504331335030641e-05
90.0,521,944.4444444444445,388.8888888888889,132.5,6.651094039421286,0.0,0.0,8.504331147544572e-05
90.0,522,55.55555555555556,500.0,132.5,6.650787395501884,0.0,0.0,8.5043312753424e-05
90.0,523,166.66666666666669,500.0,132.5,6.649352698190508,0.0,0.0,8.504331372014241e-05
90.0,524,277.77777777777777,500.0,132.5,6.6460142632930435,0.0,0.0,8.504332300547638e-05
90.0,525,388.8888888888889,500.0,132.5,6.639113631388463,0.0,0.0,8.504353859754855e-05
90.0,526,500.0,500.0,132.5,6.622416740194603,0.0,0.0,8.504918823362243e-05
90.0,527,611.1111111111111,500.0,132.5,6.639113631388489,0.0,0.0,8.504353859754847e-05
90.0,528,722.2222222222223,500.0,132.5,6.646014263293145,0.0,0.0,8.504332300547619e-05
90.0,529,833.3333333333334,500.0,132.5,6.649352698190575,0.0,0.0,8.504331372014241e-05
90.0,530,944.4444444444445,500.0,132.5,6.650787395501959,0.0,0.0,8.504331275342397e-05
90.0,531,55.55555555555556,611.1111111111111,132.5,6.65109403942124,0.0,0.0,8.504331147544567e-05
90.0,532,166.66666666666669,611.1111111111111,132.5,6.649897512672044,0.0,0.0,8.504331335030629e-05
90.0,533,277.77777777777777,611.1111111111111,132.5,6.647384874797492,0.0,0.0,8.504331838891754e-05
90.0,534,388.8888888888889,611.1111111111111,132.5,6.64345747018169,0.0,0.0,8.504333258766506e-05
90.0,535,500.0,611.1111111111111,132.5,6.639113631388432,0.0,0.0,8.504353859754847e-05
90.0,536,611.1111111111111,611.1111111111111,132.5,6.643457470181723,0.0,0.0,8.504333258766515e-05
90.0,537,722.2222222222223,611.1111111111111,132.5,6.647384874797544,0.0,0.0,8.50433183889177e-05
90.0,538,833.3333333333334,611.1111111111111,132.5,6.649897512672066,0.0,0.0,8.504331335030639e-05
90.0,539,944.4444444444445,611.1111111111111,132.5,6.651094039421237,0.0,0.0,8.504331147544581e-05
90.0,540,55.55555555555556,722.2222222222223,132.5,6.651774628053821,0.0,0.0,8.504331090106869e-05
90.0,541,166.66666666666669,722.2222222222223,132.5,6.650942143504374,0.0,0.0,8.504331264358357e-05
90.0,542,277.77777777777777,722.2222222222223,132.5,6.649366747066236,0.0,0.0,8.504331367814686e-05
90.0,543,388.8888888888889,722.2222222222223,132.5,6.647384874797482,0.0,0.0,8.504331838891754e-05
90.0,544,500.0,722.2222222222223,132.5,6.646014263293003,0.0,0.0,8.504332300547628e-05
90.0,545,611.1111111111111,722.2222222222223,132.5,6.647384874797486,0.0,0.0,8.504331838891754e-05
90.0,546,722.2222222222223,722.2222222222223,132.5,6.649366747066255,0.0,0.0,8.504331367814679e-05
90.0,547,833.3333333333334,722.2222222222223,132.5,6.650942143504403,0.0,0.0,8.504331264358358e-05
90.0,548,944.4444444444445,722.2222222222223,132.5,6.651774628053807,0.0,0.0,8.504331090106878e-05
90.0,549,55.55555555555556,833.3333333333334,132.5,6.652462530031124,0.0,0.0,8.504331025896685e-05
90.0,550,166.66666666666669,833.3333333333334,132.5,6.6519086518179416,0.0,0.0,8.504331074142575e-05
90.0,551,277.77777777777777,833.3333333333334,132.5,6.65094214350437,0.0,0.0,8.504331264358347e-05
90.0,552,388.8888888888889,833.3333333333334,132.5,6.64989751267204,0.0,0.0,8.504331335030628e-05
90.0,553,500.0,833.3333333333334,132.5,6.649352698190484,0.0,0.0,8.504331372014232e-05
90.0,554,611.1111111111111,833.3333333333334,132.5,6.649897512672068,0.0,0.0,8.504331335030636e-05
90.0,555,722.2222222222223,833.3333333333334,132.5,6.650942143504423,0.0,0.0,8.504331264358357e-05
90.0,556,833.3333333333334,833.3333333333334,132.5,6.651908651817975,0.0,0.0,8.504331074142576e-05
90.0,557,944.4444444444445,833.3333333333334,132.5,6.652462530031169,0.0,0.0,8.504331025896695e-05
90.0,558,55.55555555555556,944.4444444444445,132.5,6.652876865390894,0.0,0.0,8.504330915091805e-05
90.0,559,166.66666666666669,944.4444444444445,132.5,6.652462530031124,0.0,0.0,8.504331025896687e-05
90.0,560,277.77777777777777,944.4444444444445,132.5,6.651774628053837,0.0,0.0,8.504331090106876e-05
90.0,561,388.8888888888889,944.4444444444445,132.5,6.6510940394212135,0.0,0.0,8.504331147544567e-05
90.0,562,500.0,944.4444444444445,132.5,6.650787395501865,0.0,0.0,8.504331275342395e-05
90.0,563,611.1111111111111,944.4444444444445,132.5,6.651094039421242,0.0,0.0,8.504331147544567e-05
90.0,564,722.2222222222223,944.4444444444445,132.5,6.651774628053895,0.0,0.0,8.504331090106878e-05
90.0,565,833.3333333333334,944.4444444444445,132.5,6.65246253003117,0.0,0.0,8.504331025896693e-05
90.0,566,944.4444444444445,944.4444444444445,132.5,6.652876865390964,0.0,0.0,8.504330915091798e-05
90.0,567,55.55555555555556,55.55555555555556,137.5,7.141227012830367,0.0,0.0,9.123731017573397e-05
90.0,568,166.66666666666669,55.55555555555556,137.5,7.140812639311844,0.0,0.0,9.12373105041189e-05
90.0,569,277.77777777777777,55.55555555555556,137.5,7.140124667920294,0.0,0.0,9.123731224505457e-05
90.0,570,388.8888888888889,55.55555555555556,137.5,7.139444002107949,0.0,0.0,9.123731386169867e-05
90.0,571,500.0,55.55555555555556,137.5,7.139137316885607,0.0,0.0,9.123731381595873e-05
90.0,572,611.1111111111111,55.55555555555556,137.5,7.139444002107945,0.0,0.0,9.123731386169866e-05
90.0,573,722.2222222222223,55.55555555555556,137.5,7.140124667920311,0.0,0.0,9.123731224505466e-05
90.0,574,833.3333333333334,55.55555555555556,137.5,7.140812639311867,0.0,0.0,9.123731050411886e-05
90.0,575,944.4444444444445,55.55555555555556,137.5,7.141227012830388,0.0,0.0,9.123731017573391e-05
90.0,576,55.55555555555556,166.66666666666669,137.5,7.140812639311843,0.0,0.0,9.123731050411887e-05
90.0,577,166.66666666666669,166.66666666666669,137.5,7.140258696101747,0.0,0.0,9.123731194278749e-05
90.0,578,277.77777777777777,166.66666666666669,137.5,7.139292062060099,0.0,0.0,9.123731339694729e-05
90.0,579,388.8888888888889,166.66666666666669,137.5,7.13824727313295,0.0,0.0,9.123731633895165e-05
90.0,580,500.0,166.66666666666669,137.5,7.137702439909889,0.0,0.0,9.123731804185851e-05
90.0,581,611.1111111111111,166.66666666666669,137.5,7.138247273132933,0.0,0.0,9.12373163389517e-05
90.0,582,722.2222222222223,166.66666666666669,137.5,7.139292062060125,0.0,0.0,9.123731339694724e-05
90.0,583,833.3333333333334,166.66666666666669,137.5,7.140258696101758,0.0,0.0,9.123731194278757e-05
90.0,584,944.4444444444445,166.66666666666669,137.5,7.140812639311858,0.0,0.0,9.12373105041189e-05
90.0,585,55.55555555555556,277.77777777777777,137.5,7.140124667920309,0.0,0.0,9.123731224505473e-05
90.0,586,166.66666666666669,277.77777777777777,137.5,7.139292062060081,0.0,0.0,9.123731339694721e-05
90.0,587,277.77777777777777,277.77777777777777,137.5,7.137716416130127,0.0,0.0,9.12373178825688e-05
90.0,588,388.8888888888889,277.77777777777777,137.5,7.135734416440449,0.0,0.0,9.123732066315513e-05
90.0,589,500.0,277.77777777777777,137.5,7.134365906918165,0.0,0.0,9.123732621094748e-05
90.0,590,611.1111111111111,277.77777777777777,137.5,7.135734416440382,0.0,0.0,9.123732066315518e-05
90.0,591,722.2222222222223,277.77777777777777,137.5,7.137716416130152,0.0,0.0,9.123731788256876e-05
90.0,592,833.3333333333334,277.77777777777777,137.5,7.139292062060127,0.0,0.0,9.123731339694733e-05
90.0,593,944.4444444444445,277.77777777777777,137.5,7.140124667920353,0.0,0.0,9.123731224505478e-05
90.0,594,55.55555555555556,388.8888888888889,137.5,7.13944400210788,0.0,0.0,9.123731386169872e-05
90.0,595,166.66666666666669,388.8888888888889,137.5,7.1382472731329,0.0,0.0,9.123731633895173e-05
90.0,596,277.77777777777777,388.8888888888889,137.5,7.135734416440376,0.0,0.0,9.123732066315518e-05
90.0,597,388.8888888888889,388.8888888888889,137.5,7.131811197485487,0.0,0.0,9.123733547665012e-05
90.0,598,500.0,388.8888888888889,137.5,7.127544273811184,0.0,0.0,9.123745018860159e-05
90.0,599,611.1111111111111,388.8888888888889,137.5,7.131811197485435,0.0,0.0,9.123733547665026e-05
90.0,600,722.2222222222223,388.8888888888889,137.5,7.135734416440446,0.0,0.0,9.123732066315515e-05
90.0,601,833.3333333333334,388.8888888888889,137.5,7.138247273132971,0.0,0.0,9.123731633895177e-05
90.0,602,944.4444444444445,388.8888888888889,137.5,7.139444002108053,0.0,0.0,9.123731386169867e-05
90.0,603,55.55555555555556,500.0,137.5,7.139137316885545,0.0,0.0,9.123731381595875e-05
90.0,604,166.66666666666669,500.0,137.5,7.137702439909856,0.0,0.0,9.123731804185835e-05
90.0,605,277.77777777777777,500.0,137.5,7.134365906918132,0.0,0.0,9.123732621094754e-05
90.0,606,388.8888888888889,500.0,137.5,7.127544273811152,0.0,0.0,9.123745018860159e-05
90.0,607,500.0,500.0,137.5,7.11304894896775,0.0,0.0,9.124018391729779e-05
90.0,608,611.1111111111111,500.0,137.5,7.1275442738111785,0.0,0.0,9.123745018860157e-05
90.0,609,722.2222222222223,500.0,137.5,7.134365906918227,0.0,0.0,9.123732621094757e-05
90.0,610,833.3333333333334,500.0,137.5,7.137702439909921,0.0,0.0,9.123731804185837e-05
90.0,611,944.4444444444445,500.0,137.5,7.139137316885619,0.0,0.0,9.12373138159587e-05
90.0,612,55.55555555555556,611.1111111111111,137.5,7.139444002107978,0.0,0.0,9.123731386169866e-05
90.0,613,166.66666666666669,611.1111111111111,137.5,7.138247273132905,0.0,0.0,9.123731633895168e-05
90.0,614,277.77777777777777,611.1111111111111,137.5,7.135734416440374,0.0,0.0,9.123732066315528e-05
90.0,615,388.8888888888889,611.1111111111111,137.5,7.131811197485345,0.0,0.0,9.12373354766501e-05
90.0,616,500.0,611.1111111111111,137.5,7.127544273811122,0.0,0.0,9.123745018860159e-05
90.0,617,611.1111111111111,611.1111111111111,137.5,7.13181119748538,0.0,0.0,9.123733547665006e-05
90.0,618,722.2222222222223,611.1111111111111,137.5,7.135734416440425,0.0,0.0,9.123732066315519e-05
90.0,619,833.3333333333334,611.1111111111111,137.5,7.1382472731329205,0.0,0.0,9.123731633895168e-05
90.0,620,944.4444444444445,611.1111111111111,137.5,7.139444002107996,0.0,0.0,9.123731386169867e-05
90.0,621,55.55555555555556,722.2222222222223,137.5,7.140124667920373,0.0,0.0,9.123731224505468e-05
90.0,622,166.66666666666669,722.2222222222223,137.5,7.139292062060112,0.0,0.0,9.123731339694714e-05
90.0,623,277.77777777777777,722.2222222222223,137.5,7.137716416130146,0.0,0.0,9.123731788256873e-05
90.0,624,388.8888888888889,722.2222222222223,137.5,7.135734416440363,0.0,0.0,9.123732066315513e-05
90.0,625,500.0,722.2222222222223,137.5,7.134365906918089,0.0,0.0,9.12373262109476e-05
90.0,626,611.1111111111111,722.2222222222223,137.5,7.135734416440363,0.0,0.0,9.123732066315524e-05
90.0,627,722.2222222222223,722.2222222222223,137.5,7.137716416130175,0.0,0.0,9.123731788256869e-05
90.0,628,833.3333333333334,722.2222222222223,137.5,7.139292062060139,0.0,0.0,9.123731339694726e-05
90.0,629,944.4444444444445,722.2222222222223,137.5,7.140124667920365,0.0,0.0,9.123731224505466e-05
90.0,630,55.55555555555556,833.3333333333334,137.5,7.140812639311873,0.0,0.0,9.123731050411894e-05
90.0,631,166.66666666666669,833.3333333333334,137.5,7.140258696101778,0.0,0.0,9.123731194278746e-05
90.0,632,277.77777777777777,833.3333333333334,137.5,7.139292062060106,0.0,0.0,9.123731339694725e-05
90.0,633,388.8888888888889,833.3333333333334,137.5,7.1382472731329045,0.0,0.0,9.123731633895173e-05
90.0,634,500.0,833.3333333333334,137.5,7.13770243990983,0.0,0.0,9.123731804185839e-05
90.0,635,611.1111111111111,833.3333333333334,137.5,7.138247273132933,0.0,0.0,9.12373163389517e-05
90.0,636,722.2222222222223,833.3333333333334,137.5,7.139292062060162,0.0,0.0,9.123731339694722e-05
90.0,637,833.3333333333334,833.3333333333334,137.5,7.140258696101808,0.0,0.0,9.123731194278758e-05
90.0,638,944.4444444444445,833.3333333333334,137.5,7.140812639311918,0.0,0.0,9.12373105041189e-05
90.0,639,55.55555555555556,944.4444444444445,137.5,7.141227012830444,0.0,0.0,9.123731017573389e-05
90.0,640,166.66666666666669,944.4444444444445,137.5,7.140812639311872,0.0,0.0,9.123731050411894e-05
90.0,641,277.77777777777777,944.4444444444445,137.5,7.140124667920394,0.0,0.0,9.123731224505461e-05
90.0,642,388.8888888888889,944.4444444444445,137.5,7.1394440021079495,0.0,0.0,9.123731386169867e-05
90.0,643,500.0,944.4444444444445,137.5,7.139137316885524,0.0,0.0,9.123731381595867e-05
90.0,644,611.1111111111111,944.4444444444445,137.5,7.139444002107978,0.0,0.0,9.123731386169866e-05
90.0,645,722.2222222222223,944.4444444444445,137.5,7.140124667920452,0.0,0.0,9.123731224505461e-05
90.0,646,833.3333333333334,944.4444444444445,137.5,7.140812639311916,0.0,0.0,9.123731050411895e-05
90.0,647,944.4444444444445,944.4444444444445,137.5,7.141227012830516,0.0,0.0,9.123731017573397e-05
90.0,648,55.55555555555556,55.55555555555556,142.5,7.6295545228462585,0.0,0.0,9.742972987091542e-05
90.0,649,166.66666666666669,55.55555555555556,142.5,7.629140154857346,0.0,0.0,9.742972953490439e-05
90.0,650,277.77777777777777,55.55555555555556,142.5,7.628452196039639,0.0,0.0,9.742972897676249e-05
90.0,651,388.8888888888889,55.55555555555556,142.5,7.627771547434284,0.0,0.0,9.742972846527479e-05
90.0,652,500.0,55.55555555555556,142.5,7.627464871834288,0.0,0.0,9.742972817980913e-05
90.0,653,611.1111111111111,55.55555555555556,142.5,7.62777154743428,0.0,0.0,9.742972846527479e-05
90.0,654,722.2222222222223,55.55555555555556,142.5,7.628452196039656,0.0,0.0,9.742972897676257e-05
90.0,655,833.3333333333334,55.55555555555556,142.5,7.629140154857369,0.0,0.0,9.742972953490439e-05
90.0,656,944.4444444444445,55.55555555555556,142.5,7.629554522846279,0.0,0.0,9.74297298709155e-05
90.0,657,55.55555555555556,166.66666666666669,142.5,7.629140154857346,0.0,0.0,9.742972953490438e-05
90.0,658,166.66666666666669,166.66666666666669,142.5,7.62858622681984,0.0,0.0,9.74297290857536e-05
90.0,659,277.77777777777777,166.66666666666669,142.5,7.627619625171931,0.0,0.0,9.742972830265823e-05
90.0,660,388.8888888888889,166.66666666666669,142.5,7.626574881192204,0.0,0.0,9.742972747014854e-05
90.0,661,500.0,166.66666666666669,142.5,7.626030125885703,0.0,0.0,9.74297271534709e-05
90.0,662,611.1111111111111,166.66666666666669,142.5,7.626574881192187,0.0,0.0,9.742972747014865e-05
90.0,663,722.2222222222223,166.66666666666669,142.5,7.627619625171956,0.0,0.0,9.74297283026582e-05
90.0,664,833.3333333333334,166.66666666666669,142.5,7.628586226819851,0.0,0.0,9.742972908575366e-05
90.0,665,944.4444444444445,166.66666666666669,142.5,7.629140154857362,0.0,0.0,9.742972953490439e-05
90.0,666,55.55555555555556,277.77777777777777,142.5,7.628452196039651,0.0,0.0,9.742972897676257e-05
90.0,667,166.66666666666669,277.77777777777777,142.5,7.627619625171914,0.0,0.0,9.742972830265822e-05
90.0,668,277.77777777777777,277.77777777777777,142.5,7.626044061021391,0.0,0.0,9.742972704791634e-05
90.0,669,388.8888888888889,277.77777777777777,142.5,7.624062338755326,0.0,0.0,9.742972583717597e-05
90.0,670,500.0,277.77777777777777,142.5,7.622695519563864,0.0,0.0,9.742972950818313e-05
90.0,671,611.1111111111111,277.77777777777777,142.5,7.624062338755263,0.0,0.0,9.742972583717601e-05
90.0,672,722.2222222222223,277.77777777777777,142.5,7.626044061021414,0.0,0.0,9.742972704791633e-05
90.0,673,833.3333333333334,277.77777777777777,142.5,7.627619625171959,0.0,0.0,9.74297283026582e-05
90.0,674,944.4444444444445,277.77777777777777,142.5,7.628452196039697,0.0,0.0,9.742972897676254e-05
90.0,675,55.55555555555556,388.8888888888889,142.5,7.627771547434217,0.0,0.0,9.742972846527483e-05
90.0,676,166.66666666666669,388.8888888888889,142.5,7.6265748811921545,0.0,0.0,9.742972747014875e-05
90.0,677,277.77777777777777,388.8888888888889,142.5,7.624062338755257,0.0,0.0,9.742972583717593e-05
90.0,678,388.8888888888889,388.8888888888889,142.5,7.620142741798859,0.0,0.0,9.742972870829002e-05
90.0,679,500.0,388.8888888888889,142.5,7.615923422322701,0.0,0.0,9.742974047433584e-05
90.0,680,611.1111111111111,388.8888888888889,142.5,7.620142741798797,0.0,0.0,9.742972870829002e-05
90.0,681,722.2222222222223,388.8888888888889,142.5,7.624062338755324,0.0,0.0,9.7429725837176e-05
90.0,682,833.3333333333334,388.8888888888889,142.5,7.6265748811922265,0.0,0.0,9.742972747014866e-05
90.0,683,944.4444444444445,388.8888888888889,142.5,7.6277715474343974,0.0,0.0,9.742972846527477e-05
90.0,684,55.55555555555556,500.0,142.5,7.627464871834228,0.0,0.0,9.742972817980922e-05
90.0,685,166.66666666666669,500.0,142.5,7.626030125885682,0.0,0.0,9.742972715347095e-05
90.0,686,277.77777777777777,500.0,142.5,7.622695519563831,0.0,0.0,9.742972950818311e-05
90.0,687,388.8888888888889,500.0,142.5,7.615923422322669,0.0,0.0,9.742974047433584e-05
90.0,688,500.0,500.0,142.5,7.6024801237037405,0.0,0.0,9.742974047468087e-05
90.0,689,611.1111111111111,500.0,142.5,7.615923422322695,0.0,0.0,9.742974047433584e-05
90.0,690,722.2222222222223,500.0,142.5,7.622695519563922,0.0,0.0,9.742972950818303e-05
90.0,691,833.3333333333334,500.0,142.5,7.626030125885734,0.0,0.0,9.7429727153471e-05
90.0,692,944.4444444444445,500.0,142.5,7.627464871834303,0.0,0.0,9.742972817980913e-05
90.0,693,55.55555555555556,611.1111111111111,142.5,7.6277715474343095,0.0,0.0,9.742972846527479e-05
90.0,694,166.66666666666669,611.1111111111111,142.5,7.626574881192161,0.0,0.0,9.742972747014866e-05
90.0,695,277.77777777777777,611.1111111111111,142.5,7.624062338755253,0.0,0.0,9.742972583717597e-05
90.0,696,388.8888888888889,611.1111111111111,142.5,7.620142741798711,0.0,0.0,9.742972870829003e-05
90.0,697,500.0,611.1111111111111,142.5,7.615923422322638,0.0,0.0,9.742974047433589e-05
90.0,698,611.1111111111111,611.1111111111111,142.5,7.620142741798744,0.0,0.0,9.742972870829003e-05
90.0,699,722.2222222222223,611.1111111111111,142.5,7.624062338755304,0.0,0.0,9.742972583717599e-05
90.0,700,833.3333333333334,611.1111111111111,142.5,7.62657488119218,0.0,0.0,9.742972747014871e-05
90.0,701,944.4444444444445,611.1111111111111,142.5,7.627771547434343,0.0,0.0,9.74297284652748e-05
90.0,702,55.55555555555556,722.2222222222223,142.5,7.628452196039714,0.0,0.0,9.742972897676248e-05
90.0,703,166.66666666666669,722.2222222222223,142.5,7.627619625171944,0.0,0.0,9.742972830265822e-05
90.0,704,277.77777777777777,722.2222222222223,142.5,7.626044061021405,0.0,0.0,9.742972704791629e-05
90.0,705,388.8888888888889,722.2222222222223,142.5,7.624062338755242,0.0,0.0,9.742972583717599e-05
90.0,706,500.0,722.2222222222223,142.5,7.622695519563789,0.0,0.0,9.742972950818299e-05
90.0,707,611.1111111111111,722.2222222222223,142.5,7.624062338755244,0.0,0.0,9.742972583717588e-05
90.0,708,722.2222222222223,722.2222222222223,142.5,7.626044061021435,0.0,0.0,9.742972704791636e-05
90.0,709,833.3333333333334,722.2222222222223,142.5,7.627619625171971,0.0,0.0,9.742972830265822e-05
90.0,710,944.4444444444445,722.2222222222223,142.5,7.62845219603971,0.0,0.0,9.742972897676254e-05
90.0,711,55.55555555555556,833.3333333333334,142.5,7.629140154857377,0.0,0.0,9.742972953490438e-05
90.0,712,166.66666666666669,833.3333333333334,142.5,7.62858622681987,0.0,0.0,9.742972908575366e-05
90.0,713,277.77777777777777,833.3333333333334,142.5,7.627619625171938,0.0,0.0,9.74297283026582e-05
90.0,714,388.8888888888889,833.3333333333334,142.5,7.626574881192159,0.0,0.0,9.742972747014874e-05
90.0,715,500.0,833.3333333333334,142.5,7.626030125885657,0.0,0.0,9.742972715347099e-05
90.0,716,611.1111111111111,833.3333333333334,142.5,7.6265748811921865,0.0,0.0,9.742972747014865e-05
90.0,717,722.2222222222223,833.3333333333334,142.5,7.6276196251719925,0.0,0.0,9.742972830265819e-05
90.0,718,833.3333333333334,833.3333333333334,142.5,7.628586226819901,0.0,0.0,9.742972908575362e-05
90.0,719,944.4444444444445,833.3333333333334,142.5,7.6291401548574225,0.0,0.0,9.74297295349043e-05
90.0,720,55.55555555555556,944.4444444444445,142.5,7.629554522846333,0.0,0.0,9.74297298709155e-05
90.0,721,166.66666666666669,944.4444444444445,142.5,7.629140154857377,0.0,0.0,9.742972953490431e-05
90.0,722,277.77777777777777,944.4444444444445,142.5,7.628452196039732,0.0,0.0,9.742972897676256e-05
90.0,723,388.8888888888889,944.4444444444445,142.5,7.627771547434282,0.0,0.0,9.742972846527483e-05
90.0,724,500.0,944.4444444444445,142.5,7.627464871834208,0.0,0.0,9.742972817980922e-05
90.0,725,611.1111111111111,944.4444444444445,142.5,7.627771547434311,0.0,0.0,9.742972846527483e-05
90.0,726,722.2222222222223,944.4444444444445,142.5,7.62845219603979,0.0,0.0,9.742972897676248e-05
90.0,727,833.3333333333334,944.4444444444445,142.5,7.629140154857422,0.0,0.0,9.742972953490438e-05
90.0,728,944.4444444444445,944.4444444444445,142.5,7.629554522846404,0.0,0.0,9.742972987091546e-05
180.0,0,55.55555555555556,55.55555555555556,102.5,5.998969498218431,0.7499388654996335,0.9728982726773495,7.971054325960762e-05
180.0,1,166.66666666666669,55.55555555555556,102.5,5.9984087182047805,0.7499388263846878,0.972897623098954,7.970305156353264e-05
180.0,2,277.77777777777777,55.55555555555556,102.5,5.997220002269459,0.7499387452065117,0.9728962456042416,7.968717098750582e-05
180.0,3,388.8888888888889,55.55555555555556,102.5,5.995648271820312,0.7499386467485649,0.9728944237836427,7.966617356559811e-05
180.0,4,500.0,55.55555555555556,102.5,5.994724607638089,0.7499385914394502,0.9728933526663538,7.965383392752411e-05
180.0,5,611.1111111111111,55.55555555555556,102.5,5.995648271820311,0.7499386467485648,0.9728944237836422,7.966617356559807e-05
180.0,6,722.2222222222223,55.55555555555556,102.5,5.997220002269456,0.7499387452065119,0.9728962456042428,7.968717098750592e-05
180.0,7,833.3333333333334,55.55555555555556,102.5,5.9984087182047805,0.749938826384688,0.9728976230989551,7.970305156353273e-05
180.0,8,944.4444444444445,55.55555555555556,102.5,5.998969498218432,0.7499388654996338,0.9728982726773512,7.971054325960776e-05
180.0,9,55.55555555555556,166.66666666666669,102.5,5.998408718204781,0.7499388263846879,0.9728976230989543,7.970305156353266e-05
180.0,10,166.66666666666669,166.66666666666669,102.5,5.997203940513703,0.7499387442631797,0.9728962270018188,7.968695641254548e-05
180.0,11,277.77777777777777,166.66666666666669,102.5,5.994494983940606,0.7499385791861706,0.9728930864596183,7.965076629229776e-05
180.0,12,388.8888888888889,166.66666666666669,102.5,5.990553648731316,0.749938368264851,0.9728885117458943,7.959811216355133e-05
180.0,13,500.0,166.66666666666669,102.5,5.9878339153016675,0.7499382470614971,0.9728853515777329,7.95617779237677e-05
180.0,14,611.1111111111111,166.66666666666669,102.5,5.990553648731315,0.749938368264851,0.9728885117458947,7.959811216355137e-05
180.0,15,722.2222222222223,166.66666666666669,102.5,5.994494983940606,0.7499385791861706,0.9728930864596179,7.965076629229773e-05
180.0,16,833.3333333333334,166.66666666666669,102.5,5.997203940513704,0.7499387442631796,0.9728962270018188,7.968695641254548e-05
180.0,17,944.4444444444445,166.66666666666669,102.5,5.9984087182047805,0.7499388263846881,0.9728976230989551,7.970305156353273e-05
180.0,18,55.55555555555556,277.77777777777777,102.5,5.997220002269458,0.7499387452065119,0.9728962456042431,7.968717098750594e-05
180.0,19,166.66666666666669,277.77777777777777,102.5,5.994494983940606,0.7499385791861702,0.9728930864596246,7.965076629229828e-05
180.0,20,277.77777777777777,277.77777777777777,102.5,5.9878809411074085,0.7499382485656384,0.9728854062076753,7.956240616190811e-05
180.0,21,388.8888888888889,277.77777777777777,102.5,5.976888453507312,0.7499379646338903,0.972872605326654,7.941555168299441e-05
180.0,22,500.0,277.77777777777777,102.5,5.96712845210068,0.7499379748017514,0.972861199854056,7.92851618497705e-05
180.0,23,611.1111111111111,277.77777777777777,102.5,5.976888453507312,0.7499379646338902,0.9728726053266533,7.941555168299436e-05
180.0,24,722.2222222222223,277.77777777777777,102.5,5.9878809411074085,0.7499382485656384,0.9728854062076759,7.956240616190816e-05
180.0,25,833.3333333333334,277.77777777777777,102.5,5.994494983940607,0.7499385791861706,0.9728930864596183,7.965076629229776e-05
180.0,26,944.4444444444445,277.77777777777777,102.5,5.997220002269458,0.7499387452065119,0.9728962456042433,7.968717098750596e-05
180.0,27,55.55555555555556,388.8888888888889,102.5,5.995648271820313,0.7499386467485648,0.9728944237836422,7.966617356559807e-05
180.0,28,166.66666666666669,388.8888888888889,102.5,5.990553648731316,0.7499383682648508,0.9728885117458937,7.95981121635513e-05
180.0,29,277.77777777777777,388.8888888888889,102.5,5.976888453507315,0.7499379646338902,0.9728726053266539,7.94155516829944e-05
180.0,30,388.8888888888889,388.8888888888889,102.5,5.949287277529663,0.7499384168286402,0.9728402542092786,7.90468088264113e-05
180.0,31,500.0,388.8888888888889,102.5,5.911616697523891,0.7499376226537366,0.9727956190568801,7.854353311708422e-05
180.0,32,611.1111111111111,388.8888888888889,102.5,5.949287277529663,0.7499384168286403,0.9728402542092792,7.904680882641135e-05
180.0,33,722.2222222222223,388.8888888888889,102.5,5.976888453507314,0.7499379646338901,0.9728726053266533,7.941555168299436e-05
180.0,34,833.3333333333334,388.8888888888889,102.5,5.990553648731315,0.7499383682648513,0.972888511745887,7.959811216355074e-05
180.0,35,944.4444444444445,388.8888888888889,102.5,5.99564827182031,0.7499386467485654,0.9728944237836445,7.966617356559826e-05
180.0,36,55.55555555555556,500.0,102.5,5.994724607638089,0.7499385914394504,0.9728933526663549,7.965383392752421e-05
180.0,37,166.66666666666669,500.0,102.5,5.987833915301669,0.7499382470614974,0.9728853515777343,7.956177792376781e-05
180.0,38,277.77777777777777,500.0,102.5,5.967128452100683,0.7499379748017513,0.9728611998540563,7.928516184977052e-05
180.0,39,388.8888888888889,500.0,102.5,5.911616697523891,0.7499376226537365,0.9727956190568794,7.854353311708402e-05
180.0,40,500.0,500.0,102.5,5.744777757142695,0.7499363897984268,0.9725910411597612,7.631446126878909e-05
180.0,41,611.1111111111111,500.0,102.5,5.911616697523891,0.7499376226537368,0.9727956190568805,7.854353311708411e-05
180.0,42,722.2222222222223,500.0,102.5,5.967128452100681,0.7499379748017513,0.9728611998540548,7.92851618497704e-05
180.0,43,833.3333333333334,500.0,102.5,5.987833915301668,0.7499382470614976,0.9728853515777264,7.956177792376716e-05
180.0,44,944.4444444444445,500.0,102.5,5.994724607638088,0.7499385914394507,0.9728933526663559,7.965383392752429e-05
180.0,45,55.55555555555556,611.1111111111111,102.5,5.995648271820311,0.7499386467485647,0.9728944237836419,7.966617356559804e-05
180.0,46,166.66666666666669,611.1111111111111,102.5,5.990553648731316,0.749938368264851,0.9728885117458943,7.959811216355133e-05
180.0,47,277.77777777777777,611.1111111111111,102.5,5.976888453507314,0.7499379646338906,0.9728726053266559,7.941555168299456e-05
180.0,48,388.8888888888889,611.1111111111111,102.5,5.949287277529665,0.7499384168286404,0.9728402542092801,7.904680882641142e-05
180.0,49,500.0,611.1111111111111,102.5,5.9116166975238915,0.749937622653737,0.9727956190568814,7.854353311708418e-05
180.0,50,611.1111111111111,611.1111111111111,102.5,5.949287277529664,0.7499384168286402,0.9728402542092784,7.904680882641129e-05
180.0,51,722.2222222222223,611.1111111111111,102.5,5.976888453507313,0.7499379646338907,0.972872605326656,7.941555168299457e-05
180.0,52,833.3333333333334,611.1111111111111,102.5,5.990553648731315,0.7499383682648513,0.972888511745887,7.959811216355074e-05
180.0,53,944.4444444444445,611.1111111111111,102.5,5.995648271820313,0.7499386467485648,0.9728944237836419,7.966617356559804e-05
180.0,54,55.55555555555556,722.2222222222223,102.5,5.997220002269459,0.749938745206512,0.9728962456042438,7.9687170987506e-05
180.0,55,166.66666666666669,722.2222222222223,102.5,5.994494983940606,0.7499385791861704,0.9728930864596175,7.96507662922977e-05
180.0,56,277.77777777777777,722.2222222222223,102.5,5.987880941107409,0.7499382485656384,0.9728854062076756,7.956240616190814e-05
180.0,57,388.8888888888889,722.2222222222223,102.5,5.976888453507314,0.7499379646338903,0.9728726053266546,7.941555168299446e-05
180.0,58,500.0,722.2222222222223,102.5,5.967128452100682,0.7499379748017513,0.9728611998540563,7.928516184977052e-05
180.0,59,611.1111111111111,722.2222222222223,102.5,5.976888453507312,0.7499379646338903,0.972872605326654,7.941555168299441e-05
180.0,60,722.2222222222223,722.2222222222223,102.5,5.9878809411074085,0.7499382485656383,0.9728854062076754,7.956240616190812e-05
180.0,61,833.3333333333334,722.2222222222223,102.5,5.994494983940606,0.7499385791861702,0.9728930864596166,7.965076629229763e-05
180.0,62,944.4444444444445,722.2222222222223,102.5,5.997220002269458,0.7499387452065116,0.9728962456042415,7.968717098750581e-05
180.0,63,55.55555555555556,833.3333333333334,102.5,5.998408718204781,0.7499388263846876,0.9728976230989617,7.970305156353326e-05
180.0,64,166.66666666666669,833.3333333333334,102.5,5.997203940513705,0.7499387442631799,0.9728962270018198,7.968695641254556e-05
180.0,65,277.77777777777777,833.3333333333334,102.5,5.994494983940608,0.7499385791861704,0.9728930864596175,7.96507662922977e-05
180.0,66,388.8888888888889,833.3333333333334,102.5,5.990553648731316,0.7499383682648508,0.9728885117458936,7.959811216355128e-05
180.0,67,500.0,833.3333333333334,102.5,5.987833915301668,0.7499382470614974,0.9728853515777341,7.95617779237678e-05
180.0,68,611.1111111111111,833.3333333333334,102.5,5.990553648731316,0.7499383682648509,0.9728885117458941,7.959811216355117e-05
180.0,69,722.2222222222223,833.3333333333334,102.5,5.994494983940607,0.7499385791861706,0.9728930864596183,7.965076629229776e-05
180.0,70,833.3333333333334,833.3333333333334,102.5,5.997203940513703,0.7499387442631799,0.9728962270018195,7.968695641254555e-05
180.0,71,944.4444444444445,833.3333333333334,102.5,5.998408718204779,0.7499388263846878,0.9728976230989543,7.970305156353266e-05
180.0,72,55.55555555555556,944.4444444444445,102.5,5.998969498218431,0.7499388654996338,0.9728982726773511,7.971054325960774e-05
180.0,73,166.66666666666669,944.4444444444445,102.5,5.998408718204782,0.7499388263846877,0.9728976230989543,7.970305156353266e-05
180.0,74,277.77777777777777,944.4444444444445,102.5,5.997220002269459,0.7499387452065115,0.9728962456042413,7.96871709875058e-05
180.0,75,388.8888888888889,944.4444444444445,102.5,5.995648271820313,0.7499386467485648,0.9728944237836422,7.966617356559807e-05
180.0,76,500.0,944.4444444444445,102.5,5.994724607638088,0.7499385914394506,0.9728933526663555,7.965383392752425e-05
180.0,77,611.1111111111111,944.4444444444445,102.5,5.995648271820312,0.7499386467485651,0.9728944237836437,7.966617356559819e-05
180.0,78,722.2222222222223,944.4444444444445,102.5,5.997220002269458,0.7499387452065119,0.9728962456042435,7.968717098750597e-05
180.0,79,833.3333333333334,944.4444444444445,102.5,5.998408718204779,0.7499388263846878,0.9728976230989541,7.970305156353265e-05
180.0,80,944.4444444444445,944.4444444444445,102.5,5.998969498218428,0.7499388654996336,0.97289827267735,7.97105432596075e-05
180.0,81,55.55555555555556,55.55555555555556,107.5,5.999264278702645,0.7498994837037776,0.9728986122067467,7.971448120110135e-05
180.0,82,166.66666666666669,55.55555555555556,107.5,5.998703490394413,0.7498994426217429,0.9728979625005094,7.970698938056696e-05
180.0,83,277.77777777777777,55.55555555555556,107.5,5.997514750651168,0.7498993668681952,0.9728965857782982,7.969110854360473e-05
180.0,84,388.8888888888889,55.55555555555556,107.5,5.995942985838755,0.749899264619696,0.9728947638418175,7.967011064526978e-05
180.0,85,500.0,55.55555555555556,107.5,5.9950193284471,0.7498992106046741,0.9728936930527466,7.965777111759968e-05
180.0,86,611.1111111111111,55.55555555555556,107.5,5.995942985838755,0.749899264619696,0.9728947638418176,7.967011064526979e-05
180.0,87,722.2222222222223,55.55555555555556,107.5,5.997514750651166,0.7498993668681956,0.9728965857782985,7.969110854360476e-05
180.0,88,833.3333333333334,55.55555555555556,107.5,5.998703490394413,0.7498994426217431,0.97289796250051,7.9706989380567e-05
180.0,89,944.4444444444445,55.55555555555556,107.5,5.999264278702646,0.7498994837037773,0.9728986122067455,7.971448120110139e-05
180.0,90,55.55555555555556,166.66666666666669,107.5,5.998703490394413,0.7498994426217428,0.9728979625005083,7.970698938056687e-05
180.0,91,166.66666666666669,166.66666666666669,107.5,5.997498685170811,0.7498993657964431,0.9728965671615042,7.969089391794851e-05
180.0,92,277.77777777777777,166.66666666666669,107.5,5.994789662439263,0.7498991965160311,0.9728934266532221,7.965470290373886e-05
180.0,93,388.8888888888889,166.66666666666669,107.5,5.990848336825724,0.7498989849724618,0.9728888526812005,7.960204893502534e-05
180.0,94,500.0,166.66666666666669,107.5,5.988129314564817,0.7498988635469435,0.9728856938177423,7.956572421587698e-05
180.0,95,611.1111111111111,166.66666666666669,107.5,5.990848336825724,0.7498989849724615,0.9728888526812002,7.960204893502532e-05
180.0,96,722.2222222222223,166.66666666666669,107.5,5.994789662439264,0.7498991965160311,0.9728934266532224,7.965470290373888e-05
180.0,97,833.3333333333334,166.66666666666669,107.5,5.997498685170813,0.7498993657964429,0.9728965671615032,7.969089391794843e-05
180.0,98,944.4444444444445,166.66666666666669,107.5,5.998703490394413,0.7498994426217431,0.97289796250051,7.9706989380567e-05
180.0,99,55.55555555555556,277.77777777777777,107.5,5.997514750651167,0.7498993668681954,0.9728965857782983,7.969110854360475e-05
180.0,100,166.66666666666669,277.77777777777777,107.5,5.994789662439264,0.7498991965160308,0.9728934266532204,7.965470290373872e-05
180.0,101,277.77777777777777,277.77777777777777,107.5,5.9881756049129296,0.7498988653979298,0.9728857476223249,7.956634263142232e-05
180.0,102,388.8888888888889,277.77777777777777,107.5,5.977185338314707,0.749898563512965,0.972872949630229,7.941951777022815e-05
180.0,103,500.0,277.77777777777777,107.5,5.967442904621981,0.7498985654163015,0.9728615658107939,7.928936265426414e-05
180.0,104,611.1111111111111,277.77777777777777,107.5,5.977185338314708,0.7498985635129652,0.97287294963023,7.941951777022823e-05
180.0,105,722.2222222222223,277.77777777777777,107.5,5.98817560491293,0.7498988653979294,0.9728857476223317,7.956634263142287e-05
180.0,106,833.3333333333334,277.77777777777777,107.5,5.994789662439264,0.7498991965160312,0.9728934266532223,7.965470290373887e-05
180.0,107,944.4444444444445,277.77777777777777,107.5,5.997514750651168,0.7498993668681951,0.9728965857782973,7.969110854360467e-05
180.0,108,55.55555555555556,388.8888888888889,107.5,5.995942985838756,0.7498992646196958,0.9728947638418166,7.967011064526971e-05
180.0,109,166.66666666666669,388.8888888888889,107.5,5.990848336825725,0.7498989849724614,0.9728888526811993,7.960204893502525e-05
180.0,110,277.77777777777777,388.8888888888889,107.5,5.97718533831471,0.7498985635129654,0.972872949630231,7.941951777022831e-05
180.0,111,388.8888888888889,388.8888888888889,107.5,5.949621747700834,0.7498990435659244,0.972840646687991,7.905127716563402e-05
180.0,112,500.0,388.8888888888889,107.5,5.912207568317653,0.7498982037190319,0.9727963217710739,7.855142703866368e-05
180.0,113,611.1111111111111,388.8888888888889,107.5,5.949621747700834,0.7498990435659247,0.9728406466879926,7.905127716563415e-05
180.0,114,722.2222222222223,388.8888888888889,107.5,5.977185338314709,0.749898563512965,0.9728729496302291,7.941951777022816e-05
180.0,115,833.3333333333334,388.8888888888889,107.5,5.990848336825724,0.7498989849724614,0.9728888526811993,7.960204893502525e-05
180.0,116,944.4444444444445,388.8888888888889,107.5,5.995942985838754,0.7498992646196958,0.9728947638418165,7.96701106452697e-05
180.0,117,55.55555555555556,500.0,107.5,5.995019328447101,0.7498992106046743,0.9728936930527483,7.965777111759966e-05
180.0,118,166.66666666666669,500.0,107.5,5.9881293145648185,0.7498988635469437,0.9728856938177435,7.956572421587708e-05
180.0,119,277.77777777777777,500.0,107.5,5.967442904621984,0.7498985654163012,0.9728615658108013,7.928936265426475e-05
180.0,120,388.8888888888889,500.0,107.5,5.912207568317654,0.7498982037190324,0.9727963217710683,7.855142703866323e-05
180.0,121,500.0,500.0,107.5,5.730703469420017,0.7498965165535262,0.972573324113305,7.612641710028966e-05
180.0,122,611.1111111111111,500.0,107.5,5.912207568317653,0.7498982037190318,0.9727963217710742,7.855142703866371e-05
180.0,123,722.2222222222223,500.0,107.5,5.967442904621982,0.7498985654163012,0.9728615658108005,7.928936265426468e-05
180.0,124,833.3333333333334,500.0,107.5,5.988129314564817,0.7498988635469438,0.9728856938177435,7.956572421587708e-05
180.0,125,944.4444444444445,500.0,107.5,5.995019328447099,0.7498992106046743,0.9728936930527478,7.965777111759962e-05
180.0,126,55.55555555555556,611.1111111111111,107.5,5.995942985838755,0.7498992646196962,0.9728947638418183,7.967011064526984e-05
180.0,127,166.66666666666669,611.1111111111111,107.5,5.990848336825725,0.7498989849724612,0.9728888526811982,7.960204893502515e-05
180.0,128,277.77777777777777,611.1111111111111,107.5,5.97718533831471,0.749898563512965,0.9728729496302291,7.941951777022816e-05
180.0,129,388.8888888888889,611.1111111111111,107.5,5.949621747700834,0.7498990435659246,0.9728406466879921,7.905127716563411e-05
180.0,130,500.0,611.1111111111111,107.5,5.912207568317654,0.7498982037190323,0.9727963217710752,7.855142703866379e-05
180.0,131,611.1111111111111,611.1111111111111,107.5,5.949621747700834,0.7498990435659248,0.972840646687985,7.905127716563353e-05
180.0,132,722.2222222222223,611.1111111111111,107.5,5.977185338314708,0.7498985635129652,0.9728729496302294,7.941951777022819e-05
180.0,133,833.3333333333334,611.1111111111111,107.5,5.990848336825724,0.7498989849724614,0.9728888526811993,7.960204893502525e-05
180.0,134,944.4444444444445,611.1111111111111,107.5,5.995942985838756,0.7498992646196958,0.972894763841817,7.967011064526974e-05
180.0,135,55.55555555555556,722.2222222222223,107.5,5.997514750651168,0.7498993668681954,0.9728965857782982,7.969110854360473e-05
180.0,136,166.66666666666669,722.2222222222223,107.5,5.994789662439264,0.7498991965160309,0.9728934266532213,7.965470290373879e-05
180.0,137,277.77777777777777,722.2222222222223,107.5,5.988175604912931,0.7498988653979298,0.972885747622325,7.956634263142233e-05
180.0,138,388.8888888888889,722.2222222222223,107.5,5.97718533831471,0.749898563512965,0.9728729496302291,7.941951777022816e-05
180.0,139,500.0,722.2222222222223,107.5,5.967442904621983,0.7498985654163013,0.9728615658108012,7.928936265426474e-05
180.0,140,611.1111111111111,722.2222222222223,107.5,5.977185338314708,0.7498985635129651,0.972872949630229,7.941951777022815e-05
180.0,141,722.2222222222223,722.2222222222223,107.5,5.98817560491293,0.7498988653979296,0.9728857476223243,7.956634263142226e-05
180.0,142,833.3333333333334,722.2222222222223,107.5,5.994789662439263,0.749899196516031,0.9728934266532216,7.965470290373882e-05
180.0,143,944.4444444444445,722.2222222222223,107.5,5.997514750651167,0.7498993668681956,0.9728965857782989,7.969110854360479e-05
180.0,144,55.55555555555556,833.3333333333334,107.5,5.998703490394413,0.7498994426217431,0.97289796250051,7.9706989380567e-05
180.0,145,166.66666666666669,833.3333333333334,107.5,5.997498685170813,0.7498993657964436,0.9728965671615063,7.969089391794869e-05
180.0,146,277.77777777777777,833.3333333333334,107.5,5.994789662439265,0.7498991965160312,0.9728934266532226,7.96547029037389e-05
180.0,147,388.8888888888889,833.3333333333334,107.5,5.990848336825725,0.7498989849724615,0.9728888526812002,7.960204893502532e-05
180.0,148,500.0,833.3333333333334,107.5,5.988129314564817,0.7498988635469438,0.9728856938177435,7.956572421587708e-05
180.0,149,611.1111111111111,833.3333333333334,107.5,5.990848336825725,0.749898984972462,0.9728888526812018,7.960204893502545e-05
180.0,150,722.2222222222223,833.3333333333334,107.5,5.994789662439264,0.7498991965160307,0.9728934266532197,7.965470290373865e-05
180.0,151,833.3333333333334,833.3333333333334,107.5,5.997498685170812,0.7498993657964433,0.9728965671615055,7.969089391794862e-05
180.0,152,944.4444444444445,833.3333333333334,107.5,5.998703490394411,0.7498994426217431,0.9728979625005104,7.970698938056704e-05
180.0,153,55.55555555555556,944.4444444444445,107.5,5.999264278702645,0.7498994837037773,0.9728986122067451,7.971448120110123e-05
180.0,154,166.66666666666669,944.4444444444445,107.5,5.998703490394414,0.7498994426217431,0.9728979625005106,7.970698938056706e-05
180.0,155,277.77777777777777,944.4444444444445,107.5,5.997514750651168,0.7498993668681956,0.9728965857782996,7.969110854360486e-05
180.0,156,388.8888888888889,944.4444444444445,107.5,5.995942985838756,0.7498992646196961,0.9728947638418176,7.967011064526979e-05
180.0,157,500.0,944.4444444444445,107.5,5.9950193284471,0.749899210604674,0.9728936930527456,7.965777111759945e-05
180.0,158,611.1111111111111,944.4444444444445,107.5,5.995942985838755,0.749899264619696,0.9728947638418173,7.967011064526976e-05
180.0,159,722.2222222222223,944.4444444444445,107.5,5.997514750651166,0.7498993668681956,0.9728965857782985,7.969110854360476e-05
180.0,160,833.3333333333334,944.4444444444445,107.5,5.99870349039441,0.7498994426217429,0.9728979625005086,7.970698938056689e-05
180.0,161,944.4444444444445,944.4444444444445,107.5,5.999264278702642,0.7498994837037773,0.9728986122067439,7.971448120110127e-05
180.0,162,55.55555555555556,55.55555555555556,112.5,5.999559101968546,0.7498048447477987,0.9728989520784211,7.971841974019349e-05
180.0,163,166.66666666666669,55.55555555555556,112.5,5.99899832333505,0.7498048070239448,0.9728983028529068,7.971092808340335e-05
180.0,164,277.77777777777777,55.55555555555556,112.5,5.997809591373428,0.7498047278745129,0.9728969260451925,7.969504733424322e-05
180.0,165,388.8888888888889,55.55555555555556,112.5,5.99623782839675,0.7498046260869152,0.9728951044991404,7.967404948109618e-05
180.0,166,500.0,55.55555555555556,112.5,5.995314214212543,0.7498045694447932,0.9728940336876056,7.96617105181656e-05
180.0,167,611.1111111111111,55.55555555555556,112.5,5.99623782839675,0.7498046260869156,0.9728951044991415,7.967404948109627e-05
180.0,168,722.2222222222223,55.55555555555556,112.5,5.997809591373426,0.7498047278745129,0.9728969260451922,7.969504733424319e-05
180.0,169,833.3333333333334,55.55555555555556,112.5,5.998998323335049,0.7498048070239449,0.9728983028529066,7.971092808340334e-05
180.0,170,944.4444444444445,55.55555555555556,112.5,5.999559101968546,0.7498048447477984,0.9728989520784194,7.97184197401932e-05
180.0,171,55.55555555555556,166.66666666666669,112.5,5.998998323335049,0.749804807023945,0.9728983028529071,7.971092808340338e-05
180.0,172,166.66666666666669,166.66666666666669,112.5,5.997793519145597,0.7498047267563963,0.9728969074193312,7.969483261822851e-05
180.0,173,277.77777777777777,166.66666666666669,112.5,5.995084485078267,0.7498045546981151,0.9728937671968556,7.965864145786744e-05
180.0,174,388.8888888888889,166.66666666666669,112.5,5.99114330557461,0.7498043418344892,0.972889194048778,7.96059894666862e-05
180.0,175,500.0,166.66666666666669,112.5,5.988425549343191,0.7498042177174122,0.9728860367799498,7.956968165179482e-05
180.0,176,611.1111111111111,166.66666666666669,112.5,5.991143305574611,0.7498043418344897,0.9728891940487719,7.96059894666857e-05
180.0,177,722.2222222222223,166.66666666666669,112.5,5.995084485078267,0.7498045546981154,0.9728937671968483,7.965864145786685e-05
180.0,178,833.3333333333334,166.66666666666669,112.5,5.997793519145598,0.7498047267563968,0.9728969074193332,7.969483261822868e-05
180.0,179,944.4444444444445,166.66666666666669,112.5,5.99899832333505,0.7498048070239448,0.9728983028529069,7.971092808340336e-05
180.0,180,55.55555555555556,277.77777777777777,112.5,5.997809591373428,0.7498047278745129,0.9728969260451925,7.969504733424322e-05
180.0,181,166.66666666666669,277.77777777777777,112.5,5.995084485078268,0.7498045546981157,0.9728937671968503,7.965864145786701e-05
180.0,182,277.77777777777777,277.77777777777777,112.5,5.988470618881629,0.7498042196458062,0.9728860891713392,7.95702837587375e-05
180.0,183,388.8888888888889,277.77777777777777,112.5,5.977484377475454,0.7498039086366856,0.9728732970796935,7.942351269248791e-05
180.0,184,500.0,277.77777777777777,112.5,5.967774078589187,0.7498039028085046,0.9728619521217439,7.929378691776453e-05
180.0,185,611.1111111111111,277.77777777777777,112.5,5.977484377475454,0.7498039086366857,0.9728732970796938,7.942351269248794e-05
180.0,186,722.2222222222223,277.77777777777777,112.5,5.988470618881629,0.7498042196458066,0.9728860891713409,7.957028375873763e-05
180.0,187,833.3333333333334,277.77777777777777,112.5,5.995084485078268,0.7498045546981154,0.9728937671968486,7.965864145786687e-05
180.0,188,944.4444444444445,277.77777777777777,112.5,5.997809591373428,0.7498047278745129,0.9728969260451925,7.969504733424322e-05
180.0,189,55.55555555555556,388.8888888888889,112.5,5.996237828396751,0.7498046260869156,0.9728951044991424,7.967404948109634e-05
180.0,190,166.66666666666669,388.8888888888889,112.5,5.991143305574611,0.7498043418344899,0.9728891940487727,7.960598946668577e-05
180.0,191,277.77777777777777,388.8888888888889,112.5,5.977484377475457,0.7498039086366852,0.9728732970796923,7.942351269248795e-05
180.0,192,388.8888888888889,388.8888888888889,112.5,5.9499894493522305,0.749804411607424,0.9728410782323442,7.905618946822747e-05
180.0,193,500.0,388.8888888888889,112.5,5.913411788458486,0.7498035140036385,0.9727977556728788,7.856751535845054e-05
180.0,194,611.1111111111111,388.8888888888889,112.5,5.94998944935223,0.7498044116074242,0.9728410782323373,7.905618946822705e-05
180.0,195,722.2222222222223,388.8888888888889,112.5,5.977484377475455,0.7498039086366856,0.9728732970796933,7.942351269248775e-05
180.0,196,833.3333333333334,388.8888888888889,112.5,5.991143305574609,0.7498043418344894,0.9728891940487786,7.960598946668611e-05
180.0,197,944.4444444444445,388.8888888888889,112.5,5.996237828396749,0.7498046260869157,0.9728951044991421,7.967404948109631e-05
180.0,198,55.55555555555556,500.0,112.5,5.995314214212544,0.749804569444793,0.9728940336876053,7.966171051816558e-05
180.0,199,166.66666666666669,500.0,112.5,5.988425549343192,0.7498042177174125,0.9728860367799506,7.956968165179489e-05
180.0,200,277.77777777777777,500.0,112.5,5.967774078589189,0.7498039028085045,0.9728619521217434,7.929378691776449e-05
180.0,201,388.8888888888889,500.0,112.5,5.913411788458487,0.749803514003638,0.9727977556728763,7.856751535845034e-05
180.0,202,500.0,500.0,112.5,5.7651608376231,0.7498021883295602,0.9726166767496718,7.658680373772064e-05
180.0,203,611.1111111111111,500.0,112.5,5.913411788458486,0.7498035140036381,0.9727977556728763,7.856751535845034e-05
180.0,204,722.2222222222223,500.0,112.5,5.967774078589187,0.7498039028085048,0.9728619521217362,7.92937869177639e-05
180.0,205,833.3333333333334,500.0,112.5,5.988425549343191,0.7498042177174123,0.9728860367799501,7.9569681651795e-05
180.0,206,944.4444444444445,500.0,112.5,5.995314214212542,0.7498045694447932,0.972894033687606,7.966171051816578e-05
180.0,207,55.55555555555556,611.1111111111111,112.5,5.996237828396749,0.7498046260869157,0.9728951044991424,7.967404948109634e-05
180.0,208,166.66666666666669,611.1111111111111,112.5,5.991143305574611,0.7498043418344897,0.972889194048772,7.960598946668572e-05
180.0,209,277.77777777777777,611.1111111111111,112.5,5.977484377475456,0.7498039086366854,0.9728732970796933,7.942351269248803e-05
180.0,210,388.8888888888889,611.1111111111111,112.5,5.9499894493522305,0.7498044116074242,0.972841078232337,7.905618946822688e-05
180.0,211,500.0,611.1111111111111,112.5,5.913411788458487,0.7498035140036379,0.972797755672876,7.856751535845031e-05
180.0,212,611.1111111111111,611.1111111111111,112.5,5.94998944935223,0.7498044116074237,0.9728410782323436,7.905618946822741e-05
180.0,213,722.2222222222223,611.1111111111111,112.5,5.977484377475455,0.7498039086366856,0.9728732970796934,7.942351269248776e-05
180.0,214,833.3333333333334,611.1111111111111,112.5,5.991143305574611,0.7498043418344894,0.9728891940487709,7.960598946668562e-05
180.0,215,944.4444444444445,611.1111111111111,112.5,5.996237828396751,0.7498046260869154,0.9728951044991414,7.967404948109626e-05
180.0,216,55.55555555555556,722.2222222222223,112.5,5.997809591373428,0.7498047278745131,0.972896926045194,7.969504733424334e-05
180.0,217,166.66666666666669,722.2222222222223,112.5,5.995084485078268,0.7498045546981157,0.9728937671968503,7.965864145786701e-05
180.0,218,277.77777777777777,722.2222222222223,112.5,5.988470618881631,0.7498042196458063,0.9728860891713405,7.957028375873759e-05
180.0,219,388.8888888888889,722.2222222222223,112.5,5.977484377475456,0.7498039086366849,0.972873297079699,7.942351269248851e-05
180.0,220,500.0,722.2222222222223,112.5,5.967774078589188,0.7498039028085048,0.9728619521217364,7.929378691776392e-05
180.0,221,611.1111111111111,722.2222222222223,112.5,5.977484377475455,0.7498039086366856,0.9728732970796933,7.942351269248775e-05
180.0,222,722.2222222222223,722.2222222222223,112.5,5.98847061888163,0.7498042196458062,0.9728860891713398,7.957028375873753e-05
180.0,223,833.3333333333334,722.2222222222223,112.5,5.995084485078267,0.7498045546981154,0.972893767196848,7.965864145786682e-05
180.0,224,944.4444444444445,722.2222222222223,112.5,5.997809591373428,0.749804727874513,0.9728969260451935,7.96950473342433e-05
180.0,225,55.55555555555556,833.3333333333334,112.5,5.998998323335049,0.7498048070239448,0.9728983028529058,7.971092808340327e-05
180.0,226,166.66666666666669,833.3333333333334,112.5,5.997793519145598,0.7498047267563966,0.9728969074193325,7.969483261822862e-05
180.0,227,277.77777777777777,833.3333333333334,112.5,5.9950844850782685,0.7498045546981154,0.9728937671968486,7.965864145786687e-05
180.0,228,388.8888888888889,833.3333333333334,112.5,5.99114330557461,0.74980434183449,0.9728891940487736,7.960598946668584e-05
180.0,229,500.0,833.3333333333334,112.5,5.988425549343191,0.749804217717412,0.9728860367799483,7.956968165179485e-05
180.0,230,611.1111111111111,833.3333333333334,112.5,5.991143305574611,0.7498043418344899,0.9728891940487727,7.960598946668577e-05
180.0,231,722.2222222222223,833.3333333333334,112.5,5.995084485078268,0.7498045546981155,0.9728937671968486,7.965864145786687e-05
180.0,232,833.3333333333334,833.3333333333334,112.5,5.997793519145598,0.7498047267563962,0.9728969074193307,7.969483261822847e-05
180.0,233,944.4444444444445,833.3333333333334,112.5,5.998998323335048,0.7498048070239448,0.9728983028529056,7.971092808340325e-05
180.0,234,55.55555555555556,944.4444444444445,112.5,5.999559101968545,0.7498048447477983,0.9728989520784186,7.971841974019314e-05
180.0,235,166.66666666666669,944.4444444444445,112.5,5.998998323335051,0.7498048070239447,0.9728983028529059,7.971092808340328e-05
180.0,236,277.77777777777777,944.4444444444445,112.5,5.997809591373429,0.7498047278745126,0.9728969260451908,7.969504733424308e-05
180.0,237,388.8888888888889,944.4444444444445,112.5,5.99623782839675,0.7498046260869157,0.9728951044991422,7.967404948109633e-05
180.0,238,500.0,944.4444444444445,112.5,5.995314214212542,0.749804569444793,0.972894033687605,7.966171051816555e-05
180.0,239,611.1111111111111,944.4444444444445,112.5,5.996237828396749,0.7498046260869154,0.9728951044991407,7.96740494810962e-05
180.0,240,722.2222222222223,944.4444444444445,112.5,5.997809591373427,0.7498047278745126,0.9728969260451915,7.969504733424313e-05
180.0,241,833.3333333333334,944.4444444444445,112.5,5.998998323335047,0.749804807023945,0.9728983028529071,7.971092808340338e-05
180.0,242,944.4444444444445,944.4444444444445,112.5,5.999559101968542,0.7498048447477987,0.9728989520784203,7.971841974019342e-05
180.0,243,55.55555555555556,55.55555555555556,117.5,5.9998539662427754,0.7494694645644007,0.9728992926274574,7.972235888082235e-05
180.0,244,166.66666666666669,55.55555555555556,117.5,5.9992932142278645,0.7494694252859939,0.9728986435208322,7.971486758288499e-05
180.0,245,277.77777777777777,55.55555555555556,117.5,5.998104519484791,0.7494693364018509,0.9728972663198656,7.969898728678001e-05
180.0,246,388.8888888888889,55.55555555555556,117.5,5.996532787980781,0.7494692316151991,0.9728954453457619,7.967798988680678e-05
180.0,247,500.0,55.55555555555556,117.5,5.995609230118452,0.7494691662295212,0.9728943742632115,7.966565164221952e-05
180.0,248,611.1111111111111,55.55555555555556,117.5,5.996532787980781,0.7494692316151993,0.9728954453457632,7.967798988680689e-05
180.0,249,722.2222222222223,55.55555555555556,117.5,5.998104519484789,0.7494693364018504,0.9728972663198627,7.969898728677963e-05
180.0,250,833.3333333333334,55.55555555555556,117.5,5.999293214227864,0.7494694252859938,0.9728986435208311,7.971486758288489e-05
180.0,251,944.4444444444445,55.55555555555556,117.5,5.9998539662427754,0.7494694645644004,0.972899292627457,7.972235888082231e-05
180.0,252,55.55555555555556,166.66666666666669,117.5,5.999293214227864,0.7494694252859939,0.9728986435208322,7.971486758288499e-05
180.0,253,166.66666666666669,166.66666666666669,117.5,5.998088437626351,0.7494693349883751,0.9728972476769147,7.969877244150644e-05
180.0,254,277.77777777777777,166.66666666666669,117.5,5.995379435516266,0.7494691505475252,0.9728941077178228,7.96625817074197e-05
180.0,255,388.8888888888889,166.66666666666669,117.5,5.99143844225069,0.7494689190892234,0.9728895355193673,7.960993223633674e-05
180.0,256,500.0,166.66666666666669,117.5,5.9887219827185865,0.749468775125515,0.9728863799713589,7.957364174285252e-05
180.0,257,611.1111111111111,166.66666666666669,117.5,5.99143844225069,0.7494689190892238,0.9728895355193689,7.960993223633673e-05
180.0,258,722.2222222222223,166.66666666666669,117.5,5.995379435516267,0.7494691505475249,0.9728941077178221,7.966258170741964e-05
180.0,259,833.3333333333334,166.66666666666669,117.5,5.998088437626352,0.7494693349883749,0.9728972476769142,7.969877244150653e-05
180.0,260,944.4444444444445,166.66666666666669,117.5,5.9992932142278645,0.7494694252859939,0.9728986435208328,7.971486758288503e-05
180.0,261,55.55555555555556,277.77777777777777,117.5,5.998104519484791,0.7494693364018512,0.972897266319867,7.969898728678012e-05
180.0,262,166.66666666666669,277.77777777777777,117.5,5.995379435516267,0.7494691505475252,0.9728941077178226,7.966258170741968e-05
180.0,263,277.77777777777777,277.77777777777777,117.5,5.988765819574982,0.7494687804220211,0.9728864309456725,7.957422738337724e-05
180.0,264,388.8888888888889,277.77777777777777,117.5,5.977783708615848,0.7494683939463561,0.972873645334452,7.942751155557311e-05
180.0,265,500.0,277.77777777777777,117.5,5.968106369400887,0.7494682962451243,0.9728623398924511,7.929822611703831e-05
180.0,266,611.1111111111111,277.77777777777777,117.5,5.977783708615848,0.7494683939463564,0.9728736453344536,7.942751155557325e-05
180.0,267,722.2222222222223,277.77777777777777,117.5,5.988765819574981,0.7494687804220215,0.9728864309456657,7.957422738337669e-05
180.0,268,833.3333333333334,277.77777777777777,117.5,5.995379435516268,0.7494691505475249,0.9728941077178221,7.966258170741964e-05
180.0,269,944.4444444444445,277.77777777777777,117.5,5.998104519484792,0.7494693364018509,0.972897266319865,7.969898728677995e-05
180.0,270,55.55555555555556,388.8888888888889,117.5,5.996532787980782,0.7494692316151993,0.972895445345763,7.967798988680687e-05
180.0,271,166.66666666666669,388.8888888888889,117.5,5.99143844225069,0.7494689190892238,0.9728895355193691,7.960993223633674e-05
180.0,272,277.77777777777777,388.8888888888889,117.5,5.97778370861585,0.7494683939463561,0.9728736453344526,7.942751155557317e-05
180.0,273,388.8888888888889,388.8888888888889,117.5,5.950359318106875,0.749468899784498,0.9728415121347651,7.906113071048071e-05
180.0,274,500.0,388.8888888888889,117.5,5.91460863962923,0.7494678756133445,0.9727991795112303,7.8583505160916e-05
180.0,275,611.1111111111111,388.8888888888889,117.5,5.950359318106874,0.7494688997844976,0.9728415121347626,7.906113071048036e-05
180.0,276,722.2222222222223,388.8888888888889,117.5,5.977783708615848,0.7494683939463566,0.9728736453344543,7.94275115555733e-05
180.0,277,833.3333333333334,388.8888888888889,117.5,5.991438442250689,0.7494689190892236,0.972889535519368,7.96099322363368e-05
180.0,278,944.4444444444445,388.8888888888889,117.5,5.99653278798078,0.7494692316151995,0.9728954453457633,7.96779898868069e-05
180.0,279,55.55555555555556,500.0,117.5,5.995609230118453,0.7494691662295212,0.9728943742632116,7.966565164221965e-05
180.0,280,166.66666666666669,500.0,117.5,5.988721982718587,0.7494687751255149,0.9728863799713586,7.957364174285251e-05
180.0,281,277.77777777777777,500.0,117.5,5.968106369400889,0.7494682962451242,0.972862339892451,7.92982261170383e-05
180.0,282,388.8888888888889,500.0,117.5,5.91460863962923,0.7494678756133437,0.9727991795112348,7.858350516091637e-05
180.0,283,500.0,500.0,117.5,5.786785213959153,0.7494664447823702,0.9726436269809046,7.687572408981462e-05
180.0,284,611.1111111111111,500.0,117.5,5.91460863962923,0.7494678756133442,0.9727991795112283,7.858350516091584e-05
180.0,285,722.2222222222223,500.0,117.5,5.968106369400888,0.7494682962451243,0.972862339892443,7.929822611703765e-05
180.0,286,833.3333333333334,500.0,117.5,5.988721982718587,0.749468775125515,0.9728863799713591,7.957364174285268e-05
180.0,287,944.4444444444445,500.0,117.5,5.995609230118451,0.7494691662295213,0.9728943742632115,7.966565164221952e-05
180.0,288,55.55555555555556,611.1111111111111,117.5,5.996532787980781,0.7494692316151995,0.9728954453457642,7.967798988680697e-05
180.0,289,166.66666666666669,611.1111111111111,117.5,5.99143844225069,0.7494689190892238,0.9728895355193687,7.960993223633686e-05
180.0,290,277.77777777777777,611.1111111111111,117.5,5.97778370861585,0.749468393946356,0.9728736453344513,7.942751155557306e-05
180.0,291,388.8888888888889,611.1111111111111,117.5,5.950359318106875,0.7494688997844977,0.9728415121347633,7.90611307104807e-05
180.0,292,500.0,611.1111111111111,117.5,5.914608639629232,0.7494678756133443,0.9727991795112293,7.858350516091592e-05
180.0,293,611.1111111111111,611.1111111111111,117.5,5.950359318106875,0.7494688997844977,0.9728415121347634,7.906113071048057e-05
180.0,294,722.2222222222223,611.1111111111111,117.5,5.977783708615848,0.7494683939463563,0.9728736453344528,7.942751155557318e-05
180.0,295,833.3333333333334,611.1111111111111,117.5,5.991438442250691,0.7494689190892234,0.9728895355193673,7.960993223633674e-05
180.0,296,944.4444444444445,611.1111111111111,117.5,5.996532787980783,0.7494692316151993,0.9728954453457629,7.967798988680686e-05
180.0,297,55.55555555555556,722.2222222222223,117.5,5.998104519484792,0.7494693364018509,0.9728972663198648,7.969898728677994e-05
180.0,298,166.66666666666669,722.2222222222223,117.5,5.995379435516267,0.7494691505475252,0.9728941077178228,7.96625817074197e-05
180.0,299,277.77777777777777,722.2222222222223,117.5,5.988765819574983,0.7494687804220214,0.972886430945665,7.957422738337662e-05
180.0,300,388.8888888888889,722.2222222222223,117.5,5.97778370861585,0.7494683939463563,0.972873645334453,7.94275115555732e-05
180.0,301,500.0,722.2222222222223,117.5,5.968106369400889,0.7494682962451241,0.9728623398924504,7.929822611703826e-05
180.0,302,611.1111111111111,722.2222222222223,117.5,5.977783708615849,0.7494683939463562,0.9728736453344528,7.942751155557318e-05
180.0,303,722.2222222222223,722.2222222222223,117.5,5.988765819574982,0.7494687804220216,0.9728864309456657,7.957422738337669e-05
180.0,304,833.3333333333334,722.2222222222223,117.5,5.995379435516267,0.7494691505475249,0.9728941077178213,7.966258170741958e-05
180.0,305,944.4444444444445,722.2222222222223,117.5,5.99810451948479,0.749469336401851,0.9728972663198657,7.969898728678002e-05
180.0,306,55.55555555555556,833.3333333333334,117.5,5.9992932142278645,0.7494694252859939,0.9728986435208328,7.971486758288503e-05
180.0,307,166.66666666666669,833.3333333333334,117.5,5.998088437626352,0.7494693349883749,0.9728972476769142,7.969877244150653e-05
180.0,308,277.77777777777777,833.3333333333334,117.5,5.995379435516268,0.7494691505475249,0.9728941077178219,7.966258170741963e-05
180.0,309,388.8888888888889,833.3333333333334,117.5,5.99143844225069,0.7494689190892236,0.972889535519368,7.96099322363368e-05
180.0,310,500.0,833.3333333333334,117.5,5.988721982718587,0.7494687751255152,0.9728863799713598,7.95736417428526e-05
180.0,311,611.1111111111111,833.3333333333334,117.5,5.99143844225069,0.7494689190892238,0.9728895355193691,7.960993223633689e-05
180.0,312,722.2222222222223,833.3333333333334,117.5,5.995379435516267,0.7494691505475252,0.9728941077178226,7.966258170741968e-05
180.0,313,833.3333333333334,833.3333333333334,117.5,5.998088437626352,0.7494693349883746,0.9728972476769134,7.969877244150634e-05
180.0,314,944.4444444444445,833.3333333333334,117.5,5.999293214227863,0.7494694252859941,0.9728986435208328,7.971486758288503e-05
180.0,315,55.55555555555556,944.4444444444445,117.5,5.999853966242775,0.7494694645644004,0.9728992926274568,7.97223588808223e-05
180.0,316,166.66666666666669,944.4444444444445,117.5,5.999293214227865,0.7494694252859938,0.9728986435208319,7.971486758288496e-05
180.0,317,277.77777777777777,944.4444444444445,117.5,5.998104519484792,0.7494693364018504,0.972897266319863,7.969898728677979e-05
180.0,318,388.8888888888889,944.4444444444445,117.5,5.996532787980782,0.7494692316151996,0.9728954453457642,7.967798988680697e-05
180.0,319,500.0,944.4444444444445,117.5,5.995609230118452,0.7494691662295214,0.9728943742632121,7.966565164221957e-05
180.0,320,611.1111111111111,944.4444444444445,117.5,5.99653278798078,0.7494692316151995,0.972895445345764,7.967798988680695e-05
180.0,321,722.2222222222223,944.4444444444445,117.5,5.99810451948479,0.7494693364018508,0.9728972663198646,7.969898728677993e-05
180.0,322,833.3333333333334,944.4444444444445,117.5,5.999293214227862,0.7494694252859938,0.9728986435208311,7.971486758288475e-05
180.0,323,944.4444444444445,944.4444444444445,117.5,5.999853966242772,0.7494694645644003,0.9728992926274644,7.972235888082292e-05
180.0,324,55.55555555555556,55.55555555555556,122.5,6.000148862197676,0.745695733956003,0.9728996326832879,7.972629840341614e-05
180.0,325,166.66666666666669,55.55555555555556,122.5,5.999588148402295,0.7456956939585141,0.9728989834375252,7.971880759707854e-05
180.0,326,277.77777777777777,55.55555555555556,122.5,5.99839951107856,0.7456956084234126,0.9728976062513702,7.970292805541765e-05
180.0,327,388.8888888888889,55.55555555555556,122.5,5.99682782760561,0.7456955101185296,0.9728957852750263,7.96819312812489e-05
180.0,328,500.0,55.55555555555556,122.5,5.995904313102299,0.7456954515090628,0.9728947143659168,7.966959361945963e-05
180.0,329,611.1111111111111,55.55555555555556,122.5,5.99682782760561,0.74569551011853,0.9728957852750273,7.968193128124899e-05
180.0,330,722.2222222222223,55.55555555555556,122.5,5.998399511078557,0.7456956084234126,0.9728976062513705,7.970292805541751e-05
180.0,331,833.3333333333334,55.55555555555556,122.5,5.999588148402294,0.7456956939585143,0.9728989834375269,7.971880759707867e-05
180.0,332,944.4444444444445,55.55555555555556,122.5,6.000148862197676,0.7456957339560026,0.9728996326832863,7.9726298403416e-05
180.0,333,55.55555555555556,166.66666666666669,122.5,5.999588148402294,0.7456956939585143,0.9728989834375269,7.971880759707867e-05
180.0,334,166.66666666666669,166.66666666666669,122.5,5.998383417816183,0.7456956076150002,0.972897587620498,7.970271305975167e-05
180.0,335,277.77777777777777,166.66666666666669,122.5,5.995674472302968,0.7456954392997621,0.9728944480321601,7.966652308757653e-05
180.0,336,388.8888888888889,166.66666666666669,122.5,5.991733608922969,0.7456952316592089,0.9728898755568859,7.961387528877634e-05
180.0,337,500.0,166.66666666666669,122.5,5.989017949608227,0.7456951144900105,0.9728867210314699,7.957759547410809e-05
180.0,338,611.1111111111111,166.66666666666669,122.5,5.99173360892297,0.7456952316592091,0.9728898755568695,7.9613875288775e-05
180.0,339,722.2222222222223,166.66666666666669,122.5,5.9956744723029685,0.7456954392997622,0.9728944480321606,7.966652308757657e-05
180.0,340,833.3333333333334,166.66666666666669,122.5,5.998383417816184,0.7456956076149999,0.9728975876204974,7.970271305975162e-05
180.0,341,944.4444444444445,166.66666666666669,122.5,5.999588148402295,0.7456956939585142,0.9728989834375266,7.971880759707865e-05
180.0,342,55.55555555555556,277.77777777777777,122.5,5.99839951107856,0.7456956084234126,0.9728976062513706,7.970292805541767e-05
180.0,343,166.66666666666669,277.77777777777777,122.5,5.995674472302969,0.745695439299762,0.9728944480321597,7.96665230875765e-05
180.0,344,277.77777777777777,277.77777777777777,122.5,5.989061028229339,0.745695113559144,0.9728867711314755,7.95781709858631e-05
180.0,345,388.8888888888889,277.77777777777777,122.5,5.9780815014638105,0.7456948541694947,0.9728739888032195,7.94314896257313e-05
180.0,346,500.0,277.77777777777777,122.5,5.968424771784405,0.745694913809214,0.9728627074878697,7.930247945471391e-05
180.0,347,611.1111111111111,277.77777777777777,122.5,5.9780815014638105,0.745694854169495,0.9728739888032212,7.943148962573143e-05
180.0,348,722.2222222222223,277.77777777777777,122.5,5.9890610282293375,0.745695113559144,0.9728867711314748,7.957817098586304e-05
180.0,349,833.3333333333334,277.77777777777777,122.5,5.995674472302969,0.745695439299762,0.9728944480321601,7.966652308757653e-05
180.0,350,944.4444444444445,277.77777777777777,122.5,5.99839951107856,0.7456956084234126,0.9728976062513706,7.970292805541767e-05
180.0,351,55.55555555555556,388.8888888888889,122.5,5.996827827605611,0.7456955101185297,0.9728957852750262,7.968193128124889e-05
180.0,352,166.66666666666669,388.8888888888889,122.5,5.991733608922971,0.7456952316592089,0.972889875556869,7.961387528877496e-05
180.0,353,277.77777777777777,388.8888888888889,122.5,5.978081501463813,0.7456948541694941,0.9728739888032176,7.943148962573113e-05
180.0,354,388.8888888888889,388.8888888888889,122.5,5.950700760388775,0.745695433684867,0.9728419074689416,7.906569176960509e-05
180.0,355,500.0,388.8888888888889,122.5,5.915441696284866,0.7456944753197122,0.9728001618291617,7.859463402381609e-05
180.0,356,611.1111111111111,388.8888888888889,122.5,5.9507007603887745,0.7456954336848663,0.9728419074689477,7.906569176960559e-05
180.0,357,722.2222222222223,388.8888888888889,122.5,5.9780815014638105,0.7456948541694942,0.9728739888032176,7.943148962573113e-05
180.0,358,833.3333333333334,388.8888888888889,122.5,5.991733608922968,0.7456952316592089,0.9728898755568683,7.96138752887749e-05
180.0,359,944.4444444444445,388.8888888888889,122.5,5.9968278276056095,0.7456955101185304,0.9728957852750292,7.968193128124914e-05
180.0,360,55.55555555555556,500.0,122.5,5.9959043131023,0.7456954515090628,0.9728947143659163,7.966959361945959e-05
180.0,361,166.66666666666669,500.0,122.5,5.989017949608228,0.7456951144900104,0.9728867210314691,7.957759547410803e-05
180.0,362,277.77777777777777,500.0,122.5,5.968424771784406,0.7456949138092138,0.9728627074878687,7.930247945471383e-05
180.0,363,388.8888888888889,500.0,122.5,5.915441696284867,0.745694475319712,0.9728001618291608,7.859463402381602e-05
180.0,364,500.0,500.0,122.5,5.797557438445842,0.7419085330063601,0.9726569583867166,7.701964749931151e-05
180.0,365,611.1111111111111,500.0,122.5,5.915441696284865,0.745694475319712,0.9728001618291608,7.859463402381602e-05
180.0,366,722.2222222222223,500.0,122.5,5.968424771784406,0.7456949138092144,0.9728627074878716,7.930247945471406e-05
180.0,367,833.3333333333334,500.0,122.5,5.989017949608228,0.7456951144900106,0.9728867210314617,7.957759547410742e-05
180.0,368,944.4444444444445,500.0,122.5,5.995904313102298,0.7456954515090626,0.9728947143659152,7.96695936194595e-05
180.0,369,55.55555555555556,611.1111111111111,122.5,5.99682782760561,0.7456955101185299,0.9728957852750263,7.96819312812489e-05
180.0,370,166.66666666666669,611.1111111111111,122.5,5.99173360892297,0.7456952316592088,0.9728898755568681,7.961387528877489e-05
180.0,371,277.77777777777777,611.1111111111111,122.5,5.978081501463812,0.7456948541694942,0.972873988803218,7.943148962573116e-05
180.0,372,388.8888888888889,611.1111111111111,122.5,5.9507007603887745,0.7456954336848668,0.9728419074689407,7.906569176960502e-05
180.0,373,500.0,611.1111111111111,122.5,5.915441696284867,0.7456944753197117,0.9728001618291592,7.859463402381588e-05
180.0,374,611.1111111111111,611.1111111111111,122.5,5.9507007603887745,0.7456954336848668,0.9728419074689403,7.906569176960498e-05
180.0,375,722.2222222222223,611.1111111111111,122.5,5.9780815014638105,0.7456948541694944,0.9728739888032187,7.943148962573123e-05
180.0,376,833.3333333333334,611.1111111111111,122.5,5.99173360892297,0.7456952316592087,0.9728898755568673,7.961387528877482e-05
180.0,377,944.4444444444445,611.1111111111111,122.5,5.996827827605611,0.7456955101185296,0.9728957852750262,7.968193128124889e-05
180.0,378,55.55555555555556,722.2222222222223,122.5,5.99839951107856,0.7456956084234126,0.9728976062513708,7.970292805541769e-05
180.0,379,166.66666666666669,722.2222222222223,122.5,5.995674472302969,0.7456954392997625,0.9728944480321623,7.96665230875767e-05
180.0,380,277.77777777777777,722.2222222222223,122.5,5.98906102822934,0.7456951135591439,0.9728867711314754,7.957817098586322e-05
180.0,381,388.8888888888889,722.2222222222223,122.5,5.978081501463812,0.7456948541694942,0.972873988803218,7.943148962573116e-05
180.0,382,500.0,722.2222222222223,122.5,5.968424771784408,0.7456949138092144,0.9728627074878714,7.930247945471404e-05
180.0,383,611.1111111111111,722.2222222222223,122.5,5.978081501463811,0.7456948541694939,0.9728739888032166,7.943148962573105e-05
180.0,384,722.2222222222223,722.2222222222223,122.5,5.989061028229338,0.7456951135591441,0.9728867711314761,7.957817098586315e-05
180.0,385,833.3333333333334,722.2222222222223,122.5,5.9956744723029685,0.7456954392997619,0.9728944480321597,7.96665230875765e-05
180.0,386,944.4444444444445,722.2222222222223,122.5,5.998399511078559,0.7456956084234125,0.9728976062513698,7.970292805541761e-05
180.0,387,55.55555555555556,833.3333333333334,122.5,5.999588148402295,0.7456956939585145,0.9728989834375278,7.971880759707874e-05
180.0,388,166.66666666666669,833.3333333333334,122.5,5.998383417816184,0.745695607615,0.972897587620498,7.970271305975167e-05
180.0,389,277.77777777777777,833.3333333333334,122.5,5.995674472302969,0.7456954392997618,0.9728944480321589,7.966652308757642e-05
180.0,390,388.8888888888889,833.3333333333334,122.5,5.99173360892297,0.7456952316592086,0.972889875556867,7.96138752887748e-05
180.0,391,500.0,833.3333333333334,122.5,5.989017949608228,0.7456951144900102,0.9728867210314693,7.957759547410804e-05
180.0,392,611.1111111111111,833.3333333333334,122.5,5.99173360892297,0.7456952316592088,0.9728898755568677,7.961387528877485e-05
180.0,393,722.2222222222223,833.3333333333334,122.5,5.9956744723029685,0.745695439299762,0.9728944480321597,7.96665230875765e-05
180.0,394,833.3333333333334,833.3333333333334,122.5,5.998383417816184,0.7456956076149994,0.972897587620495,7.970271305975143e-05
180.0,395,944.4444444444445,833.3333333333334,122.5,5.999588148402294,0.7456956939585142,0.9728989834375261,7.97188075970786e-05
180.0,396,55.55555555555556,944.4444444444445,122.5,6.000148862197674,0.7456957339560024,0.972899632683293,7.972629840341656e-05
180.0,397,166.66666666666669,944.4444444444445,122.5,5.999588148402296,0.7456956939585144,0.9728989834375269,7.971880759707867e-05
180.0,398,277.77777777777777,944.4444444444445,122.5,5.998399511078559,0.7456956084234126,0.9728976062513705,7.970292805541766e-05
180.0,399,388.8888888888889,944.4444444444445,122.5,5.99682782760561,0.7456955101185297,0.9728957852750262,7.968193128124889e-05
180.0,400,500.0,944.4444444444445,122.5,5.995904313102299,0.7456954515090628,0.9728947143659168,7.966959361945963e-05
180.0,401,611.1111111111111,944.4444444444445,122.5,5.9968278276056095,0.7456955101185294,0.9728957852750248,7.968193128124878e-05
180.0,402,722.2222222222223,944.4444444444445,122.5,5.998399511078558,0.7456956084234126,0.9728976062513705,7.970292805541751e-05
180.0,403,833.3333333333334,944.4444444444445,122.5,5.999588148402292,0.7456956939585139,0.972898983437524,7.971880759707843e-05
180.0,404,944.4444444444445,944.4444444444445,122.5,6.000148862197672,0.7456957339560027,0.9728996326832859,7.972629840341598e-05
180.0,405,55.55555555555556,55.55555555555556,127.5,6.136643074981114,0.0,0.0,7.884773502844216e-05
180.0,406,166.66666666666669,55.55555555555556,127.5,6.136390591123805,0.0,0.0,7.884773523234124e-05
180.0,407,277.77777777777777,55.55555555555556,127.5,6.135971996335189,0.0,0.0,7.884773556880446e-05
180.0,408,388.8888888888889,55.55555555555556,127.5,6.135558653975146,0.0,0.0,7.884773586801608e-05
180.0,409,500.0,55.55555555555556,127.5,6.135372788101117,0.0,0.0,7.884773605828439e-05
180.0,410,611.1111111111111,55.55555555555556,127.5,6.135558653975131,0.0,0.0,7.884773586801618e-05
180.0,411,722.2222222222223,55.55555555555556,127.5,6.1359719963352015,0.0,0.0,7.884773556880442e-05
180.0,412,833.3333333333334,55.55555555555556,127.5,6.136390591123825,0.0,0.0,7.884773523234124e-05
180.0,413,944.4444444444445,55.55555555555556,127.5,6.136643074981118,0.0,0.0,7.884773502844212e-05
180.0,414,55.55555555555556,166.66666666666669,127.5,6.136390591123822,0.0,0.0,7.884773523234124e-05
180.0,415,166.66666666666669,166.66666666666669,127.5,6.136054464874319,0.0,0.0,7.884773550337767e-05
180.0,416,277.77777777777777,166.66666666666669,127.5,6.135469008922219,0.0,0.0,7.884773597703791e-05
180.0,417,388.8888888888889,166.66666666666669,127.5,6.134837849655989,0.0,0.0,7.884773651228212e-05
180.0,418,500.0,166.66666666666669,127.5,6.134509654346673,0.0,0.0,7.88477370036331e-05
180.0,419,611.1111111111111,166.66666666666669,127.5,6.134837849656075,0.0,0.0,7.884773651228204e-05
180.0,420,722.2222222222223,166.66666666666669,127.5,6.13546900892227,0.0,0.0,7.88477359770379e-05
180.0,421,833.3333333333334,166.66666666666669,127.5,6.136054464874355,0.0,0.0,7.884773550337778e-05
180.0,422,944.4444444444445,166.66666666666669,127.5,6.136390591123876,0.0,0.0,7.884773523234125e-05
180.0,423,55.55555555555556,277.77777777777777,127.5,6.135971996335257,0.0,0.0,7.88477355688044e-05
180.0,424,166.66666666666669,277.77777777777777,127.5,6.135469008922266,0.0,0.0,7.884773597703791e-05
180.0,425,277.77777777777777,277.77777777777777,127.5,6.134519242011247,0.0,0.0,7.884773678495312e-05
180.0,426,388.8888888888889,277.77777777777777,127.5,6.133328025492323,0.0,0.0,7.88477384655627e-05
180.0,427,500.0,277.77777777777777,127.5,6.13250596928693,0.0,0.0,7.884774716478669e-05
180.0,428,611.1111111111111,277.77777777777777,127.5,6.133328025492372,0.0,0.0,7.884773846556279e-05
180.0,429,722.2222222222223,277.77777777777777,127.5,6.13451924201133,0.0,0.0,7.884773678495318e-05
180.0,430,833.3333333333334,277.77777777777777,127.5,6.135469008922367,0.0,0.0,7.88477359770379e-05
180.0,431,944.4444444444445,277.77777777777777,127.5,6.135971996335271,0.0,0.0,7.88477355688044e-05
180.0,432,55.55555555555556,388.8888888888889,127.5,6.135558653975178,0.0,0.0,7.884773586801608e-05
180.0,433,166.66666666666669,388.8888888888889,127.5,6.134837849656013,0.0,0.0,7.884773651228212e-05
180.0,434,277.77777777777777,388.8888888888889,127.5,6.133328025492324,0.0,0.0,7.884773846556279e-05
180.0,435,388.8888888888889,388.8888888888889,127.5,6.1309736066737415,0.0,0.0,7.88477571419293e-05
180.0,436,500.0,388.8888888888889,127.5,6.128337314287088,0.0,0.0,7.884807484975057e-05
180.0,437,611.1111111111111,388.8888888888889,127.5,6.130973606673757,0.0,0.0,7.88477571419293e-05
180.0,438,722.2222222222223,388.8888888888889,127.5,6.133328025492394,0.0,0.0,7.884773846556279e-05
180.0,439,833.3333333333334,388.8888888888889,127.5,6.134837849656139,0.0,0.0,7.884773651228208e-05
180.0,440,944.4444444444445,388.8888888888889,127.5,6.135558653975172,0.0,0.0,7.884773586801629e-05
180.0,441,55.55555555555556,500.0,127.5,6.135372788101132,0.0,0.0,7.884773605828434e-05
180.0,442,166.66666666666669,500.0,127.5,6.134509654346675,0.0,0.0,7.884773700363312e-05
180.0,443,277.77777777777777,500.0,127.5,6.132505969286923,0.0,0.0,7.88477471647865e-05
180.0,444,388.8888888888889,500.0,127.5,6.12833731428709,0.0,0.0,7.884807484975077e-05
180.0,445,500.0,500.0,127.5,6.116244920562591,0.0,0.0,7.886383152916153e-05
180.0,446,611.1111111111111,500.0,127.5,6.128337314287109,0.0,0.0,7.884807484975079e-05
180.0,447,722.2222222222223,500.0,127.5,6.132505969286986,0.0,0.0,7.88477471647866e-05
180.0,448,833.3333333333334,500.0,127.5,6.134509654346727,0.0,0.0,7.884773700363303e-05
180.0,449,944.4444444444445,500.0,127.5,6.135372788101171,0.0,0.0,7.884773605828439e-05
180.0,450,55.55555555555556,611.1111111111111,127.5,6.135558653975154,0.0,0.0,7.884773586801618e-05
180.0,451,166.66666666666669,611.1111111111111,127.5,6.134837849656063,0.0,0.0,7.884773651228204e-05
180.0,452,277.77777777777777,611.1111111111111,127.5,6.133328025492344,0.0,0.0,7.884773846556269e-05
180.0,453,388.8888888888889,611.1111111111111,127.5,6.1309736066737495,0.0,0.0,7.88477571419293e-05
180.0,454,500.0,611.1111111111111,127.5,6.128337314287102,0.0,0.0,7.884807484975077e-05
180.0,455,611.1111111111111,611.1111111111111,127.5,6.130973606673765,0.0,0.0,7.88477571419293e-05
180.0,456,722.2222222222223,611.1111111111111,127.5,6.133328025492358,0.0,0.0,7.884773846556279e-05
180.0,457,833.3333333333334,611.1111111111111,127.5,6.134837849656091,0.0,0.0,7.884773651228208e-05
180.0,458,944.4444444444445,611.1111111111111,127.5,6.135558653975083,0.0,0.0,7.884773586801608e-05
180.0,459,55.55555555555556,722.2222222222223,127.5,6.135971996335286,0.0,0.0,7.884773556880442e-05
180.0,460,166.66666666666669,722.2222222222223,127.5,6.135469008922351,0.0,0.0,7.88477359770379e-05
180.0,461,277.77777777777777,722.2222222222223,127.5,6.134519242011352,0.0,0.0,7.884773678495316e-05
180.0,462,388.8888888888889,722.2222222222223,127.5,6.133328025492403,0.0,0.0,7.884773846556277e-05
180.0,463,500.0,722.2222222222223,127.5,6.132505969286995,0.0,0.0,7.88477471647866e-05
180.0,464,611.1111111111111,722.2222222222223,127.5,6.133328025492401,0.0,0.0,7.88477384655627e-05
180.0,465,722.2222222222223,722.2222222222223,127.5,6.134519242011303,0.0,0.0,7.884773678495312e-05
180.0,466,833.3333333333334,722.2222222222223,127.5,6.135469008922311,0.0,0.0,7.884773597703782e-05
180.0,467,944.4444444444445,722.2222222222223,127.5,6.135971996335241,0.0,0.0,7.884773556880435e-05
180.0,468,55.55555555555556,833.3333333333334,127.5,6.136390591123944,0.0,0.0,7.884773523234124e-05
180.0,469,166.66666666666669,833.3333333333334,127.5,6.136054464874434,0.0,0.0,7.884773550337778e-05
180.0,470,277.77777777777777,833.3333333333334,127.5,6.135469008922399,0.0,0.0,7.88477359770379e-05
180.0,471,388.8888888888889,833.3333333333334,127.5,6.134837849656162,0.0,0.0,7.884773651228216e-05
180.0,472,500.0,833.3333333333334,127.5,6.134509654346785,0.0,0.0,7.884773700363321e-05
180.0,473,611.1111111111111,833.3333333333334,127.5,6.134837849656164,0.0,0.0,7.884773651228225e-05
180.0,474,722.2222222222223,833.3333333333334,127.5,6.135469008922333,0.0,0.0,7.884773597703782e-05
180.0,475,833.3333333333334,833.3333333333334,127.5,6.136054464874446,0.0,0.0,7.884773550337779e-05
180.0,476,944.4444444444445,833.3333333333334,127.5,6.136390591123938,0.0,0.0,7.884773523234122e-05
180.0,477,55.55555555555556,944.4444444444445,127.5,6.136643074981318,0.0,0.0,7.88477350284421e-05
180.0,478,166.66666666666669,944.4444444444445,127.5,6.136390591123933,0.0,0.0,7.884773523234132e-05
180.0,479,277.77777777777777,944.4444444444445,127.5,6.1359719963353,0.0,0.0,7.88477355688044e-05
180.0,480,388.8888888888889,944.4444444444445,127.5,6.135558653975228,0.0,0.0,7.884773586801618e-05
180.0,481,500.0,944.4444444444445,127.5,6.135372788101257,0.0,0.0,7.884773605828439e-05
180.0,482,611.1111111111111,944.4444444444445,127.5,6.1355586539752425,0.0,0.0,7.884773586801608e-05
180.0,483,722.2222222222223,944.4444444444445,127.5,6.135971996335282,0.0,0.0,7.88477355688044e-05
180.0,484,833.3333333333334,944.4444444444445,127.5,6.1363905911239405,0.0,0.0,7.884773523234125e-05
180.0,485,944.4444444444445,944.4444444444445,127.5,6.13664307498129,0.0,0.0,7.884773502844208e-05
180.0,486,55.55555555555556,55.55555555555556,132.5,6.624967837436654,0.0,0.0,8.504335309255559e-05
180.0,487,166.66666666666669,55.55555555555556,132.5,6.624715309201076,0.0,0.0,8.504335394120922e-05
180.0,488,277.77777777777777,55.55555555555556,132.5,6.6242966412282955,0.0,0.0,8.504335415195264e-05
180.0,489,388.8888888888889,55.55555555555556,132.5,6.623883227243872,0.0,0.0,8.504335429892462e-05
180.0,490,500.0,55.55555555555556,132.5,6.623697330248011,0.0,0.0,8.504335538718961e-05
180.0,491,611.1111111111111,55.55555555555556,132.5,6.623883227243854,0.0,0.0,8.504335429892454e-05
180.0,492,722.2222222222223,55.55555555555556,132.5,6.624296641228307,0.0,0.0,8.504335415195263e-05
180.0,493,833.3333333333334,55.55555555555556,132.5,6.624715309201097,0.0,0.0,8.504335394120935e-05
180.0,494,944.4444444444445,55.55555555555556,132.5,6.624967837436656,0.0,0.0,8.504335309255554e-05
180.0,495,55.55555555555556,166.66666666666669,132.5,6.624715309201094,0.0,0.0,8.504335394120922e-05
180.0,496,166.66666666666669,166.66666666666669,132.5,6.624379124753613,0.0,0.0,8.504335407507142e-05
180.0,497,277.77777777777777,166.66666666666669,132.5,6.6237935683855085,0.0,0.0,8.504335536883834e-05
180.0,498,388.8888888888889,166.66666666666669,132.5,6.62316230537891,0.0,0.0,8.504335543029389e-05
180.0,499,500.0,166.66666666666669,132.5,6.622834085368471,0.0,0.0,8.504335558376247e-05
180.0,500,611.1111111111111,166.66666666666669,132.5,6.623162305378988,0.0,0.0,8.504335543029389e-05
180.0,501,722.2222222222223,166.66666666666669,132.5,6.62379356838556,0.0,0.0,8.504335536883832e-05
180.0,502,833.3333333333334,166.66666666666669,132.5,6.624379124753647,0.0,0.0,8.504335407507151e-05
180.0,503,944.4444444444445,166.66666666666669,132.5,6.62471530920115,0.0,0.0,8.504335394120935e-05
180.0,504,55.55555555555556,277.77777777777777,132.5,6.624296641228366,0.0,0.0,8.504335415195267e-05
180.0,505,166.66666666666669,277.77777777777777,132.5,6.623793568385558,0.0,0.0,8.504335536883832e-05
180.0,506,277.77777777777777,277.77777777777777,132.5,6.622843646774702,0.0,0.0,8.504335542891353e-05
180.0,507,388.8888888888889,277.77777777777777,132.5,6.621652328546369,0.0,0.0,8.504335929251962e-05
180.0,508,500.0,277.77777777777777,132.5,6.620831226648585,0.0,0.0,8.504336740313163e-05
180.0,509,611.1111111111111,277.77777777777777,132.5,6.62165232854642,0.0,0.0,8.504335929251964e-05
180.0,510,722.2222222222223,277.77777777777777,132.5,6.622843646774788,0.0,0.0,8.504335542891371e-05
180.0,511,833.3333333333334,277.77777777777777,132.5,6.623793568385649,0.0,0.0,8.504335536883842e-05
180.0,512,944.4444444444445,277.77777777777777,132.5,6.624296641228378,0.0,0.0,8.504335415195271e-05
180.0,513,55.55555555555556,388.8888888888889,132.5,6.623883227243904,0.0,0.0,8.504335429892454e-05
180.0,514,166.66666666666669,388.8888888888889,132.5,6.6231623053789335,0.0,0.0,8.504335543029389e-05
180.0,515,277.77777777777777,388.8888888888889,132.5,6.621652328546371,0.0,0.0,8.504335929251961e-05
180.0,516,388.8888888888889,388.8888888888889,132.5,6.619299797325922,0.0,0.0,8.504338012596008e-05
180.0,517,500.0,388.8888888888889,132.5,6.616705885144578,0.0,0.0,8.504372619731312e-05
180.0,518,611.1111111111111,388.8888888888889,132.5,6.619299797325936,0.0,0.0,8.504338012595985e-05
180.0,519,722.2222222222223,388.8888888888889,132.5,6.62165232854644,0.0,0.0,8.504335929251964e-05
180.0,520,833.3333333333334,388.8888888888889,132.5,6.6231623053790525,0.0,0.0,8.504335543029389e-05
180.0,521,944.4444444444445,388.8888888888889,132.5,6.623883227243895,0.0,0.0,8.504335429892455e-05
180.0,522,55.55555555555556,500.0,132.5,6.623697330248025,0.0,0.0,8.504335538718975e-05
180.0,523,166.66666666666669,500.0,132.5,6.6228340853684715,0.0,0.0,8.504335558376251e-05
180.0,524,277.77777777777777,500.0,132.5,6.620831226648578,0.0,0.0,8.504336740313173e-05
180.0,525,388.8888888888889,500.0,132.5,6.6167058851445795,0.0,0.0,8.504372619731312e-05
180.0,526,500.0,500.0,132.5,6.606749883313647,0.0,0.0,8.505338999369439e-05
180.0,527,611.1111111111111,500.0,132.5,6.616705885144599,0.0,0.0,8.504372619731312e-05
180.0,528,722.2222222222223,500.0,132.5,6.620831226648644,0.0,0.0,8.504336740313148e-05
180.0,529,833.3333333333334,500.0,132.5,6.622834085368523,0.0,0.0,8.504335558376251e-05
180.0,530,944.4444444444445,500.0,132.5,6.623697330248067,0.0,0.0,8.504335538718961e-05
180.0,531,55.55555555555556,611.1111111111111,132.5,6.623883227243876,0.0,0.0,8.504335429892464e-05
180.0,532,166.66666666666669,611.1111111111111,132.5,6.6231623053789725,0.0,0.0,8.50433554302938e-05
180.0,533,277.77777777777777,611.1111111111111,132.5,6.621652328546388,0.0,0.0,8.504335929251964e-05
180.0,534,388.8888888888889,611.1111111111111,132.5,6.6192997973259295,0.0,0.0,8.504338012595997e-05
180.0,535,500.0,611.1111111111111,132.5,6.616705885144592,0.0,0.0,8.504372619731312e-05
180.0,536,611.1111111111111,611.1111111111111,132.5,6.6192997973259455,0.0,0.0,8.504338012596008e-05
180.0,537,722.2222222222223,611.1111111111111,132.5,6.621652328546403,0.0,0.0,8.504335929251991e-05
180.0,538,833.3333333333334,611.1111111111111,132.5,6.623162305379004,0.0,0.0,8.504335543029387e-05
180.0,539,944.4444444444445,611.1111111111111,132.5,6.623883227243801,0.0,0.0,8.504335429892474e-05
180.0,540,55.55555555555556,722.2222222222223,132.5,6.624296641228393,0.0,0.0,8.504335415195264e-05
180.0,541,166.66666666666669,722.2222222222223,132.5,6.62379356838563,0.0,0.0,8.504335536883842e-05
180.0,542,277.77777777777777,722.2222222222223,132.5,6.62284364677481,0.0,0.0,8.50433554289138e-05
180.0,543,388.8888888888889,722.2222222222223,132.5,6.62165232854645,0.0,0.0,8.504335929251964e-05
180.0,544,500.0,722.2222222222223,132.5,6.620831226648651,0.0,0.0,8.504336740313163e-05
180.0,545,611.1111111111111,722.2222222222223,132.5,6.621652328546448,0.0,0.0,8.504335929251962e-05
180.0,546,722.2222222222223,722.2222222222223,132.5,6.622843646774758,0.0,0.0,8.504335542891371e-05
180.0,547,833.3333333333334,722.2222222222223,132.5,6.623793568385603,0.0,0.0,8.504335536883843e-05
180.0,548,944.4444444444445,722.2222222222223,132.5,6.624296641228346,0.0,0.0,8.504335415195272e-05
180.0,549,55.55555555555556,833.3333333333334,132.5,6.624715309201217,0.0,0.0,8.504335394120922e-05
180.0,550,166.66666666666669,833.3333333333334,132.5,6.624379124753728,0.0,0.0,8.50433540750715e-05
180.0,551,277.77777777777777,833.3333333333334,132.5,6.623793568385681,0.0,0.0,8.50433553688384e-05
180.0,552,388.8888888888889,833.3333333333334,132.5,6.623162305379075,0.0,0.0,8.504335543029371e-05
180.0,553,500.0,833.3333333333334,132.5,6.6228340853685825,0.0,0.0,8.504335558376247e-05
180.0,554,611.1111111111111,833.3333333333334,132.5,6.623162305379077,0.0,0.0,8.50433554302938e-05
180.0,555,722.2222222222223,833.3333333333334,132.5,6.623793568385623,0.0,0.0,8.504335536883842e-05
180.0,556,833.3333333333334,833.3333333333334,132.5,6.624379124753742,0.0,0.0,8.504335407507142e-05
180.0,557,944.4444444444445,833.3333333333334,132.5,6.6247153092012105,0.0,0.0,8.504335394120929e-05
180.0,558,55.55555555555556,944.4444444444445,132.5,6.624967837436863,0.0,0.0,8.504335309255542e-05
180.0,559,166.66666666666669,944.4444444444445,132.5,6.624715309201205,0.0,0.0,8.50433539412092e-05
180.0,560,277.77777777777777,944.4444444444445,132.5,6.624296641228407,0.0,0.0,8.504335415195267e-05
180.0,561,388.8888888888889,944.4444444444445,132.5,6.623883227243953,0.0,0.0,8.504335429892464e-05
180.0,562,500.0,944.4444444444445,132.5,6.623697330248155,0.0,0.0,8.504335538718975e-05
180.0,563,611.1111111111111,944.4444444444445,132.5,6.623883227243967,0.0,0.0,8.504335429892464e-05
180.0,564,722.2222222222223,944.4444444444445,132.5,6.624296641228388,0.0,0.0,8.504335415195275e-05
180.0,565,833.3333333333334,944.4444444444445,132.5,6.624715309201213,0.0,0.0,8.50433539412093e-05
180.0,566,944.4444444444445,944.4444444444445,132.5,6.624967837436832,0.0,0.0,8.50433530925554e-05
180.0,567,55.55555555555556,55.55555555555556,137.5,7.113309186629846,0.0,0.0,9.123736321462173e-05
180.0,568,166.66666666666669,55.55555555555556,137.5,7.113056584139211,0.0,0.0,9.123736325034699e-05
180.0,569,277.77777777777777,55.55555555555556,137.5,7.112637793770707,0.0,0.0,9.123736450414087e-05
180.0,570,388.8888888888889,55.55555555555556,137.5,7.112224259991005,0.0,0.0,9.123736563298601e-05
180.0,571,500.0,55.55555555555556,137.5,7.11203831067873,0.0,0.0,9.123736536321641e-05
180.0,572,611.1111111111111,55.55555555555556,137.5,7.112224259990981,0.0,0.0,9.123736563298612e-05
180.0,573,722.2222222222223,55.55555555555556,137.5,7.112637793770719,0.0,0.0,9.123736450414095e-05
180.0,574,833.3333333333334,55.55555555555556,137.5,7.1130565841392315,0.0,0.0,9.123736325034702e-05
180.0,575,944.4444444444445,55.55555555555556,137.5,7.113309186629843,0.0,0.0,9.123736321462158e-05
180.0,576,55.55555555555556,166.66666666666669,137.5,7.113056584139228,0.0,0.0,9.123736325034699e-05
180.0,577,166.66666666666669,166.66666666666669,137.5,7.112720302406105,0.0,0.0,9.123736429748765e-05
180.0,578,277.77777777777777,166.66666666666669,137.5,7.1121345780956124,0.0,0.0,9.123736506860941e-05
180.0,579,388.8888888888889,166.66666666666669,137.5,7.111503140661783,0.0,0.0,9.123736726567189e-05
180.0,580,500.0,166.66666666666669,137.5,7.1111748703292825,0.0,0.0,9.123736857353814e-05
180.0,581,611.1111111111111,166.66666666666669,137.5,7.111503140661857,0.0,0.0,9.123736726567192e-05
180.0,582,722.2222222222223,166.66666666666669,137.5,7.112134578095667,0.0,0.0,9.123736506860946e-05
180.0,583,833.3333333333334,166.66666666666669,137.5,7.112720302406137,0.0,0.0,9.123736429748773e-05
180.0,584,944.4444444444445,166.66666666666669,137.5,7.113056584139289,0.0,0.0,9.123736325034698e-05
180.0,585,55.55555555555556,277.77777777777777,137.5,7.112637793770783,0.0,0.0,9.123736450414104e-05
180.0,586,166.66666666666669,277.77777777777777,137.5,7.1121345780956675,0.0,0.0,9.123736506860933e-05
180.0,587,277.77777777777777,277.77777777777777,137.5,7.111184396395628,0.0,0.0,9.123736845078451e-05
180.0,588,388.8888888888889,277.77777777777777,137.5,7.109992879343597,0.0,0.0,9.123736984562508e-05
180.0,589,500.0,277.77777777777777,137.5,7.10917297017353,0.0,0.0,9.123737444059862e-05
180.0,590,611.1111111111111,277.77777777777777,137.5,7.109992879343651,0.0,0.0,9.123736984562505e-05
180.0,591,722.2222222222223,277.77777777777777,137.5,7.111184396395707,0.0,0.0,9.123736845078457e-05
180.0,592,833.3333333333334,277.77777777777777,137.5,7.112134578095753,0.0,0.0,9.123736506860949e-05
180.0,593,944.4444444444445,277.77777777777777,137.5,7.1126377937707925,0.0,0.0,9.123736450414119e-05
180.0,594,55.55555555555556,388.8888888888889,137.5,7.112224259991037,0.0,0.0,9.123736563298601e-05
180.0,595,166.66666666666669,388.8888888888889,137.5,7.111503140661806,0.0,0.0,9.123736726567202e-05
180.0,596,277.77777777777777,388.8888888888889,137.5,7.109992879343598,0.0,0.0,9.123736984562507e-05
180.0,597,388.8888888888889,388.8888888888889,137.5,7.107642669471223,0.0,0.0,9.123738201044596e-05
180.0,598,500.0,388.8888888888889,137.5,7.105094591947622,0.0,0.0,9.123757106229528e-05
180.0,599,611.1111111111111,388.8888888888889,137.5,7.107642669471234,0.0,0.0,9.123738201044611e-05
180.0,600,722.2222222222223,388.8888888888889,137.5,7.10999287934367,0.0,0.0,9.123736984562505e-05
180.0,601,833.3333333333334,388.8888888888889,137.5,7.111503140661926,0.0,0.0,9.123736726567202e-05
180.0,602,944.4444444444445,388.8888888888889,137.5,7.112224259991021,0.0,0.0,9.1237365632986e-05
180.0,603,55.55555555555556,500.0,137.5,7.112038310678744,0.0,0.0,9.123736536321613e-05
180.0,604,166.66666666666669,500.0,137.5,7.111174870329283,0.0,0.0,9.123736857353798e-05
180.0,605,277.77777777777777,500.0,137.5,7.109172970173524,0.0,0.0,9.123737444059872e-05
180.0,606,388.8888888888889,500.0,137.5,7.1050945919476245,0.0,0.0,9.123757106229528e-05
180.0,607,500.0,500.0,137.5,7.09645554491043,0.0,0.0,9.124229085141739e-05
180.0,608,611.1111111111111,500.0,137.5,7.105094591947643,0.0,0.0,9.123757106229512e-05
180.0,609,722.2222222222223,500.0,137.5,7.109172970173581,0.0,0.0,9.123737444059879e-05
180.0,610,833.3333333333334,500.0,137.5,7.111174870329333,0.0,0.0,9.123736857353799e-05
180.0,611,944.4444444444445,500.0,137.5,7.112038310678793,0.0,0.0,9.123736536321621e-05
180.0,612,55.55555555555556,611.1111111111111,137.5,7.112224259991003,0.0,0.0,9.123736563298599e-05
180.0,613,166.66666666666669,611.1111111111111,137.5,7.111503140661836,0.0,0.0,9.123736726567194e-05
180.0,614,277.77777777777777,611.1111111111111,137.5,7.109992879343614,0.0,0.0,9.123736984562515e-05
180.0,615,388.8888888888889,611.1111111111111,137.5,7.107642669471228,0.0,0.0,9.123738201044595e-05
180.0,616,500.0,611.1111111111111,137.5,7.105094591947635,0.0,0.0,9.123757106229537e-05
180.0,617,611.1111111111111,611.1111111111111,137.5,7.107642669471244,0.0,0.0,9.123738201044596e-05
180.0,618,722.2222222222223,611.1111111111111,137.5,7.109992879343628,0.0,0.0,9.123736984562512e-05
180.0,619,833.3333333333334,611.1111111111111,137.5,7.111503140661873,0.0,0.0,9.123736726567181e-05
180.0,620,944.4444444444445,611.1111111111111,137.5,7.11222425999093,0.0,0.0,9.123736563298603e-05
180.0,621,55.55555555555556,722.2222222222223,137.5,7.112637793770808,0.0,0.0,9.123736450414102e-05
180.0,622,166.66666666666669,722.2222222222223,137.5,7.112134578095729,0.0,0.0,9.123736506860936e-05
180.0,623,277.77777777777777,722.2222222222223,137.5,7.111184396395729,0.0,0.0,9.123736845078455e-05
180.0,624,388.8888888888889,722.2222222222223,137.5,7.10999287934368,0.0,0.0,9.123736984562505e-05
180.0,625,500.0,722.2222222222223,137.5,7.1091729701736,0.0,0.0,9.123737444059868e-05
180.0,626,611.1111111111111,722.2222222222223,137.5,7.109992879343678,0.0,0.0,9.123736984562519e-05
180.0,627,722.2222222222223,722.2222222222223,137.5,7.111184396395687,0.0,0.0,9.123736845078448e-05
180.0,628,833.3333333333334,722.2222222222223,137.5,7.11213457809571,0.0,0.0,9.123736506860948e-05
180.0,629,944.4444444444445,722.2222222222223,137.5,7.112637793770758,0.0,0.0,9.123736450414108e-05
180.0,630,55.55555555555556,833.3333333333334,137.5,7.113056584139354,0.0,0.0,9.123736325034705e-05
180.0,631,166.66666666666669,833.3333333333334,137.5,7.112720302406221,0.0,0.0,9.123736429748756e-05
180.0,632,277.77777777777777,833.3333333333334,137.5,7.112134578095783,0.0,0.0,9.123736506860933e-05
180.0,633,388.8888888888889,833.3333333333334,137.5,7.111503140661946,0.0,0.0,9.123736726567193e-05
180.0,634,500.0,833.3333333333334,137.5,7.111174870329397,0.0,0.0,9.123736857353806e-05
180.0,635,611.1111111111111,833.3333333333334,137.5,7.111503140661951,0.0,0.0,9.12373672656719e-05
180.0,636,722.2222222222223,833.3333333333334,137.5,7.112134578095731,0.0,0.0,9.123736506860936e-05
180.0,637,833.3333333333334,833.3333333333334,137.5,7.112720302406239,0.0,0.0,9.12373642974877e-05
180.0,638,944.4444444444445,833.3333333333334,137.5,7.113056584139346,0.0,0.0,9.12373632503471e-05
180.0,639,55.55555555555556,944.4444444444445,137.5,7.113309186630049,0.0,0.0,9.123736321462164e-05
180.0,640,166.66666666666669,944.4444444444445,137.5,7.113056584139342,0.0,0.0,9.123736325034702e-05
180.0,641,277.77777777777777,944.4444444444445,137.5,7.11263779377082,0.0,0.0,9.123736450414096e-05
180.0,642,388.8888888888889,944.4444444444445,137.5,7.112224259991082,0.0,0.0,9.123736563298607e-05
180.0,643,500.0,944.4444444444445,137.5,7.112038310678883,0.0,0.0,9.123736536321621e-05
180.0,644,611.1111111111111,944.4444444444445,137.5,7.112224259991097,0.0,0.0,9.123736563298595e-05
180.0,645,722.2222222222223,944.4444444444445,137.5,7.112637793770798,0.0,0.0,9.123736450414098e-05
180.0,646,833.3333333333334,944.4444444444445,137.5,7.113056584139348,0.0,0.0,9.123736325034714e-05
180.0,647,944.4444444444445,944.4444444444445,137.5,7.113309186630011,0.0,0.0,9.123736321462168e-05
180.0,648,55.55555555555556,55.55555555555556,142.5,7.601640520338209,0.0,0.0,9.742970708440815e-05
180.0,649,166.66666666666669,55.55555555555556,142.5,7.601387949716415,0.0,0.0,9.742970687709411e-05
180.0,650,277.77777777777777,55.55555555555556,142.5,7.6009692118491206,0.0,0.0,9.742970653325835e-05
180.0,651,388.8888888888889,55.55555555555556,142.5,7.600555729604558,0.0,0.0,9.742970623503133e-05
180.0,652,500.0,55.55555555555556,142.5,7.600369804105298,0.0,0.0,9.742970604874709e-05
180.0,653,611.1111111111111,55.55555555555556,142.5,7.6005557296045225,0.0,0.0,9.742970623503122e-05
180.0,654,722.2222222222223,55.55555555555556,142.5,7.600969211849132,0.0,0.0,9.74297065332585e-05
180.0,655,833.3333333333334,55.55555555555556,142.5,7.601387949716435,0.0,0.0,9.742970687709411e-05
180.0,656,944.4444444444445,55.55555555555556,142.5,7.601640520338194,0.0,0.0,9.742970708440823e-05
180.0,657,55.55555555555556,166.66666666666669,142.5,7.6013879497164325,0.0,0.0,9.742970687709411e-05
180.0,658,166.66666666666669,166.66666666666669,142.5,7.601051709614721,0.0,0.0,9.742970660128651e-05
180.0,659,277.77777777777777,166.66666666666669,142.5,7.600466057498149,0.0,0.0,9.742970612265378e-05
180.0,660,388.8888888888889,166.66666666666669,142.5,7.599834700526751,0.0,0.0,9.742970563229032e-05
180.0,661,500.0,166.66666666666669,142.5,7.599506498969155,0.0,0.0,9.742970558078075e-05
180.0,662,611.1111111111111,166.66666666666669,142.5,7.599834700526821,0.0,0.0,9.742970563229048e-05
180.0,663,722.2222222222223,166.66666666666669,142.5,7.600466057498202,0.0,0.0,9.742970612265371e-05
180.0,664,833.3333333333334,166.66666666666669,142.5,7.601051709614754,0.0,0.0,9.742970660128656e-05
180.0,665,944.4444444444445,166.66666666666669,142.5,7.601387949716491,0.0,0.0,9.742970687709411e-05
180.0,666,55.55555555555556,277.77777777777777,142.5,7.600969211849193,0.0,0.0,9.74297065332585e-05
180.0,667,166.66666666666669,277.77777777777777,142.5,7.600466057498202,0.0,0.0,9.742970612265379e-05
180.0,668,277.77777777777777,277.77777777777777,142.5,7.599515995835842,0.0,0.0,9.742970538613044e-05
180.0,669,388.8888888888889,277.77777777777777,142.5,7.598324713946045,0.0,0.0,9.742970510131995e-05
180.0,670,500.0,277.77777777777777,142.5,7.59750585047714,0.0,0.0,9.742971219056792e-05
180.0,671,611.1111111111111,277.77777777777777,142.5,7.598324713946098,0.0,0.0,9.742970510131993e-05
180.0,672,722.2222222222223,277.77777777777777,142.5,7.599515995835918,0.0,0.0,9.742970538613043e-05
180.0,673,833.3333333333334,277.77777777777777,142.5,7.600466057498283,0.0,0.0,9.742970612265368e-05
180.0,674,944.4444444444445,277.77777777777777,142.5,7.600969211849204,0.0,0.0,9.742970653325843e-05
180.0,675,55.55555555555556,388.8888888888889,142.5,7.60055572960459,0.0,0.0,9.742970623503129e-05
180.0,676,166.66666666666669,388.8888888888889,142.5,7.599834700526775,0.0,0.0,9.742970563229056e-05
180.0,677,277.77777777777777,388.8888888888889,142.5,7.598324713946046,0.0,0.0,9.742970510131993e-05
180.0,678,388.8888888888889,388.8888888888889,142.5,7.595976770284132,0.0,0.0,9.742971548372719e-05
180.0,679,500.0,388.8888888888889,142.5,7.593457193089754,0.0,0.0,9.74297404725644e-05
180.0,680,611.1111111111111,388.8888888888889,142.5,7.595976770284145,0.0,0.0,9.742971548372713e-05
180.0,681,722.2222222222223,388.8888888888889,142.5,7.598324713946117,0.0,0.0,9.742970510131993e-05
180.0,682,833.3333333333334,388.8888888888889,142.5,7.599834700526888,0.0,0.0,9.742970563229049e-05
180.0,683,944.4444444444445,388.8888888888889,142.5,7.600555729604563,0.0,0.0,9.742970623503122e-05
180.0,684,55.55555555555556,500.0,142.5,7.600369804105313,0.0,0.0,9.742970604874726e-05
180.0,685,166.66666666666669,500.0,142.5,7.5995064989691565,0.0,0.0,9.742970558078086e-05
180.0,686,277.77777777777777,500.0,142.5,7.597505850477134,0.0,0.0,9.74297121905679e-05
180.0,687,388.8888888888889,500.0,142.5,7.5934571930897565,0.0,0.0,9.74297404725644e-05
180.0,688,500.0,500.0,142.5,7.585444650485519,0.0,0.0,9.742974047468048e-05
180.0,689,611.1111111111111,500.0,142.5,7.593457193089775,0.0,0.0,9.742974047256437e-05
180.0,690,722.2222222222223,500.0,142.5,7.597505850477188,0.0,0.0,9.742971219056789e-05
180.0,691,833.3333333333334,500.0,142.5,7.599506498969206,0.0,0.0,9.742970558078087e-05
180.0,692,944.4444444444445,500.0,142.5,7.600369804105357,0.0,0.0,9.742970604874712e-05
180.0,693,55.55555555555556,611.1111111111111,142.5,7.600555729604545,0.0,0.0,9.742970623503121e-05
180.0,694,166.66666666666669,611.1111111111111,142.5,7.599834700526802,0.0,0.0,9.742970563229052e-05
180.0,695,277.77777777777777,611.1111111111111,142.5,7.598324713946063,0.0,0.0,9.742970510131993e-05
180.0,696,388.8888888888889,611.1111111111111,142.5,7.595976770284138,0.0,0.0,9.742971548372716e-05
180.0,697,500.0,611.1111111111111,142.5,7.593457193089768,0.0,0.0,9.742974047256445e-05
180.0,698,611.1111111111111,611.1111111111111,142.5,7.595976770284154,0.0,0.0,9.742971548372719e-05
180.0,699,722.2222222222223,611.1111111111111,142.5,7.598324713946077,0.0,0.0,9.742970510131995e-05
180.0,700,833.3333333333334,611.1111111111111,142.5,7.599834700526837,0.0,0.0,9.742970563229061e-05
180.0,701,944.4444444444445,611.1111111111111,142.5,7.600555729604478,0.0,0.0,9.742970623503113e-05
180.0,702,55.55555555555556,722.2222222222223,142.5,7.600969211849219,0.0,0.0,9.742970653325843e-05
180.0,703,166.66666666666669,722.2222222222223,142.5,7.600466057498262,0.0,0.0,9.742970612265379e-05
180.0,704,277.77777777777777,722.2222222222223,142.5,7.599515995835939,0.0,0.0,9.742970538613024e-05
180.0,705,388.8888888888889,722.2222222222223,142.5,7.598324713946127,0.0,0.0,9.742970510131993e-05
180.0,706,500.0,722.2222222222223,142.5,7.597505850477209,0.0,0.0,9.742971219056789e-05
180.0,707,611.1111111111111,722.2222222222223,142.5,7.598324713946125,0.0,0.0,9.742970510131984e-05
180.0,708,722.2222222222223,722.2222222222223,142.5,7.599515995835899,0.0,0.0,9.742970538613034e-05
180.0,709,833.3333333333334,722.2222222222223,142.5,7.600466057498245,0.0,0.0,9.74297061226538e-05
180.0,710,944.4444444444445,722.2222222222223,142.5,7.600969211849171,0.0,0.0,9.742970653325846e-05
180.0,711,55.55555555555556,833.3333333333334,142.5,7.601387949716557,0.0,0.0,9.742970687709412e-05
180.0,712,166.66666666666669,833.3333333333334,142.5,7.601051709614835,0.0,0.0,9.742970660128662e-05
180.0,713,277.77777777777777,833.3333333333334,142.5,7.6004660574983145,0.0,0.0,9.742970612265378e-05
180.0,714,388.8888888888889,833.3333333333334,142.5,7.599834700526923,0.0,0.0,9.742970563229057e-05
180.0,715,500.0,833.3333333333334,142.5,7.599506498969269,0.0,0.0,9.742970558078076e-05
180.0,716,611.1111111111111,833.3333333333334,142.5,7.599834700526913,0.0,0.0,9.742970563229046e-05
180.0,717,722.2222222222223,833.3333333333334,142.5,7.600466057498266,0.0,0.0,9.74297061226537e-05
180.0,718,833.3333333333334,833.3333333333334,142.5,7.601051709614852,0.0,0.0,9.742970660128651e-05
180.0,719,944.4444444444445,833.3333333333334,142.5,7.601387949716549,0.0,0.0,9.742970687709405e-05
180.0,720,55.55555555555556,944.4444444444445,142.5,7.601640520338408,0.0,0.0,9.742970708440828e-05
180.0,721,166.66666666666669,944.4444444444445,142.5,7.601387949716545,0.0,0.0,9.742970687709414e-05
180.0,722,277.77777777777777,944.4444444444445,142.5,7.600969211849233,0.0,0.0,9.74297065332585e-05
180.0,723,388.8888888888889,944.4444444444445,142.5,7.600555729604637,0.0,0.0,9.74297062350313e-05
180.0,724,500.0,944.4444444444445,142.5,7.600369804105447,0.0,0.0,9.742970604874726e-05
180.0,725,611.1111111111111,944.4444444444445,142.5,7.600555729604652,0.0,0.0,9.742970623503132e-05
180.0,726,722.2222222222223,944.4444444444445,142.5,7.600969211849213,0.0,0.0,9.742970653325843e-05
180.0,727,833.3333333333334,944.4444444444445,142.5,7.6013879497165515,0.0,0.0,9.742970687709416e-05
180.0,728,944.4444444444445,944.4444444444445,142.5,7.601640520338359,0.0,0.0,9.742970708440815e-05
365.0,0,55.55555555555556,55.55555555555556,102.5,5.992315924701604,0.7499384578580194,0.9728905579661938,7.96216552417763e-05
365.0,1,166.66666666666669,55.55555555555556,102.5,5.990052421651062,0.7499383451458211,0.9728879296165208,7.959141603592884e-05
365.0,2,277.77777777777777,55.55555555555556,102.5,5.986106934164168,0.7499381843614927,0.9728833437915128,7.953870634384245e-05
365.0,3,388.8888888888889,55.55555555555556,102.5,5.981952113142797,0.7499380584154955,0.9728785079140491,7.948319991876607e-05
365.0,4,500.0,55.55555555555556,102.5,5.979965222584544,0.7499380125166062,0.9728761928272296,7.94566559526951e-05
365.0,5,611.1111111111111,55.55555555555556,102.5,5.981952113142795,0.7499380584154955,0.9728785079140493,7.948319991876593e-05
365.0,6,722.2222222222223,55.55555555555556,102.5,5.9861069341641695,0.749938184361493,0.9728833437915138,7.953870634384253e-05
365.0,7,833.3333333333334,55.55555555555556,102.5,5.990052421651062,0.7499383451458213,0.9728879296165222,7.959141603592895e-05
365.0,8,944.4444444444445,55.55555555555556,102.5,5.9923159247016065,0.74993845785802,0.9728905579661967,7.962165524177654e-05
365.0,9,55.55555555555556,166.66666666666669,102.5,5.990052421651062,0.7499383451458211,0.972887929616521,7.959141603592886e-05
365.0,10,166.66666666666669,166.66666666666669,102.5,5.986611081772706,0.7499382042079565,0.9728839302912363,7.954544152011604e-05
365.0,11,277.77777777777777,166.66666666666669,102.5,5.980270373401017,0.749938017214059,0.9728765483806575,7.946073262421607e-05
365.0,12,388.8888888888889,166.66666666666669,102.5,5.972920351973289,0.7499379362941296,0.972867972385868,7.93625394448274e-05
365.0,13,500.0,166.66666666666669,102.5,5.968803649907666,0.749937951918131,0.9728631596008468,7.930754185080303e-05
365.0,14,611.1111111111111,166.66666666666669,102.5,5.97292035197329,0.74993793629413,0.9728679723858696,7.936253944482753e-05
365.0,15,722.2222222222223,166.66666666666669,102.5,5.9802703734010185,0.7499380172140588,0.9728765483806491,7.946073262421553e-05
365.0,16,833.3333333333334,166.66666666666669,102.5,5.986611081772707,0.749938204207956,0.9728839302912413,7.954544152011645e-05
365.0,17,944.4444444444445,166.66666666666669,102.5,5.9900524216510656,0.7499383451458217,0.9728879296165153,7.959141603592838e-05
365.0,18,55.55555555555556,277.77777777777777,102.5,5.9861069341641695,0.749938184361493,0.9728833437915141,7.953870634384256e-05
365.0,19,166.66666666666669,277.77777777777777,102.5,5.980270373401018,0.749938017214059,0.9728765483806578,7.94607326242161e-05
365.0,20,277.77777777777777,277.77777777777777,102.5,5.968597943442137,0.7499379524372435,0.9728629189221587,7.930479368501058e-05
365.0,21,388.8888888888889,277.77777777777777,102.5,5.952877166328689,0.7499384449279886,0.9728444792888346,7.90947689502012e-05
365.0,22,500.0,277.77777777777777,102.5,5.941229771329986,0.7499379307881907,0.9728307545228022,7.893916213281749e-05
365.0,23,611.1111111111111,277.77777777777777,102.5,5.952877166328689,0.7499384449279882,0.9728444792888329,7.909476895020107e-05
365.0,24,722.2222222222223,277.77777777777777,102.5,5.968597943442135,0.7499379524372439,0.9728629189221604,7.930479368501071e-05
365.0,25,833.3333333333334,277.77777777777777,102.5,5.980270373401017,0.7499380172140594,0.9728765483806512,7.946073262421555e-05
365.0,26,944.4444444444445,277.77777777777777,102.5,5.9861069341641695,0.7499381843614934,0.9728833437915164,7.953870634384275e-05
365.0,27,55.55555555555556,388.8888888888889,102.5,5.981952113142798,0.7499380584154957,0.9728785079140506,7.948319991876619e-05
365.0,28,166.66666666666669,388.8888888888889,102.5,5.972920351973292,0.7499379362941292,0.9728679723858663,7.936253944482726e-05
365.0,29,277.77777777777777,388.8888888888889,102.5,5.95287716632869,0.7499384449279891,0.9728444792888283,7.90947689502007e-05
365.0,30,388.8888888888889,388.8888888888889,102.5,5.919436382223211,0.7499374739122637,0.9728049305767112,7.864800426753722e-05
365.0,31,500.0,388.8888888888889,102.5,5.87961850625549,0.7499370641169665,0.972757263984513,7.811603225260538e-05
365.0,32,611.1111111111111,388.8888888888889,102.5,5.919436382223211,0.7499374739122638,0.972804930576712,7.864800426753729e-05
365.0,33,722.2222222222223,388.8888888888889,102.5,5.9528771663286895,0.7499384449279883,0.9728444792888329,7.909476895020107e-05
365.0,34,833.3333333333334,388.8888888888889,102.5,5.972920351973289,0.7499379362941299,0.9728679723858693,7.93625394448275e-05
365.0,35,944.4444444444445,388.8888888888889,102.5,5.981952113142798,0.7499380584154963,0.9728785079140452,7.948319991876574e-05
365.0,36,55.55555555555556,500.0,102.5,5.9799652225845445,0.7499380125166065,0.9728761928272317,7.945665595269527e-05
365.0,37,166.66666666666669,500.0,102.5,5.968803649907666,0.7499379519181315,0.9728631596008498,7.930754185080327e-05
365.0,38,277.77777777777777,500.0,102.5,5.941229771329988,0.7499379307881906,0.9728307545228013,7.893916213281742e-05
365.0,39,388.8888888888889,500.0,102.5,5.8796185062554915,0.7499370641169661,0.9727572639845117,7.811603225260527e-05
365.0,40,500.0,500.0,102.5,5.711809517436741,0.7499360362706876,0.9725493376008156,7.587397077885967e-05
365.0,41,611.1111111111111,500.0,102.5,5.879618506255491,0.7499370641169661,0.9727572639845121,7.811603225260531e-05
365.0,42,722.2222222222223,500.0,102.5,5.941229771329988,0.74993793078819,0.9728307545227985,7.893916213281719e-05
365.0,43,833.3333333333334,500.0,102.5,5.968803649907665,0.7499379519181316,0.9728631596008501,7.93075418508033e-05
365.0,44,944.4444444444445,500.0,102.5,5.979965222584545,0.7499380125166064,0.9728761928272307,7.945665595269519e-05
365.0,45,55.55555555555556,611.1111111111111,102.5,5.981952113142799,0.7499380584154954,0.9728785079140491,7.948319991876607e-05
365.0,46,166.66666666666669,611.1111111111111,102.5,5.972920351973292,0.7499379362941295,0.9728679723858682,7.936253944482741e-05
365.0,47,277.77777777777777,611.1111111111111,102.5,5.952877166328691,0.7499384449279889,0.9728444792888283,7.90947689502007e-05
365.0,48,388.8888888888889,611.1111111111111,102.5,5.9194363822232114,0.7499374739122638,0.9728049305767117,7.864800426753726e-05
365.0,49,500.0,611.1111111111111,102.5,5.8796185062554915,0.7499370641169668,0.9727572639845149,7.811603225260553e-05
365.0,50,611.1111111111111,611.1111111111111,102.5,5.919436382223211,0.7499374739122638,0.9728049305767116,7.864800426753725e-05
365.0,51,722.2222222222223,611.1111111111111,102.5,5.952877166328691,0.7499384449279891,0.9728444792888289,7.909476895020074e-05
365.0,52,833.3333333333334,611.1111111111111,102.5,5.972920351973288,0.7499379362941302,0.9728679723858705,7.93625394448276e-05
365.0,53,944.4444444444445,611.1111111111111,102.5,5.981952113142798,0.7499380584154952,0.9728785079140476,7.948319991876595e-05
365.0,54,55.55555555555556,722.2222222222223,102.5,5.986106934164172,0.7499381843614928,0.9728833437915138,7.953870634384267e-05
365.0,55,166.66666666666669,722.2222222222223,102.5,5.980270373401019,0.7499380172140593,0.972876548380651,7.946073262421568e-05
365.0,56,277.77777777777777,722.2222222222223,102.5,5.96859794344214,0.7499379524372438,0.9728629189221607,7.930479368501074e-05
365.0,57,388.8888888888889,722.2222222222223,102.5,5.9528771663286895,0.7499384449279889,0.9728444792888276,7.909476895020063e-05
365.0,58,500.0,722.2222222222223,102.5,5.941229771329988,0.7499379307881904,0.9728307545228005,7.893916213281736e-05
365.0,59,611.1111111111111,722.2222222222223,102.5,5.95287716632869,0.7499384449279886,0.9728444792888346,7.90947689502012e-05
365.0,60,722.2222222222223,722.2222222222223,102.5,5.968597943442137,0.7499379524372439,0.9728629189221607,7.930479368501074e-05
365.0,61,833.3333333333334,722.2222222222223,102.5,5.9802703734010185,0.7499380172140592,0.9728765483806501,7.946073262421561e-05
365.0,62,944.4444444444445,722.2222222222223,102.5,5.9861069341641695,0.7499381843614922,0.9728833437915186,7.953870634384292e-05
365.0,63,55.55555555555556,833.3333333333334,102.5,5.990052421651065,0.7499383451458211,0.9728879296165208,7.959141603592884e-05
365.0,64,166.66666666666669,833.3333333333334,102.5,5.98661108177271,0.7499382042079563,0.9728839302912351,7.95454415201161e-05
365.0,65,277.77777777777777,833.3333333333334,102.5,5.98027037340102,0.7499380172140592,0.9728765483806506,7.946073262421565e-05
365.0,66,388.8888888888889,833.3333333333334,102.5,5.972920351973291,0.7499379362941296,0.9728679723858682,7.936253944482741e-05
365.0,67,500.0,833.3333333333334,102.5,5.968803649907666,0.7499379519181313,0.9728631596008488,7.930754185080319e-05
365.0,68,611.1111111111111,833.3333333333334,102.5,5.972920351973291,0.7499379362941297,0.9728679723858689,7.936253944482746e-05
365.0,69,722.2222222222223,833.3333333333334,102.5,5.980270373401017,0.7499380172140593,0.9728765483806509,7.946073262421553e-05
365.0,70,833.3333333333334,833.3333333333334,102.5,5.986611081772708,0.7499382042079564,0.9728839302912361,7.954544152011603e-05
365.0,71,944.4444444444445,833.3333333333334,102.5,5.990052421651062,0.7499383451458213,0.9728879296165217,7.959141603592891e-05
365.0,72,55.55555555555556,944.4444444444445,102.5,5.992315924701607,0.7499384578580196,0.9728905579661956,7.962165524177645e-05
365.0,73,166.66666666666669,944.4444444444445,102.5,5.9900524216510656,0.7499383451458213,0.9728879296165217,7.959141603592891e-05
365.0,74,277.77777777777777,944.4444444444445,102.5,5.986106934164171,0.7499381843614924,0.9728833437915198,7.953870634384302e-05
365.0,75,388.8888888888889,944.4444444444445,102.5,5.981952113142798,0.7499380584154958,0.9728785079140511,7.948319991876623e-05
365.0,76,500.0,944.4444444444445,102.5,5.979965222584545,0.7499380125166063,0.97287619282723,7.945665595269514e-05
365.0,77,611.1111111111111,944.4444444444445,102.5,5.981952113142799,0.7499380584154957,0.9728785079140507,7.94831999187662e-05
365.0,78,722.2222222222223,944.4444444444445,102.5,5.986106934164167,0.7499381843614931,0.9728833437915141,7.953870634384256e-05
365.0,79,833.3333333333334,944.4444444444445,102.5,5.990052421651061,0.7499383451458216,0.9728879296165228,7.9591416035929e-05
365.0,80,944.4444444444445,944.4444444444445,102.5,5.992315924701605,0.7499384578580198,0.9728905579661962,7.962165524177649e-05
365.0,81,55.55555555555556,55.55555555555556,107.5,5.992610470283001,0.749899075210601,0.9728908984483872,7.962559009831731e-05
365.0,82,166.66666666666669,55.55555555555556,107.5,5.99034686975533,0.7498989618541473,0.9728882703761172,7.959534960613072e-05
365.0,83,277.77777777777777,55.55555555555556,107.5,5.98640121035278,0.7498987931219375,0.9728836842337603,7.954263757973404e-05
365.0,84,388.8888888888889,55.55555555555556,107.5,5.982246215885619,0.749898662750237,0.9728788485371355,7.948712883928362e-05
365.0,85,500.0,55.55555555555556,107.5,5.980259274947499,0.7498986184276274,0.9728765339578852,7.946058423228897e-05
365.0,86,611.1111111111111,55.55555555555556,107.5,5.982246215885618,0.7498986627502369,0.9728788485371351,7.94871288392836e-05
365.0,87,722.2222222222223,55.55555555555556,107.5,5.986401210352782,0.7498987931219374,0.9728836842337609,7.954263757973409e-05
365.0,88,833.3333333333334,55.55555555555556,107.5,5.99034686975533,0.7498989618541473,0.9728882703761166,7.959534960613067e-05
365.0,89,944.4444444444445,55.55555555555556,107.5,5.992610470283003,0.7498990752106006,0.9728908984483855,7.962559009831732e-05
365.0,90,55.55555555555556,166.66666666666669,107.5,5.990346869755331,0.749898961854147,0.9728882703761155,7.959534960613057e-05
365.0,91,166.66666666666669,166.66666666666669,107.5,5.9869053751601085,0.7498988108765329,0.9728842704396863,7.954937296369821e-05
365.0,92,277.77777777777777,166.66666666666669,107.5,5.980564394790323,0.7498986255626149,0.9728768896663861,7.946466050779831e-05
365.0,93,388.8888888888889,166.66666666666669,107.5,5.973214206568898,0.7498985382795955,0.9728683142191725,7.936646510834093e-05
365.0,94,500.0,166.66666666666669,107.5,5.969098126900093,0.7498985507707241,0.972863502676854,7.931147584189066e-05
365.0,95,611.1111111111111,166.66666666666669,107.5,5.9732142065688985,0.7498985382795954,0.9728683142191716,7.936646510834086e-05
365.0,96,722.2222222222223,166.66666666666669,107.5,5.980564394790324,0.7498986255626144,0.972876889666384,7.946466050779814e-05
365.0,97,833.3333333333334,166.66666666666669,107.5,5.986905375160109,0.7498988108765328,0.9728842704396937,7.954937296369882e-05
365.0,98,944.4444444444445,166.66666666666669,107.5,5.990346869755333,0.7498989618541474,0.972888270376118,7.959534960613079e-05
365.0,99,55.55555555555556,277.77777777777777,107.5,5.986401210352782,0.7498987931219375,0.9728836842337611,7.95426375797341e-05
365.0,100,166.66666666666669,277.77777777777777,107.5,5.980564394790324,0.749898625562614,0.9728768896663813,7.946466050779792e-05
365.0,101,277.77777777777777,277.77777777777777,107.5,5.968891690871188,0.749898553460282,0.9728632614108508,7.930871794961672e-05
365.0,102,388.8888888888889,277.77777777777777,107.5,5.953173080106535,0.7498990263004515,0.9728448253970129,7.909872213130257e-05
365.0,103,500.0,277.77777777777777,107.5,5.941542770109805,0.7498985465998528,0.972831122507178,7.894334362082008e-05
365.0,104,611.1111111111111,277.77777777777777,107.5,5.953173080106535,0.7498990263004524,0.9728448253970089,7.909872213130225e-05
365.0,105,722.2222222222223,277.77777777777777,107.5,5.968891690871187,0.7498985534602816,0.972863261410857,7.930871794961723e-05
365.0,106,833.3333333333334,277.77777777777777,107.5,5.980564394790323,0.7498986255626148,0.9728768896663853,7.946466050779825e-05
365.0,107,944.4444444444445,277.77777777777777,107.5,5.986401210352783,0.7498987931219371,0.9728836842337683,7.954263757973469e-05
365.0,108,55.55555555555556,388.8888888888889,107.5,5.98224621588562,0.7498986627502369,0.9728788485371351,7.94871288392836e-05
365.0,109,166.66666666666669,388.8888888888889,107.5,5.9732142065689,0.7498985382795952,0.9728683142191713,7.936646510834084e-05
365.0,110,277.77777777777777,388.8888888888889,107.5,5.953173080106537,0.7498990263004522,0.9728448253970091,7.90987221313024e-05
365.0,111,388.8888888888889,388.8888888888889,107.5,5.919768287295998,0.7498980713892611,0.9728053237535148,7.86524383943479e-05
365.0,112,500.0,388.8888888888889,107.5,5.880203422033055,0.7498976708738209,0.9727579668091775,7.812384672525008e-05
365.0,113,611.1111111111111,388.8888888888889,107.5,5.919768287295998,0.7498980713892611,0.972805323753507,7.865243839434728e-05
365.0,114,722.2222222222223,388.8888888888889,107.5,5.953173080106537,0.7498990263004517,0.9728448253970061,7.909872213130215e-05
365.0,115,833.3333333333334,388.8888888888889,107.5,5.9732142065688985,0.7498985382795947,0.972868314219177,7.93664651083413e-05
365.0,116,944.4444444444445,388.8888888888889,107.5,5.9822462158856196,0.7498986627502366,0.9728788485371345,7.948712883928354e-05
365.0,117,55.55555555555556,500.0,107.5,5.980259274947499,0.7498986184276275,0.9728765339578862,7.946058423228905e-05
365.0,118,166.66666666666669,500.0,107.5,5.969098126900093,0.7498985507707245,0.9728635026768556,7.931147584189079e-05
365.0,119,277.77777777777777,500.0,107.5,5.941542770109806,0.7498985465998519,0.9728311225071823,7.894334362082043e-05
365.0,120,388.8888888888889,500.0,107.5,5.880203422033055,0.7498976708738218,0.9727579668091735,7.812384672524975e-05
365.0,121,500.0,500.0,107.5,5.697878872031829,0.7498971772697574,0.972531620831101,7.568784406272124e-05
365.0,122,611.1111111111111,500.0,107.5,5.880203422033054,0.7498976708738214,0.972757966809171,7.812384672524956e-05
365.0,123,722.2222222222223,500.0,107.5,5.941542770109807,0.7498985465998516,0.9728311225071814,7.894334362082036e-05
365.0,124,833.3333333333334,500.0,107.5,5.969098126900091,0.7498985507707243,0.9728635026768543,7.931147584189068e-05
365.0,125,944.4444444444445,500.0,107.5,5.9802592749475,0.7498986184276275,0.9728765339578856,7.946058423228901e-05
365.0,126,55.55555555555556,611.1111111111111,107.5,5.98224621588562,0.7498986627502372,0.972878848537137,7.948712883928374e-05
365.0,127,166.66666666666669,611.1111111111111,107.5,5.973214206568901,0.7498985382795946,0.972868314219177,7.93664651083413e-05
365.0,128,277.77777777777777,611.1111111111111,107.5,5.953173080106538,0.749899026300452,0.9728448253970079,7.90987221313023e-05
365.0,129,388.8888888888889,611.1111111111111,107.5,5.919768287295999,0.7498980713892611,0.9728053237535149,7.865243839434791e-05
365.0,130,500.0,611.1111111111111,107.5,5.8802034220330555,0.7498976708738209,0.972757966809178,7.812384672525012e-05
365.0,131,611.1111111111111,611.1111111111111,107.5,5.919768287295999,0.7498980713892616,0.972805323753509,7.865243839434744e-05
365.0,132,722.2222222222223,611.1111111111111,107.5,5.953173080106538,0.7498990263004515,0.9728448253970136,7.909872213130276e-05
365.0,133,833.3333333333334,611.1111111111111,107.5,5.9732142065688985,0.7498985382795953,0.9728683142191709,7.93664651083408e-05
365.0,134,944.4444444444445,611.1111111111111,107.5,5.9822462158856196,0.7498986627502375,0.9728788485371305,7.948712883928322e-05
365.0,135,55.55555555555556,722.2222222222223,107.5,5.986401210352784,0.7498987931219376,0.9728836842337623,7.95426375797342e-05
365.0,136,166.66666666666669,722.2222222222223,107.5,5.980564394790325,0.7498986255626141,0.9728768896663821,7.946466050779799e-05
365.0,137,277.77777777777777,722.2222222222223,107.5,5.9688916908711915,0.7498985534602818,0.9728632614108511,7.930871794961688e-05
365.0,138,388.8888888888889,722.2222222222223,107.5,5.953173080106537,0.7498990263004517,0.9728448253970061,7.909872213130215e-05
365.0,139,500.0,722.2222222222223,107.5,5.941542770109807,0.7498985465998513,0.9728311225071796,7.894334362082021e-05
365.0,140,611.1111111111111,722.2222222222223,107.5,5.953173080106538,0.7498990263004519,0.9728448253970078,7.909872213130229e-05
365.0,141,722.2222222222223,722.2222222222223,107.5,5.968891690871189,0.7498985534602818,0.9728632614108506,7.93087179496167e-05
365.0,142,833.3333333333334,722.2222222222223,107.5,5.980564394790324,0.7498986255626143,0.9728768896663834,7.94646605077981e-05
365.0,143,944.4444444444445,722.2222222222223,107.5,5.986401210352782,0.7498987931219375,0.9728836842337611,7.95426375797341e-05
365.0,144,55.55555555555556,833.3333333333334,107.5,5.990346869755332,0.7498989618541473,0.9728882703761172,7.959534960613072e-05
365.0,145,166.66666666666669,833.3333333333334,107.5,5.986905375160113,0.7498988108765334,0.9728842704396891,7.954937296369844e-05
365.0,146,277.77777777777777,833.3333333333334,107.5,5.980564394790327,0.7498986255626146,0.9728768896663846,7.946466050779819e-05
365.0,147,388.8888888888889,833.3333333333334,107.5,5.973214206568901,0.7498985382795952,0.9728683142191713,7.936646510834084e-05
365.0,148,500.0,833.3333333333334,107.5,5.969098126900092,0.7498985507707249,0.9728635026768563,7.931147584189085e-05
365.0,149,611.1111111111111,833.3333333333334,107.5,5.9732142065689,0.7498985382795952,0.9728683142191709,7.93664651083408e-05
365.0,150,722.2222222222223,833.3333333333334,107.5,5.980564394790324,0.7498986255626134,0.972876889666379,7.946466050779773e-05
365.0,151,833.3333333333334,833.3333333333334,107.5,5.986905375160109,0.7498988108765339,0.9728842704396913,7.954937296369861e-05
365.0,152,944.4444444444445,833.3333333333334,107.5,5.99034686975533,0.7498989618541474,0.9728882703761175,7.959534960613073e-05
365.0,153,55.55555555555556,944.4444444444445,107.5,5.992610470283004,0.7498990752106003,0.9728908984483922,7.962559009831786e-05
365.0,154,166.66666666666669,944.4444444444445,107.5,5.990346869755334,0.7498989618541478,0.9728882703761202,7.959534960613096e-05
365.0,155,277.77777777777777,944.4444444444445,107.5,5.986401210352784,0.7498987931219381,0.9728836842337643,7.954263757973436e-05
365.0,156,388.8888888888889,944.4444444444445,107.5,5.98224621588562,0.7498986627502368,0.9728788485371344,7.948712883928353e-05
365.0,157,500.0,944.4444444444445,107.5,5.9802592749475,0.749898618427627,0.9728765339578913,7.946058423228947e-05
365.0,158,611.1111111111111,944.4444444444445,107.5,5.98224621588562,0.7498986627502373,0.9728788485371371,7.948712883928376e-05
365.0,159,722.2222222222223,944.4444444444445,107.5,5.9864012103527795,0.749898793121938,0.9728836842337626,7.954263757973409e-05
365.0,160,833.3333333333334,944.4444444444445,107.5,5.990346869755329,0.7498989618541473,0.9728882703761162,7.959534960613064e-05
365.0,161,944.4444444444445,944.4444444444445,107.5,5.992610470283001,0.7498990752106006,0.9728908984483934,7.962559009831782e-05
365.0,162,55.55555555555556,55.55555555555556,112.5,5.9929051362905525,0.7498044321248502,0.9728912391513171,7.962952657239709e-05
365.0,163,166.66666666666669,55.55555555555556,112.5,5.990641447391023,0.7498043172869395,0.9728886112229312,7.959928490371865e-05
365.0,164,277.77777777777777,55.55555555555556,112.5,5.986695629613389,0.7498041472415005,0.9728840254425933,7.954657077814622e-05
365.0,165,388.8888888888889,55.55555555555556,112.5,5.982540480462313,0.749804010086805,0.9728791897589396,7.949105995742489e-05
365.0,166,500.0,55.55555555555556,112.5,5.980553518652363,0.7498039650756466,0.9728768755118143,7.946451508656926e-05
365.0,167,611.1111111111111,55.55555555555556,112.5,5.982540480462312,0.7498040100868056,0.9728791897589428,7.949105995742515e-05
365.0,168,722.2222222222223,55.55555555555556,112.5,5.98669562961339,0.7498041472414999,0.9728840254425908,7.954657077814601e-05
365.0,169,833.3333333333334,55.55555555555556,112.5,5.990641447391022,0.7498043172869393,0.9728886112229292,7.959928490371849e-05
365.0,170,944.4444444444445,55.55555555555556,112.5,5.992905136290555,0.7498044321248503,0.9728912391513179,7.962952657239716e-05
365.0,171,55.55555555555556,166.66666666666669,112.5,5.990641447391024,0.7498043172869401,0.9728886112229337,7.959928490371886e-05
365.0,172,166.66666666666669,166.66666666666669,112.5,5.9871998050657185,0.749804163244552,0.9728846113706099,7.95533062841712e-05
365.0,173,277.77777777777777,166.66666666666669,112.5,5.980858572903621,0.7498039730616066,0.9728772311664003,7.946859048981651e-05
365.0,174,388.8888888888889,166.66666666666669,112.5,5.973508337213605,0.7498038799114785,0.9728686563755308,7.937039446190243e-05
365.0,175,500.0,166.66666666666669,112.5,5.969393417824189,0.7498038906334198,0.9728638468915576,7.931542072412937e-05
365.0,176,611.1111111111111,166.66666666666669,112.5,5.973508337213606,0.7498038799114787,0.9728686563755321,7.937039446190253e-05
365.0,177,722.2222222222223,166.66666666666669,112.5,5.980858572903622,0.7498039730616068,0.9728772311664017,7.946859048981662e-05
365.0,178,833.3333333333334,166.66666666666669,112.5,5.98719980506572,0.7498041632445523,0.9728846113706122,7.95533062841714e-05
365.0,179,944.4444444444445,166.66666666666669,112.5,5.9906414473910266,0.7498043172869397,0.9728886112229326,7.959928490371876e-05
365.0,180,55.55555555555556,277.77777777777777,112.5,5.986695629613391,0.7498041472415001,0.9728840254425919,7.95465707781461e-05
365.0,181,166.66666666666669,277.77777777777777,112.5,5.980858572903621,0.7498039730616072,0.9728772311664037,7.946859048981678e-05
365.0,182,277.77777777777777,277.77777777777777,112.5,5.96918577796273,0.7498038927683185,0.9728636042036255,7.931264674648654e-05
365.0,183,388.8888888888889,277.77777777777777,112.5,5.953471321047584,0.7498043487633188,0.9728451745017346,7.910270642600793e-05
365.0,184,500.0,277.77777777777777,112.5,5.941872284932807,0.7498039024598205,0.9728315099832734,7.894774576251204e-05
365.0,185,611.1111111111111,277.77777777777777,112.5,5.9534713210475845,0.7498043487633186,0.9728451745017419,7.910270642600853e-05
365.0,186,722.2222222222223,277.77777777777777,112.5,5.969185777962728,0.749803892768319,0.97286360420362,7.93126467464861e-05
365.0,187,833.3333333333334,277.77777777777777,112.5,5.98085857290362,0.7498039730616066,0.9728772311664012,7.946859048981658e-05
365.0,188,944.4444444444445,277.77777777777777,112.5,5.986695629613391,0.7498041472415001,0.9728840254425919,7.95465707781461e-05
365.0,189,55.55555555555556,388.8888888888889,112.5,5.982540480462315,0.7498040100868053,0.9728791897589415,7.949105995742504e-05
365.0,190,166.66666666666669,388.8888888888889,112.5,5.973508337213607,0.7498038799114786,0.9728686563755319,7.937039446190267e-05
365.0,191,277.77777777777777,388.8888888888889,112.5,5.953471321047586,0.749804348763318,0.9728451745017397,7.910270642600835e-05
365.0,192,388.8888888888889,388.8888888888889,112.5,5.920132346631431,0.7498034085614091,0.9728057552230088,7.865730210951716e-05
365.0,193,500.0,388.8888888888889,112.5,5.8813940253321375,0.7498030404564991,0.9727593996717471,7.813975338869357e-05
365.0,194,611.1111111111111,388.8888888888889,112.5,5.920132346631431,0.7498034085614088,0.9728057552230157,7.865730210951772e-05
365.0,195,722.2222222222223,388.8888888888889,112.5,5.953471321047585,0.7498043487633186,0.9728451745017419,7.910270642600853e-05
365.0,196,833.3333333333334,388.8888888888889,112.5,5.973508337213606,0.7498038799114786,0.9728686563755314,7.937039446190248e-05
365.0,197,944.4444444444445,388.8888888888889,112.5,5.982540480462315,0.749804010086805,0.9728791897589396,7.949105995742489e-05
365.0,198,55.55555555555556,500.0,112.5,5.980553518652363,0.7498039650756466,0.9728768755118151,7.946451508656946e-05
365.0,199,166.66666666666669,500.0,112.5,5.969393417824189,0.7498038906334199,0.9728638468915582,7.931542072412943e-05
365.0,200,277.77777777777777,500.0,112.5,5.941872284932809,0.7498039024598204,0.9728315099832736,7.894774576251205e-05
365.0,201,388.8888888888889,500.0,112.5,5.8813940253321375,0.7498030404564984,0.9727593996717436,7.81397533886933e-05
365.0,202,500.0,500.0,112.5,5.731929537974889,0.7498019263776683,0.9725749111356794,7.614280159713054e-05
365.0,203,611.1111111111111,500.0,112.5,5.8813940253321375,0.7498030404564988,0.9727593996717453,7.813975338869344e-05
365.0,204,722.2222222222223,500.0,112.5,5.94187228493281,0.7498039024598208,0.9728315099832754,7.89477457625122e-05
365.0,205,833.3333333333334,500.0,112.5,5.969393417824189,0.7498038906334205,0.9728638468915524,7.931542072412894e-05
365.0,206,944.4444444444445,500.0,112.5,5.980553518652363,0.749803965075647,0.9728768755118155,7.946451508656935e-05
365.0,207,55.55555555555556,611.1111111111111,112.5,5.982540480462315,0.7498040100868054,0.9728791897589423,7.949105995742511e-05
365.0,208,166.66666666666669,611.1111111111111,112.5,5.973508337213608,0.7498038799114786,0.9728686563755321,7.937039446190253e-05
365.0,209,277.77777777777777,611.1111111111111,112.5,5.953471321047586,0.7498043487633189,0.9728451745017349,7.910270642600796e-05
365.0,210,388.8888888888889,611.1111111111111,112.5,5.920132346631432,0.7498034085614095,0.9728057552230105,7.86573021095173e-05
365.0,211,500.0,611.1111111111111,112.5,5.881394025332138,0.7498030404564988,0.9727593996717459,7.813975338869348e-05
365.0,212,611.1111111111111,611.1111111111111,112.5,5.920132346631432,0.7498034085614087,0.9728057552230152,7.865730210951768e-05
365.0,213,722.2222222222223,611.1111111111111,112.5,5.953471321047586,0.7498043487633186,0.9728451745017423,7.910270642600857e-05
365.0,214,833.3333333333334,611.1111111111111,112.5,5.973508337213604,0.7498038799114785,0.9728686563755314,7.937039446190248e-05
365.0,215,944.4444444444445,611.1111111111111,112.5,5.982540480462313,0.7498040100868059,0.9728791897589443,7.949105995742542e-05
365.0,216,55.55555555555556,722.2222222222223,112.5,5.986695629613393,0.7498041472415005,0.9728840254425936,7.954657077814624e-05
365.0,217,166.66666666666669,722.2222222222223,112.5,5.980858572903623,0.7498039730616067,0.9728772311664023,7.946859048981668e-05
365.0,218,277.77777777777777,722.2222222222223,112.5,5.969185777962733,0.7498038927683186,0.9728636042036182,7.931264674648594e-05
365.0,219,388.8888888888889,722.2222222222223,112.5,5.953471321047586,0.7498043487633181,0.9728451745017394,7.910270642600832e-05
365.0,220,500.0,722.2222222222223,112.5,5.94187228493281,0.7498039024598206,0.9728315099832744,7.894774576251212e-05
365.0,221,611.1111111111111,722.2222222222223,112.5,5.953471321047586,0.7498043487633184,0.9728451745017407,7.910270642600843e-05
365.0,222,722.2222222222223,722.2222222222223,112.5,5.96918577796273,0.7498038927683188,0.9728636042036185,7.931264674648597e-05
365.0,223,833.3333333333334,722.2222222222223,112.5,5.980858572903622,0.7498039730616066,0.972877231166401,7.946859048981657e-05
365.0,224,944.4444444444445,722.2222222222223,112.5,5.986695629613391,0.7498041472415001,0.9728840254425923,7.954657077814614e-05
365.0,225,55.55555555555556,833.3333333333334,112.5,5.990641447391026,0.7498043172869395,0.9728886112229307,7.959928490371861e-05
365.0,226,166.66666666666669,833.3333333333334,112.5,5.987199805065724,0.7498041632445519,0.9728846113706109,7.955330628417144e-05
365.0,227,277.77777777777777,833.3333333333334,112.5,5.9808585729036245,0.7498039730616065,0.972877231166401,7.946859048981657e-05
365.0,228,388.8888888888889,833.3333333333334,112.5,5.973508337213608,0.7498038799114786,0.9728686563755324,7.937039446190256e-05
365.0,229,500.0,833.3333333333334,112.5,5.96939341782419,0.7498038906334196,0.9728638468915568,7.93154207241293e-05
365.0,230,611.1111111111111,833.3333333333334,112.5,5.973508337213607,0.7498038799114788,0.9728686563755322,7.937039446190255e-05
365.0,231,722.2222222222223,833.3333333333334,112.5,5.980858572903622,0.7498039730616067,0.9728772311664019,7.946859048981664e-05
365.0,232,833.3333333333334,833.3333333333334,112.5,5.98719980506572,0.7498041632445516,0.9728846113706172,7.95533062841718e-05
365.0,233,944.4444444444445,833.3333333333334,112.5,5.990641447391023,0.7498043172869395,0.9728886112229309,7.959928490371863e-05
365.0,234,55.55555555555556,944.4444444444445,112.5,5.992905136290555,0.7498044321248503,0.9728912391513175,7.962952657239712e-05
365.0,235,166.66666666666669,944.4444444444445,112.5,5.990641447391027,0.7498043172869395,0.9728886112229312,7.95992849037188e-05
365.0,236,277.77777777777777,944.4444444444445,112.5,5.9866956296133935,0.7498041472415,0.9728840254425914,7.954657077814606e-05
365.0,237,388.8888888888889,944.4444444444445,112.5,5.982540480462315,0.7498040100868053,0.9728791897589418,7.949105995742507e-05
365.0,238,500.0,944.4444444444445,112.5,5.980553518652365,0.7498039650756467,0.9728768755118156,7.94645150865695e-05
365.0,239,611.1111111111111,944.4444444444445,112.5,5.982540480462315,0.749804010086805,0.9728791897589396,7.949105995742489e-05
365.0,240,722.2222222222223,944.4444444444445,112.5,5.986695629613389,0.7498041472415,0.9728840254425904,7.954657077814598e-05
365.0,241,833.3333333333334,944.4444444444445,112.5,5.990641447391022,0.7498043172869399,0.9728886112229317,7.95992849037187e-05
365.0,242,944.4444444444445,944.4444444444445,112.5,5.9929051362905525,0.7498044321248507,0.9728912391513199,7.962952657239732e-05
365.0,243,55.55555555555556,55.55555555555556,117.5,5.993199918123927,0.7494689968209364,0.9728915796857955,7.963346457115077e-05
365.0,244,166.66666666666669,55.55555555555556,117.5,5.990936150717973,0.749468860878538,0.9728889520298294,7.960322186735835e-05
365.0,245,277.77777777777777,55.55555555555556,117.5,5.986990189344419,0.7494686522278556,0.9728843669265308,7.95505058644034e-05
365.0,246,388.8888888888889,55.55555555555556,117.5,5.982834900573104,0.7494684649681879,0.9728795315887695,7.949499319040048e-05
365.0,247,500.0,55.55555555555556,117.5,5.98084792531555,0.7494683859544012,0.9728772168633777,7.946844808795891e-05
365.0,248,611.1111111111111,55.55555555555556,117.5,5.982834900573104,0.7494684649681881,0.97287953158877,7.949499319040052e-05
365.0,249,722.2222222222223,55.55555555555556,117.5,5.98699018934442,0.7494686522278555,0.97288436692653,7.955050586440333e-05
365.0,250,833.3333333333334,55.55555555555556,117.5,5.990936150717972,0.749468860878538,0.9728889520298291,7.960322186735832e-05
365.0,251,944.4444444444445,55.55555555555556,117.5,5.993199918123929,0.7494689968209364,0.9728915796857954,7.963346457115076e-05
365.0,252,55.55555555555556,166.66666666666669,117.5,5.990936150717973,0.749468860878538,0.9728889520298294,7.960322186735835e-05
365.0,253,166.66666666666669,166.66666666666669,117.5,5.987494369172214,0.7494686737730791,0.9728849530383781,7.955724144708083e-05
365.0,254,277.77777777777777,166.66666666666669,117.5,5.981152900144194,0.7494683938486711,0.9728775724816587,7.947252243692007e-05
365.0,255,388.8888888888889,166.66666666666669,117.5,5.973802642450956,0.7494681859449532,0.9728689984752625,7.937432612879743e-05
365.0,256,500.0,166.66666666666669,117.5,5.969688911237002,0.7494681248248636,0.9728641910872152,7.931936829280662e-05
365.0,257,611.1111111111111,166.66666666666669,117.5,5.973802642450957,0.749468185944954,0.9728689984752578,7.937432612879704e-05
365.0,258,722.2222222222223,166.66666666666669,117.5,5.9811529001441945,0.749468393848671,0.9728775724816582,7.947252243692003e-05
365.0,259,833.3333333333334,166.66666666666669,117.5,5.987494369172215,0.7494686737730795,0.9728849530383801,7.9557241447081e-05
365.0,260,944.4444444444445,166.66666666666669,117.5,5.9909361507179755,0.7494688608785384,0.9728889520298227,7.960322186735793e-05
365.0,261,55.55555555555556,277.77777777777777,117.5,5.98699018934442,0.749468652227856,0.972884366926532,7.955050586440349e-05
365.0,262,166.66666666666669,277.77777777777777,117.5,5.981152900144194,0.7494683938486708,0.9728775724816567,7.947252243691991e-05
365.0,263,277.77777777777777,277.77777777777777,117.5,5.969480056762854,0.7494681262980588,0.9728639469084001,7.931657808116533e-05
365.0,264,388.8888888888889,277.77777777777777,117.5,5.953769978416516,0.7494686183538181,0.972845524376587,7.910669630906803e-05
365.0,265,500.0,277.77777777777777,117.5,5.942202813533588,0.7494682532768423,0.9728318982820425,7.8952161420439e-05
365.0,266,611.1111111111111,277.77777777777777,117.5,5.953769978416516,0.7494686183538186,0.9728455243765893,7.910669630906822e-05
365.0,267,722.2222222222223,277.77777777777777,117.5,5.969480056762852,0.7494681262980599,0.9728639469084053,7.931657808116575e-05
365.0,268,833.3333333333334,277.77777777777777,117.5,5.981152900144194,0.749468393848671,0.9728775724816582,7.947252243692003e-05
365.0,269,944.4444444444445,277.77777777777777,117.5,5.986990189344421,0.7494686522278557,0.9728843669265308,7.95505058644034e-05
365.0,270,55.55555555555556,388.8888888888889,117.5,5.982834900573106,0.7494684649681878,0.9728795315887687,7.949499319040041e-05
365.0,271,166.66666666666669,388.8888888888889,117.5,5.973802642450959,0.749468185944954,0.972868998475258,7.937432612879719e-05
365.0,272,277.77777777777777,388.8888888888889,117.5,5.953769978416517,0.7494686183538186,0.9728455243765889,7.910669630906818e-05
365.0,273,388.8888888888889,388.8888888888889,117.5,5.92049797078977,0.7494676256820549,0.9728061879062133,7.86621866817165e-05
365.0,274,500.0,388.8888888888889,117.5,5.882576964394269,0.7494673689533159,0.9727608217403336,7.815555756600087e-05
365.0,275,611.1111111111111,388.8888888888889,117.5,5.920497970789768,0.7494676256820545,0.9728061879062102,7.866218668171624e-05
365.0,276,722.2222222222223,388.8888888888889,117.5,5.953769978416517,0.7494686183538187,0.9728455243765819,7.910669630906761e-05
365.0,277,833.3333333333334,388.8888888888889,117.5,5.973802642450957,0.7494681859449533,0.9728689984752626,7.937432612879745e-05
365.0,278,944.4444444444445,388.8888888888889,117.5,5.982834900573105,0.7494684649681875,0.9728795315887765,7.949499319040105e-05
365.0,279,55.55555555555556,500.0,117.5,5.980847925315551,0.749468385954402,0.9728772168633809,7.946844808795917e-05
365.0,280,166.66666666666669,500.0,117.5,5.969688911237002,0.7494681248248637,0.9728641910872158,7.931936829280666e-05
365.0,281,277.77777777777777,500.0,117.5,5.94220281353359,0.749468253276842,0.9728318982820408,7.895216142043885e-05
365.0,282,388.8888888888889,500.0,117.5,5.88257696439427,0.7494673689533151,0.9727608217403385,7.815555756600126e-05
365.0,283,500.0,500.0,117.5,5.753255434103212,0.7494649160263783,0.9726017617528432,7.642773645855258e-05
365.0,284,611.1111111111111,500.0,117.5,5.882576964394268,0.7494673689533156,0.9727608217403401,7.815555756600126e-05
365.0,285,722.2222222222223,500.0,117.5,5.94220281353359,0.7494682532768423,0.9728318982820421,7.895216142043896e-05
365.0,286,833.3333333333334,500.0,117.5,5.969688911237002,0.7494681248248639,0.9728641910872168,7.931936829280674e-05
365.0,287,944.4444444444445,500.0,117.5,5.980847925315551,0.7494683859544023,0.9728772168633743,7.946844808795863e-05
365.0,288,55.55555555555556,611.1111111111111,117.5,5.982834900573106,0.7494684649681879,0.9728795315887695,7.949499319040048e-05
365.0,289,166.66666666666669,611.1111111111111,117.5,5.973802642450958,0.7494681859449538,0.972868998475257,7.937432612879711e-05
365.0,290,277.77777777777777,611.1111111111111,117.5,5.953769978416519,0.7494686183538178,0.972845524376586,7.910669630906809e-05
365.0,291,388.8888888888889,611.1111111111111,117.5,5.92049797078977,0.7494676256820547,0.972806187906212,7.866218668171639e-05
365.0,292,500.0,611.1111111111111,117.5,5.8825769643942705,0.7494673689533156,0.9727608217403325,7.815555756600065e-05
365.0,293,611.1111111111111,611.1111111111111,117.5,5.9204979707897705,0.7494676256820548,0.9728061879062129,7.866218668171646e-05
365.0,294,722.2222222222223,611.1111111111111,117.5,5.953769978416518,0.7494686183538181,0.9728455243765868,7.910669630906816e-05
365.0,295,833.3333333333334,611.1111111111111,117.5,5.973802642450956,0.7494681859449532,0.9728689984752625,7.937432612879743e-05
365.0,296,944.4444444444445,611.1111111111111,117.5,5.982834900573104,0.7494684649681879,0.9728795315887764,7.949499319040104e-05
365.0,297,55.55555555555556,722.2222222222223,117.5,5.986990189344422,0.7494686522278553,0.9728843669265291,7.955050586440326e-05
365.0,298,166.66666666666669,722.2222222222223,117.5,5.981152900144196,0.7494683938486707,0.9728775724816567,7.947252243691991e-05
365.0,299,277.77777777777777,722.2222222222223,117.5,5.969480056762857,0.7494681262980589,0.9728639469084008,7.931657808116553e-05
365.0,300,388.8888888888889,722.2222222222223,117.5,5.953769978416519,0.7494686183538181,0.9728455243765878,7.910669630906824e-05
365.0,301,500.0,722.2222222222223,117.5,5.942202813533589,0.7494682532768423,0.9728318982820422,7.895216142043897e-05
365.0,302,611.1111111111111,722.2222222222223,117.5,5.953769978416519,0.749468618353818,0.9728455243765868,7.910669630906816e-05
365.0,303,722.2222222222223,722.2222222222223,117.5,5.969480056762854,0.7494681262980598,0.9728639469084055,7.931657808116562e-05
365.0,304,833.3333333333334,722.2222222222223,117.5,5.9811529001441945,0.7494683938486703,0.9728775724816624,7.947252243692037e-05
365.0,305,944.4444444444445,722.2222222222223,117.5,5.986990189344421,0.7494686522278555,0.9728843669265305,7.955050586440337e-05
365.0,306,55.55555555555556,833.3333333333334,117.5,5.9909361507179755,0.7494688608785381,0.9728889520298303,7.960322186735855e-05
365.0,307,166.66666666666669,833.3333333333334,117.5,5.987494369172219,0.7494686737730792,0.9728849530383793,7.955724144708106e-05
365.0,308,277.77777777777777,833.3333333333334,117.5,5.981152900144196,0.7494683938486706,0.9728775724816561,7.947252243691986e-05
365.0,309,388.8888888888889,833.3333333333334,117.5,5.97380264245096,0.7494681859449539,0.9728689984752571,7.937432612879712e-05
365.0,310,500.0,833.3333333333334,117.5,5.969688911237002,0.7494681248248638,0.9728641910872162,7.93193682928067e-05
365.0,311,611.1111111111111,833.3333333333334,117.5,5.973802642450957,0.7494681859449537,0.9728689984752564,7.937432612879693e-05
365.0,312,722.2222222222223,833.3333333333334,117.5,5.9811529001441945,0.7494683938486706,0.9728775724816554,7.94725224369198e-05
365.0,313,833.3333333333334,833.3333333333334,117.5,5.987494369172215,0.7494686737730792,0.9728849530383795,7.955724144708095e-05
365.0,314,944.4444444444445,833.3333333333334,117.5,5.990936150717973,0.7494688608785381,0.9728889520298301,7.96032218673584e-05
365.0,315,55.55555555555556,944.4444444444445,117.5,5.993199918123929,0.7494689968209364,0.9728915796857954,7.963346457115076e-05
365.0,316,166.66666666666669,944.4444444444445,117.5,5.990936150717977,0.7494688608785379,0.9728889520298296,7.96032218673585e-05
365.0,317,277.77777777777777,944.4444444444445,117.5,5.986990189344423,0.749468652227855,0.9728843669265271,7.95505058644031e-05
365.0,318,388.8888888888889,944.4444444444445,117.5,5.982834900573105,0.7494684649681882,0.9728795315887707,7.949499319040058e-05
365.0,319,500.0,944.4444444444445,117.5,5.980847925315553,0.7494683859544021,0.972877216863382,7.946844808795927e-05
365.0,320,611.1111111111111,944.4444444444445,117.5,5.982834900573105,0.749468464968188,0.9728795315887695,7.949499319040048e-05
365.0,321,722.2222222222223,944.4444444444445,117.5,5.986990189344419,0.7494686522278557,0.9728843669265315,7.955050586440345e-05
365.0,322,833.3333333333334,944.4444444444445,117.5,5.990936150717972,0.7494688608785381,0.9728889520298303,7.960322186735842e-05
365.0,323,944.4444444444445,944.4444444444445,117.5,5.993199918123927,0.7494689968209358,0.9728915796858015,7.963346457115126e-05
365.0,324,55.55555555555556,55.55555555555556,122.5,5.99349478529543,0.7456953558090922,0.9728919194640069,7.963740364212421e-05
365.0,325,166.66666666666669,55.55555555555556,122.5,5.991230949630091,0.745695252570117,0.9728892915220023,7.960715999347555e-05
365.0,326,277.77777777777777,55.55555555555556,122.5,5.9872848622114665,0.7456951169250264,0.9728847067037668,7.95544423139667e-05
365.0,327,388.8888888888889,55.55555555555556,122.5,5.983129446576704,0.7456950190790054,0.9728798712797232,7.94989279206803e-05
365.0,328,500.0,55.55555555555556,122.5,5.981142441907387,0.7456949893820385,0.9728775565142558,7.947238241074062e-05
365.0,329,611.1111111111111,55.55555555555556,122.5,5.9831294465767035,0.7456950190790054,0.9728798712797231,7.949892792068029e-05
365.0,330,722.2222222222223,55.55555555555556,122.5,5.987284862211467,0.7456951169250267,0.9728847067037681,7.95544423139668e-05
365.0,331,833.3333333333334,55.55555555555556,122.5,5.99123094963009,0.7456952525701172,0.9728892915219944,7.960715999347492e-05
365.0,332,944.4444444444445,55.55555555555556,122.5,5.9934947852954314,0.7456953558090916,0.972891919464004,7.963740364212398e-05
365.0,333,55.55555555555556,166.66666666666669,122.5,5.991230949630091,0.7456952525701173,0.9728892915219947,7.960715999347493e-05
365.0,334,166.66666666666669,166.66666666666669,122.5,5.987789042927115,0.7456951343412959,0.9728852928953038,7.956117791850974e-05
365.0,335,277.77777777777777,166.66666666666669,122.5,5.98144736148128,0.7456949983298576,0.9728779119022954,7.94764560101396e-05
365.0,336,388.8888888888889,166.66666666666669,122.5,5.974097034416735,0.7456949997082324,0.9728693381284685,7.93782587486699e-05
365.0,337,500.0,166.66666666666669,122.5,5.969984018775473,0.745695078475621,0.9728645315512356,7.932331044111067e-05
365.0,338,611.1111111111111,166.66666666666669,122.5,5.974097034416737,0.7456949997082326,0.972869338128469,7.937825874867007e-05
365.0,339,722.2222222222223,166.66666666666669,122.5,5.981447361481281,0.7456949983298582,0.972877911902298,7.94764560101398e-05
365.0,340,833.3333333333334,166.66666666666669,122.5,5.987789042927117,0.7456951343412953,0.9728852928953019,7.956117791850959e-05
365.0,341,944.4444444444445,166.66666666666669,122.5,5.9912309496300935,0.7456952525701173,0.9728892915219948,7.960715999347494e-05
365.0,342,55.55555555555556,277.77777777777777,122.5,5.987284862211468,0.7456951169250267,0.9728847067037683,7.955444231396682e-05
365.0,343,166.66666666666669,277.77777777777777,122.5,5.981447361481281,0.7456949983298573,0.9728779119022933,7.947645601013942e-05
365.0,344,277.77777777777777,277.77777777777777,122.5,5.969774433805464,0.7456950792258067,0.9728642865394636,7.932051047056672e-05
365.0,345,388.8888888888889,277.77777777777777,122.5,5.954066793023475,0.7456954821897711,0.9728458668140207,7.911066114699157e-05
365.0,346,500.0,277.77777777777777,122.5,5.942519098670729,0.7456950325159651,0.972832264491478,7.895638636242431e-05
365.0,347,611.1111111111111,277.77777777777777,122.5,5.9540667930234745,0.7456954821897714,0.9728458668140224,7.911066114699171e-05
365.0,348,722.2222222222223,277.77777777777777,122.5,5.969774433805464,0.7456950792258069,0.9728642865394639,7.932051047056674e-05
365.0,349,833.3333333333334,277.77777777777777,122.5,5.981447361481279,0.7456949983298578,0.9728779119022951,7.947645601013957e-05
365.0,350,944.4444444444445,277.77777777777777,122.5,5.987284862211468,0.7456951169250269,0.9728847067037686,7.955444231396684e-05
365.0,351,55.55555555555556,388.8888888888889,122.5,5.983129446576706,0.7456950190790053,0.9728798712797235,7.949892792068048e-05
365.0,352,166.66666666666669,388.8888888888889,122.5,5.974097034416738,0.7456949997082324,0.9728693381284687,7.937825874867004e-05
365.0,353,277.77777777777777,388.8888888888889,122.5,5.954066793023476,0.74569548218977,0.972845866814024,7.911066114699183e-05
365.0,354,388.8888888888889,388.8888888888889,122.5,5.920835963234974,0.7456945931226318,0.9728065803947581,7.866670150386367e-05
365.0,355,500.0,388.8888888888889,122.5,5.883400126075273,0.7456941885114793,0.9727617993938359,7.816655414775954e-05
365.0,356,611.1111111111111,388.8888888888889,122.5,5.920835963234972,0.7456945931226316,0.9728065803947572,7.86667015038636e-05
365.0,357,722.2222222222223,388.8888888888889,122.5,5.954066793023475,0.7456954821897704,0.9728458668140262,7.9110661146992e-05
365.0,358,833.3333333333334,388.8888888888889,122.5,5.974097034416737,0.7456949997082323,0.9728693381284764,7.937825874867068e-05
365.0,359,944.4444444444445,388.8888888888889,122.5,5.983129446576704,0.7456950190790057,0.9728798712797249,7.949892792068044e-05
365.0,360,55.55555555555556,500.0,122.5,5.981142441907388,0.7456949893820385,0.9728775565142563,7.947238241074066e-05
365.0,361,166.66666666666669,500.0,122.5,5.969984018775473,0.7456950784756209,0.9728645315512343,7.932331044111056e-05
365.0,362,277.77777777777777,500.0,122.5,5.94251909867073,0.7456950325159647,0.972832264491485,7.895638636242503e-05
365.0,363,388.8888888888889,500.0,122.5,5.883400126075274,0.7456941885114793,0.9727617993938359,7.816655414775954e-05
365.0,364,500.0,500.0,122.5,5.763895799926662,0.7401364597668689,0.9726150628452742,7.656989918835319e-05
365.0,365,611.1111111111111,500.0,122.5,5.883400126075273,0.7456941885114788,0.9727617993938429,7.81665541477601e-05
365.0,366,722.2222222222223,500.0,122.5,5.942519098670732,0.7456950325159655,0.9728322644914806,7.895638636242467e-05
365.0,367,833.3333333333334,500.0,122.5,5.969984018775474,0.7456950784756212,0.9728645315512368,7.932331044111076e-05
365.0,368,944.4444444444445,500.0,122.5,5.981142441907389,0.745694989382038,0.9728775565142544,7.947238241074051e-05
365.0,369,55.55555555555556,611.1111111111111,122.5,5.983129446576706,0.7456950190790053,0.9728798712797225,7.94989279206804e-05
365.0,370,166.66666666666669,611.1111111111111,122.5,5.9740970344167375,0.7456949997082324,0.9728693381284687,7.937825874867004e-05
365.0,371,277.77777777777777,611.1111111111111,122.5,5.954066793023477,0.7456954821897704,0.9728458668140265,7.911066114699203e-05
365.0,372,388.8888888888889,611.1111111111111,122.5,5.920835963234975,0.745694593122632,0.9728065803947592,7.866670150386377e-05
365.0,373,500.0,611.1111111111111,122.5,5.883400126075275,0.7456941885114783,0.9727617993938412,7.816655414775997e-05
365.0,374,611.1111111111111,611.1111111111111,122.5,5.920835963234975,0.745694593122632,0.9728065803947592,7.866670150386377e-05
365.0,375,722.2222222222223,611.1111111111111,122.5,5.954066793023476,0.7456954821897707,0.972845866814027,7.911066114699207e-05
365.0,376,833.3333333333334,611.1111111111111,122.5,5.974097034416737,0.745694999708232,0.9728693381284756,7.937825874867061e-05
365.0,377,944.4444444444445,611.1111111111111,122.5,5.9831294465767035,0.745695019079005,0.9728798712797214,7.949892792068016e-05
365.0,378,55.55555555555556,722.2222222222223,122.5,5.98728486221147,0.7456951169250265,0.9728847067037671,7.955444231396672e-05
365.0,379,166.66666666666669,722.2222222222223,122.5,5.9814473614812815,0.7456949983298584,0.9728779119022997,7.947645601013994e-05
365.0,380,277.77777777777777,722.2222222222223,122.5,5.969774433805468,0.7456950792258071,0.9728642865394573,7.932051047056621e-05
365.0,381,388.8888888888889,722.2222222222223,122.5,5.954066793023477,0.7456954821897706,0.9728458668140266,7.911066114699205e-05
365.0,382,500.0,722.2222222222223,122.5,5.942519098670731,0.7456950325159654,0.9728322644914801,7.895638636242463e-05
365.0,383,611.1111111111111,722.2222222222223,122.5,5.954066793023477,0.7456954821897706,0.972845866814027,7.911066114699207e-05
365.0,384,722.2222222222223,722.2222222222223,122.5,5.969774433805465,0.7456950792258074,0.9728642865394579,7.932051047056625e-05
365.0,385,833.3333333333334,722.2222222222223,122.5,5.9814473614812815,0.7456949983298573,0.9728779119022941,7.947645601013949e-05
365.0,386,944.4444444444445,722.2222222222223,122.5,5.987284862211468,0.7456951169250267,0.9728847067037676,7.955444231396676e-05
365.0,387,55.55555555555556,833.3333333333334,122.5,5.991230949630094,0.7456952525701168,0.9728892915220017,7.96071599934755e-05
365.0,388,166.66666666666669,833.3333333333334,122.5,5.987789042927121,0.7456951343412955,0.972885292895303,7.956117791850982e-05
365.0,389,277.77777777777777,833.3333333333334,122.5,5.9814473614812815,0.7456949983298573,0.9728779119022941,7.947645601013949e-05
365.0,390,388.8888888888889,833.3333333333334,122.5,5.974097034416739,0.7456949997082318,0.9728693381284752,7.937825874867057e-05
365.0,391,500.0,833.3333333333334,122.5,5.969984018775474,0.7456950784756211,0.9728645315512366,7.932331044111075e-05
365.0,392,611.1111111111111,833.3333333333334,122.5,5.9740970344167375,0.7456949997082318,0.9728693381284749,7.937825874867055e-05
365.0,393,722.2222222222223,833.3333333333334,122.5,5.98144736148128,0.7456949983298575,0.9728779119022944,7.947645601013952e-05
365.0,394,833.3333333333334,833.3333333333334,122.5,5.987789042927117,0.7456951343412949,0.9728852928952996,7.95611779185094e-05
365.0,395,944.4444444444445,833.3333333333334,122.5,5.991230949630091,0.7456952525701168,0.9728892915220014,7.960715999347548e-05
365.0,396,55.55555555555556,944.4444444444445,122.5,5.993494785295431,0.7456953558090916,0.9728919194640036,7.963740364212394e-05
365.0,397,166.66666666666669,944.4444444444445,122.5,5.991230949630095,0.7456952525701173,0.9728892915219953,7.960715999347498e-05
365.0,398,277.77777777777777,944.4444444444445,122.5,5.987284862211472,0.7456951169250265,0.9728847067037675,7.955444231396675e-05
365.0,399,388.8888888888889,944.4444444444445,122.5,5.983129446576706,0.745695019079005,0.9728798712797216,7.949892792068033e-05
365.0,400,500.0,944.4444444444445,122.5,5.981142441907389,0.7456949893820383,0.9728775565142553,7.947238241074058e-05
365.0,401,611.1111111111111,944.4444444444445,122.5,5.983129446576705,0.7456950190790053,0.9728798712797224,7.949892792068024e-05
365.0,402,722.2222222222223,944.4444444444445,122.5,5.987284862211467,0.7456951169250268,0.9728847067037675,7.955444231396675e-05
365.0,403,833.3333333333334,944.4444444444445,122.5,5.99123094963009,0.7456952525701167,0.9728892915220008,7.960715999347543e-05
365.0,404,944.4444444444445,944.4444444444445,122.5,5.99349478529543,0.7456953558090917,0.9728919194640036,7.963740364212394e-05
365.0,405,55.55555555555556,55.55555555555556,127.5,6.109839199740506,0.0,0.0,7.884776058371119e-05
365.0,406,166.66666666666669,55.55555555555556,127.5,6.109707951787261,0.0,0.0,7.884776072622978e-05
365.0,407,277.77777777777777,55.55555555555556,127.5,6.109490211503132,0.0,0.0,7.884776096122806e-05
365.0,408,388.8888888888889,55.55555555555556,127.5,6.109275000950934,0.0,0.0,7.884776116111905e-05
365.0,409,500.0,55.55555555555556,127.5,6.1091781262614955,0.0,0.0,7.884776130988984e-05
365.0,410,611.1111111111111,55.55555555555556,127.5,6.109275000950887,0.0,0.0,7.884776116111909e-05
365.0,411,722.2222222222223,55.55555555555556,127.5,6.109490211502985,0.0,0.0,7.884776096122802e-05
365.0,412,833.3333333333334,55.55555555555556,127.5,6.109707951787068,0.0,0.0,7.884776072622968e-05
365.0,413,944.4444444444445,55.55555555555556,127.5,6.10983919974019,0.0,0.0,7.884776058371127e-05
365.0,414,55.55555555555556,166.66666666666669,127.5,6.109707951787339,0.0,0.0,7.884776072622978e-05
365.0,415,166.66666666666669,166.66666666666669,127.5,6.109532912115399,0.0,0.0,7.884776091606463e-05
365.0,416,277.77777777777777,166.66666666666669,127.5,6.1092277483010395,0.0,0.0,7.884776124987432e-05
365.0,417,388.8888888888889,166.66666666666669,127.5,6.108898307807667,0.0,0.0,7.884776164770834e-05
365.0,418,500.0,166.66666666666669,127.5,6.108726706559812,0.0,0.0,7.884776216744588e-05
365.0,419,611.1111111111111,166.66666666666669,127.5,6.108898307807533,0.0,0.0,7.884776164770813e-05
365.0,420,722.2222222222223,166.66666666666669,127.5,6.109227748300903,0.0,0.0,7.884776124987437e-05
365.0,421,833.3333333333334,166.66666666666669,127.5,6.1095329121153235,0.0,0.0,7.884776091606482e-05
365.0,422,944.4444444444445,166.66666666666669,127.5,6.109707951787089,0.0,0.0,7.884776072622977e-05
365.0,423,55.55555555555556,277.77777777777777,127.5,6.10949021150316,0.0,0.0,7.88477609612279e-05
365.0,424,166.66666666666669,277.77777777777777,127.5,6.109227748301105,0.0,0.0,7.884776124987439e-05
365.0,425,277.77777777777777,277.77777777777777,127.5,6.108731544486706,0.0,0.0,7.884776185246352e-05
365.0,426,388.8888888888889,277.77777777777777,127.5,6.108108074933855,0.0,0.0,7.884776359146012e-05
365.0,427,500.0,277.77777777777777,127.5,6.107676846010724,0.0,0.0,7.884777586531179e-05
365.0,428,611.1111111111111,277.77777777777777,127.5,6.108108074933703,0.0,0.0,7.884776359146031e-05
365.0,429,722.2222222222223,277.77777777777777,127.5,6.108731544486558,0.0,0.0,7.884776185246352e-05
365.0,430,833.3333333333334,277.77777777777777,127.5,6.109227748300916,0.0,0.0,7.884776124987437e-05
365.0,431,944.4444444444445,277.77777777777777,127.5,6.109490211503017,0.0,0.0,7.884776096122802e-05
365.0,432,55.55555555555556,388.8888888888889,127.5,6.1092750009509595,0.0,0.0,7.884776116111905e-05
365.0,433,166.66666666666669,388.8888888888889,127.5,6.108898307807741,0.0,0.0,7.884776164770824e-05
365.0,434,277.77777777777777,388.8888888888889,127.5,6.108108074933871,0.0,0.0,7.884776359146022e-05
365.0,435,388.8888888888889,388.8888888888889,127.5,6.106873120907732,0.0,0.0,7.884778958181279e-05
365.0,436,500.0,388.8888888888889,127.5,6.105486894428591,0.0,0.0,7.884825443665175e-05
365.0,437,611.1111111111111,388.8888888888889,127.5,6.106873120907589,0.0,0.0,7.884778958181279e-05
365.0,438,722.2222222222223,388.8888888888889,127.5,6.1081080749336465,0.0,0.0,7.884776359146031e-05
365.0,439,833.3333333333334,388.8888888888889,127.5,6.1088983078075305,0.0,0.0,7.884776164770824e-05
365.0,440,944.4444444444445,388.8888888888889,127.5,6.109275000950845,0.0,0.0,7.88477611611193e-05
365.0,441,55.55555555555556,500.0,127.5,6.1091781262615426,0.0,0.0,7.884776130988975e-05
365.0,442,166.66666666666669,500.0,127.5,6.108726706559754,0.0,0.0,7.88477621674459e-05
365.0,443,277.77777777777777,500.0,127.5,6.10767684601077,0.0,0.0,7.884777586531157e-05
365.0,444,388.8888888888889,500.0,127.5,6.105486894428626,0.0,0.0,7.884825443665199e-05
365.0,445,500.0,500.0,127.5,6.099120653654476,0.0,0.0,7.88713649417125e-05
365.0,446,611.1111111111111,500.0,127.5,6.105486894428564,0.0,0.0,7.884825443665195e-05
365.0,447,722.2222222222223,500.0,127.5,6.10767684601069,0.0,0.0,7.884777586531173e-05
365.0,448,833.3333333333334,500.0,127.5,6.108726706559782,0.0,0.0,7.884776216744584e-05
365.0,449,944.4444444444445,500.0,127.5,6.109178126261463,0.0,0.0,7.88477613098898e-05
365.0,450,55.55555555555556,611.1111111111111,127.5,6.109275000950963,0.0,0.0,7.884776116111909e-05
365.0,451,166.66666666666669,611.1111111111111,127.5,6.108898307807708,0.0,0.0,7.884776164770824e-05
365.0,452,277.77777777777777,611.1111111111111,127.5,6.108108074933873,0.0,0.0,7.884776359146012e-05
365.0,453,388.8888888888889,611.1111111111111,127.5,6.106873120907722,0.0,0.0,7.884778958181279e-05
365.0,454,500.0,611.1111111111111,127.5,6.105486894428594,0.0,0.0,7.884825443665198e-05
365.0,455,611.1111111111111,611.1111111111111,127.5,6.106873120907621,0.0,0.0,7.884778958181279e-05
365.0,456,722.2222222222223,611.1111111111111,127.5,6.10810807493373,0.0,0.0,7.884776359146031e-05
365.0,457,833.3333333333334,611.1111111111111,127.5,6.108898307807545,0.0,0.0,7.884776164770813e-05
365.0,458,944.4444444444445,611.1111111111111,127.5,6.10927500095085,0.0,0.0,7.884776116111905e-05
365.0,459,55.55555555555556,722.2222222222223,127.5,6.10949021150317,0.0,0.0,7.884776096122806e-05
365.0,460,166.66666666666669,722.2222222222223,127.5,6.1092277483010715,0.0,0.0,7.88477612498744e-05
365.0,461,277.77777777777777,722.2222222222223,127.5,6.1087315444867265,0.0,0.0,7.884776185246352e-05
365.0,462,388.8888888888889,722.2222222222223,127.5,6.108108074933874,0.0,0.0,7.884776359146032e-05
365.0,463,500.0,722.2222222222223,127.5,6.107676846010763,0.0,0.0,7.884777586531167e-05
365.0,464,611.1111111111111,722.2222222222223,127.5,6.108108074933828,0.0,0.0,7.884776359146011e-05
365.0,465,722.2222222222223,722.2222222222223,127.5,6.108731544486626,0.0,0.0,7.884776185246352e-05
365.0,466,833.3333333333334,722.2222222222223,127.5,6.1092277483009445,0.0,0.0,7.88477612498742e-05
365.0,467,944.4444444444445,722.2222222222223,127.5,6.109490211503026,0.0,0.0,7.884776096122787e-05
365.0,468,55.55555555555556,833.3333333333334,127.5,6.109707951787356,0.0,0.0,7.884776072622988e-05
365.0,469,166.66666666666669,833.3333333333334,127.5,6.109532912115438,0.0,0.0,7.88477609160647e-05
365.0,470,277.77777777777777,833.3333333333334,127.5,6.109227748301081,0.0,0.0,7.88477612498744e-05
365.0,471,388.8888888888889,833.3333333333334,127.5,6.108898307807735,0.0,0.0,7.884776164770824e-05
365.0,472,500.0,833.3333333333334,127.5,6.108726706559885,0.0,0.0,7.8847762167446e-05
365.0,473,611.1111111111111,833.3333333333334,127.5,6.1088983078077375,0.0,0.0,7.884776164770834e-05
365.0,474,722.2222222222223,833.3333333333334,127.5,6.10922774830102,0.0,0.0,7.884776124987437e-05
365.0,475,833.3333333333334,833.3333333333334,127.5,6.109532912115356,0.0,0.0,7.884776091606465e-05
365.0,476,944.4444444444445,833.3333333333334,127.5,6.109707951787213,0.0,0.0,7.884776072622968e-05
365.0,477,55.55555555555556,944.4444444444445,127.5,6.109839199740544,0.0,0.0,7.884776058371119e-05
365.0,478,166.66666666666669,944.4444444444445,127.5,6.109707951787374,0.0,0.0,7.884776072622988e-05
365.0,479,277.77777777777777,944.4444444444445,127.5,6.109490211503198,0.0,0.0,7.884776096122806e-05
365.0,480,388.8888888888889,944.4444444444445,127.5,6.109275000951054,0.0,0.0,7.88477611611191e-05
365.0,481,500.0,944.4444444444445,127.5,6.109178126261582,0.0,0.0,7.884776130988975e-05
365.0,482,611.1111111111111,944.4444444444445,127.5,6.109275000951045,0.0,0.0,7.884776116111909e-05
365.0,483,722.2222222222223,944.4444444444445,127.5,6.1094902115032665,0.0,0.0,7.884776096122804e-05
365.0,484,833.3333333333334,944.4444444444445,127.5,6.1097079517872475,0.0,0.0,7.884776072622968e-05
365.0,485,944.4444444444445,944.4444444444445,127.5,6.109839199740431,0.0,0.0,7.884776058371107e-05
365.0,486,55.55555555555556,55.55555555555556,132.5,6.598160227283974,0.0,0.0,8.50434027351578e-05
365.0,487,166.66666666666669,55.55555555555556,132.5,6.5980289618700505,0.0,0.0,8.504340346298465e-05
365.0,488,277.77777777777777,55.55555555555556,132.5,6.597811192699141,0.0,0.0,8.504340347396113e-05
365.0,489,388.8888888888889,55.55555555555556,132.5,6.597595953784887,0.0,0.0,8.504340342488018e-05
365.0,490,500.0,55.55555555555556,132.5,6.597499066832643,0.0,0.0,8.504340442928507e-05
365.0,491,611.1111111111111,55.55555555555556,132.5,6.597595953784844,0.0,0.0,8.504340342488011e-05
365.0,492,722.2222222222223,55.55555555555556,132.5,6.597811192698994,0.0,0.0,8.50434034739612e-05
365.0,493,833.3333333333334,55.55555555555556,132.5,6.598028961869857,0.0,0.0,8.504340346298475e-05
365.0,494,944.4444444444445,55.55555555555556,132.5,6.598160227283653,0.0,0.0,8.504340273515808e-05
365.0,495,55.55555555555556,166.66666666666669,132.5,6.598028961870133,0.0,0.0,8.504340346298446e-05
365.0,496,166.66666666666669,166.66666666666669,132.5,6.597853899028648,0.0,0.0,8.504340343704368e-05
365.0,497,277.77777777777777,166.66666666666669,132.5,6.597548695158281,0.0,0.0,8.50434044548113e-05
365.0,498,388.8888888888889,166.66666666666669,132.5,6.597219213591253,0.0,0.0,8.50434042371658e-05
365.0,499,500.0,166.66666666666669,132.5,6.597047606193437,0.0,0.0,8.504340438063199e-05
365.0,500,611.1111111111111,166.66666666666669,132.5,6.5972192135911145,0.0,0.0,8.50434042371658e-05
365.0,501,722.2222222222223,166.66666666666669,132.5,6.597548695158142,0.0,0.0,8.50434044548114e-05
365.0,502,833.3333333333334,166.66666666666669,132.5,6.597853899028583,0.0,0.0,8.504340343704376e-05
365.0,503,944.4444444444445,166.66666666666669,132.5,6.598028961869878,0.0,0.0,8.504340346298458e-05
365.0,504,55.55555555555556,277.77777777777777,132.5,6.597811192699167,0.0,0.0,8.504340347396129e-05
365.0,505,166.66666666666669,277.77777777777777,132.5,6.597548695158351,0.0,0.0,8.50434044548112e-05
365.0,506,277.77777777777777,277.77777777777777,132.5,6.597052429785282,0.0,0.0,8.504340409767509e-05
365.0,507,388.8888888888889,277.77777777777777,132.5,6.596428931332785,0.0,0.0,8.50434078650008e-05
365.0,508,500.0,277.77777777777777,132.5,6.595998219846495,0.0,0.0,8.504342041962064e-05
365.0,509,611.1111111111111,277.77777777777777,132.5,6.596428931332628,0.0,0.0,8.504340786500092e-05
365.0,510,722.2222222222223,277.77777777777777,132.5,6.597052429785135,0.0,0.0,8.504340409767503e-05
365.0,511,833.3333333333334,277.77777777777777,132.5,6.597548695158157,0.0,0.0,8.50434044548114e-05
365.0,512,944.4444444444445,277.77777777777777,132.5,6.597811192699027,0.0,0.0,8.504340347396135e-05
365.0,513,55.55555555555556,388.8888888888889,132.5,6.5975959537849125,0.0,0.0,8.504340342488011e-05
365.0,514,166.66666666666669,388.8888888888889,132.5,6.597219213591333,0.0,0.0,8.504340423716573e-05
365.0,515,277.77777777777777,388.8888888888889,132.5,6.596428931332801,0.0,0.0,8.504340786500072e-05
365.0,516,388.8888888888889,388.8888888888889,132.5,6.595195014106417,0.0,0.0,8.504343770237019e-05
365.0,517,500.0,388.8888888888889,132.5,6.593831116022761,0.0,0.0,8.504394032472398e-05
365.0,518,611.1111111111111,388.8888888888889,132.5,6.59519501410627,0.0,0.0,8.50434377023699e-05
365.0,519,722.2222222222223,388.8888888888889,132.5,6.596428931332567,0.0,0.0,8.504340786500076e-05
365.0,520,833.3333333333334,388.8888888888889,132.5,6.597219213591114,0.0,0.0,8.504340423716583e-05
365.0,521,944.4444444444445,388.8888888888889,132.5,6.597595953784799,0.0,0.0,8.504340342488011e-05
365.0,522,55.55555555555556,500.0,132.5,6.597499066832692,0.0,0.0,8.50434044292851e-05
365.0,523,166.66666666666669,500.0,132.5,6.597047606193395,0.0,0.0,8.504340438063194e-05
365.0,524,277.77777777777777,500.0,132.5,6.595998219846541,0.0,0.0,8.504342041962064e-05
365.0,525,388.8888888888889,500.0,132.5,6.593831116022796,0.0,0.0,8.504394032472396e-05
365.0,526,500.0,500.0,132.5,6.588588445540702,0.0,0.0,8.505804664178153e-05
365.0,527,611.1111111111111,500.0,132.5,6.593831116022734,0.0,0.0,8.504394032472398e-05
365.0,528,722.2222222222223,500.0,132.5,6.595998219846461,0.0,0.0,8.504342041962063e-05
365.0,529,833.3333333333334,500.0,132.5,6.597047606193407,0.0,0.0,8.504340438063189e-05
365.0,530,944.4444444444445,500.0,132.5,6.5974990668326114,0.0,0.0,8.504340442928507e-05
365.0,531,55.55555555555556,611.1111111111111,132.5,6.597595953784916,0.0,0.0,8.504340342488019e-05
365.0,532,166.66666666666669,611.1111111111111,132.5,6.597219213591297,0.0,0.0,8.50434042371656e-05
365.0,533,277.77777777777777,611.1111111111111,132.5,6.596428931332802,0.0,0.0,8.504340786500072e-05
365.0,534,388.8888888888889,611.1111111111111,132.5,6.595195014106406,0.0,0.0,8.504343770237005e-05
365.0,535,500.0,611.1111111111111,132.5,6.593831116022764,0.0,0.0,8.504394032472396e-05
365.0,536,611.1111111111111,611.1111111111111,132.5,6.5951950141063005,0.0,0.0,8.504343770237019e-05
365.0,537,722.2222222222223,611.1111111111111,132.5,6.596428931332656,0.0,0.0,8.504340786500108e-05
365.0,538,833.3333333333334,611.1111111111111,132.5,6.597219213591127,0.0,0.0,8.50434042371658e-05
365.0,539,944.4444444444445,611.1111111111111,132.5,6.597595953784804,0.0,0.0,8.504340342488045e-05
365.0,540,55.55555555555556,722.2222222222223,132.5,6.597811192699178,0.0,0.0,8.504340347396103e-05
365.0,541,166.66666666666669,722.2222222222223,132.5,6.597548695158313,0.0,0.0,8.50434044548115e-05
365.0,542,277.77777777777777,722.2222222222223,132.5,6.597052429785303,0.0,0.0,8.504340409767537e-05
365.0,543,388.8888888888889,722.2222222222223,132.5,6.596428931332803,0.0,0.0,8.504340786500072e-05
365.0,544,500.0,722.2222222222223,132.5,6.595998219846532,0.0,0.0,8.504342041962066e-05
365.0,545,611.1111111111111,722.2222222222223,132.5,6.596428931332757,0.0,0.0,8.504340786500078e-05
365.0,546,722.2222222222223,722.2222222222223,132.5,6.597052429785203,0.0,0.0,8.504340409767529e-05
365.0,547,833.3333333333334,722.2222222222223,132.5,6.597548695158185,0.0,0.0,8.50434044548115e-05
365.0,548,944.4444444444445,722.2222222222223,132.5,6.597811192699033,0.0,0.0,8.504340347396129e-05
365.0,549,55.55555555555556,833.3333333333334,132.5,6.59802896187015,0.0,0.0,8.504340346298448e-05
365.0,550,166.66666666666669,833.3333333333334,132.5,6.597853899028687,0.0,0.0,8.504340343704367e-05
365.0,551,277.77777777777777,833.3333333333334,132.5,6.597548695158322,0.0,0.0,8.504340445481136e-05
365.0,552,388.8888888888889,833.3333333333334,132.5,6.5972192135913215,0.0,0.0,8.504340423716569e-05
365.0,553,500.0,833.3333333333334,132.5,6.597047606193509,0.0,0.0,8.504340438063189e-05
365.0,554,611.1111111111111,833.3333333333334,132.5,6.597219213591328,0.0,0.0,8.504340423716569e-05
365.0,555,722.2222222222223,833.3333333333334,132.5,6.597548695158259,0.0,0.0,8.504340445481146e-05
365.0,556,833.3333333333334,833.3333333333334,132.5,6.5978538990286095,0.0,0.0,8.504340343704357e-05
365.0,557,944.4444444444445,833.3333333333334,132.5,6.598028961870005,0.0,0.0,8.504340346298456e-05
365.0,558,55.55555555555556,944.4444444444445,132.5,6.598160227284011,0.0,0.0,8.50434027351577e-05
365.0,559,166.66666666666669,944.4444444444445,132.5,6.598028961870168,0.0,0.0,8.504340346298446e-05
365.0,560,277.77777777777777,944.4444444444445,132.5,6.597811192699205,0.0,0.0,8.504340347396129e-05
365.0,561,388.8888888888889,944.4444444444445,132.5,6.597595953785011,0.0,0.0,8.504340342488018e-05
365.0,562,500.0,944.4444444444445,132.5,6.597499066832728,0.0,0.0,8.504340442928527e-05
365.0,563,611.1111111111111,944.4444444444445,132.5,6.597595953785,0.0,0.0,8.50434034248802e-05
365.0,564,722.2222222222223,944.4444444444445,132.5,6.597811192699255,0.0,0.0,8.504340347396145e-05
365.0,565,833.3333333333334,944.4444444444445,132.5,6.598028961870037,0.0,0.0,8.504340346298467e-05
365.0,566,944.4444444444445,944.4444444444445,132.5,6.598160227283901,0.0,0.0,8.50434027351577e-05
365.0,567,55.55555555555556,55.55555555555556,137.5,7.086495693364015,0.0,0.0,9.12374253582839e-05
365.0,568,166.66666666666669,55.55555555555556,137.5,7.086364398877349,0.0,0.0,9.12374252609072e-05
365.0,569,277.77777777777777,55.55555555555556,137.5,7.086146581573776,0.0,0.0,9.12374262945049e-05
365.0,570,388.8888888888889,55.55555555555556,137.5,7.085931295297622,0.0,0.0,9.123742720368845e-05
365.0,571,500.0,55.55555555555556,137.5,7.085834387694518,0.0,0.0,9.123742683301143e-05
365.0,572,611.1111111111111,55.55555555555556,137.5,7.085931295297587,0.0,0.0,9.123742720368857e-05
365.0,573,722.2222222222223,55.55555555555556,137.5,7.086146581573628,0.0,0.0,9.123742629450484e-05
365.0,574,833.3333333333334,55.55555555555556,137.5,7.086364398877154,0.0,0.0,9.123742526090709e-05
365.0,575,944.4444444444445,55.55555555555556,137.5,7.086495693363713,0.0,0.0,9.123742535828375e-05
365.0,576,55.55555555555556,166.66666666666669,137.5,7.086364398877413,0.0,0.0,9.1237425260907e-05
365.0,577,166.66666666666669,166.66666666666669,137.5,7.086189297407974,0.0,0.0,9.123742613348239e-05
365.0,578,277.77777777777777,166.66666666666669,137.5,7.085884026554695,0.0,0.0,9.123742660322813e-05
365.0,579,388.8888888888889,166.66666666666669,137.5,7.085554475581909,0.0,0.0,9.123742847472672e-05
365.0,580,500.0,166.66666666666669,137.5,7.085382852941895,0.0,0.0,9.123742961111745e-05
365.0,581,611.1111111111111,166.66666666666669,137.5,7.085554475581761,0.0,0.0,9.123742847472663e-05
365.0,582,722.2222222222223,166.66666666666669,137.5,7.085884026554556,0.0,0.0,9.123742660322817e-05
365.0,583,833.3333333333334,166.66666666666669,137.5,7.086189297407902,0.0,0.0,9.123742613348242e-05
365.0,584,944.4444444444445,166.66666666666669,137.5,7.086364398877176,0.0,0.0,9.123742526090716e-05
365.0,585,55.55555555555556,277.77777777777777,137.5,7.0861465815738,0.0,0.0,9.12374262945051e-05
365.0,586,166.66666666666669,277.77777777777777,137.5,7.085884026554746,0.0,0.0,9.123742660322828e-05
365.0,587,277.77777777777777,277.77777777777777,137.5,7.085387656960725,0.0,0.0,9.123742951384418e-05
365.0,588,388.8888888888889,277.77777777777777,137.5,7.08476409363007,0.0,0.0,9.123743032945194e-05
365.0,589,500.0,277.77777777777777,137.5,7.08433403503056,0.0,0.0,9.123743453715129e-05
365.0,590,611.1111111111111,277.77777777777777,137.5,7.084764093629904,0.0,0.0,9.123743032945173e-05
365.0,591,722.2222222222223,277.77777777777777,137.5,7.085387656960583,0.0,0.0,9.12374295138444e-05
365.0,592,833.3333333333334,277.77777777777777,137.5,7.08588402655457,0.0,0.0,9.123742660322836e-05
365.0,593,944.4444444444445,277.77777777777777,137.5,7.086146581573663,0.0,0.0,9.123742629450529e-05
365.0,594,55.55555555555556,388.8888888888889,137.5,7.085931295297645,0.0,0.0,9.123742720368837e-05
365.0,595,166.66666666666669,388.8888888888889,137.5,7.085554475581971,0.0,0.0,9.123742847472674e-05
365.0,596,277.77777777777777,388.8888888888889,137.5,7.084764093630083,0.0,0.0,9.123743032945197e-05
365.0,597,388.8888888888889,388.8888888888889,137.5,7.083531470257524,0.0,0.0,9.123744144816514e-05
365.0,598,500.0,388.8888888888889,137.5,7.082191738623088,0.0,0.0,9.123771275436487e-05
365.0,599,611.1111111111111,388.8888888888889,137.5,7.083531470257371,0.0,0.0,9.123744144816525e-05
365.0,600,722.2222222222223,388.8888888888889,137.5,7.084764093629861,0.0,0.0,9.123743032945194e-05
365.0,601,833.3333333333334,388.8888888888889,137.5,7.0855544755817625,0.0,0.0,9.123742847472691e-05
365.0,602,944.4444444444445,388.8888888888889,137.5,7.085931295297534,0.0,0.0,9.123742720368843e-05
365.0,603,55.55555555555556,500.0,137.5,7.085834387694568,0.0,0.0,9.123742683301104e-05
365.0,604,166.66666666666669,500.0,137.5,7.0853828529418585,0.0,0.0,9.123742961111729e-05
365.0,605,277.77777777777777,500.0,137.5,7.084334035030607,0.0,0.0,9.123743453715155e-05
365.0,606,388.8888888888889,500.0,137.5,7.082191738623122,0.0,0.0,9.12377127543651e-05
365.0,607,500.0,500.0,137.5,7.077640652002271,0.0,0.0,9.124466514842586e-05
365.0,608,611.1111111111111,500.0,137.5,7.082191738623063,0.0,0.0,9.123771275436488e-05
365.0,609,722.2222222222223,500.0,137.5,7.08433403503053,0.0,0.0,9.123743453715144e-05
365.0,610,833.3333333333334,500.0,137.5,7.085382852941867,0.0,0.0,9.123742961111721e-05
365.0,611,944.4444444444445,500.0,137.5,7.0858343876944865,0.0,0.0,9.123742683301127e-05
365.0,612,55.55555555555556,611.1111111111111,137.5,7.085931295297651,0.0,0.0,9.123742720368847e-05
365.0,613,166.66666666666669,611.1111111111111,137.5,7.085554475581929,0.0,0.0,9.123742847472678e-05
365.0,614,277.77777777777777,611.1111111111111,137.5,7.084764093630087,0.0,0.0,9.123743032945189e-05
365.0,615,388.8888888888889,611.1111111111111,137.5,7.083531470257512,0.0,0.0,9.123744144816507e-05
365.0,616,500.0,611.1111111111111,137.5,7.08219173862309,0.0,0.0,9.123771275436521e-05
365.0,617,611.1111111111111,611.1111111111111,137.5,7.083531470257397,0.0,0.0,9.123744144816525e-05
365.0,618,722.2222222222223,611.1111111111111,137.5,7.084764093629932,0.0,0.0,9.123743032945181e-05
365.0,619,833.3333333333334,611.1111111111111,137.5,7.085554475581775,0.0,0.0,9.123742847472659e-05
365.0,620,944.4444444444445,611.1111111111111,137.5,7.085931295297539,0.0,0.0,9.123742720368843e-05
365.0,621,55.55555555555556,722.2222222222223,137.5,7.0861465815738125,0.0,0.0,9.12374262945048e-05
365.0,622,166.66666666666669,722.2222222222223,137.5,7.0858840265547265,0.0,0.0,9.123742660322808e-05
365.0,623,277.77777777777777,722.2222222222223,137.5,7.085387656960748,0.0,0.0,9.123742951384447e-05
365.0,624,388.8888888888889,722.2222222222223,137.5,7.084764093630087,0.0,0.0,9.123743032945166e-05
365.0,625,500.0,722.2222222222223,137.5,7.0843340350305954,0.0,0.0,9.123743453715137e-05
365.0,626,611.1111111111111,722.2222222222223,137.5,7.084764093630041,0.0,0.0,9.123743032945193e-05
365.0,627,722.2222222222223,722.2222222222223,137.5,7.0853876569606475,0.0,0.0,9.12374295138442e-05
365.0,628,833.3333333333334,722.2222222222223,137.5,7.085884026554599,0.0,0.0,9.123742660322813e-05
365.0,629,944.4444444444445,722.2222222222223,137.5,7.086146581573666,0.0,0.0,9.123742629450526e-05
365.0,630,55.55555555555556,833.3333333333334,137.5,7.086364398877429,0.0,0.0,9.123742526090717e-05
365.0,631,166.66666666666669,833.3333333333334,137.5,7.086189297408014,0.0,0.0,9.123742613348224e-05
365.0,632,277.77777777777777,833.3333333333334,137.5,7.085884026554735,0.0,0.0,9.123742660322808e-05
365.0,633,388.8888888888889,833.3333333333334,137.5,7.08555447558195,0.0,0.0,9.123742847472659e-05
365.0,634,500.0,833.3333333333334,137.5,7.085382852941963,0.0,0.0,9.123742961111729e-05
365.0,635,611.1111111111111,833.3333333333334,137.5,7.085554475581964,0.0,0.0,9.123742847472657e-05
365.0,636,722.2222222222223,833.3333333333334,137.5,7.085884026554669,0.0,0.0,9.123742660322804e-05
365.0,637,833.3333333333334,833.3333333333334,137.5,7.086189297407916,0.0,0.0,9.123742613348257e-05
365.0,638,944.4444444444445,833.3333333333334,137.5,7.086364398877281,0.0,0.0,9.123742526090702e-05
365.0,639,55.55555555555556,944.4444444444445,137.5,7.086495693364051,0.0,0.0,9.123742535828379e-05
365.0,640,166.66666666666669,944.4444444444445,137.5,7.086364398877448,0.0,0.0,9.123742526090716e-05
365.0,641,277.77777777777777,944.4444444444445,137.5,7.086146581573839,0.0,0.0,9.123742629450494e-05
365.0,642,388.8888888888889,944.4444444444445,137.5,7.085931295297755,0.0,0.0,9.123742720368842e-05
365.0,643,500.0,944.4444444444445,137.5,7.0858343876946,0.0,0.0,9.123742683301126e-05
365.0,644,611.1111111111111,944.4444444444445,137.5,7.085931295297741,0.0,0.0,9.12374272036884e-05
365.0,645,722.2222222222223,944.4444444444445,137.5,7.086146581573879,0.0,0.0,9.123742629450495e-05
365.0,646,833.3333333333334,944.4444444444445,137.5,7.086364398877339,0.0,0.0,9.123742526090716e-05
365.0,647,944.4444444444445,944.4444444444445,137.5,7.086495693363947,0.0,0.0,9.123742535828383e-05
365.0,648,55.55555555555556,55.55555555555556,142.5,7.574829388446656,0.0,0.0,9.742968080792599e-05
365.0,649,166.66666666666669,55.55555555555556,142.5,7.574698104830713,0.0,0.0,9.742968066143492e-05
365.0,650,277.77777777777777,55.55555555555556,142.5,7.574480305568633,0.0,0.0,9.742968041841854e-05
365.0,651,388.8888888888889,55.55555555555556,142.5,7.574265037199354,0.0,0.0,9.74296802201314e-05
365.0,652,500.0,55.55555555555556,142.5,7.574168138097367,0.0,0.0,9.74296800816982e-05
365.0,653,611.1111111111111,55.55555555555556,142.5,7.574265037199314,0.0,0.0,9.742968022013122e-05
365.0,654,722.2222222222223,55.55555555555556,142.5,7.574480305568485,0.0,0.0,9.742968041841872e-05
365.0,655,833.3333333333334,55.55555555555556,142.5,7.574698104830518,0.0,0.0,9.742968066143494e-05
365.0,656,944.4444444444445,55.55555555555556,142.5,7.57482938844636,0.0,0.0,9.742968080792615e-05
365.0,657,55.55555555555556,166.66666666666669,142.5,7.574698104830773,0.0,0.0,9.742968066143492e-05
365.0,658,166.66666666666669,166.66666666666669,142.5,7.574523017855221,0.0,0.0,9.742968046643495e-05
365.0,659,277.77777777777777,166.66666666666669,142.5,7.574217772423068,0.0,0.0,9.742968012938562e-05
365.0,660,388.8888888888889,166.66666666666669,142.5,7.573888250739094,0.0,0.0,9.742967980382622e-05
365.0,661,500.0,166.66666666666669,142.5,7.573716657721721,0.0,0.0,9.742967993460579e-05
365.0,662,611.1111111111111,166.66666666666669,142.5,7.573888250738951,0.0,0.0,9.742967980382633e-05
365.0,663,722.2222222222223,166.66666666666669,142.5,7.574217772422928,0.0,0.0,9.742968012938551e-05
365.0,664,833.3333333333334,166.66666666666669,142.5,7.57452301785514,0.0,0.0,9.742968046643505e-05
365.0,665,944.4444444444445,166.66666666666669,142.5,7.574698104830541,0.0,0.0,9.742968066143484e-05
365.0,666,55.55555555555556,277.77777777777777,142.5,7.574480305568658,0.0,0.0,9.742968041841858e-05
365.0,667,166.66666666666669,277.77777777777777,142.5,7.574217772423115,0.0,0.0,9.742968012938562e-05
365.0,668,277.77777777777777,277.77777777777777,142.5,7.573721447013996,0.0,0.0,9.742967964106422e-05
365.0,669,388.8888888888889,277.77777777777777,142.5,7.573097984518069,0.0,0.0,9.742967997203695e-05
365.0,670,500.0,277.77777777777777,142.5,7.572668460207408,0.0,0.0,9.742969061548851e-05
365.0,671,611.1111111111111,277.77777777777777,142.5,7.573097984517908,0.0,0.0,9.742967997203695e-05
365.0,672,722.2222222222223,277.77777777777777,142.5,7.573721447013852,0.0,0.0,9.742967964106431e-05
365.0,673,833.3333333333334,277.77777777777777,142.5,7.5742177724229425,0.0,0.0,9.742968012938551e-05
365.0,674,944.4444444444445,277.77777777777777,142.5,7.574480305568519,0.0,0.0,9.742968041841865e-05
365.0,675,55.55555555555556,388.8888888888889,142.5,7.574265037199378,0.0,0.0,9.742968022013139e-05
365.0,676,166.66666666666669,388.8888888888889,142.5,7.573888250739151,0.0,0.0,9.742967980382645e-05
365.0,677,277.77777777777777,388.8888888888889,142.5,7.573097984518084,0.0,0.0,9.742967997203695e-05
365.0,678,388.8888888888889,388.8888888888889,142.5,7.571866508393604,0.0,0.0,9.74296979592951e-05
365.0,679,500.0,388.8888888888889,142.5,7.570541719111967,0.0,0.0,9.742974046886127e-05
365.0,680,611.1111111111111,388.8888888888889,142.5,7.5718665083934535,0.0,0.0,9.742969795929513e-05
365.0,681,722.2222222222223,388.8888888888889,142.5,7.573097984517869,0.0,0.0,9.742967997203695e-05
365.0,682,833.3333333333334,388.8888888888889,142.5,7.5738882507389516,0.0,0.0,9.742967980382642e-05
365.0,683,944.4444444444445,388.8888888888889,142.5,7.574265037199266,0.0,0.0,9.742968022013135e-05
365.0,684,55.55555555555556,500.0,142.5,7.574168138097417,0.0,0.0,9.74296800816982e-05
365.0,685,166.66666666666669,500.0,142.5,7.573716657721694,0.0,0.0,9.742967993460599e-05
365.0,686,277.77777777777777,500.0,142.5,7.572668460207456,0.0,0.0,9.742969061548833e-05
365.0,687,388.8888888888889,500.0,142.5,7.5705417191120015,0.0,0.0,9.742974046886128e-05
365.0,688,500.0,500.0,142.5,7.566320975601653,0.0,0.0,9.742974047467911e-05
365.0,689,611.1111111111111,500.0,142.5,7.570541719111941,0.0,0.0,9.742974046886117e-05
365.0,690,722.2222222222223,500.0,142.5,7.572668460207376,0.0,0.0,9.742969061548843e-05
365.0,691,833.3333333333334,500.0,142.5,7.573716657721692,0.0,0.0,9.742967993460598e-05
365.0,692,944.4444444444445,500.0,142.5,7.574168138097336,0.0,0.0,9.742968008169824e-05
365.0,693,55.55555555555556,611.1111111111111,142.5,7.574265037199383,0.0,0.0,9.742968022013119e-05
365.0,694,166.66666666666669,611.1111111111111,142.5,7.573888250739113,0.0,0.0,9.742967980382631e-05
365.0,695,277.77777777777777,611.1111111111111,142.5,7.573097984518086,0.0,0.0,9.742967997203696e-05
365.0,696,388.8888888888889,611.1111111111111,142.5,7.571866508393593,0.0,0.0,9.74296979592951e-05
365.0,697,500.0,611.1111111111111,142.5,7.570541719111969,0.0,0.0,9.742974046886125e-05
365.0,698,611.1111111111111,611.1111111111111,142.5,7.571866508393483,0.0,0.0,9.742969795929513e-05
365.0,699,722.2222222222223,611.1111111111111,142.5,7.573097984517936,0.0,0.0,9.742967997203695e-05
365.0,700,833.3333333333334,611.1111111111111,142.5,7.573888250738964,0.0,0.0,9.742967980382652e-05
365.0,701,944.4444444444445,611.1111111111111,142.5,7.574265037199271,0.0,0.0,9.742968022013118e-05
365.0,702,55.55555555555556,722.2222222222223,142.5,7.5744803055686685,0.0,0.0,9.74296804184186e-05
365.0,703,166.66666666666669,722.2222222222223,142.5,7.574217772423098,0.0,0.0,9.742968012938561e-05
365.0,704,277.77777777777777,722.2222222222223,142.5,7.573721447014019,0.0,0.0,9.742967964106411e-05
365.0,705,388.8888888888889,722.2222222222223,142.5,7.573097984518086,0.0,0.0,9.742967997203695e-05
365.0,706,500.0,722.2222222222223,142.5,7.572668460207446,0.0,0.0,9.742969061548843e-05
365.0,707,611.1111111111111,722.2222222222223,142.5,7.573097984518041,0.0,0.0,9.742967997203681e-05
365.0,708,722.2222222222223,722.2222222222223,142.5,7.573721447013918,0.0,0.0,9.742967964106431e-05
365.0,709,833.3333333333334,722.2222222222223,142.5,7.57421777242297,0.0,0.0,9.742968012938562e-05
365.0,710,944.4444444444445,722.2222222222223,142.5,7.574480305568524,0.0,0.0,9.742968041841874e-05
365.0,711,55.55555555555556,833.3333333333334,142.5,7.57469810483079,0.0,0.0,9.74296806614349e-05
365.0,712,166.66666666666669,833.3333333333334,142.5,7.5745230178552605,0.0,0.0,9.742968046643502e-05
365.0,713,277.77777777777777,833.3333333333334,142.5,7.574217772423107,0.0,0.0,9.742968012938562e-05
365.0,714,388.8888888888889,833.3333333333334,142.5,7.573888250739136,0.0,0.0,9.742967980382641e-05
365.0,715,500.0,833.3333333333334,142.5,7.573716657721791,0.0,0.0,9.742967993460578e-05
365.0,716,611.1111111111111,833.3333333333334,142.5,7.573888250739146,0.0,0.0,9.742967980382622e-05
365.0,717,722.2222222222223,833.3333333333334,142.5,7.574217772423042,0.0,0.0,9.742968012938551e-05
365.0,718,833.3333333333334,833.3333333333334,142.5,7.574523017855161,0.0,0.0,9.742968046643493e-05
365.0,719,944.4444444444445,833.3333333333334,142.5,7.574698104830643,0.0,0.0,9.742968066143492e-05
365.0,720,55.55555555555556,944.4444444444445,142.5,7.574829388446693,0.0,0.0,9.742968080792621e-05
365.0,721,166.66666666666669,944.4444444444445,142.5,7.574698104830808,0.0,0.0,9.742968066143502e-05
365.0,722,277.77777777777777,944.4444444444445,142.5,7.574480305568696,0.0,0.0,9.742968041841851e-05
365.0,723,388.8888888888889,944.4444444444445,142.5,7.574265037199482,0.0,0.0,9.742968022013133e-05
365.0,724,500.0,944.4444444444445,142.5,7.574168138097451,0.0,0.0,9.742968008169822e-05
365.0,725,611.1111111111111,944.4444444444445,142.5,7.57426503719947,0.0,0.0,9.742968022013133e-05
365.0,726,722.2222222222223,944.4444444444445,142.5,7.574480305568729,0.0,0.0,9.742968041841854e-05
365.0,727,833.3333333333334,944.4444444444445,142.5,7.5746981048307,0.0,0.0,9.742968066143491e-05
365.0,728,944.4444444444445,944.4444444444445,142.5,7.574829388446586,0.0,0.0,9.742968080792609e-05
