time_days,dt_days,pressure_mean_bar,pressure_min_bar,pressure_max_bar,free_H2_kg,dissolved_H2_kg,gas_phase_production_kg_day,water_phase_production_kg_day,produced_dry_gas_H2_mole_fraction,bhp_bar,H2_kg,native_H2_kg,H2_rate_kg_day,H2_produced_kg,H2_supplied_kg,H2_balance_residual_kg,H2_physical_balance_residual_kg,N2_kg,native_N2_kg,N2_rate_kg_day,N2_produced_kg,N2_supplied_kg,N2_balance_residual_kg,N2_physical_balance_residual_kg,CH4_kg,native_CH4_kg,CH4_rate_kg_day,CH4_produced_kg,CH4_supplied_kg,CH4_balance_residual_kg,CH4_physical_balance_residual_kg,H2O_kg,native_H2O_kg,H2O_rate_kg_day,H2O_produced_kg,H2O_supplied_kg,H2O_balance_residual_kg,H2O_physical_balance_residual_kg
0.0,0.0,6.434540057784027,5.999557826243381,7.7100319676250875,872958.8128822612,25222.797731826613,0.0,0.0,0.0,6.0,898181.6106140763,898181.4109560957,0.0,0.0,0.0,0.0,0.0,126620.51583094963,126620.48957179357,0.0,0.0,0.0,0.0,0.0,74405.3770680575,74405.36163977478,0.0,0.0,0.0,0.0,0.0,2616886244.923656,2616885752.908214,0.0,0.0,0.0,0.0,0.0
0.0001,0.0001,6.434539939416159,5.999557820780091,7.710031967622356,872958.8057630305,25222.797686743772,92.52481378486215,6.914113129593217e-09,0.9800016540369257,2.9999999999999996,898181.6034497686,898181.4037812045,71.74881945685877,0.007174881945685877,0.0,-9.24119220816616e-09,1.0574308545722132e-05,126620.51481501825,126620.48855432835,10.174646297259587,0.0010174646297259587,0.0,-5.97324748040709e-10,1.5332472998979673e-06,74405.37648645957,74405.3610572808,5.824949568089814,0.0005824949568089814,0.0,9.69641727262445e-10,8.970329257444081e-07,2616886244.9309435,2616885752.90773,4.776398469568083,0.00047763984695680826,0.0,-6.349868619363614e-06,0.007765142135775168
0.00025,0.00015000000000000001,6.43453976390065,5.999557800309133,7.710031967616354,872958.795084359,25222.797619120644,92.52325768172894,7.035839922094306e-09,0.9800016538911044,2.9999999999999996,898181.592703464,898181.393019085,71.74759488151777,0.017937021177913542,0.0,1.0558124180493067e-08,2.640889650165623e-05,126620.51329114778,126620.48702815497,10.174472572662172,0.0025436355156252845,0.0,-3.0902319834991143e-09,3.833667737127705e-06,74405.3756140786,74405.36018355121,5.824850276483714,0.0014562224982815385,0.0,-1.0754869729165395e-09,2.2436010927483555e-06,2616886244.9420133,2616885752.907004,4.776339958101111,0.0011940908406719748,0.0,-1.6121866847556426e-05,0.01955136775717588
0.00047500000000000005,0.00022500000000000005,6.4345395050284235,5.999557742036805,7.71003196758584,872958.7790666971,25222.797517688283,92.52092719382748,7.218930995277517e-09,0.9800016536733299,2.9999999999999996,898181.5765843828,898181.3768763343,71.74576089863592,0.034079817380106625,0.0,5.6019334671031373e-08,5.0123920945999156e-05,126620.51100541007,126620.48473895215,10.17421239398076,0.004832833304270956,0.0,-8.12256164585412e-09,7.293737461644065e-06,74405.3743055449,74405.3588729906,5.824701572446617,0.0027667803520820275,0.0,-3.8265931248324114e-09,4.267757154925202e-06,2616886244.958948,2616885752.905906,4.776252335983092,0.002268747616268171,0.0,-3.914422943495418e-05,0.03756089620635606
0.0008125000000000001,0.0003375,6.434539126057152,5.99955759279069,7.7100319674253255,872958.7550410102,25222.797365545204,92.51743960692399,7.494670201472667e-09,0.9800016533488124,2.9999999999999996,898181.5524065446,898181.352663177,71.7430163226683,0.058293085389007175,0.0,1.6666686191574298e-07,8.55536965469958e-05,126620.50757694675,126620.48130527606,10.173823032825982,0.008266498577849725,0.0,-1.8936280375345116e-08,1.2495696264104919e-05,74405.37234283114,74405.35690722057,5.824479034830243,0.004732542026337235,0.0,-1.2184594759372114e-08,7.31566514912841e-06,2616886244.9848976,2616885752.904211,4.776121224094137,0.003880688529399942,0.0,-0.00012235941371529233,0.0651223152689019
0.00131875,0.00050625,6.434538576875297,5.999557230410644,7.710031966611506,872958.7190042549,25222.797137342204,92.51222646712748,7.91071479883051e-09,0.9800016528680752,2.9999999999999996,898181.5161415952,898181.3163455795,71.73891378884463,0.09461091049460976,0.0,3.942798665057534e-07,0.0001384294403558861,126620.50243458917,126620.47615501308,10.17324102087802,0.013416701844669223,0.0,-7.864890219991261e-08,2.0341384349666786e-05,74405.36939894973,74405.35395873022,5.82414638953592,0.007681016136039794,0.0,-2.8424700908129263e-08,1.1908365841768916e-05,2616886245.0250015,2616885752.9016347,4.77592527577962,0.0062985007002633745,0.0,-0.0002808984086233443,0.10764403979328095
0.002078125,0.0007593750000000001,6.434537791384305,5.999446878912911,7.710031962751656,872958.6649530937,25222.79679506238,92.50444751896099,8.540150568406507e-09,0.9800016521581177,2.9999999999999996,898181.4617481538,898181.2618739853,71.73279200934991,0.14908299942670986,0.0,8.890468873035129e-07,0.00021707695613279454,126620.49472201739,126620.46843030404,10.172372541006288,0.021141347242995875,0.0,-1.4228815048769605e-07,3.241500282824203e-05,74405.36498355631,74405.34953636116,5.8236500161980915,0.01210335036709022,0.0,-6.32574823477422e-08,1.8849182799944922e-05,2616886245.0873904,2616885752.897679,4.775632960946839,0.009924996979982382,0.0,-0.0006102431933574619,0.17365943301513864
0.0032171875,0.0011390624999999999,6.434536685243249,5.999226983215209,7.710031945907761,872958.5838852476,25222.796281694373,92.49286978369054,9.49503309136945e-09,0.9800016511167681,2.9999999999999996,898181.3801669395,898181.1801773485,71.72368058184487,0.23078075433946754,0.0,2.007217664079519e-06,0.00033361754245664343,126620.48315481715,126620.45684467109,10.17107991879418,0.03272684296299737,0.0,-2.7951844934481773e-07,5.0710479822344e-05,74405.35836141536,74405.34290362196,5.822911228766714,0.018736010188607304,0.0,-1.4263377730652782e-07,2.9368053677297085e-05,2616886245.1849546,2616885752.8914895,4.7751980637798335,0.015364246024506598,0.0,-0.0013603404623098083,0.27666290248812964
0.00492578125,0.0017085937499999996,6.4345351526151315,5.998900378201192,7.710031879377423,872958.462300804,25222.795511756092,92.47570369843218,1.0948737562809583e-08,0.9800016495646949,2.9999999999999996,898181.2578125644,898181.0576538086,71.71017093883799,0.35330430421699777,0.0,2.017162749612389e-06,0.0005027923379187227,126620.46580800472,126620.43946970056,10.169163330811699,0.050101811872751416,0.0,-2.811368760083366e-07,7.886696288172262e-05,74405.34843049065,74405.33295650221,5.821815821874949,0.028683128315513954,0.0,-1.4425322785935335e-07,4.5561464411206926e-05,2616886245.3394184,2616885752.8833394,4.774553617856289,0.02352201849501574,0.0,-0.0013526686998084798,0.43928444296400987
0.007488671874999999,0.0025628906249999996,6.434533057524826,5.998417608979374,7.710031646075501,872958.2799904024,25222.794356670263,92.45039610514179,1.5169667863306e-08,0.9800016470543657,2.9999999999999996,898181.0743470715,898180.8739195241,71.69025315313972,0.5370385819270562,0.0,2.0103917743874433e-06,0.0007715771363403512,126620.43978673859,126620.41341449137,10.166337742376871,0.07615702356327277,0.0,-2.7863950051443265e-07,0.0001128125155712284,74405.33353347566,74405.31803996481,5.820200889195937,0.04359966661005088,0.0,-1.4336100506717742e-07,6.508476954691922e-05,2616886245.5336185,2616885752.8710666,4.773604335598927,0.03575624429418158,0.0,-0.0013912776784746686,0.6457187076730878
0.011333007812499999,0.0038443359374999994,6.434530213213705,5.997709010263859,7.710030934693217,872958.0066220332,25222.792624487047,92.41339218396868,2.1726445102895873e-08,0.9800016434216404,2.9999999999999996,898180.7992465082,898180.5984300753,71.66112862620355,0.8125280340265805,0.0,2.0136887529664804e-06,0.0011604659322971278,126620.40077134581,126620.37434755403,10.162206028833051,0.11522395740419482,0.0,-2.821431928784479e-07,0.00016435358363990626,74405.31119739676,74405.29567423531,5.81783946947051,0.06596539596114229,0.0,-1.4350905627735777e-07,9.47352256152334e-05,2616886245.8301406,2616885752.8527303,4.772218081188025,0.054102253765279995,0.0,-0.0013815642889192237,0.9605868576471159
0.01709951171875,0.00576650390625,6.43452634770107,5.996679487347814,7.7100290833668135,872957.5967705116,25222.790027421892,92.35992974637166,3.1041819293266304e-08,0.980001638372313,2.9999999999999996,898180.3867979263,898180.1854385603,71.61904725310184,1.2255195497734954,0.0,2.0144241412722863e-06,0.0017033997890090191,126620.34228815393,126620.31578158194,10.15623607634924,0.17378993241125987,0.0,-2.792179790434002e-07,0.0002471367084448117,74405.27771611813,74405.26214531617,5.814427461740826,0.09949431463187802,0.0,-1.439808750558491e-07,0.00014237526498045439,2616886246.2971735,2616885752.8252296,4.770218986221558,0.08160974018299452,0.0,-0.0013747072962535245,1.455127253458141
0.025749267578125,0.008649755859375,6.4345210668246065,5.99520521107127,7.7100250226708935,872956.9824956215,25222.786133375354,92.28399248071337,5.1733901815532364e-08,0.9800016308480299,2.9999999999999996,898179.768628999,898179.5664683473,71.55926894056485,1.8444897555847377,0.0,2.007243102841727e-06,0.0025046783367828063,126620.25462076112,126620.22800597145,10.147755642108523,0.26156554123609377,0.0,-2.8088233383627426e-07,0.00035535271909603594,74405.2275269475,74405.21189386114,5.809580694455448,0.14974576928425593,0.0,-1.4436018175301157e-07,0.00020465929474228206,2616886246.8987045,2616885752.7839956,4.767387255318452,0.122846476028595,0.0,-0.0013719878691100806,2.0978950180513003
0.0387239013671875,0.012974633789062502,6.434513834563472,5.993135934517396,7.710017544351793,872956.0620615588,25222.780297265606,92.17863726494951,8.55677019005212e-08,0.9800016204507962,2.9999999999999996,898178.8423588405,898178.6390892704,71.47632000622063,2.771868832255292,0.0,2.0069624735441494e-06,0.003613596511582884,126620.12326878062,126620.09649523947,10.135987976818914,0.39307627332565975,0.0,-2.8077518432478854e-07,0.0005141043115327593,74405.15232844172,74405.13660393975,5.802855316084418,0.2250356919413658,0.0,-1.4308702739329604e-07,0.00029607616502252965,2616886247.7520947,2616885752.722195,4.763474051393246,0.18465080740912426,0.0,-0.0013681363774968314,3.013089566259222
0.05818585205078125,0.01946195068359375,6.434503980186184,5.9903075885342565,7.710005924766396,872954.68343909,25222.771553219976,92.03695205868716,1.3993738539182504e-07,0.9800016061716065,2.9999999999999996,898177.4549923149,898177.2501921636,71.36474312468589,4.160765943495265,0.0,2.0114525094427904e-06,0.005144182155548016,126619.92652894584,126619.89953720631,10.12015890572048,0.5900343068589238,0.0,-2.804061849381867e-07,0.0007323030678336728,74405.03969535598,74405.02384511313,5.793809012444794,0.3377945172117274,0.0,-1.4444115148393166e-07,0.00042181569849564227,2616886248.891212,2616885752.629589,4.758241155773384,0.277255462123432,0.0,-0.001369549320659802,4.244811461879292
0.08737877807617188,0.029192926025390628,6.434490711971425,5.98656643419819,7.709990547451731,872952.619468302,25222.758457963584,91.85363666860451,2.0540036616699996e-07,0.980001587456443,2.9999999999999996,898175.3779262723,898175.1710620822,71.22033869105631,6.239896022406537,0.0,2.0089039018955646e-06,0.007208218489903828,126619.63198952793,126619.60469821596,10.099672440043692,0.8848732972817958,0.0,-2.8033007437588964e-07,0.0010318755792683154,74404.87107262565,74404.85504865495,5.782101396448058,0.5065909755495434,0.0,-1.4428304873081998e-07,0.0005955437073773551,2616886250.4012485,2616885752.490875,4.751524346456809,0.41596636087738814,0.0,-0.0013729640737837334,5.893558829139107
0.13116816711425783,0.04378938903808595,6.434473044361344,5.981793315930698,7.709973103826663,872949.5309714595,25222.73885405513,91.62649862963848,2.370944559058853e-07,0.9800015634074521,2.9999999999999996,898172.2698255196,898172.0602052496,71.04133899819766,9.350752853585162,0.0,2.0074953663851147e-06,0.00996429697306489,126619.1912346008,126619.16355174688,10.074277773179583,1.3260197659692987,0.0,-2.8072094737652264e-07,0.0014234171394984507,74404.61873814801,74404.60248943327,5.767589526371929,0.7591501971318336,0.0,-1.4438510909098312e-07,0.0008202876478150545,2616886252.296672,2616885752.283167,4.743292568983755,0.6236722445020799,0.0,-0.0013749623765821894,7.996688125086797
0.19685225067138673,0.0656840835571289,6.434449388846746,5.975896947027602,7.709956231142637,872944.9115517247,25222.709518160395,91.3562838465809,1.083057721292075e-07,0.9800015334236963,2.9999999999999996,898167.6210698894,898167.4079150477,70.82827306234442,14.003043059619335,0.0,2.011667197265865e-06,0.013498872761806169,126618.53199178308,126618.50381753746,10.044049840898907,1.9857539749708697,0.0,-2.811367418864563e-07,0.0019148084164801737,74404.24131734383,74404.22478515064,5.750316707245912,1.1368544802105285,0.0,-1.4393234182286108e-07,0.0011037665396693708,2616886254.6162796,2616885751.9722443,4.733644344397425,0.9345973351492111,0.0,-0.0013724944101151104,10.627220950414104
0.29537837600708006,0.09852612533569333,6.434416252192332,5.968744328203695,7.709942596246853,872938.0054466926,25222.66563327295,91.04377737996526,0.0,0.9800014972935612,2.9999999999999996,898160.6710799618,898160.4537759026,70.58167682275258,20.957182196661257,0.0,2.003617943557856e-06,0.01764808222035441,126617.54642378309,126617.51766323202,10.009064112680951,2.9719082802298633,0.0,-2.8132079954446e-07,0.002501113686330214,74403.67706876359,74403.66019825212,5.73032682156348,1.7014413788463771,0.0,-1.4381219259895772e-07,0.0014420849373182332,2616886257.2849984,2616885751.506933,4.722709622968259,1.3999076153858667,0.0,-0.0013732645884985129,13.761250045500613
0.4431675640106201,0.14778918800354002,6.43436464580799,5.96005078454451,7.709933679853866,872927.6855393634,25222.600004169613,90.6862909230241,0.0,0.9800014534977041,2.9999999999999996,898150.2855435353,898150.0642989394,70.29930338521842,31.3466591611772,0.0,2.0049314173320454e-06,0.021588620174412654,126616.07369838178,126616.04435260556,9.969001433181596,4.4452189072458985,0.0,-2.807659349457481e-07,0.0030863393900197877,74402.83390867901,74402.81670054053,5.70743856870693,2.544939090495661,0.0,-1.43760501281065e-07,0.0017797120068800965,2616886259.852469,2616885750.810767,4.7105475359171365,2.0960756107711367,0.0,-0.0013713077164121401,17.024888591422993
0.6648513460159301,0.22168378200531003,6.434273317403008,5.949348391430495,7.709929117748312,872912.2830155743,25222.501976895637,90.22851219368295,9.41901937926688e-09,0.980001399254573,2.9999999999999996,898134.7849924731,898134.56017679,69.93800814785943,46.850781313312865,0.0,2.007635004019903e-06,0.02515971013966123,126613.8756017143,126613.84574984778,9.917742906002728,6.643821663604918,0.0,-2.8218737924134984e-07,0.003592428274437509,74401.57544821418,74401.55794654945,5.67815100970644,3.8036930811246545,0.0,-1.442061350331869e-07,0.0020732378067602752,2616886262.2708297,2616885749.770047,4.694610139533369,3.1367945415433702,0.0,-0.0013723629060926612,20.48396823233927
0.9973770190238951,0.332525673007965,6.434098132881284,5.936120365900949,7.709926053101335,872889.3556989743,25222.356024583187,89.56889460785763,2.0681032474491666e-07,0.9800013334185038,2.9999999999999996,898111.7117235556,898111.4766412778,69.41880698832337,69.93431682651511,0.0,2.0086264527208186e-06,0.03542630583628181,126610.60360680996,126610.57233818043,9.844087041108935,9.917233332098654,0.0,-2.810464181379757e-07,0.0050091924296751245,74399.70213488402,74399.68381439643,5.6360525087695175,5.6778252347114675,0.0,-1.4364445188874697e-07,0.002892061236029697,2616886270.2602944,2616885748.2171707,4.669948276466127,4.689672235087655,0.0,-0.0013711418349524607,30.026310685710214
1.4961655285358426,0.49878850951194753,6.433758726392501,5.919859718580333,7.709901336127758,872855.2507349002,25222.138835060625,88.83624913948474,0.0,0.9800012522669815,2.9999999999999996,898077.3895699611,898077.1394000103,68.84128365201774,104.27155809219424,0.0,2.0068693942221216e-06,0.050513977054137627,126605.73645833737,126605.70308761866,9.762154638174156,14.786483893698687,0.0,-2.812118964357069e-07,0.007111281436891659,74396.9155065788,74396.8959704584,5.589230474163778,8.465669172238375,0.0,-1.4414679938568042e-07,0.0041076935494110955,2616886284.1799016,2616885745.901003,4.643580375129067,7.005836769197213,0.0,-0.0013744391462928718,46.26208238229536
2.244348292803764,0.7481827642679213,6.4331208713470485,5.9003334742860005,7.7097535460368665,872804.5613637887,25221.81594921371,88.03328860317086,4.5580053663289905e-09,0.9800011553239837,2.9999999999999996,898026.3773130024,898026.1077671557,68.20744248009191,155.30319095059465,0.0,2.0106665772345877e-06,0.06988987669981839,126598.50259139256,126598.46649210677,9.672229644042325,22.023079405412407,0.0,-2.81385748479579e-07,0.009839848343379032,74392.77376046505,74392.75264823335,5.537847733231592,12.608991397382429,0.0,-1.440516506079348e-07,0.005683804932719028,2616886306.339362,2616885742.447568,4.615768750363033,10.459275392065315,0.0,-0.0013707604310226884,71.87498154974963
2.992531057071685,0.7481827642679213,6.43238947281735,5.884247288950269,7.709443764984864,872754.3409123607,25221.496100109794,87.24262727475566,2.1740349460679293e-07,0.980001077008568,2.9999999999999996,897975.8370124678,897975.5416007725,67.58531309758298,205.86935732785724,0.0,2.004714872327895e-06,0.09575571938995608,126591.33569842947,126591.29592772818,9.583974292427357,29.1936437841934,0.0,-2.8120194528469256e-07,0.01351126402659375,74388.67030867311,74388.6470705933,5.487399384198163,16.7145690372939,0.0,-1.4418642990676744e-07,0.007809652911731746,2616886335.872351,2616885739.016441,4.585940717950659,13.890397195190454,0.0,-0.001376028686498998,104.83909237799075
4.114805203473567,1.1222741464018822,6.431006099451348,5.865091492371282,7.708507475519895,872679.7571212662,25221.021417924963,86.40915595140048,0.0,0.9800009848777884,2.9999999999999996,897900.7785391891,897900.4296645664,66.92833159402326,280.9812935376418,0.0,2.008384967666643e-06,0.14921865052258454,126580.692078884,126580.64468029409,9.49077145576754,39.84489121841027,0.0,-2.810703136901793e-07,0.021139152784527937,74382.5761433963,74382.54848568549,5.434131159094371,22.813153945302403,0.0,-1.4399127223896357e-07,0.01222928411145574,2616886399.0195384,2616885733.9034495,4.5559217425153005,19.003390379845587,0.0,-0.0013741770391781927,173.09927279561708
5.79821642307639,1.6834112196028226,6.428671774396043,5.843444072881704,7.706040992507681,872569.1066612863,25220.317224084843,85.46652396984759,7.597957496088167e-08,0.9800008837788384,2.9999999999999996,897789.4238853729,897789.0122611205,66.18549416072723,392.39869698276715,0.0,2.0075819406883966e-06,0.21196827944339702,126564.90141672536,126564.84520790227,9.385390929709809,55.64436360984233,0.0,-2.814619080027114e-07,0.02994938557218063,74373.53477774034,74373.50200631787,5.373897513727898,31.85963331290766,0.0,-1.4400795578239922e-07,0.01734299574816589,2616886487.0231824,2616885726.2914977,4.521741441662229,26.615340654882825,0.0,-0.0013757300048702348,268.7148670602173
7.79821642307639,2.0,6.425646719598804,5.824228311153488,7.701911902588033,872439.0323700749,25219.48977590928,84.58440774996816,0.0,0.9800007982772629,2.9999999999999996,897658.5221459841,897658.0299962598,65.49113242865143,523.38096184007,0.0,2.0042351707161288e-06,0.292493747925505,126546.33898480482,126546.27142408512,9.286891908880751,74.21814742760384,0.0,-2.808484680372203e-07,0.04130128279561518,74362.90620314093,74362.8668345192,5.317585899408677,42.494805111725015,0.0,-1.4385963709173666e-07,0.023940195155461197,2616886609.070592,2616885717.3139067,4.4887975130273166,35.59293568093746,0.0,-0.001371741700481266,399.73987162072626
9.79821642307639,2.0,6.42249133155533,5.809293655026777,7.696935280597523,872309.8880832935,25218.66854566919,83.97833268918954,0.0,0.9800007346972569,2.9999999999999996,897528.5566289636,897528.0037177445,65.01313925952446,653.4072403591189,0.0,2.0079377236470464e-06,0.3532552464229184,126527.90951399828,126527.83325491945,9.219084582842747,92.65631659328933,0.0,-2.80837454624816e-07,0.04999964193844164,74352.35362845399,74352.3091861516,5.278824183738719,53.052453479202455,0.0,-1.4397991776604613e-07,0.029013875694005264,2616886746.234503,2616885708.3793335,4.467284663083619,44.52750500710469,0.0,-0.001375589056195281,545.8383518126772
11.79821642307639,2.0,6.4193020258098965,5.797403972995609,7.691426329834658,872181.5250464472,25217.852063164657,83.46734277384662,2.253057125478145e-08,0.9800006873397595,2.9999999999999996,897399.3771096148,897398.782491815,64.6106129643377,782.6284662877943,0.0,2.0071665858267806e-06,0.3949618263204684,126509.59134641092,126509.50928375413,9.161985582599717,110.98028775848877,0.0,-2.8095303150621476e-07,0.05580321977402036,74341.8647069895,74341.81683212075,5.24617701550971,63.54480751022187,0.0,-1.4381235757809918e-07,0.032446442219807636,2616886863.7909794,2616885699.4822025,4.448567233930068,53.42463947496483,0.0,-0.0013720873825846525,672.2919628735549
13.79821642307639,2.0,6.416141605092309,5.787751365345284,7.685638190014581,872053.8798461646,25217.039982762235,83.00303585471059,1.6972509712708578e-07,0.9800006519800554,2.9999999999999996,897270.9198289274,897270.2913262659,64.2455827732104,911.119631834215,0.0,2.0044423081344576e-06,0.42884668533554304,126491.3756579011,126491.28886612238,9.11020881552493,129.20070538953863,0.0,-2.8164956233922567e-07,0.060532341000936185,74331.43435592244,74331.38370259288,5.216564763659411,73.9779370375407,0.0,-1.4436153605856816e-07,0.03522490248070653,2616886969.833564,2616885690.620842,4.430679672040946,62.28599881904672,0.0,-0.0013732932274521659,787.1959066368873
15.79821642307639,2.0,6.4130078811149,5.77969741990003,7.679736344765402,871926.8035405584,25216.231482912193,82.63785606942943,1.4733566259976773e-07,0.9800006245831536,2.9999999999999996,897143.0350234697,897142.37483034,63.95824796490958,1039.0361277640343,0.0,2.0083982690266566e-06,0.4605371574882611,126473.24124035983,126473.14996024813,9.069452937858264,147.33961126525514,0.0,-2.801828031806508e-07,0.06502067545056889,74321.05049633565,74320.99719305188,5.193254770656947,84.3644465788546,0.0,-1.440477603864565e-07,0.037874857009057905,2616887074.116959,2616885681.7870407,4.416900543340299,71.11979990572732,0.0,-0.0013734760781005662,900.3131030139426
17.79821642307639,2.0,6.409907671753791,5.77281985418017,7.673825281321669,871800.238067882,25215.426653192877,82.34184893300691,0.0,0.9800006031509237,2.9999999999999996,897015.6647210733,897014.9245117924,63.725159273129165,1166.4864463102926,0.0,2.006992417591391e-06,0.5405533073858351,126455.17984764007,126455.07717683734,9.036391704697765,165.41239467465067,0.0,-2.8158382292531314e-07,0.07641136509056423,74310.70843913557,74310.6485034724,5.1743447898292505,94.7131361585131,0.0,-1.4386691304935084e-07,0.044507236591613264,2616887215.264991,2616885672.9751344,4.405953165350741,79.9317062364288,0.0,-0.0013734831146621218,1050.2730410562226
19.79821642307639,2.0,6.4069969610519175,5.766835817548175,7.668040041316723,871674.0873137031,25214.625106934374,82.09605623289703,0.0,0.9800005860880697,2.9999999999999996,896888.7124206389,896887.8615749831,63.53146840963729,1293.5493831295673,0.0,2.017003907894832e-06,0.6511896921940661,126437.17765681875,126437.05933885498,9.00891899151652,183.43023265768372,0.0,-2.809136105952348e-07,0.09205852679971827,74300.40028812196,74300.33124263858,5.15863041677198,105.03039699205705,0.0,-1.4414386839689541e-07,0.05361705652479998,2616887416.079846,2616885664.181053,4.397038414971241,88.72578306637128,0.0,-0.0013778642622668258,1259.8819729848894
21.79821642307639,2.0,6.404164556058521,5.761551380337143,7.662434029272224,871548.2515913816,25213.825415382835,81.88802165719176,0.0,0.9800005724489477,2.9999999999999996,896762.077006765,896761.1267433439,63.367415821632754,1420.284214772833,0.0,2.0210532056808006e-06,0.7506074615189391,126419.22022120364,126419.08803797475,8.985650439687927,201.40153353705958,0.0,-2.817587017034384e-07,0.10592379106222438,74290.11773630897,74290.0406026893,5.145319974449635,115.32103694095632,0.0,-1.4452315610924416e-07,0.06170519242651551,2616887608.4637156,2616885655.40179,4.389635421421441,97.50505390921415,0.0,-0.001370040981157672,1461.045113475712
23.79821642307639,2.0,6.401501333163598,5.756826250724141,7.657083731265295,871422.6823538563,25213.027486948242,81.7091208518127,0.0,0.9800005613657116,2.9999999999999996,896635.7098408048,896634.6742606111,63.22624136869868,1546.7366975102302,0.0,2.0256227344361832e-06,0.8359242387775794,126401.30101049076,126401.15678364098,8.965627166489732,219.33278787003906,0.0,-2.825520368787693e-07,0.11796741116518206,74279.85704549748,74279.77287231041,5.133865189360364,125.58876731967705,0.0,-1.4469749487489025e-07,0.06874475966417037,2616887812.96337,2616885646.6350713,4.383387127263925,106.271828163742,0.0,-0.0013146508942298851,1674.3115420233
25.79821642307639,2.0,6.399002321238696,5.752566851807987,7.652048341116803,871297.3618128279,25212.231201203547,81.54252924144144,0.0,0.9800005523100126,2.9999999999999996,896509.5930140323,896508.4845227118,63.09486894742197,1672.9264354050742,0.0,2.0212378331052605e-06,0.9088353611646198,126383.41726415454,126383.26279409538,8.946994772598446,237.22677741523594,0.0,-2.8295389142840577e-07,0.1282106201478257,74269.61666765799,74269.52646291809,5.123204696052778,135.8351767117826,0.0,-1.4491098454527673e-07,0.07477631227510528,2616888028.78696,2616885637.8801684,4.37746082536825,115.0267498144785,0.0,-0.0012958398183684494,1898.8900539526621
27.79821642307639,2.0,6.396775689462956,5.748723207811821,7.64747232859328,871172.3158372799,25211.437084695295,81.36146481833075,1.220240768504056e-08,0.9800005455170662,2.9999999999999996,896383.7529219778,896382.5794309609,62.95254587806038,1798.831527161195,0.0,2.0264574231987353e-06,0.9738350627171712,126365.57291508258,126365.40917345871,8.926810317787089,255.08039805081012,0.0,-2.840495199052384e-07,0.13748218375644683,74259.39888353644,74259.30315614161,5.111653387889981,146.05848348756257,0.0,-1.4560652061845758e-07,0.08029896650981527,2616888288.7368765,2616885629.1392565,4.370455246795693,123.76766030806989,0.0,-0.0012973068287891465,2167.580880809016
29.79821642307639,2.0,6.394830487171339,5.745220976132662,7.643504568611837,871047.5295548807,25210.645064110293,81.1902441489599,4.815313294128291e-08,0.9800005401995069,2.9999999999999996,896258.1746189899,896256.9433438311,62.81804356573845,1924.467614292672,0.0,2.0281104298192076e-06,1.0316192063428389,126347.76562258216,126347.59370238241,8.90773553848874,272.8958691277876,0.0,-2.833767211996019e-07,0.1456607603104203,74249.20232376002,74249.10168425525,5.100735943580361,156.2599553747233,0.0,-1.4481054222414969e-07,0.08521107724948251,2616888594.661852,2616885620.411861,4.3637291493054855,132.49511860668088,0.0,-0.0012345427331865721,2482.2333145028297
30.0,0.20178357692361004,6.394648794805783,5.744870918053706,7.643111522829469,871034.9416497269,25210.56519700772,81.17333888621172,5.2381723365308555e-08,0.9800005397339115,2.9999999999999996,896245.5068467334,896244.2703743995,62.80476154848617,1937.1405837257598,0.0,2.0295819922466762e-06,1.036816382894358,126345.96928040583,126345.79664773137,8.90585189028616,274.69292377776145,0.0,-2.8443611199691077e-07,0.14637323395726298,74248.17372886969,74248.07265705567,5.099657836193964,157.28898257399703,0.0,-1.4511317658616463e-07,0.08564338619032696,2616888628.332643,2616885619.5314684,4.3630676636271515,133.3755140062073,0.0,-0.0012316946288706276,2516.784501051495
32.0,2.0,6.393168569225402,5.741676391235823,7.640268929965224,870910.414418878,25209.775772794987,81.02081559462088,1.0325486071480111e-07,0.9800005357106402,2.9999999999999996,896120.190191676,896118.9005547847,62.684909807164814,2062.5104033400894,0.0,2.0291081455070525e-06,1.0899809398579237,126328.198902845,126328.01893759376,8.88885506936483,292.4706339164911,0.0,-2.8331874091236386e-07,0.15370581186266463,74237.99836223201,74237.89279897451,5.0899290406307465,167.46884065525853,0.0,-1.4501085843221517e-07,0.09013482977650256,2616889027.0836916,2616885610.817224,4.357121780715366,142.08975756763803,0.0,-0.00123249889028898,2924.249793177837
34.0,2.0,6.391939717880953,5.7387142261332995,7.6388604708010766,870786.0962760429,25208.988108169608,80.88219425619893,1.5283075371404277e-07,0.9800005324479174,2.9999999999999996,895995.0843842134,895993.7486495418,62.57595262263177,2187.662308585353,0.0,2.0314359971962404e-06,1.1360787225307831,126310.45837897125,126310.2721304955,8.87340354875228,310.2174410139957,0.0,-2.840718593688507e-07,0.1599890356116589,74227.84011083518,74227.73063053275,5.081084220697367,177.63100909665326,0.0,-1.4537846482198802e-07,0.0940518743397547,2616889469.324252,2616885602.1137505,4.351754016948261,150.79326560153456,0.0,-0.0011980329564096337,3375.1938617433498
36.0,2.0,6.39075246072683,5.7359512049374075,7.637781358972593,870661.9699754673,25208.201588133576,80.75531816718025,1.8401842333829138e-07,0.9800005300347377,2.9999999999999996,895870.1715635972,895868.7962470095,62.47620126519545,2312.614711115744,0.0,2.0296097318350803e-06,1.1756606366502638,126292.74545282176,126292.55361517267,8.859257661486671,327.93595633696907,0.0,-2.839332182702492e-07,0.1655782091003175,74217.69767349622,74217.58465788074,5.0729863260110095,187.77698174867527,0.0,-1.4536800563291763e-07,0.09758718740175709,2616889907.2906528,2616885593.420006,4.346873098505522,159.4870117985456,0.0,-0.0011964953691858682,3821.8540085636823
38.0,2.0,6.389575479282994,5.733362343984708,7.636518053497325,870538.0232439396,25207.41608807158,80.63855602786218,1.872956107320446e-07,0.9800005282386914,2.9999999999999996,895745.4393320105,895744.0274903738,62.38437831796536,2437.3834677516747,0.0,2.0298207346058916e-06,1.2121856858752835,126275.05782601751,126274.86114261675,8.846236277808021,345.62842889258513,0.0,-2.8423914955055807e-07,0.1704239604621307,74207.56973576196,74207.45359438304,5.06553174865679,197.90804524598886,0.0,-1.457524660963827e-07,0.10071295045733564,2616890335.984802,2616885584.735185,4.34240987072763,168.17183154000088,0.0,-0.0011974059219710398,4259.232977322472
40.0,2.0,6.388404115477408,5.730925304239176,7.6351383062706475,870414.2621839601,25206.63189335648,80.53050588235989,1.571925832383707e-07,0.9800005269279785,2.9999999999999996,895620.8940773153,895619.4287192099,62.299385579926394,2561.9822389115275,0.0,2.0257125470379833e-06,1.2657021506151978,126257.39704601205,126257.19277533205,8.834183641576654,363.29679617573845,0.0,-2.857851768567343e-07,0.17801123815286246,74197.45717038626,74197.33633157764,5.058631402469544,208.02530805092795,0.0,-1.462179852751433e-07,0.10541037969198896,2616890775.6176515,2616885576.0585766,4.3383054155798755,176.84844237116064,0.0,-0.0011951372316900688,4707.54243784693
42.0,2.0,6.3872403653584415,5.7286219121825,7.63368639917171,870290.6750510886,25205.84888633996,80.43003798922926,9.196880346629342e-08,0.9800005260203803,2.9999999999999996,895496.523937432,895494.9880431623,62.220338023882746,2686.422914959293,0.0,2.0258949007256888e-06,1.33623831501518,126239.7609840649,126239.54682689658,8.82297421798219,380.94274461170284,0.0,-2.8529171913760365e-07,0.18789772696476348,74187.35876225818,74187.23190460018,5.052213488661522,218.129735028251,0.0,-1.463524199607491e-07,0.11142922893833429,2616891222.797461,2616885567.38955,4.334512350671609,185.51746707250385,0.0,-0.0011968107053803578,5163.391272118585
44.0,2.0,6.386084900965879,5.726437298302272,7.632191124940927,870167.2279353155,25205.066634760988,80.33623393217088,0.0,0.9800005254952643,2.9999999999999996,895372.2945700773,895370.6950108542,62.14651615349705,2810.715947266287,0.0,2.024779860221315e-06,1.399903267357331,126222.14468652249,126221.9218150052,8.812505945752312,398.5677565032075,0.0,-2.851610929610615e-07,0.19661207606083053,74177.27165057675,74177.13946536652,5.046219616729346,228.22217426170968,0.0,-1.4655384461548238e-07,0.11675678095920716,2616891659.40571,2616885558.7275624,4.3309922161921754,194.1794515048882,0.0,-0.0012001598456947704,5608.661505738439
46.0,2.0,6.384938224433444,5.7243590011393275,7.630671677477806,870043.9106119077,25204.285105528532,80.24833135193522,0.0,0.980000525322227,2.9999999999999996,895248.1957174395,895246.5403654905,62.07732268156982,2934.8705926294265,0.0,2.024235527642304e-06,1.4556959926908348,126204.54743008972,126204.31642687405,8.802694065463815,416.1731446341351,0.0,-2.853861928997503e-07,0.20474377422084444,74167.19542868849,74167.05826268696,5.040601340097552,238.3033769419048,0.0,-1.4591984154321835e-07,0.12173757289514242,2616892088.2047057,2616885550.072141,4.327713264804026,202.83487803449626,0.0,-0.0011948872566733826,6046.115927762889
48.0,2.0,6.383800699592286,5.722374824201829,7.629141187792902,869920.7176331445,25203.504208857754,80.16562173644549,0.0,0.9800005254333198,2.9999999999999996,895124.2218420018,895122.5159611542,62.01220216955981,3058.894996968546,0.0,2.0271222638257314e-06,1.5062248940635072,126186.9672050596,126186.72950724603,8.793459814178343,433.76006426249177,0.0,-2.8505502314146725e-07,0.21143837245716668,74157.1289576516,74156.98763549919,5.0353135937286515,248.37400412936208,0.0,-1.462341572278092e-07,0.12589372346505456,2616892504.5932217,2616885541.422844,4.324646158978695,211.48417035245365,0.0,-0.0011998066955243303,6471.153736030096
50.0,2.0,6.382672559734089,5.720470783438718,7.627608905152042,869797.6398607419,25202.723944948175,80.0873629937623,0.0,0.9800005256039661,2.9999999999999996,895000.3638056866,894998.614816824,61.950572166474636,3182.796141301495,0.0,2.0297979972383473e-06,1.5493329118276051,126169.40401516628,126169.16006595413,8.78472064618402,451.3295055548598,0.0,-2.8458350698201684e-07,0.2176897715045243,74147.07222555146,74146.92701715515,5.030309172113015,258.4346224735881,0.0,-1.460476823922363e-07,0.1297799675475062,2616892913.529692,2616885532.779328,4.321761008990621,220.1276923704349,0.0,-0.0011938524044694532,6888.733728556653
52.0,2.0,6.381553929486774,5.718640525394832,7.626081420184098,869674.6795085688,25201.94433987223,80.01315928490466,0.0,0.9800005258247327,2.9999999999999996,894876.6238484434,894874.8305716125,61.892122607601415,3306.5803865166977,0.0,2.0334859982540365e-06,1.5936208838261336,126151.85718616936,126151.60720079797,8.776432578049736,468.88237071095926,0.0,-2.8464575052566943e-07,0.22372593069002278,74137.02485149444,74136.87589133061,5.025562912235134,268.48574829805835,0.0,-1.4611617871196358e-07,0.13353173500178173,2616893316.0996575,2616885524.141238,4.319041187018389,228.76577474447166,0.0,-0.0012011351975331763,7299.941776293239
54.0,2.0,6.380444904657931,5.716876698115737,7.624562773476833,869551.8366625813,25201.1654836691,79.94259462310977,0.0,0.9800005262709159,2.9999999999999996,894753.0021462531,894751.15751679,61.836527409404006,3430.2534413355056,0.0,2.0298061826906633e-06,1.6449735123783285,126134.32740181999,126134.07010226611,8.768549265919983,486.4194692427992,0.0,-2.8466445201047463e-07,0.2310401131545632,74126.98724140847,74126.83379471711,5.021048306616027,278.5278449112904,0.0,-1.4638300172009622e-07,0.13801826226170988,2616893719.925209,2616885515.508305,4.316469641169761,237.39871402681118,0.0,-0.0011949926590375526,7712.400267085435
56.0,2.0,6.379345557968022,5.715174359462489,7.6230563514880565,869429.1078384665,25200.38732423871,79.87536808175642,0.0,0.9800005269830475,2.9999999999999996,894629.4951627037,894627.590415147,61.78355082155962,3553.820542978625,0.0,2.0299703464843333e-06,1.7050916060470627,126116.813415443,126116.54802774313,8.761037261077988,503.9415437649552,0.0,-2.8548288355523255e-07,0.23912825832326234,74116.95867805804,74116.80030231069,5.016746202938139,288.5613373171667,0.0,-1.4692943750560516e-07,0.14294731771349234,2616894122.4908357,2616885506.880235,4.314033796180684,246.02678161917254,0.0,-0.0011972779221878227,8123.593961299043
58.0,2.0,6.378255861563464,5.713529918653515,7.621564609128772,869306.4784365745,25199.609733584148,79.81124564194651,0.0,0.9800005275669547,2.9999999999999996,894506.0881701594,894504.1243963115,61.733009415604016,3677.286561809833,0.0,2.025630237767473e-06,1.7641178929516173,126099.31394078275,126099.04028633199,8.753870705347607,521.4492851756504,0.0,-2.8593149181688204e-07,0.24739500877240062,74106.93844098684,74106.77501866716,5.012641821723659,298.586620960614,0.0,-1.4700685824209359e-07,0.14799388995402296,2616894520.771775,2616885498.2567897,4.311723699271231,254.650229017715,0.0,-0.0011953902439927333,8530.49834779976
60.0,2.0,6.377175688631603,5.711939602548565,7.620089315079546,869183.9382809622,25198.83258162563,79.74999592012992,0.0,0.980000528301717,2.9999999999999996,894382.7708625873,894380.7549521526,61.684722080039975,3800.656005969913,0.0,2.026850779657252e-06,1.81625448091836,126081.82728143068,126081.54623876825,8.747023781332745,538.9433327383159,0.0,-2.870073103622417e-07,0.2547832193669137,74096.92554760193,74096.75757788452,5.008720391649905,308.60406174391386,0.0,-1.463486682951043e-07,0.15254128834925496,2616894909.232536,2616885489.637728,4.309529667107306,263.2692883519296,0.0,-0.0011975260611052363,8927.578168204225
62.0,2.0,6.3761050365717455,5.710399347333967,7.618631734833546,869061.4841664968,25198.05583152628,79.69138691345412,0.0,0.9800005293093852,2.9999999999999996,894259.5399980221,894257.4779381782,61.63850698870612,3923.933019947325,0.0,2.0298821254982613e-06,1.8624038932093754,126064.35258585503,126064.06529748435,8.740470642407166,556.4242740231302,0.0,-2.86087924905587e-07,0.2610289285248655,74086.91951990307,74086.74764363853,5.004967122715745,318.61399598934537,0.0,-1.4690425587104983e-07,0.1564478349146725,2616895286.4714365,2616885481.02284,4.30744215962509,271.8841726711798,0.0,-0.0012013980340839225,9313.431953184943
64.0,2.0,6.375043822692638,5.708905727498863,7.6171927599709175,868939.1140255948,25197.279506551164,79.63522118481515,0.0,0.9800005300454953,2.9999999999999996,894136.393532143,894134.2895200413,61.594209068515134,4047.1214380843553,0.0,2.0300026335462462e-06,1.9043561510729887,126046.8899350451,126046.59691841422,8.734189535032073,573.8926530931944,0.0,-2.861620487237815e-07,0.26675718865726594,74076.92037043425,74076.74490450665,5.001369566095648,328.6167351215367,0.0,-1.466001435801445e-07,0.160037498291274,2616895655.5595775,2616885472.411935,4.305453015172288,280.49507870152433,0.0,-0.0012005381302060414,9691.131000179796
66.0,2.0,6.373992021225478,5.7074556369528615,7.615773000107908,868816.8390190119,25196.50381295354,79.58132056867576,0.0,0.9800005310186755,2.9999999999999996,894013.3428319682,894011.1861421935,61.55168892531696,4170.224815934989,0.0,2.0328207028796896e-06,1.957033826945917,126029.44106032135,126029.1405975054,8.72816045411979,591.348974001434,0.0,-2.8674526220129337e-07,0.27420337314856624,74066.92910571686,74066.74907194618,4.997916280115456,338.6125676817676,0.0,-1.4683678273286205e-07,0.16460534113070935,2616896027.902831,2616885463.804822,4.303554909123544,289.1021885197714,0.0,-0.001203604404622638,10072.081363610561
68.0,2.0,6.372949477914915,5.706046133832068,7.61437285032319,868694.6465157107,25195.7285779953,79.52952076116794,0.0,0.9800005320336528,2.9999999999999996,893890.3750937067,893888.1645069781,61.51081760644703,4293.246451147883,0.0,2.0303341443650424e-06,2.0109307782768155,126012.00389349583,126011.69586711854,8.722365193692376,608.7937043888188,0.0,-2.862115024981904e-07,0.28176693501438876,74056.94453214409,74056.75987825,4.994596848035511,348.6017613778386,0.0,-1.469451831326296e-07,0.16922546442953035,2616896395.6719112,2616885455.2013454,4.3017411129930325,297.70567074575746,0.0,-0.0011979027715938173,10448.453925998596
70.0,2.0,6.371916087267414,5.704676543923053,7.612992546825503,868572.5292040472,25194.95369188326,79.4774927682997,0.0,0.9800005329642584,2.9999999999999996,893767.4828959289,893765.2249204172,61.46979328035434,4416.186037708591,0.0,2.0301022232160904e-06,2.058319561235294,125994.57744241323,125994.26277050017,8.716548309089056,626.2268010069969,0.0,-2.864104544642032e-07,0.28841247058915087,74046.96607169253,74046.77734826219,4.991264994073946,358.58429136598653,0.0,-1.466111712034035e-07,0.17329500101851636,2616896753.5389585,2616885446.6015778,4.299886184782355,306.3054431153222,0.0,-0.001193218143384911,10814.920745678035
72.0,2.0,6.370895727796844,5.703344465937733,7.611632703672139,868450.486049924,25194.179168189046,79.42617272499146,0.0,0.9800005341827404,2.9999999999999996,893644.6652181123,893642.3662428429,61.4293387885401,4539.044715285671,0.0,2.0328652681200765e-06,2.099319321706389,125977.1615097642,125976.84114623144,8.710812134466876,643.6484252759307,0.0,-2.8620195280382177e-07,0.29410409050399267,74036.9936293373,74036.80138962668,4.987979317670776,368.5602500013281,0.0,-1.4677630133519415e-07,0.1768112811348601,2616897103.192782,2616885438.0054927,4.298042484313704,314.9015280839496,0.0,-0.0011933210797110405,11173.170654022366
74.0,2.0,6.369884031665661,5.702051519551356,7.610293850800721,868328.5221545557,25193.40502936733,79.37146666032449,5.499593484098214e-08,0.9800005351320337,2.9999999999999996,893521.9271839258,893519.5936659917,61.386288424755215,4661.817292135182,0.0,2.0311872503953055e-06,2.1338619846810616,125959.7568932622,125959.43173020383,8.704708013718802,661.0578413033683,0.0,-2.863788495233166e-07,0.2989036159298166,74027.02766452983,74026.8324238075,4.9844829094939165,378.5292158203159,0.0,-1.4696672678837785e-07,0.1798122926487622,2616897443.7019997,2616885429.413516,4.29598736735249,323.4935028186546,0.0,-0.0011952289833629948,11522.271846496174
76.0,2.0,6.368880883040555,5.7007949434157235,7.6089761469226485,868206.6385388589,25192.631279521036,79.31638552915666,2.194964708180861e-09,0.9800005365071472,2.9999999999999996,893399.2698183798,893396.9077265499,61.342969720275704,4784.503231575733,0.0,2.0299539755797014e-06,2.162435879252371,125942.36363871422,125942.03459882535,8.698565688981708,678.4549726813317,0.0,-2.868868023142568e-07,0.30278044591671005,74017.06822333482,74016.8704946393,4.980964584101121,388.49114498851816,0.0,-1.4696740890940418e-07,0.1823002658417181,2616897774.848902,2616885420.825745,4.293885537993098,332.0812738946408,0.0,-0.001195091870442866,11862.00652013335
78.0,2.0,6.367886292520681,5.699577582690552,7.607679414675975,868084.8435066799,25191.857984902468,79.25639725433632,7.381016582215922e-09,0.9800005376072964,2.9999999999999996,893276.7014915822,893274.3159689056,61.29587882423024,4907.094989224193,0.0,2.034097633440979e-06,2.185866730143971,125924.98306110955,125924.65082142326,8.691888701328116,695.838750083988,0.0,-2.8632450721488567e-07,0.30598024390826595,74007.11603118305,74006.91621471122,4.977139964053064,398.4454249166243,0.0,-1.4693654293296277e-07,0.184388042174362,2616898097.7947626,2616885412.2427616,4.2914897721059235,340.66425343885265,0.0,-0.0011990414635079105,12193.535360063455
80.0,2.0,6.366900129010766,5.69839183706032,7.60640328220741,867963.1329631307,25191.08510561954,79.19840180349271,1.3089824233246758e-08,0.9800005391167609,2.9999999999999996,893154.2180687482,893151.8152724812,61.250348210559835,5029.595685645313,0.0,2.0308225430198945e-06,2.203140317303223,125907.61448161968,125907.27995584664,8.685432787874964,713.2096156597379,0.0,-2.871986453101272e-07,0.30826632978073576,73997.17070395108,73996.96933084835,4.973441931357745,408.39230877933977,0.0,-1.4708831486132112e-07,0.18594467292376748,2616898411.292234,2616885403.6644015,4.2891788867900145,349.2426112124327,0.0,-0.001201348602478447,12515.611189169585
82.0,2.0,6.365922258501342,5.69723454286929,7.605147301465958,867841.5037045447,25190.312632933637,79.14221271532026,2.4259985671406048e-08,0.9800005402219228,2.9999999999999996,893031.8163374766,893029.4028097683,61.206231357748834,5152.008148360811,0.0,2.033472810580861e-06,2.213871761155133,125890.25767799153,125889.92160079209,8.67917752748499,730.5679707147078,0.0,-2.867732291633729e-07,0.309817756600296,73987.23211635636,73987.02961325247,4.969858797887823,418.3320263751154,0.0,-1.472001827096392e-07,0.18707467398024846,2616898716.3360467,2616885395.0905128,4.2869450564585865,357.81650132534986,0.0,-0.0012000143718182699,12829.228892034273
84.0,2.0,6.364952767253278,5.696103152713098,7.603911051789628,867719.9544205591,25189.540531743958,79.08767533609777,3.476094491396065e-08,0.9800005416717187,2.9999999999999996,892909.4949523032,892907.075994653,61.16340755564502,5274.334963472101,0.0,2.029474671871867e-06,2.2193016990850083,125872.91180505595,125872.57538987356,8.673105459440407,747.9141816335887,0.0,-2.864271664293483e-07,0.31015573990407574,73977.29979214261,73977.09685209443,4.966380578958608,428.26478753303263,0.0,-1.473204065405298e-07,0.18751161815043815,2616899010.6360326,2616885386.5209546,4.2847817768146905,366.38606487897925,0.0,-0.0011946043581474441,13132.098441473523
86.0,2.0,6.363995515574419,5.694995650731304,7.602694804998926,867598.4970047073,25188.769080216905,79.03466745085028,5.052424532096942e-08,0.9800005427931456,2.9999999999999996,892787.2660849222,892784.8324332196,61.121780718452726,5396.578524909006,0.0,2.0329844119260088e-06,2.2339957549938845,125855.57966553314,125855.24098336163,8.66720325575878,765.2485881451063,0.0,-2.8684041808446636e-07,0.3124227286094765,73967.37533624958,73967.17085280766,4.962999643521839,438.1907868200763,0.0,-1.4705045714435983e-07,0.18905501215732556,2616899311.392969,2616885377.9555883,4.282683883641164,374.9514326462616,0.0,-0.0011931052337672554,13441.420745790945
88.0,2.0,6.363046107689769,5.6939101463355755,7.601498723877482,867477.141355002,25187.99837575154,78.98307374651637,6.509107927387339e-08,0.9800005441327451,2.9999999999999996,892665.1397307529,892662.6699115366,61.08126083918969,5518.741046587385,0.0,2.0283350750105456e-06,2.270163264040093,125838.26167311048,125837.91806755537,8.661457903068104,782.5715039512424,0.0,-2.869646777980961e-07,0.31734611208867136,73957.45898991458,73957.25143570859,4.959708549420883,448.1102039189181,0.0,-1.472754433962109e-07,0.19212577600131908,2616899621.3251696,2616885369.3942933,4.280646519928764,383.5127256861191,0.0,-0.0011950978774848409,13759.914239262627
90.0,2.0,6.362104208301133,5.692844971533452,7.600322578981059,867355.8610189877,25187.228062864746,78.93279422080992,8.268375955830419e-08,0.9800005452927534,2.9999999999999996,892543.0890818533,892540.5863727959,61.04176937051595,5640.824585328417,0.0,2.028609742410481e-06,2.303053105439176,125820.95440542066,125820.6063506773,8.655858438796157,799.8832208288347,0.0,-2.8743147595378105e-07,0.32179529986547095,73947.54878198834,73947.33843366943,4.956501019531754,458.0232059579816,0.0,-1.4737230458194972e-07,0.19491988882731448,2616899924.657614,2616885360.836963,4.2786654746498245,392.0700566354187,0.0,-0.00119428010862066,14071.804014879743
92.0,2.0,6.36117044887431,5.691798740215758,7.59916600904775,867234.6503813921,25186.45809579709,78.8837435253795,9.965154366320366e-08,0.9800005464971825,2.9999999999999996,892421.1084771879,892418.5798935996,61.003239599264404,5762.831064526946,0.0,2.030888026638422e-06,2.3289276386140045,125803.65737335854,125803.30556006677,8.65039530546674,817.1840114397683,0.0,-2.870319804060273e-07,0.32555384867464454,73937.64443802483,73937.43169051083,4.953371579183408,467.9299491163484,0.0,-1.4760638578081853e-07,0.19731908368072482,2616900220.5527697,2616885352.2834873,4.276737141116494,400.6235309176517,0.0,-0.0011958546566575023,14376.252644591816
94.0,2.0,6.360247543229769,5.690770221052203,7.59802922589001,867113.5090310281,25185.688450686426,78.83584601735414,1.158966938508275e-07,0.9800005477304943,2.9999999999999996,892299.1974817158,892296.6486690338,60.96561228437344,5884.762289095693,0.0,2.0337984096840955e-06,2.3491567352548373,125786.36981932785,125786.015439866,8.645060100036895,834.4741316398421,0.0,-2.8773604299203726e-07,0.3281200180634869,73927.74551076796,73927.53105965602,4.950315427402242,477.8305799711529,0.0,-1.4761423017262132e-07,0.1990226816128029,2616900507.248323,2616885343.7337656,4.274858321438264,409.17324756052824,0.0,-0.0012009296145834014,14671.497914537456
96.0,2.0,6.359333071854739,5.689758200555957,7.5969125561232165,866992.4339128042,25184.919137057997,78.78902933327053,1.330893199718376e-07,0.9800005487708592,2.9999999999999996,892177.3530498616,892174.7910077838,60.92883062275254,6006.619950341198,0.0,2.0293728084652685e-06,2.3623861265577943,125769.09204043617,125768.7357501498,8.639844858099073,851.7538213560402,0.0,-2.8772763016604586e-07,0.33003084257518367,73917.8521655948,73917.63640363203,4.947328012089317,487.7252359953315,0.0,-1.4742118992217002e-07,0.2003335326341471,2616900787.1209693,2616885335.187718,4.273025973418913,417.7192995073661,0.0,-0.0011966703072516793,14959.916612816081
98.0,2.0,6.3584326264597255,5.688761714192273,7.595817732074432,866871.4242516063,25184.15015006953,78.74323278500529,1.4552093951243607e-07,0.980000550053875,2.9999999999999996,892055.5744016803,892053.0053131119,60.89284733651154,6128.405645014222,0.0,2.0304851204855368e-06,2.3694326182285295,125751.82350820185,125751.46626477544,8.634742687192661,869.0233067304256,0.0,-2.8770193694072077e-07,0.33098398264371554,73907.96410777842,73907.74759286738,4.9444053822278855,497.6140467597873,0.0,-1.4761434385945904e-07,0.20108648070919344,2616901060.260221,2616885326.645246,4.2712375245941425,426.26177455655437,0.0,-0.0011935068001207583,15241.598339574255
100.0,2.0,6.357538677108919,5.687779748904781,7.594744873121663,866750.4784632759,25183.381464663446,78.69839695782761,1.6003114667136396e-07,0.9800005509378624,2.9999999999999996,891933.8599279379,891931.2900820585,60.85761552691714,6250.120876068056,0.0,2.030904397543054e-06,2.370189929652952,125734.56404114504,125734.20677032988,8.629747222458635,886.2828011753429,0.0,-2.8834779186581727e-07,0.33101137075414044,73898.08124983856,73897.86450508692,4.941543889998855,507.497134539785,0.0,-1.4807420711804298e-07,0.20131632085275442,2616901325.2328954,2616885318.106264,4.2694904784841405,434.80075551352263,0.0,-0.001194464352124669,15515.109994901035
102.0,2.0,6.356653931328589,5.686811526625277,7.593694163400524,866629.596056444,25182.613077813177,78.65447239808381,1.6917856869004024e-07,0.9800005520106209,2.9999999999999996,891812.2091342566,891809.6438884579,60.823096800036986,6371.76706966813,0.0,2.0303696146584116e-06,2.3655898484566933,125717.31330821315,125716.95706481785,8.624852756401147,903.5325066881452,0.0,-2.875784730349551e-07,0.3299839516658949,73888.20338818274,73887.98702454308,4.938740271961693,517.3746150837084,0.0,-1.479951379224076e-07,0.20093520894954509,2616901582.0850477,2616885309.5706987,4.267782738862553,443.33632099124776,0.0,-0.0011943629087340923,15780.497712726325
104.0,2.0,6.355785999468834,5.685856406312548,7.5926694548829765,866508.7742980949,25181.84503890604,78.61141835797896,1.7566289399009015e-07,0.9800005530090893,2.9999999999999996,891690.6193370033,891688.06537023,60.789259113670745,6493.345587895471,0.0,2.029803908953909e-06,2.354310822543084,125700.07185779946,125699.71695509141,8.620054863318723,920.7726164147826,0.0,-2.8737838420056505e-07,0.3286432646056028,73878.33083809626,73878.1150405606,4.935991991440088,527.2465990665885,0.0,-1.4759211808268446e-07,0.20036910534759045,2616901836.640461,2616885301.038472,4.266112565212304,451.86854612167235,0.0,-0.0011957949841416848,16043.585351102904
106.0,2.0,6.354929300323934,5.684913409270233,7.5916732785010845,866388.0134342676,25181.07730270864,78.56917962554238,1.793302983292971e-07,0.9800005538552311,2.9999999999999996,891569.0907369759,891566.5532519268,60.756059151037434,6614.857706197546,0.0,2.028661583608482e-06,2.3378290971822935,125682.83881309231,125682.48626022368,8.615347433922386,938.0033112826275,0.0,-2.872623099392513e-07,0.3262934253068579,73868.46309865393,73868.24844945759,4.93329555141517,537.1131901694188,0.0,-1.4777299384149956e-07,0.19922076584941806,2616902084.7174063,2616885292.509515,4.264477668497688,460.3975014586677,0.0,-0.0011978249321487056,16300.19125174477
108.0,2.0,6.3540942995732905,5.6839818742672845,7.5907177179542575,866267.3129404996,25180.309886785504,78.52771566122034,1.7679053610527828e-07,0.9800005549050488,2.9999999999999996,891447.6228272886,891445.1063212133,60.72346535841697,6736.304636914379,0.0,2.032009433605708e-06,2.316850126700956,125665.61376714293,125665.26480855462,8.610725834563858,955.2247629517552,0.0,-2.871928472814034e-07,0.32269914505388897,73858.59993644922,73858.38715285424,4.93064830171118,546.9744867728411,0.0,-1.477048954257043e-07,0.1973551645612588,2616902328.2487254,2616885283.983765,4.2628763433188634,468.9232541453054,0.0,-0.0011948216745736318,16552.248323572796
110.0,2.0,6.353274496342517,5.683060978579305,7.589819130014891,866146.6679695054,25179.542811789797,78.48698112575254,1.7225873891739585e-07,0.9800005556019497,2.9999999999999996,891326.210781297,891323.7234361552,60.691441887920426,6857.6875206902205,0.0,7.497892511310056e-07,2.2876879109117,125648.39768092918,125648.0524379632,8.606185228647512,972.4371334090503,0.0,-4.2132512589887483e-07,0.31898338859548403,73848.74191270956,73848.53105774631,4.928047470308794,556.8305817134587,0.0,-3.1501440389547497e-07,0.19542636552614567,2616902571.441201,2616885275.3404036,4.261306711134549,477.4458675675745,0.0,-0.12194296785639835,16803.96341279081
112.0,2.0,6.3524686456036354,5.682149948591405,7.58903517750622,866026.0804878972,25178.77601732681,78.44693228328065,1.6159493206377843e-07,0.9800005564103187,2.9999999999999996,891204.8565052227,891202.4035267262,60.659954712454194,6979.007430115129,0.0,7.456364983227104e-07,2.253321261607198,125631.18924138072,125630.84899679781,8.601720582729277,989.6405745745088,0.0,-4.2125418531213654e-07,0.3139850055978286,73838.88826675672,73838.68007738663,4.925490179855817,566.6815620731704,0.0,-3.1498530006501824e-07,0.19276077239737788,2616902808.0758996,2616885266.8208737,4.259766969836275,485.96540150724707,0.0,-0.12193884767236796,17049.117645121445
114.0,2.0,6.351668460277616,5.681248116609586,7.588302416411724,865905.5491789158,25178.009482517526,78.40753177428046,1.454086805643747e-07,0.9800005572689429,2.9999999999999996,891083.5586614329,891081.145577701,60.628974513584254,7100.265379142297,0.0,7.476673999917693e-07,2.213426498977242,125613.98844054407,125613.65434126566,8.59732776595417,1006.8352301064172,0.0,-4.2149417822656687e-07,0.30783970085235524,73829.03897819169,73828.83412925583,4.922974065358024,576.5275102038864,0.0,-3.1506385766988387e-07,0.1894203380794579,2616903036.8982143,2616885258.3043585,4.258255574792693,494.48191265683244,0.0,-0.12194295306136382,17286.456471010257
116.0,2.0,6.350871551123289,5.680354981158493,7.587548794370592,865785.070829573,25177.243235454996,78.36875070896045,1.2506103792193685e-07,0.9800005578333167,2.9999999999999996,890962.3140650289,890959.9486207734,60.59847846354251,7221.462336069382,0.0,7.470971468137577e-07,2.165787022038785,125596.7959941989,125596.46833386544,8.59300370036867,1024.0212375071544,0.0,-4.2097485675185453e-07,0.3014007564172516,73819.19447071216,73818.99313454564,4.920497355153638,586.3685049141937,0.0,-3.1494653285335517e-07,0.185907568855896,2616903261.94233,2616885249.790826,4.256771314956661,502.99545528674577,0.0,-0.12193296169783707,17520.014129183535
118.0,2.0,6.350077819738359,5.679470088133797,7.586785159149177,865664.6502326268,25176.47727353371,78.33056158687201,9.827777067535804e-08,0.9800005585800938,2.9999999999999996,890841.1275061618,890838.8117302068,60.56844528325135,7342.599226635885,0.0,7.470416676369496e-07,2.1161187214356687,125579.61122913078,125579.29084356352,8.588745150675413,1041.1987278085053,0.0,-4.215489752823487e-07,0.29412598965245706,73809.35436105414,73809.15701813188,4.9180582067345044,596.2046213276627,0.0,-3.152380259052734e-07,0.1819143243047847,2616903480.4052186,2616885241.2801933,4.255313044488519,511.50608137572283,0.0,-0.12193938767438794,17746.987643990164
120.0,2.0,6.349287219053024,5.6785930120302375,7.586017565260122,865544.2928723138,25175.71171682699,78.29293989656753,6.620508356001119e-08,0.9800005592072716,2.9999999999999996,890720.0045891373,890717.7340190044,60.538855601732735,7463.676937839351,0.0,7.480703061446548e-07,2.0709129003662383,125562.4354164901,125562.12174455977,8.584549501483972,1058.3678268114732,0.0,-4.2232704799971543e-07,0.287412351941839,73799.51939168289,73799.32570788468,4.915655123549071,606.0359315747609,0.0,-3.1534193567495095e-07,0.17825520015128404,2616903699.5298862,2616885232.772438,4.253879736006846,520.0138408477366,0.0,-0.12193519520167229,17974.620071106678
122.0,2.0,6.34849969216388,5.677723367681199,7.585249564390625,865423.9998585721,25174.946625725006,78.25586292957283,2.848501947359769e-08,0.9800005597010933,2.9999999999999996,890598.9464842986,890596.7146357622,60.50969162078929,7584.69632108093,0.0,7.474118319805712e-07,2.0321913032348675,125545.26929980202,125544.96091609228,8.580414233932737,1075.5286552793386,0.0,-4.219491529511288e-07,0.2821241317269596,73789.68998394688,73789.49913455597,4.913286664372958,615.8625049035068,0.0,-3.1530771593679674e-07,0.17542079289296453,2616903923.7688484,2616885224.267498,4.252470438962872,528.5187817256623,0.0,-0.12193435023493748,18207.363974158066
124.0,2.0,6.347715204426702,5.67686076284357,7.584483357752085,865303.7801745316,25174.182079908704,78.21930758167724,0.0,0.9800005603594855,2.9999999999999996,890477.9622544443,890475.7527649645,60.48093539885998,7705.65819187865,0.0,7.474545782315545e-07,2.0098322466465106,125528.11316270562,125527.80824273996,8.57633667582693,1092.6813286309925,0.0,-4.2261581256752834e-07,0.27866038697629847,73779.86629661062,73779.67723196335,4.9109512962969735,625.6844074961007,0.0,-3.1533659239357803e-07,0.1736360492247968,2616904154.984517,2616885215.7653265,4.251084210693365,537.020950147049,0.0,-0.12193744526666705,18447.081811257736
126.0,2.0,6.346933653733398,5.6760047671266145,7.583720358017564,865183.6211005779,25173.41793655186,78.18325066071064,0.0,0.9800005607687252,2.9999999999999996,890357.0390371275,890354.847627912,60.45256852431094,7826.563328927272,0.0,7.435501174768433e-07,1.991751978528555,125510.96582249025,125510.66361394052,8.572314399947278,1109.825957430887,0.0,-4.221690232952824e-07,0.27594897150652287,73770.04764847923,73769.8599367103,4.908647626541607,635.5017027491839,0.0,-3.1529737043456407e-07,0.17228317091837653,2616904387.9247465,2616885207.265885,4.2497201099108075,545.5203903668706,0.0,-0.12193884913278907,18688.52148089345
128.0,2.0,6.346155363162569,5.675154948957557,7.5829615100419785,865063.5108516441,25172.654043161718,78.14766856711324,0.0,0.9800005611560231,2.9999999999999996,890236.1648948076,890233.9984826838,60.424572615433206,7947.412474158138,0.0,7.462567737093195e-07,1.966754889499498,125493.82575437686,125493.52692454455,8.568344698399654,1126.9626468276863,0.0,-4.2133365241170395e-07,0.2725702549093967,73760.23315572423,73760.04718849667,4.906374106627602,645.3144509624391,0.0,-3.1567549285682617e-07,0.17053862917157403,2616904615.9825325,2616885198.7691298,4.248377146652783,554.0171446601762,0.0,-0.12193967896564573,18925.07602117461
130.0,2.0,6.345379760988257,5.6743106764874645,7.582207448491295,864943.4503396938,25171.890362696653,78.11252994975287,0.0,0.9800005616919103,2.9999999999999996,890115.340702392,890113.2046363741,60.396923153514976,8068.206320465168,0.0,7.4363560997881e-07,1.9364087809553894,125476.69225961658,125476.39807650818,8.564424017594078,1144.0914948628745,0.0,-4.225182692607632e-07,0.2679235298239746,73750.42241480145,73750.23893108826,4.904128704283572,655.1227083710062,0.0,-3.155194008286344e-07,0.16805511495726932,2616904835.585763,2616885190.275024,4.247054074360229,562.5112528088966,0.0,-0.12193734613265406,19153.17335979971
132.0,2.0,6.344606832954122,5.673471072866878,7.581458586463258,864823.4377722334,25171.126926130186,78.07779484576994,0.0,0.980000561892967,2.9999999999999996,889994.5646983653,889992.4654594326,60.36958847231537,8188.945497409798,0.0,7.466960596502759e-07,1.8995816988253864,125459.56593523757,125459.27698034984,8.56054807938327,1161.212591021641,0.0,-4.220937626087107e-07,0.26269530957415554,73740.61578079022,73740.43511315116,4.9019089686635,664.9265263083332,0.0,-3.1528475119557697e-07,0.16523904105702059,2616905050.3302126,2616885181.783528,4.245749325407805,571.0027514597123,0.0,-0.12193478143763059,19376.409308066006
134.0,2.0,6.343836614311118,5.6726359535523105,7.580715176601775,864703.4875325485,25170.36394345889,78.0434514923166,0.0,0.9800005621514607,2.9999999999999996,889873.8514760073,889871.7803402871,60.34255957375684,8309.630616557311,0.0,7.487760740332305e-07,1.8714784883122775,125442.44867713649,125442.16354947943,8.556715434669725,1178.3260218909804,0.0,-4.2316014514653943e-07,0.2588680778376329,73730.8143421952,73730.63568500732,4.899714071930061,674.7259544521934,0.0,-3.152687213514582e-07,0.16322858989440192,2616905270.226063,2616885173.2945967,4.24446241195999,579.4916762836323,0.0,-0.12194113656425998,19604.794083071505
136.0,2.0,6.343069066984472,5.671804341314194,7.579977351682849,864583.6046112372,25169.601454699903,78.00945641409689,0.0,0.9800005625434934,2.9999999999999996,889753.2060659385,889751.1487356421,60.31580232124344,8430.262221199799,0.0,7.462112989742309e-07,1.8576730620006856,125425.34053258192,125425.05770706784,8.552921206393219,1195.4318643037668,0.0,-4.219646143610589e-07,0.25656593605253875,73721.01811345662,73720.84060255636,4.897541225102913,684.5210369023991,0.0,-3.160237156407675e-07,0.16208230152574288,2616905495.912855,2616885164.8082156,4.243191661357314,587.9780596063468,0.0,-0.12193886777424723,19838.967258767876
138.0,2.0,6.342304074188471,5.670975708345877,7.579245180123858,864463.7701202489,25168.839233945615,77.97578603330939,0.0,0.9800005625445315,2.9999999999999996,889632.609354196,889630.5701398494,60.289297896893885,8550.840816993586,0.0,7.473572622984648e-07,1.839557113329647,125408.23964372188,125407.95938115205,8.549162957433076,1212.530190218633,0.0,-4.228932084515691e-07,0.2540029908850556,73711.22603775146,73711.04982449685,4.895389029869765,694.3118149621387,0.0,-3.157965693389997e-07,0.16078465610371495,2616905718.495156,2616885156.324345,4.241936149112659,596.4619319045721,0.0,-0.12193707583560354,20070.033431729094
140.0,2.0,6.3415415632984695,5.670150131462166,7.578518675933003,864343.9834297166,25168.077262296898,77.94244045745884,0.0,0.9800005626551467,2.9999999999999996,889512.0606920084,889510.0440464725,60.26304668870702,8671.366910371,0.0,7.478538464056328e-07,1.8169883030950587,125391.14567517288,125390.86850010572,8.54544052300056,1229.621071264634,0.0,-4.2322176341258455e-07,0.250915487885095,73701.43792956784,73701.26330971015,4.8932573933952055,704.0983297489291,0.0,-3.1570391456625657e-07,0.1591912592701874,2616905936.7484636,2616885147.842956,4.240695852356054,604.9433236092842,0.0,-0.12193441683882611,20296.768131253175
142.0,2.0,6.34078149470438,5.6693267171130755,7.5777978362484415,864224.2484214227,25167.315566539917,77.90938144477802,0.0,0.9800005628922386,2.9999999999999996,889391.5639879608,889389.5700092181,60.23701862461037,8791.840947620221,0.0,7.426133379340172e-07,1.7943215047707781,125374.05862486931,125373.7850008459,8.541749629809319,1246.7045705242529,0.0,-4.2341321204730775e-07,0.2473644439344298,73691.65377416817,73691.48102196878,4.891143870665556,713.8806174902602,0.0,-3.1574381864629686e-07,0.15732360093170428,2616906150.869671,2616885139.364019,4.2394693196927715,613.4222622486698,0.0,-0.12193292650113108,20519.368277129804
144.0,2.0,6.3400237930793795,5.668505760926991,7.577082678979098,864104.5603078873,25166.5541290651,77.87661958454727,0.0,0.9800005627196626,2.9999999999999996,889271.114436951,889269.1475656935,60.21122176448074,8912.263391149183,0.0,7.469898264389485e-07,1.767214023926499,125356.97859936956,125356.70881751548,8.538091666033296,1263.7807538563195,0.0,-4.2177430259471294e-07,0.24352227624171974,73681.87364060692,73681.70292348233,4.889049243247014,723.6587159767543,0.0,-3.157009587084758e-07,0.15528852618001565,2616906361.8951263,2616885130.887506,4.238256910786214,621.8987760702422,0.0,-0.1219320138642388,20738.87024642623
146.0,2.0,6.339268390600841,5.667687394249407,7.576372924555382,863984.9191035245,25165.79293904108,77.84415744310192,0.0,0.9800005626939412,2.9999999999999996,889150.7120425652,889148.7762487726,60.18565846060741,9032.634708070398,0.0,7.473554433090612e-07,1.7361365593660594,125339.90534654043,125339.63988408443,8.53446671498585,1280.849687286291,0.0,-4.2284727896912955e-07,0.23920287708688193,73672.09738350206,73671.92897634678,4.886973567646388,733.4326631120471,0.0,-3.159534571750555e-07,0.1529785566067403,2616906568.90162,2616885122.413384,4.237058699862279,630.3728934699668,0.0,-0.12193666156395011,20954.350857394376
148.0,2.0,6.338511929497001,5.666871446217905,7.575668198784367,863865.3276124584,25165.03204520102,77.8119862867788,0.0,0.9800005627801721,2.9999999999999996,889030.3596576594,889028.4556051003,60.160321838647256,9152.955351747692,0.0,7.522794476244599e-07,1.7043953308639175,125322.83872037343,125322.57813644818,8.53087381801923,1297.9114349223296,0.0,-4.2306191971874796e-07,0.23432434612777797,73662.32492136472,73662.15914375836,4.884916293922248,743.2024956998915,0.0,-3.165356474710279e-07,0.15034900711668797,2616906773.9720993,2616885113.9416356,4.2358743361900855,638.844642142347,0.0,-0.12193634123457286,21167.89308545976
150.0,2.0,6.337739230127754,5.666057996305616,7.574966631992372,863745.7826459081,25164.271623773246,77.78010786492872,0.0,0.9800005624791046,2.9999999999999996,888910.0542696771,888908.1851790475,60.135213024032616,9273.225777795758,0.0,7.476064638467506e-07,1.6694333966461272,125305.77915523494,125305.52350974058,8.52731335406637,1314.9660616304623,0.0,-4.2252804632880725e-07,0.22938591576667022,73652.55652029849,73652.3933884855,4.882877636687665,752.9682509732669,0.0,-3.160090500387014e-07,0.14770321425783095,2616906991.2222505,2616885105.472227,4.234703850142063,647.3140498426311,0.0,-0.12193715306591457,21393.612644317425
152.0,2.0,6.336958070054607,5.66524716620149,7.574265142381453,863626.28443685,25163.511581348972,77.7485242505294,0.0,0.9800005623296405,2.9999999999999996,888789.7960181969,888787.9645111057,60.110333968855954,9393.44644573347,0.0,7.434737199218944e-07,1.6318498540658766,125288.72627069915,125288.47593900276,8.523785368487205,1332.0136323674367,0.0,-4.233745585224824e-07,0.22407211694985563,73642.79195301062,73642.63167324857,4.8808576183361305,762.7299662099391,0.0,-3.162716666338383e-07,0.14485116305843349,2616907213.753158,2616885097.00513,4.233547294850096,655.7811444323313,0.0,-0.12193984577538686,21624.610646538044
154.0,2.0,6.336171520296042,5.664438997244429,7.573560467686336,863506.8417528884,25162.75199139569,77.71723500884062,0.0,0.9800005622856187,2.9999999999999996,888669.5937442842,888667.7931424481,60.08568432962334,9513.617814392717,0.0,7.451089913956821e-07,1.600944600701041,125271.68093804344,125271.43535933386,8.520289834131988,1349.0542120357006,0.0,-4.2401165956107434e-07,0.21931912951026789,73633.03172462304,73632.8739608052,4.878856221707955,772.487678653355,0.0,-3.162294888170436e-07,0.14233521889946132,2616907443.570587,2616885088.5403204,4.232404623377327,664.2459536790859,0.0,-0.12194001674538413,21862.892884850502
156.0,2.0,6.335381101282202,5.663633433542998,7.572849946364082,863387.4618968557,25161.99299753411,77.68623636291238,0.0,0.9800005618547817,2.9999999999999996,888549.4548943875,888547.6706206786,60.0612608858428,9633.740336164403,0.0,7.473063305951655e-07,1.5846164756585495,125254.64499506062,125254.40170631,8.51682651193763,1366.087865059576,0.0,-4.2399278754601255e-07,0.21702917056154547,73623.27687952456,73623.12021419338,4.876873305736026,782.2414252648271,0.0,-3.165803263982525e-07,0.1412367318955603,2616907689.1464834,2616885080.0777745,4.2312756593959335,672.7085049978778,0.0,-0.12193456968816463,22116.931332432418
158.0,2.0,6.334587442027755,5.6628303879148385,7.572131799462025,863268.1449147206,25161.234572406884,77.65552244827968,0.0,0.9800005615746235,2.9999999999999996,888429.379487128,888427.5965020008,60.0370593354041,9753.81445483521,0.0,7.403541530948132e-07,1.5833278869504284,125237.61805847874,125237.3749172004,8.513394555146215,1383.1146541698683,0.0,-4.233013441989897e-07,0.21688169897174703,73613.52718598025,73613.37039741491,4.874908389028956,791.991242042885,0.0,-3.1698755265097134e-07,0.14135996563391018,2616907948.241526,2616885071.6174593,4.230160168700411,681.1688253352786,0.0,-0.12192945979586511,22384.486695475352
160.0,2.0,6.333791808164755,5.66202981979366,7.571405138813035,863148.8908170974,25160.476682360324,77.62508978707376,0.0,0.9800005614097692,2.9999999999999996,888309.3674994601,888307.570348125,60.01307694183481,9873.84060871888,0.0,7.481594366254285e-07,1.5974941027398017,125220.59974200217,125220.3549300149,8.509993592102893,1400.1346413540741,0.0,-4.24595782533288e-07,0.2185524066153448,73603.78243548135,73603.6244748998,4.872961257690944,801.7371645582668,0.0,-3.1671629585616756e-07,0.14253198211986273,2616908218.245674,2616885063.159335,4.229057995445118,689.6269413261689,0.0,-0.12193762967217481,22662.948959472684
162.0,2.0,6.332994494780159,5.661231576370132,7.5706697950721065,863029.6905124608,25159.719239248574,77.59493112415049,0.0,0.9800005608509582,2.9999999999999996,888189.4097517083,888187.5917326566,59.98930773238199,9993.819224183644,0.0,7.445560186170042e-07,1.6183618156574084,125203.58950853148,125203.34168401388,8.506623000441495,1417.1478873549572,0.0,-4.247335709806066e-07,0.22156493680859057,73594.04232029086,73593.88241179656,4.8710315513452045,811.4792276609572,0.0,-3.1726960969535867e-07,0.14447989431789665,2616908496.633284,2616885054.703397,4.227968839981805,698.0828790061325,0.0,-0.12193828894191938,22949.792507111295
164.0,2.0,6.332196024307478,5.660435525236372,7.569926112724219,862910.5309284135,25158.962018113012,77.56503922212214,0.0,0.9800005604409047,2.9999999999999996,888069.4929465287,888067.6602400087,59.965746320917724,10113.75071682548,0.0,7.385369826806709e-07,1.633049277936152,125186.58507253412,125186.33512045836,8.503281777433225,1434.1544509098237,0.0,-4.2538908928690944e-07,0.22369249430607852,73584.30551450387,73584.14417439768,4.869118699597641,821.2174650601526,0.0,-3.1695458346803207e-07,0.14591150652336182,2616908771.578912,2616885046.2496142,4.226892424173552,706.5366638544797,0.0,-0.12193599903594077,23233.191919649005
166.0,2.0,6.331397269260264,5.659641620754995,7.569174802869245,862791.4123924493,25158.20499455704,77.53541068255817,0.0,0.9800005601584523,2.9999999999999996,887949.6173870073,887947.77545994,59.942390037705195,10233.63549690089,0.0,7.451817509718239e-07,1.6422698319729534,125169.58610130804,125169.33518135041,8.499969554359591,1451.154390018543,0.0,-4.2461715565877967e-07,0.2246603769531248,73574.57182736293,73574.40972941642,4.867222490622991,830.9519100413985,0.0,-3.1696038149675587e-07,0.14666934683407362,2616909040.9683576,2616885037.797953,4.225828599870385,714.9883210542205,0.0,-0.12193990921946352,23511.033022630454
168.0,2.0,6.33059790260327,5.6588497706464596,7.568416758736576,862672.3330354048,25157.448194115685,77.50604081619538,0.0,0.9800005594835045,2.9999999999999996,887829.7812295193,887827.9369900965,59.91923492313135,10353.473966747153,0.0,7.479484338546172e-07,1.644582190181609,125152.59309078679,125152.34180935298,8.496685998834744,1468.1477620162125,0.0,-4.2438364289409947e-07,0.2250218533674797,73564.8415528944,73564.6790439564,4.865342730014201,840.6825955014269,0.0,-3.169493538734969e-07,0.14708033833312584,2616909307.9267654,2616885029.348399,4.224777164215083,723.4378753826506,0.0,-0.1219395473115128,23786.440984837758
170.0,2.0,6.329799755447161,5.658059903270277,7.567653039856492,862553.2939508456,25156.691624768628,77.4769249708185,0.0,0.9800005589439439,2.9999999999999996,887709.9855756136,887708.1444348617,59.896277616304694,10473.266521979762,0.0,7.458129402948543e-07,1.6414835170708102,125135.60583844072,125135.35494854765,8.493430402350711,1485.1346228209138,0.0,-4.250043730280595e-07,0.2246303120034554,73555.11457051446,73554.95208592582,4.863479015473389,850.4095535323737,0.0,-3.1658998977945885e-07,0.14705598933653619,2616909572.459791,2616885020.9009256,4.2237379366897185,731.88535125603,0.0,-0.12193719993308605,24059.421486452717
172.0,2.0,6.329003514339435,5.657271944802284,7.566884869675345,862434.3049657142,25155.935423958097,77.44805891058101,0.0,0.9800005585359322,2.9999999999999996,887590.2403896711,887588.3974052735,59.873514793155834,10593.013551566073,0.0,7.43915734346956e-07,1.6433271608766518,125118.62530243686,125118.37454395309,8.490202297527123,1502.1150274159681,0.0,-4.2451392801012844e-07,0.2244989031987643,73545.39143979612,73545.22882377163,4.861631076796389,860.1328156859665,0.0,-3.171887783537386e-07,0.147187424590129,2616909840.740808,2616885012.455503,4.222710743101668,740.3307727422334,0.0,-0.12193836311325867,24336.147924765548
174.0,2.0,6.328207563838131,5.656485785065661,7.566113423635591,862315.3803063132,25155.17983090499,77.41943748026685,0.0,0.9800005577843505,2.9999999999999996,887470.5601372191,887468.69552098,59.85094214777412,10712.71543586162,0.0,7.460002962034196e-07,1.6649590045090008,125101.65438880626,125101.40054138243,8.487001284686015,1519.0890299853402,0.0,-4.2579790715535637e-07,0.22758784196616944,73535.67383262762,73535.50922641307,4.859798679272473,869.8524130445115,0.0,-3.1720594506623456e-07,0.14917761463982515,2616910125.705821,2616885004.01211,4.221695368534248,748.7741634793019,0.0,-0.12194037964582094,24629.55632852981
176.0,2.0,6.327412849666942,5.655701317493537,7.565339749572247,862196.5167009076,25154.42476192122,77.39105509303256,0.0,0.9800005571262166,2.9999999999999996,887350.9414628274,887349.0384099185,59.828555530087186,10832.372546921795,0.0,7.446706149494275e-07,1.7033956729192141,125084.69224390147,125084.43288822417,8.483826579392106,1536.0566831441245,0.0,-4.252799499226967e-07,0.23309609596594782,73525.96125518379,73525.79326365032,4.857981381294429,879.5683758071004,0.0,-3.173577169945929e-07,0.15256293339689364,2616910422.195037,2616884995.5707316,4.2206916022588485,757.2155466838196,0.0,-0.1219357685729392,24934.486927585156
178.0,2.0,6.32661908053057,5.654918445386426,7.56456473447464,862077.7027231301,25153.67001577061,77.36290696175521,0.0,0.9800005565983964,2.9999999999999996,887231.3727389001,887229.4257075175,59.80635120016251,10951.98524932212,0.0,7.439903129125014e-07,1.7473741459925805,125067.73665227815,125067.4715329564,8.48067763385061,1553.0180384118257,0.0,-4.2534065869404003e-07,0.23885974034510582,73516.2524297232,73516.08090590835,4.856178870972347,889.2807335490452,0.0,-3.173827280988917e-07,0.15609521475016663,2616910719.3201623,2616884987.1313353,4.219699256769763,765.6549451973592,0.0,-0.12193363641154065,25240.051451506868
180.0,2.0,6.325826803460546,5.654139751048662,7.563789145285607,861958.9323876938,25152.91552507499,77.33219023020266,0.0,0.980000555793183,2.9999999999999996,887111.8479127709,887109.861380255,59.782163631248714,11071.549576584617,0.0,7.439120963681489e-07,1.7868752792892337,125050.78779816352,125050.51703783654,8.47724755997534,1569.9725335317764,0.0,-4.252522103342926e-07,0.244500745668347,73506.54746117655,73506.3724750979,4.854215405083589,898.9891643592124,0.0,-3.1766865049576154e-07,0.15955747826922106,2616911014.730667,2616884978.6942015,4.218563633895013,774.0920724651493,0.0,-0.12194015768398003,25543.89908359262
182.0,2.0,6.32503627416756,5.653364622941724,7.563013677733887,861840.2048027914,25152.161237472956,77.30095315344778,0.0,0.9800005550383108,2.9999999999999996,886992.3660402708,886990.346228058,59.75757609896211,11191.064728782541,0.0,7.448543328791857e-07,1.820154977060156,125033.84506171064,125033.56951638062,8.473760728001498,1586.9200549877794,0.0,-4.2516990106378216e-07,0.2492857487893616,73496.84600540402,73496.66803617416,4.85221946182904,908.6936032828705,0.0,-3.1775221032148693e-07,0.16254062939310643,2616911304.523329,2616884970.259413,4.217396864655122,782.5268661944596,0.0,-0.12193513229215114,25842.126538988803
184.0,2.0,6.324249575694357,5.6525923525463355,7.562239219901031,861721.5209644745,25151.40715509402,77.26981919524343,4.369816976021355e-08,0.9800005544157043,2.9999999999999996,886872.9281195666,886870.880087621,59.73307021991941,11310.53086922238,0.0,7.477538019884378e-07,1.8483747127647803,125016.90800350149,125016.62894559276,8.470285393710071,1603.8606257751994,0.0,-4.256112333678175e-07,0.25279832705882654,73487.14779848605,73486.96757591571,4.850230129262566,918.3940635413957,0.0,-3.176763812007266e-07,0.16479396995339357,2616911588.0479827,2616884961.8269453,4.216233496049555,790.9593331865586,0.0,-0.12193560082539534,26134.08365989249
186.0,2.0,6.323466072248411,5.651823508531376,7.561466753660048,861602.8800714,25150.653314079456,77.23781754447157,8.351709318185934e-08,0.980000553574766,2.9999999999999996,886753.5333854788,886751.4642963171,59.70789565144341,11429.946660525267,0.0,7.466733222827315e-07,1.8694319277856266,124999.9776344506,124999.6955149653,8.466715313454264,1620.794056402108,0.0,-4.2617125473043416e-07,0.25585990307058637,73477.45340973121,73477.27120278658,4.848186564580057,928.0904366705557,0.0,-3.17648868985998e-07,0.1667783442729842,2616911868.932442,2616884953.396905,4.215020098510928,799.3893733835805,0.0,-0.12193576330059841,26423.398159585056
188.0,2.0,6.322684110803284,5.651057820864618,7.560697039740459,861484.2964962204,25149.899884217237,77.20548028988058,1.0436242735755924e-08,0.9800005527091051,2.9999999999999996,886634.1963804393,886632.0993689516,59.68246368022642,11549.31158788572,0.0,7.416820153594017e-07,1.897354248794727,124983.05547367854,124982.76929751915,8.463108722900731,1637.7202738479095,0.0,-4.265170900907833e-07,0.2599165768183411,73467.7637160442,73467.57895855306,4.846122116805249,937.7826809041662,0.0,-3.1755826057633385e-07,0.1693288908654722,2616912153.8499584,2616884944.96933,4.213785780384423,807.8169449443493,0.0,-0.12193931392096147,26716.743247377362
190.0,2.0,6.321904133842828,5.650299621208856,7.559930560865829,861365.7844834601,25149.146982750783,77.16885416330238,3.6503215304174233e-09,0.9800005520603065,2.9999999999999996,886514.9314662119,886512.7919272148,59.653720869239294,11668.619029624198,0.0,7.433554856106639e-07,1.9398817598557798,124966.14298902116,124965.851232315,8.45903260193468,1654.638339051779,0.0,-4.2678721001720987e-07,0.2654971233046126,73458.07956847742,73457.89138104723,4.843788752710033,947.4702584095863,0.0,-3.1796696475794306e-07,0.17275882951037147,2616912445.1041727,2616884936.544708,4.212311943068693,816.2415688304867,0.0,-0.1219374866519729,27016.422085550304
192.0,2.0,6.321127581000578,5.64954578326184,7.5591677855232,861247.327327355,25148.39442752736,77.13222560278966,6.861663446851555e-09,0.9800005512934608,2.9999999999999996,886395.7217548813,886393.5419694475,59.624978886099505,11787.868987396398,0.0,7.482394721591845e-07,1.9801282014614117,124949.23888555655,124948.94131904369,8.45495663622669,1671.5482523242324,0.0,-4.2565011426631827e-07,0.2713069311510026,73448.40021406961,73448.20847006314,4.84145549216274,957.1531693939119,0.0,-3.1773242881172337e-07,0.17631540602587847,2616912736.317727,2616884928.123042,4.210834595162375,824.6632380208115,0.0,-0.12193396481472973,27316.057309122953
194.0,2.0,6.320355837078914,5.64879526957257,7.558409485808306,861128.9208205661,25147.642143318102,77.09592840005257,1.138308400765282e-08,0.9800005504031497,2.9999999999999996,886276.562963884,886274.348979106,59.59649516966248,11907.061977735722,0.0,7.461076165782288e-07,2.0143275434402312,124932.34199348913,124932.03948439311,8.450917325188259,1688.450086974609,0.0,-4.2584997572703287e-07,0.27624951410416543,73438.72497266777,73438.5301835732,4.839143244826778,966.8314558835655,0.0,-3.1802210287423804e-07,0.17936049383843056,2616913023.182897,2616884919.7042956,4.209372671758144,833.0819833643278,0.0,-0.12193509270343839,27611.341224468455
196.0,2.0,6.319586301374208,5.64804748373121,7.557656258914438,861010.567747215,25146.89012456359,77.05993097277235,1.600905853280426e-08,0.98000054964161,2.9999999999999996,886157.4578717834,886155.2124889148,59.56824509646948,12026.198467928662,0.0,7.478301995433867e-07,2.0457256358131417,124915.45220685346,124915.14566226293,8.446911064797186,1705.3439091042032,0.0,-4.2643523556762375e-07,0.2802850080274766,73429.05379363317,73428.85648367087,4.836849951076798,976.505155785719,0.0,-3.181954753017635e-07,0.1818813613903103,2616913303.9473886,2616884911.288444,4.20792487643794,841.4978331172036,0.0,-0.12193693284518758,27900.521565779403
198.0,2.0,6.3188262560092525,5.647302016429595,7.556909975419403,860892.2726839217,25146.138539446718,77.02421203468502,2.1806499938348503e-08,0.9800005488629201,2.9999999999999996,886038.4112233662,886036.1320651169,59.540211897704694,12145.27889172407,0.0,7.452927093254402e-07,2.0795010139718215,124898.57118691268,124898.2597911836,8.442935539886419,1722.2297801839761,0.0,-4.2599072003213223e-07,0.2851361470259235,73419.38764018138,73419.18733509995,4.834574285497208,986.1743043567134,0.0,-3.1811725875741104e-07,0.1848764805930614,2616913590.0585103,2616884902.875465,4.206490333403212,849.9108137840101,0.0,-0.12193539201530257,28195.04566810072
200.0,2.0,6.31806903601691,5.646558583569206,7.556171844592089,860774.0351443394,25145.387334865547,76.98875679460515,3.032032512716483e-08,0.9800005478373013,2.9999999999999996,885919.4224792025,885917.1072974129,59.51238385237833,12264.303659428828,0.0,7.460912456735969e-07,2.115524555076263,124881.69839257629,124881.38181280655,8.43898918824285,1739.107758560462,0.0,-4.265637016942492e-07,0.2903201871197325,73409.72619287635,73409.52270439522,4.832315352483712,995.8389350616808,0.0,-3.1788385967956856e-07,0.18805988053190958,2616913877.4401603,2616884894.4653325,4.2050684318205915,858.3209506476512,0.0,-0.12193093651626441,28490.837454935372
202.0,2.0,6.317313979362993,5.645816991934951,7.555441974501439,860655.8647351017,25144.636613739105,76.95355384829529,3.838379510747988e-08,0.980000546939494,2.9999999999999996,885800.5013488411,885798.1377929561,59.48475222912446,12383.273163887077,0.0,7.474900485249236e-07,2.1638986519410537,124864.83469411646,124864.51167159031,8.435070607817348,1755.9778997760966,0.0,-4.2716260395536665e-07,0.2967629429274439,73400.06996063137,73399.86255969071,4.830072352060304,1005.4990797658014,0.0,-3.18273691846116e-07,0.191972339677136,2616914169.897002,2616884886.058009,4.20365869767697,866.7282680430052,0.0,-0.12193690160540882,28791.70161427637
204.0,2.0,6.3165645652812135,5.645076943956277,7.554721202054999,860537.7591084972,25143.886423681262,76.91858781882888,4.604322869400079e-08,0.9800005461607344,2.9999999999999996,885681.645532178,885679.2231830278,59.457304962747926,12502.187773812573,0.0,7.447197276633233e-07,2.222691914310417,124847.98067579082,124847.64931539906,8.431178095510353,1772.8402559671174,0.0,-4.273954345990205e-07,0.3051008083073157,73390.41928018368,73390.20687108155,4.827844304510408,1015.1547683748222,0.0,-3.184095476171933e-07,0.1969805010021446,2616914472.45432,2616884877.6534853,4.202260502103435,875.1327890472121,0.0,-0.12193974688580056,29102.663453014346
206.0,2.0,6.315826269478233,5.64433831648947,7.554012716101166,860419.7034202234,25143.136534266472,76.88385265836874,5.812740155620704e-08,0.9800005450025471,2.9999999999999996,885562.8399544851,885560.3631089467,59.43003704230979,12621.047847897193,0.0,7.482303772121668e-07,2.277188306004973,124831.13383718858,124830.79469309084,8.427311154628237,1789.6948782763739,0.0,-4.2636202124413103e-07,0.3128845153205475,73380.77270867357,73380.55560922946,4.825630926034329,1024.806030226891,0.0,-3.1843455872149207e-07,0.2016708429632672,2616914773.496626,2616884869.2517443,4.200873593523781,883.5345362342597,0.0,-0.12193358767024165,29412.107506147742
208.0,2.0,6.315093743553877,5.643601019011806,7.553318244293143,860301.6965370727,25142.386883591626,76.84934208326746,6.904630630186378e-08,0.9800005439734838,2.9999999999999996,885444.0834206595,885441.5572212946,59.40294382427091,12739.853735545734,0.0,7.446760719176382e-07,2.3265421290088852,124814.29346561444,124813.94775528136,8.423468904086313,1806.5418160845466,0.0,-4.276635081623681e-07,0.3194507493490164,73371.12983760858,73370.9087457966,4.82343171649924,1034.4528936598895,0.0,-3.182990440109279e-07,0.2056632109693055,2616915068.4709034,2616884860.8527436,4.199497707457293,891.9335316491743,0.0,-0.12193881743951351,29715.480779058995
210.0,2.0,6.314375577087253,5.642864972379402,7.55264592667615,860183.736389937,25141.637532730634,76.81505145442416,7.879961224642225e-08,0.9800005430659993,2.9999999999999996,885325.37392267,885322.805177954,59.37602167072342,12858.60577888718,0.0,7.455346349161118e-07,2.3690874809508387,124797.46019492646,124797.10845362472,8.419650828914637,1823.3811177423759,0.0,-4.2647479858715087e-07,0.32548171920461755,73361.49103426434,73361.26625302894,4.821246383804305,1044.0953864274982,0.0,-3.1834656510909554e-07,0.20935263434353146,2616915363.3845987,2616884852.456482,4.1981326497814235,900.3297969487371,0.0,-0.12193520992377671,30018.790739693944
212.0,2.0,6.313667346286086,5.642130105484557,7.552001232851158,860065.8233283311,25140.888449641418,76.78097716001075,9.147936481589425e-08,0.9800005419121139,2.9999999999999996,885206.7117779696,885204.1066426411,59.349267551265115,12977.30431398971,0.0,5.3516669140663e-07,2.405477883066851,124780.63370071685,124780.27674027732,8.415856660829105,1840.2128310640342,0.0,-4.522212293522898e-07,0.3307008312490325,73351.85611928193,73351.62810345825,4.819074770486453,1053.7335359684712,0.0,-3.480618033790961e-07,0.2125871929074492,2616915655.499348,2616884844.043681,4.196778268909437,908.723353486556,0.0,-0.14117946098429002,30319.299045663374
214.0,2.0,6.312969456883987,5.641396351713921,7.551398832616951,859947.9580823128,25140.13962456295,76.74711470989793,1.0378340034852042e-07,0.9800005407488944,2.9999999999999996,885088.0977068762,885085.4612864805,59.32267807795876,13095.949670145628,0.0,5.304955266183242e-07,2.4367629456010036,124763.81354924379,124763.45256863954,8.412085818837603,1857.0370027017093,0.0,-4.5232764023239724e-07,0.3347209958633357,73342.22483622289,73341.99427037363,4.81691654235544,1063.367369053182,0.0,-3.4797017178789247e-07,0.21513721857149903,2616915943.442172,2616884835.6528163,4.19543437452952,917.114222235615,0.0,-0.1411755610158707,30615.632738299304
216.0,2.0,6.312280086041263,5.64066365068622,7.550888114818298,859830.138608291,25139.391077572454,76.71346021703545,1.141456548503365e-07,0.98000053970324,2.9999999999999996,884969.5296858626,884966.8687859313,59.29625027522602,13214.54217069608,0.0,5.316724127624184e-07,2.4612424824190384,124747.00036631271,124746.6358929876,8.408337826071353,1873.853678353852,0.0,-4.5211982069304213e-07,0.33821371693284163,73332.59753160243,73332.36472751963,4.8147714269007515,1072.9969119069835,0.0,-3.4817207961168606e-07,0.21737545191422214,2616916230.1132064,2616884827.2646146,4.194100802982979,925.5024238415809,0.0,-0.1411756686119361,30910.691974241363
218.0,2.0,6.311593767631441,5.639931936974611,7.550445214945201,859712.3653199121,25138.642775442415,76.680010237329,1.250623954037438e-07,0.9800005385564856,2.9999999999999996,884851.0080953557,884848.3288232819,59.26998132505012,13333.08213334618,0.0,5.324272933648899e-07,2.4796146256285283,124730.19382374285,124729.82666823106,8.404612378394667,1890.6629031106413,0.0,-4.5186698116594926e-07,0.34089590386338386,73322.97401932017,73322.73944902375,4.81263924810571,1082.622190403195,0.0,-3.4783852242981084e-07,0.2191416658711205,2616916512.6306405,2616884818.879058,4.192777410840897,933.8879786632627,0.0,-0.1411775447755872,31201.594963183223
220.0,2.0,6.310907691685489,5.639201029406094,7.549968643422247,859594.6387900199,25137.894700872683,76.64675584949075,1.3663447230036272e-07,0.9800005372457452,2.9999999999999996,884732.5334908953,884729.841094897,59.24386419294572,13451.569861732072,0.0,5.334131856216118e-07,2.4927385511091416,124713.39353016569,124713.0248512198,8.40090850537603,1907.4647201213934,0.0,-4.5237766244099475e-07,0.34241933744988273,73313.35407916247,73313.11841012306,4.810519450085076,1092.243229303365,0.0,-3.4835670703614596e-07,0.22024040833798608,2616916789.159505,2616884810.496127,4.191463837718386,942.2709063386995,0.0,-0.14118062495401773,31486.506755242357
222.0,2.0,6.3102222249589035,5.638471015451586,7.549474605374034,859476.9572243687,25137.146872246245,76.61369983581434,1.454691452154593e-07,0.9800005360578451,2.9999999999999996,884614.1040966122,884611.4052924425,59.21790122623279,13570.005664184539,0.0,5.314013833412901e-07,2.4991467204763467,124696.60002436388,124696.23039838801,8.397226416090284,1924.2591729535739,0.0,-4.519865797192324e-07,0.343366367825638,73303.73801240954,73303.50158581678,4.808412153479177,1101.8600536103233,0.0,-3.476841357041849e-07,0.22099796236329894,2616917062.334132,2616884802.1158066,4.190160185481231,950.651226709662,0.0,-0.14118080300283964,31768.061702917395
224.0,2.0,6.309537083633547,5.637741848154904,7.548968849985904,859359.3210316548,25136.399278459023,76.58083946137364,1.522957575431107e-07,0.9800005349253355,2.9999999999999996,884495.7203101153,884493.0211119502,59.192090245397885,13688.389844675334,0.0,5.298243195284158e-07,2.4995407143323973,124679.8129806415,124679.44326672581,8.393565831253245,1941.0463046160803,0.0,-4.516841727308929e-07,0.34345430794201093,73294.12563014677,73293.88895142122,4.806317197429082,1111.4726880051815,0.0,-3.4838080864574295e-07,0.22125009445085198,2616917330.9406767,2616884793.7380743,4.188866339589199,959.0289593888403,0.0,-0.14118040074095006,32045.045980091203
226.0,2.0,6.308852265255306,5.637013601233742,7.548454867276122,859241.7308824841,25135.651915733775,76.54817794202584,1.6060688423311083e-07,0.9800005334718258,2.9999999999999996,884377.3827982167,884374.6882447983,59.166433576047204,13806.722711827428,0.0,5.300935299601406e-07,2.494895967825869,124663.03221701755,124662.66341223475,8.3899272453563,1957.8261591067928,0.0,-4.5203364607004914e-07,0.3425451747095849,73284.51684387722,73284.28048169904,4.804234861013465,1121.0811577272084,0.0,-3.485351953713689e-07,0.22093354693561196,2616917594.2942834,2616884785.362915,4.187582420215761,967.4041242292718,0.0,-0.14117482392032343,32316.774751632533
228.0,2.0,6.308168025630535,5.636286174452402,7.547934981568642,859124.1857217819,25134.904800537333,76.51570933197117,1.6542942757770845e-07,0.9800005321476267,2.9999999999999996,884259.0905223232,884256.4063912028,59.140926799327836,13925.004565426083,0.0,5.332331056706607e-07,2.4844736729792203,124646.25812137671,124645.89079256113,8.386309836370657,1974.598778779534,0.0,-4.5291085370990913e-07,0.3410692066129286,73274.91187518864,73274.67615234618,4.802164676467529,1130.6854870801435,0.0,-3.484638000372797e-07,0.2202942112890014,2616917854.4425435,2616884776.9902973,4.186308185234589,975.776740599741,0.0,-0.14117617500880897,32585.295628119577
230.0,2.0,6.3074837613388866,5.6355593803686705,7.54741080380877,859006.6857395453,25134.157927093453,76.48342465474215,1.6690824802993923e-07,0.9800005309405078,2.9999999999999996,884140.8436666385,884138.1752654752,59.11556286175947,14043.235691149603,0.0,5.291076377034187e-07,2.4687437118263915,124629.49041115337,124629.12536734373,8.382712609033366,1991.3642039976007,0.0,-4.5224032874102704e-07,0.3387842013366935,73265.3105513102,73265.07594019784,4.800106074309288,1140.285699228762,0.0,-3.4817776395357214e-07,0.21918248147130726,2616918110.657245,2616884768.6202087,4.185043276548276,984.1468271528375,0.0,-0.14117819918271834,32849.8804163252
232.0,2.0,6.306800156625664,5.634833157549421,7.546883492788319,858889.2301822003,25133.411288625968,76.45132126801983,1.6834176204053015e-07,0.9800005294527118,2.9999999999999996,884022.6414708268,884019.9945865287,59.09033947436898,14161.41637009834,0.0,5.314141162671149e-07,2.4472268488971167,124612.72891475855,124612.36709652026,8.379135411540878,2008.1224748206826,0.0,-4.5262800085765775e-07,0.3355586296040656,73255.71278476593,73255.4798222685,4.798058964565209,1149.8818171578926,0.0,-3.4838444662455004e-07,0.21753386632485672,2616918362.9090924,2616884760.252635,4.183787585886506,992.5144023246105,0.0,-0.14117676550790748,33110.499838764124
234.0,2.0,6.306117133377294,5.634107462510558,7.546353908695213,858771.8183415433,25132.66489437984,76.41939626476073,1.665625644773581e-07,0.9800005279925649,2.9999999999999996,883904.4832359247,883901.8640774785,59.065254524685805,14279.546879147712,0.0,5.305719241732731e-07,2.4195009961931646,124595.97376297775,124595.6159408992,8.375577810700316,2024.8736304420831,0.0,-4.5229398892843165e-07,0.3315624702022433,73246.1186544193,73245.88777606604,4.796023101164194,1159.473863360221,0.0,-3.485220076981932e-07,0.2154497220290068,2616918612.3756585,2616884751.887554,4.182540994772997,1000.8794843141565,0.0,-0.1411756093970098,33368.33148683949
236.0,2.0,6.305434258928397,5.633382134813715,7.545822695977857,858654.450272852,25131.918726832995,76.3876420079786,1.6085401048372842e-07,0.9800005266583263,2.9999999999999996,883786.3689996861,883783.783473347,59.040302067090046,14397.627483281893,0.0,5.331858119461685e-07,2.3858688917280233,124579.22480335007,124578.87186305084,8.3720389241074,2041.617708290298,0.0,-4.5243700697028544e-07,0.32668069073065453,73236.52806236644,73236.29978011487,4.7939979757889475,1169.0618593117988,0.0,-3.4811000659829006e-07,0.21285362074650038,2616918857.419695,2616884743.5249486,4.181303201846223,1009.2420907178489,0.0,-0.14117477745139695,33621.73812963157
238.0,2.0,6.304752144208095,5.632657142379956,7.545290365573128,858537.1278098016,25131.172812927605,76.35605706064506,1.5274934512374627e-07,0.9800005252133004,2.9999999999999996,883668.3006227287,883665.7525116507,59.01548084646578,14515.658444974824,0.0,5.298261385178193e-07,2.348453627220806,124562.48237283713,124562.13482570187,8.368518674552663,2058.3547456394035,0.0,-4.5229990064399317e-07,0.3212875268973221,73226.9412037543,73226.7158130255,4.79198354464797,1178.6458264010948,0.0,-3.4819049687939696e-07,0.20996209789200293,2616919099.4562993,2616884735.1647964,4.180074147727987,1017.6022390133048,0.0,-0.1411787265633393,33872.134882331484
240.0,2.0,6.304070396870863,5.631932496769943,7.544757314046782,858419.8566341061,25130.42723891406,76.32464159802255,1.4187950601265259e-07,0.9800005236227988,2.9999999999999996,883550.2838730196,883547.7709296846,58.99079098434815,14633.64002694352,0.0,5.324782250681892e-07,2.3132858868866606,124545.74722278242,124545.4047915154,8.365017093030287,2075.084779825464,0.0,-4.527150849753525e-07,0.31617165824945914,73217.3585209145,73217.1358533723,4.789979826621972,1188.2257860543389,0.0,-3.481479780020891e-07,0.2072389113375266,2616919342.7076383,2616884726.80709,4.178853835901661,1025.9599466851082,0.0,-0.1411776015434043,34123.74392896202
242.0,2.0,6.30338912385081,5.631208234215582,7.544223842993765,858302.6354148678,25129.681988018543,76.29339643677987,1.2666358228524006e-07,0.9800005221592707,2.9999999999999996,883432.3174028879,883429.8384631391,58.96623327271871,14751.572493488957,0.0,5.324236553860828e-07,2.279282300556588,124529.01918447496,124528.68172316933,8.361534173022342,2091.807848171509,0.0,-4.527360033534933e-07,0.3112016968402713,73207.77992045865,73207.55987973018,4.787986820861295,1197.8017596960615,0.0,-3.4854224395530764e-07,0.2046120972133849,2616919586.47996,2616884718.4518037,4.177642296841093,1034.3152312787904,0.0,-0.14117912922961295,34375.87153525676
244.0,2.0,6.302708578543488,5.630484365352877,7.5436901902428914,858185.462728494,25128.937046610874,76.2623217857551,1.0757682104343967e-07,0.980000520760852,2.9999999999999996,883314.3997751056,883311.9548474479,58.94180784437872,14869.456109177714,0.0,5.299662007018924e-07,2.245270207102294,124512.29823781141,124511.96558325314,8.358069958261202,2108.5239880880313,0.0,-4.5239858081913553e-07,0.3063949498086913,73198.20537808823,73197.98787062189,4.78600455418599,1207.3737688044334,0.0,-3.484615263005253e-07,0.20207883516422953,2616919830.4390035,2616884710.0989294,4.176439536506017,1042.6681103518024,0.0,-0.1411743352398389,34628.18345783258
246.0,2.0,6.302028433407903,5.6297608835450434,7.543156559067444,858068.3520029287,25128.192603695406,76.23141740831974,8.5484327218553e-08,0.9800005190434365,2.9999999999999996,883196.5446066228,883194.1198188367,58.917514307383506,14987.291137792481,0.0,5.334932211553678e-07,2.225130338998497,124495.58597713913,124495.25633412521,8.354624563715104,2125.2332372154615,0.0,-4.529010766418651e-07,0.3033834049547295,73188.6357978362,73188.41980445254,4.784033084668333,1216.94183497377,0.0,-3.48472667610622e-07,0.2005647524804317,2616920083.260573,2616884701.748438,4.175245538037133,1051.0186014278768,0.0,-0.14117478290813779,34889.355518351396
248.0,2.0,6.301349101134166,5.62903777927844,7.542623137124153,857951.2953680528,25127.44855291969,76.20068187389325,5.887117110584656e-08,0.9800005174555272,2.9999999999999996,883078.7439209756,883076.3331152684,58.893351782756234,15105.077841357994,0.0,5.30704710399732e-07,2.211148257334571,124478.88146364447,124478.55393878327,8.351197670955912,2141.9356325573735,0.0,-4.529301804723218e-07,0.30126525221385236,73179.07065195314,73178.85565998699,4.78207223285651,1226.505979439483,0.0,-3.483080490696011e-07,0.19956333512459423,2616920340.229213,2616884693.400315,4.174060246195768,1059.3667219202682,0.0,-0.14117736409457393,35154.672279171245
250.0,2.0,6.300670414349882,5.628315038848621,7.542090087498796,857834.2802059043,25126.704719132922,76.17011422695329,2.8115835784486435e-08,0.980000515983052,2.9999999999999996,882960.984925036,882958.5944762429,58.86931951402117,15222.816480386036,0.0,5.33264028490521e-07,2.1907913457489485,124462.18307936347,124461.85836042497,8.347789179141127,2158.6312109156556,0.0,-4.529442776401993e-07,0.29845932949547205,73169.5090107707,73169.29541610552,4.780121940591867,1236.0662233206667,0.0,-3.485920387902297e-07,0.19816603386334464,2616920593.30754,2616884685.054546,4.172883621314955,1067.7124891628982,0.0,-0.14117904999238817,35416.09637311599
252.0,2.0,6.299992146875598,5.627592358318998,7.541557532053017,857717.3071304132,25125.9610884898,76.13970184188607,0.0,0.9800005142453748,2.9999999999999996,882843.2682189023,882840.9036614998,58.84540737070673,15340.50729512745,0.0,5.316269380273297e-07,2.1648999534827453,124445.49047831369,124445.16956479433,8.344397815218576,2175.320006546093,0.0,-4.531525519269053e-07,0.2946539101480994,73159.95066623676,73159.73905315096,4.778181477350619,1245.622586275368,0.0,-3.484558419586392e-07,0.1961844546356133,2616920840.9022574,2616884676.7111177,4.171715178610148,1076.0559195201186,0.0,-0.1411768276902876,35672.03452097581
254.0,2.0,6.299314899726784,5.6268697774680065,7.541025723514684,857600.3754972654,25125.217662819163,76.10944581743608,0.0,0.9800005125234921,2.9999999999999996,882725.5931600867,882723.2604287638,58.82161636879044,15458.150527865031,0.0,5.331694410415366e-07,2.1330738754350023,124428.80376140235,124428.48751758972,8.3410236023494,2192.0020537507917,0.0,-4.5306296669878066e-07,0.289984203507629,73150.39567499947,73150.18655143517,4.7762508577567235,1255.1750879908814,0.0,-3.4873482945840806e-07,0.19369493285375938,2616921083.614312,2616884668.370004,4.170554988539516,1084.3970294971975,0.0,-0.14118041796359648,35923.087685682345
256.0,2.0,6.298638137520852,5.62614689763478,7.540494804144716,857483.4911879061,25124.474551867617,76.07932923016286,0.0,0.9800005109165013,2.9999999999999996,882607.9657397729,882605.6645622572,58.79793325426251,15575.746394373557,0.0,5.351248546503484e-07,2.1015200701876893,124412.1240457105,124411.812188355,8.337664617016305,2208.6773829848244,0.0,-4.537432687357068e-07,0.2855977456929395,73140.8446942168,73140.63789347,4.7743289825711654,1264.7237459560238,0.0,-3.4875483834184706e-07,0.19137211532142828,2616921327.5475726,2616884660.031203,4.169402376312875,1092.7358342498233,0.0,-0.14117704931004482,36175.3597508758
258.0,2.0,6.297962197411938,5.625423197881846,7.539965118964477,857366.6680900446,25123.73193639275,76.04933084809916,0.0,0.9800005092146031,2.9999999999999996,882490.4000264383,882488.1158798245,58.77434121376235,15693.295076801081,0.0,5.29911631019786e-07,2.084489163116814,124395.45287054242,124395.14355122749,8.334318563738533,2225.3460201123016,0.0,-4.537796485237777e-07,0.2830597050851793,73131.29861453344,73131.09306439366,4.772414538025233,1274.2685750320743,0.0,-3.490495146252215e-07,0.19012150802154792,2616921580.56604,2616884651.694686,4.168256532573049,1101.0723473149694,0.0,-0.14118084131109754,36436.71473136725
260.0,2.0,6.297287131446467,5.6246989530729365,7.539437214951408,857249.8959910681,25122.989669490653,76.01946243332122,0.0,0.9800005073479477,2.9999999999999996,882372.8856605574,882370.61418092,58.75084945368734,15810.796775708455,0.0,5.327310645952821e-07,2.071822189624072,124378.7888775488,124378.4815776681,8.330986779583693,2242.007993671469,0.0,-4.5399701775750145e-07,0.28104027063182,73121.75663826487,73121.55204781887,4.770508287535118,1283.8095916071445,0.0,-3.487682533886982e-07,0.18916181451390912,2616921835.7184696,2616884643.360455,4.1671179125150735,1109.4065831399996,0.0,-0.14117591609169722,36700.201396772965
262.0,2.0,6.2966124223962785,5.623973765329453,7.53891229431284,857133.1639984028,25122.247618527388,75.98970753170737,0.0,0.980000505600023,2.9999999999999996,882255.4116169338,882253.159290557,58.72744518039956,15928.251666069254,0.0,5.306119419401512e-07,2.0526689267626352,124362.13088802646,124361.82624301425,8.327667326727884,2258.663328324925,0.0,-4.543981049209833e-07,0.27838540174707305,73112.21809630725,73112.0148295687,4.7686091250433655,1293.3468098572312,0.0,-3.4885579225374386e-07,0.18783810698096204,2616922087.5712557,2616884635.028483,4.165985899536545,1117.7385549390726,0.0,-0.14117623921106315,36960.38615463619
264.0,2.0,6.295938350629041,5.62324758035799,7.5383879025558125,857016.4739710252,25121.50577938061,75.96006443117699,0.0,0.9800005039271869,2.9999999999999996,882137.9797504052,882135.7510365285,58.70412701577774,16045.65992010081,0.0,5.336369213182479e-07,2.029056429735647,124345.47870989573,124345.1775229567,8.3243600288315,2275.312048382588,0.0,-4.5428532757796347e-07,0.2749273286863172,73102.68288623756,73102.48139567036,4.766716949022903,1302.880243755277,0.0,-3.491475126793375e-07,0.18606193533582882,2616922334.82264,2616884626.698766,4.164860437544837,1126.0682758141622,0.0,-0.14117204655553905,37215.967259769546
266.0,2.0,6.29526484175289,5.622519935611944,7.537863637664195,856899.8291189462,25120.764201974296,75.93051536762758,0.0,0.9800005019114101,2.9999999999999996,882020.593320921,882018.3892750217,58.68088075198413,16163.021681604778,0.0,5.308411346049979e-07,2.004388449468024,124328.83280323513,124328.53539685677,8.321063050170032,2291.954174482928,0.0,-4.5387923819362186e-07,0.27114676842256813,73093.15125969355,73092.95173425754,4.764830706626761,1312.4099051685305,0.0,-3.4871050047513563e-07,0.18409680458421462,2616922580.014237,2616884618.3712797,4.163740858846665,1134.3957575318555,0.0,-0.14117684390748764,37469.4863384721
268.0,2.0,6.294591706209151,5.621790986236214,7.53733969347211,856783.2256022869,25120.022863570935,75.90106681273612,0.0,0.9800005000263418,2.9999999999999996,881903.2484658551,881901.0738515783,58.65771172263527,16280.337105050048,0.0,5.326637619873509e-07,1.9749568289316812,124312.19313261558,124311.89984296546,8.317776946082411,2308.589728375093,0.0,-4.5301931095309556e-07,0.26703004103546846,73083.62319844784,73083.42583282631,4.7629507156235675,1321.9358065997776,0.0,-3.486957211862318e-07,0.1819369901177197,2616922823.239426,2616884610.0460224,4.162627428394879,1142.7210123886452,0.0,-0.14117928844825656,37721.03678253788
270.0,2.0,6.293919248812863,5.621060935335839,7.536816205379065,856666.6656627308,25119.281766607823,75.8717275950489,0.0,0.98000049826638,2.9999999999999996,881785.9474293377,881783.8045978573,58.63462685961102,16397.60635876927,0.0,5.308902473188937e-07,1.9431740306681604,124295.55954962313,124295.27083755615,8.314502704814478,2325.2187337847217,0.0,-4.527018973021768e-07,0.262452458214284,73074.09862874713,73073.90367774898,4.76107753864553,1331.4579616770686,0.0,-3.487323283479782e-07,0.1795223667038499,2616923063.547262,2616884601.722987,4.161520491977876,1151.044053372601,0.0,-0.1411735446658895,37969.667659577586
272.0,2.0,6.293247184738008,5.620330204689963,7.536293263544819,856550.1480716689,25118.54089204571,75.84251548634307,0.0,0.9800004962500866,2.9999999999999996,881668.6889637131,881666.5813179836,58.61163993458865,16514.829638638446,0.0,5.26342773810029e-07,1.9079882753139827,124278.93177714455,124278.64835267149,8.31124244201891,2341.8412186687597,0.0,-4.5332535592024215e-07,0.2571648636762802,73064.57738614216,73064.38525297678,4.7592123860352284,1340.976386449139,0.0,-3.4886829780589323e-07,0.1767045338049229,2616923299.8984747,2616884593.4021444,4.160420723700277,1159.3648948200016,0.0,-0.14117484018515825,38214.33971352651
274.0,2.0,6.292569505664067,5.619599062140931,7.53577072074895,856433.6728844856,25117.800369434055,75.81344108609184,0.0,0.9800004942450425,2.9999999999999996,881551.4732539185,881549.403799135,58.58875942659761,16632.00715749164,0.0,5.309739208314568e-07,1.8697973338457814,124262.31039196387,124262.03235817484,8.307997246260003,2358.4572131612795,0.0,-4.574549166136421e-07,0.251774175513674,73055.0598014106,73054.8705412122,4.75735588139395,1350.491098211927,0.0,-3.5064863368461374e-07,0.1738315650379718,2616923542.024871,2616884585.0834804,4.159328531840281,1167.6835518836822,0.0,-0.1411818504486746,38464.78476676939
276.0,2.0,6.291884051579665,5.61886769416415,7.535247975696544,856317.2444185399,25117.060286148724,75.78451183551863,0.0,0.9800004923753167,2.9999999999999996,881434.3047046901,881432.2718166242,58.56599125469186,16749.139140001025,0.0,5.295660230331123e-07,1.833230614887725,124245.69570520024,124245.42282237505,8.30476789994147,2375.0667489611624,0.0,-4.573557816911489e-07,0.24662321176947444,73045.54604429108,73045.35952425604,4.755508477748304,1360.0021151674237,0.0,-3.5131870390614495e-07,0.17109140101183584,2616923794.4197216,2616884576.766998,4.1582442031369915,1176.0000402899561,0.0,-0.14117598812003962,38725.49610590656
278.0,2.0,6.291193745622455,5.618136174149277,7.5347240200592545,856200.8667265156,25116.32064342473,75.75573074276123,0.0,0.9800004904115919,2.9999999999999996,881317.1873699386,881315.1851412979,58.54333766154286,16866.22581532411,0.0,5.263100320007652e-07,1.8025711864429468,124229.08794378515,124228.81971272493,8.301554824724132,2391.669858610611,0.0,-4.5803199100191705e-07,0.2419714461325384,73036.03625811546,73035.85218343756,4.753670409169949,1369.5094559857635,0.0,-3.5146240406902507e-07,0.16864604372949543,2616924055.5267367,2616884568.4526606,4.157167847324295,1184.3143759846048,0.0,-0.1411775470419343,38994.91745673412
280.0,2.0,6.290500202797626,5.617404252712929,7.534197667022592,856084.5467666225,25115.581558963124,75.72708805015978,0.0,0.9800004883018424,2.9999999999999996,881200.1283255842,881198.143559426,58.52079093670023,16983.26739719751,0.0,5.277906893752515e-07,1.7851087054805248,124212.48874979527,124212.22299882294,8.2983569507789,2408.2665725121688,0.0,-4.584662747220136e-07,0.2394913578091291,73026.53138347328,73026.348501315,4.751841061283838,1379.013138108331,0.0,-3.5144603316439316e-07,0.16745352411544445,2616924332.0477185,2616884560.1404605,4.15609910139681,1192.6265741873983,0.0,-0.14117941367589992,39279.75063672555
282.0,2.0,6.289804062505999,5.616672058944038,7.5336677850155995,855968.2876887202,25114.843056457474,75.6985885808466,0.0,0.9800004863202346,2.9999999999999996,881083.1307451766,881081.1468493863,58.49835502009361,17100.264107237697,0.0,5.283036443870515e-07,1.7842383380157116,124195.8983604512,124195.63264938291,8.295174719942015,2424.8569219520527,0.0,-4.586086106428411e-07,0.2394514536231327,73017.03154912638,73016.84845993895,4.7500206879553195,1388.5131794842416,0.0,-3.5159268918505404e-07,0.16766055312086792,2616924624.392225,2616884551.8303905,4.155038152855672,1200.9366504931097,0.0,-0.1411731458063059,39580.40521929499
284.0,2.0,6.289108122372171,5.6159399223688995,7.5331335272916675,855852.088749357,25114.105223656097,75.67024514314232,0.0,0.9800004844035519,2.9999999999999996,880966.1939730137,880964.1947694679,58.47603995923641,17217.21618715617,0.0,5.284236976876855e-07,1.7995460935781011,124179.31620483294,124179.0486302075,8.292009585632048,2441.440941123317,0.0,-4.6275499698822387e-07,0.2413150066236085,73007.53643354065,73007.35203969823,4.74821011932863,1398.0095997228989,0.0,-3.5364905670576263e-07,0.168965206051098,2616924941.178334,2616884543.5224104,4.153985478945238,1209.2446214510003,0.0,-0.14118224849312355,39905.49929970036
286.0,2.0,6.288410205911869,5.61520788909688,7.532594368290802,855735.9401919374,25113.36782728611,75.64205966499202,0.0,0.9800004821833899,2.9999999999999996,880849.3080192254,880847.2870753133,58.45384707595313,17334.123881308074,0.0,5.256770236883312e-07,1.8212864571869432,124162.74149329709,124162.47090642074,8.288861893731909,2458.018664910781,0.0,-4.6204968384699896e-07,0.24432725823407964,72998.04558317811,72997.85922059703,4.746409550479216,1407.5024188238574,0.0,-3.5389098229643423e-07,0.17093394447579158,2616925267.326863,2616884535.216532,4.152941144827757,1217.5505037406558,0.0,-0.14117812122162832,40239.95371056591
288.0,2.0,6.287710475101058,5.614475939211944,7.532050041085993,855619.8292949761,25112.630662579348,75.61403074170636,0.0,0.9800004800989589,2.9999999999999996,880732.4599575568,880730.4235243176,58.431775499183004,17450.98743230644,0.0,5.283327482175082e-07,1.8367757869818888,124146.17234965196,124145.89944375627,8.28573133224414,2474.590127575269,0.0,-4.620383151632268e-07,0.2466462775914806,72988.55792696455,72988.36998298523,4.744618805798725,1416.9916564354548,0.0,-3.541013029462192e-07,0.1725153425118151,2616925592.328287,2616884526.9127207,4.151905104480497,1225.8543139496169,0.0,-0.1411794624009417,40573.258945087466
290.0,2.0,6.287009628041711,5.613743966761867,7.531500478798476,855503.7570918908,25111.89369138089,75.58615415023353,0.0,0.9800004781446937,2.9999999999999996,880615.6507832708,880613.6038805133,58.40982190067285,17567.807076107787,0.0,5.254587449599057e-07,1.847245302360534,124129.60826224832,124129.33420889362,8.282617431271843,2491.1553624378125,0.0,-4.6214108806452714e-07,0.24779373650244452,72979.07315494197,72978.88430775252,4.742837616632399,1426.4773316687197,0.0,-3.5353968996787444e-07,0.1734185531959156,2616925912.4880323,2616884518.610969,4.150877201656427,1234.1560683529297,0.0,-0.14117667270511447,40901.72044470715
292.0,2.0,6.286307859578465,5.61301194750061,7.530945767185139,855387.7222312468,25111.156928880442,75.55842919621182,0.0,0.9800004759105367,2.9999999999999996,880498.8791601289,880496.8279094818,58.38798551507604,17684.583047137938,0.0,5.240945029072464e-07,1.8515931905640173,124113.04963001581,124112.77516837687,8.2795202580433,2507.714402953899,0.0,-4.628004717233125e-07,0.24820202007822445,72969.5915008929,72969.402175715,4.741066018652225,1435.959463706024,0.0,-3.5375478546484374e-07,0.17389654142834843,2616926229.911457,2616884510.311252,4.149857404440261,1242.4557831618101,0.0,-0.14117881328752446,41227.44358423679
294.0,2.0,6.285605302241663,5.612279935779241,7.530386103034754,855271.7238573009,25110.420382461354,75.53085750090347,0.0,0.980000473723008,2.9999999999999996,880382.1442397612,880380.0953739029,58.36626779275035,17801.315582723437,0.0,5.307010724209249e-07,1.849208408348204,124096.49665617592,124096.22228862073,8.2764398783648,2524.2672827106285,0.0,-4.622129381459672e-07,0.24810793691676736,72960.11309537165,72959.92356761174,4.7393040516572755,1445.4380718093387,0.0,-3.5370544537727255e-07,0.17409912349171464,2616926545.729372,2616884502.013558,4.148845778131052,1250.7534747180723,0.0,-0.14118146326313763,41551.55919075582
296.0,2.0,6.284902456040666,5.611547926048637,7.529821775634559,855155.7682998703,25109.68407464513,75.5034386251806,0.0,0.9800004716669075,2.9999999999999996,880265.4523745129,880263.4060370316,58.34466843271292,17918.004919588864,0.0,5.247493390925229e-07,1.8466800255191629,124079.949192212,124079.67553619442,8.273376213330106,2540.8140351372886,0.0,-4.618605089490302e-07,0.24739639966264804,72950.63783536668,72950.44846426949,4.7375516709883545,1454.9131751513155,0.0,-3.5397943065618165e-07,0.1739424604998021,2616926858.5277658,2616884493.71788,4.147842308149221,1259.0491593343706,0.0,-0.1411749856977167,41872.65326909847
298.0,2.0,6.284199134059979,5.610815893946396,7.529253130364928,855039.8729027888,25108.948312909997,75.47617171664449,0.0,0.9800004694886958,2.9999999999999996,880148.8212156981,880146.7596637796,58.32318662874361,18034.651292846353,0.0,5.303190846461803e-07,1.8618944682420988,124063.41037441255,124063.13487767956,8.270329257222501,2557.3546936517337,0.0,-4.6227478378568776e-07,0.2492371146468031,72941.16752612786,72940.97684652603,4.735808871591064,1464.3847928944977,0.0,-3.542575086612487e-07,0.1752509648592877,2616927185.1091375,2616884485.4241853,4.146846959087307,1267.3428532525452,0.0,-0.1411755636779617,42207.52833480085
300.0,2.0,6.283495870971514,5.610083886545989,7.528680555105639,854924.0394322794,25108.213154556543,75.44905835750146,0.0,0.9800004672010674,2.9999999999999996,880032.2525868358,880030.1560165095,58.30182363376895,18151.25494011389,0.0,5.277324817143381e-07,1.8969128733951948,124046.88106982276,124046.60027931232,8.267299183296455,2573.8892920183266,0.0,-4.6292689148685895e-07,0.2545308914545785,72931.70267905259,72931.5086950228,4.734075751537912,1473.8529443975735,0.0,-3.5440962165012024e-07,0.17855539266247433,2616927529.4530873,2616884477.1324606,4.14585978889814,1275.6345728303415,0.0,-0.1411806677358527,42560.16400417342
302.0,2.0,6.282794799155618,5.609351938699628,7.528104582460771,854808.2564626726,25107.478359987923,75.42209947398565,0.0,0.980000465056326,2.9999999999999996,879915.7348226618,879913.5948558856,58.280580310023325,18267.816100733937,0.0,5.238689482212067e-07,1.940309319528751,124030.3582747852,124030.07170729207,8.264286009742852,2590.4178640378123,0.0,-4.6369314077310264e-07,0.2603078733845905,72922.2415686967,72922.04399038585,4.732352318548151,1483.3176490346698,0.0,-3.5426342037681025e-07,0.18214967387325487,2616927877.8197846,2616884468.84271,4.144880835671324,1283.9243345016841,0.0,-0.14116957241253658,42916.82046315617
304.0,2.0,6.282097045220168,5.608620101673454,7.527526014352623,854692.5149137094,25106.74385478434,75.39529680913287,0.0,0.9800004629477997,2.9999999999999996,879799.2587684955,879797.0759399364,58.25945797683231,18384.3350166876,0.0,5.283764039631933e-07,1.983171106865484,124013.84141684763,124013.5491273622,8.261289965003826,2606.94044396782,0.0,-4.635494406102225e-07,0.26602986581747246,72912.78385598946,72912.5827129703,4.730638707642428,1492.7789264499547,0.0,-3.545324034348596e-07,0.18571438191747802,2616928229.058688,2616884460.554879,4.143910159654318,1292.2121548209927,0.0,-0.14118008272430416,43276.34718699796
306.0,2.0,6.28139968862289,5.607888457333072,7.526945621974979,854576.8079863082,25106.00958256641,75.36865332822171,0.0,0.9800004605674746,2.9999999999999996,879682.8175688748,879680.5990223157,58.238458809444616,18500.81193430649,0.0,5.265173967927694e-07,2.0188891050347593,123997.33022643761,123997.03250438324,8.25831148964362,2623.4570669471073,0.0,-4.632233867596369e-07,0.2714624350851409,72903.32937169021,72903.12484263311,4.728935168458968,1502.2367967868727,0.0,-3.5479524740367197e-07,0.18910041958815782,2616928581.149426,2616884452.2689915,4.142947860674502,1300.4980505423418,0.0,-0.14117207957588107,43636.72382053899
308.0,2.0,6.280701912951613,5.607156963435962,7.526363959673659,854461.1381088379,25105.275485500355,75.34216701160427,0.0,0.9800004583316593,2.9999999999999996,879566.4135943382,879564.1638594378,58.21758143758219,18617.247097181655,0.0,5.237852747086436e-07,2.0500774436259235,123980.82361858436,123980.5218039668,8.255350207827563,2639.9677673627625,0.0,-4.640137376554776e-07,0.27555499748586954,72893.87750947262,72893.67035964792,4.727241492724899,1511.6912797723226,0.0,-3.5454013413982466e-07,0.19172118744154432,2616928927.862611,2616884443.985002,4.1419938734696125,1308.782038289281,0.0,-0.14117376211061128,43991.72099311945
310.0,2.0,6.280004277913483,5.606425564212579,7.525781495462972,854345.5037051546,25104.541565810145,75.31583557970669,0.0,0.9800004562334288,2.9999999999999996,879450.0452709604,879447.7702113182,58.19682406175242,18733.640745305158,0.0,5.276451702229679e-07,2.075402189329907,123964.32206642786,123964.01699222886,8.252405869141493,2656.4725791010455,0.0,-4.636644916899968e-07,0.2788145792760588,72884.42853414007,72884.21924457792,4.725557535019272,1521.142394842361,0.0,-3.544998889992712e-07,0.19386092493300566,2616929270.4326024,2616884435.7029037,4.1410481137934925,1317.064134516868,0.0,-0.1411758278279649,44342.57308093563
312.0,2.0,6.27930672326809,5.605694333389097,7.525198537021424,854229.9090834281,25103.80792873017,75.28955621856545,0.0,0.9800004538253747,2.9999999999999996,879333.7170121606,879331.4179972279,58.17610704461369,18849.992959394385,0.0,5.2657924243249e-07,2.0993574787025864,123947.8268495687,123947.51805748003,8.249467374340734,2672.971513849727,0.0,-4.638127393263858e-07,0.2825324687878492,72874.98317421727,72874.77149071019,4.723876933785747,1530.5901487099325,0.0,-3.5465950531943236e-07,0.19625486970448947,2616929615.5081396,2616884427.422693,4.140104865825277,1325.3443442485186,0.0,-0.14117706800971064,44695.92882787202
314.0,2.0,6.278613397301643,5.6049632906973414,7.524615555493005,854114.3699012318,25103.074739239455,75.26336405061122,0.0,0.9800004514939566,2.9999999999999996,879217.4446404678,879215.1070817579,58.1554577350296,18966.303874864443,0.0,5.266301741357893e-07,2.1379012559445982,123931.33900703573,123931.02498060616,8.246538436581337,2689.46459072289,0.0,-4.645203262043651e-07,0.2877668089845429,72865.5420319189,72865.32708707455,4.722201817821756,1540.034552345576,0.0,-3.5465950531943236e-07,0.1995162069795242,2616929969.5388412,2616884419.1443634,4.139166061178523,1333.6226763708758,0.0,-0.1411743180585745,45058.23786163165
316.0,2.0,6.277922739005109,5.604232455614975,7.524033203479891,853998.8776265476,25102.341895737987,75.23726805136558,0.0,0.9800004492970426,2.9999999999999996,879101.2195222856,879098.837315545,58.13488310760484,19082.573641079653,0.0,5.289330147206783e-07,2.182549289020244,123914.85769203996,123914.53774056675,8.243620020338842,2705.9518307635676,0.0,-4.632515810953919e-07,0.29369185389941777,72856.10462551506,72855.88602159482,4.720532739680413,1549.4756178249368,0.0,-3.5502353057381697e-07,0.20317528249825045,2616930328.2044983,2616884410.867894,4.138232183741476,1341.8991407383587,0.0,-0.14117918122747142,45425.17998304259
318.0,2.0,6.277232371693707,5.603504169394984,7.523452055223548,853883.4227600803,25101.609275970128,75.20883598056443,0.0,0.9800004469659823,2.9999999999999996,878985.0320360473,878982.612305572,58.1125049839131,19198.79865104748,0.0,5.238325684331357e-07,2.2200730185359134,123898.38238944863,123898.05684872347,8.240445921685998,2722.4327226069395,0.0,-4.6316245061461814e-07,0.2992811059334599,72846.67066571431,72846.44858709534,4.718717249848354,1558.9130523246336,0.0,-3.548134372977074e-07,0.20664998144502533,2616930685.7626605,2616884402.5935616,4.13716782511698,1350.1734763885927,0.0,-0.14117605433943936,45791.01248090519
320.0,2.0,6.276545860608166,5.602779200298875,7.522872868184496,853768.0103732302,25100.876858807707,75.17856638024783,0.0,0.9800004445653288,2.9999999999999996,878868.887232038,878866.434887421,58.08870907643218,19314.976069200344,0.0,5.256406439002603e-07,2.252687162046641,123881.91275747582,123881.58270710117,8.237070811000084,2738.90686422894,0.0,-4.634589458873961e-07,0.3037907551238277,72837.23994372212,72837.01501379402,4.716786650712797,1568.3466256260592,0.0,-3.547017968230648e-07,0.20950129068046408,2616931038.365102,2616884394.3215585,4.13599984210278,1358.4454760727983,0.0,-0.14117954396192545,46151.88692190028
322.0,2.0,6.2758678098113405,5.602056324809394,7.522297145893036,853652.6472105682,25100.144762362557,75.14838851691759,8.641420873543878e-09,0.9800004423071891,2.9999999999999996,878752.7919729293,878750.3049163686,58.064985527833784,19431.10604025601,0.0,5.289039108902216e-07,2.2873991090164054,123865.44975363548,123865.11529530653,8.23370589710894,2755.3742760231576,0.0,-4.638827704184223e-07,0.3081987090004077,72827.81300966808,72827.58529000566,4.714861894125658,1577.7763494143105,0.0,-3.5480888982419856e-07,0.21229102489769502,2616931393.4963756,2616884386.0518847,4.1348352064906235,1366.7151464857795,0.0,-0.14118295529101488,46515.287866059756
324.0,2.0,6.275190653259829,5.601335053721384,7.521726016795312,853537.3330378699,25099.413045150617,75.11828211180872,4.8757242198457294e-08,0.9800004400858162,2.9999999999999996,878636.7460830219,878634.2222796868,58.04131833929238,19547.188676934595,0.0,5.257534212432802e-07,2.3241458802003763,123848.99450405332,123848.65459739794,8.23034895437131,2771.8349739319,0.0,-4.637349775293842e-07,0.31364703558756446,72818.39052476238,72818.1594065907,4.712941707297695,1587.2022328289058,0.0,-3.5517950891517103e-07,0.21568953378664446,2616931754.680604,2616884377.7845416,4.133673159604607,1374.9824928049889,0.0,-0.14117968036271122,46884.73944079922
326.0,2.0,6.274513938372069,5.600617751120426,7.52115987483955,853422.0684375849,25098.681621423977,75.08585677663834,2.9716609889425382e-09,0.9800004376532246,2.9999999999999996,878520.7500590117,878518.1905562311,58.01586172974575,19663.220400394086,0.0,5.294859874993563e-07,2.359845329570817,123832.54601413506,123832.20112061511,8.226738391234521,2788.288450714369,0.0,-4.6409604692598805e-07,0.31863389979935164,72808.97190523328,72808.73765409023,4.7108762505070825,1596.62398532992,0.0,-3.5462949199427385e-07,0.21882250570411088,2616932114.072871,2616884369.519784,4.132380408122648,1383.2472536212342,0.0,-0.141176497326569,47252.39646884264
328.0,2.0,6.273837652089329,5.5999047630476095,7.52059852683968,853306.8695090924,25097.950697249944,75.05157367656622,5.183163974513577e-09,0.980000435401497,2.9999999999999996,878404.8202063421,878402.2126113154,57.988972455066225,19779.19834530422,0.0,5.239708116278052e-07,2.407937570111244,123816.1064848739,123815.75527136348,8.222924625365874,2804.734299965101,0.0,-4.649918992072344e-07,0.3249538893724093,72799.55841261904,72799.32026528651,4.708694401475277,1606.0413741328707,0.0,-3.5539733289624564e-07,0.2227186944114692,2616932480.5339,2616884361.257817,4.130982199842009,1391.5092180209183,0.0,-0.1411792798019178,47627.11946181822
330.0,2.0,6.273167942511877,5.599194159293133,7.520042721174948,853191.7322455259,25097.220279886875,75.01755434503166,7.700025804339849e-09,0.9800004332873689,2.9999999999999996,878288.9525254113,878286.2880340012,57.962288658417236,19895.122922621053,0.0,5.266301741357893e-07,2.464833956062648,123799.67641963679,123799.3169914974,8.219139933012732,2821.1725798311263,0.0,-4.6504737838404253e-07,0.33316851828112704,72790.15034443115,72789.90720687338,4.706529206548542,1615.4544325459678,0.0,-3.5543462217901833e-07,0.22770891962454698,2616932858.229053,2616884352.9986253,4.129596554753178,1399.7684111304247,0.0,-0.1411776833570002,48013.07380816412
332.0,2.0,6.2725064116861,5.59848539094763,7.519494526577081,853076.643704459,25096.490137837074,74.98377182546939,1.2654803882220416e-08,0.9800004309001509,2.9999999999999996,878173.1338422974,878170.4164560249,57.93578898875109,20010.994500598554,0.0,5.277433956507593e-07,2.517728819660988,123783.25316381906,123782.88622857952,8.215381459265178,2837.603342749657,0.0,-4.643970896722749e-07,0.34067561907977506,72780.746180874,72780.49844881245,4.704379030383949,1624.8631906067358,0.0,-3.556006049620919e-07,0.23230342324404774,2616933234.844864,2616884344.742176,4.128222359723981,1408.0248558498727,0.0,-0.14118218647377034,48397.94606375469
334.0,2.0,6.271854126128981,5.597778082686836,7.518956741351468,852961.6026689673,25095.7602288406,74.95020643589353,1.8096534506158742e-08,0.9800004285676688,2.9999999999999996,878057.3628978081,878054.5975396397,57.90945819243225,20126.81341698342,0.0,5.274305294733495e-07,2.56570071524402,123766.8361995469,123766.46293477067,8.211646904225477,2854.026636558108,0.0,-4.647995410778094e-07,0.3470051553772464,72771.34561433327,72771.09396370214,4.702242555316542,1634.2676757173688,0.0,-3.5527750696928706e-07,0.2362219931458185,2616933607.6891537,2616884336.4884644,4.1268588020158035,1416.2785734539043,0.0,-0.14117628288158812,48779.044071138385
336.0,2.0,6.2712027820260525,5.597072055865151,7.518430050845796,852846.6078968405,25095.030596295906,74.91684852298614,2.3478953849796868e-08,0.9800004263686012,2.9999999999999996,877941.6384931378,877938.830962143,57.88328874869946,20242.579994480817,0.0,5.281690391711891e-07,2.607873542343441,123750.42627899532,123750.04706444174,8.207935164400025,2870.4425068869077,0.0,-4.649282345781103e-07,0.35295493259582145,72761.94906354022,72761.69372539387,4.700119154180881,1643.6679140257306,0.0,-3.5518542063073255e-07,0.23990950845245607,2616933979.3588934,2616884328.237443,4.125505479184731,1424.5295844122738,0.0,-0.1411867097049253,49158.96482181996
338.0,2.0,6.27056505380356,5.596367025937457,7.51791968293022,852731.6587866731,25094.301254208232,74.88368416475038,3.044399887959711e-08,0.9800004240993945,2.9999999999999996,877825.9600408808,877823.1164228743,57.857269634063655,20358.294533748944,0.0,5.275433068163693e-07,2.643960553519719,123734.02308804932,123733.63857491927,8.204244761118638,2886.850996409145,0.0,-4.6515697249560617e-07,0.35825350883033025,72752.55636842463,72752.2977094312,4.69800798117503,1653.0639299880806,0.0,-3.555085186235374e-07,0.24323035521433667,2616934353.352872,2616884319.9891195,4.124161818837048,1432.7779080499479,0.0,-0.14118651258263526,49541.207123958
340.0,2.0,6.269940094549967,5.5956628807036095,7.5174313248159,852616.756440862,25093.572187886177,74.85070754990457,3.9488888554914797e-08,0.9800004216663794,2.9999999999999996,877710.3286287461,877707.4536303838,57.83139624470578,20473.957326238356,0.0,5.265101208351552e-07,2.6753409081939026,123717.62601030945,123717.23742475887,8.200575080392893,2903.2521465699306,0.0,-4.6476770876324736e-07,0.3623259297514778,72743.16716794675,72742.90589206108,4.695908685076172,1662.4557473582329,0.0,-3.5546577237255406e-07,0.24584724749115594,2616934727.536671,2616884311.7434735,4.122827579218626,1441.0235632083852,0.0,-0.14117735405375242,49923.63657838325
342.0,2.0,6.269319188973985,5.594959520100365,7.516969461020663,852501.8991578886,25092.843398206027,74.81791285811194,4.792210240041251e-08,0.9800004193726591,2.9999999999999996,877594.7425560934,877591.842302024,57.80566418149842,20589.568654601353,0.0,5.296969902701676e-07,2.700596618473355,123701.23555855601,123700.8435740267,8.196925366054487,2919.6459973020396,0.0,-4.6483137339237146e-07,0.3657249084212708,72733.78175066077,72733.5182503829,4.693820839197811,1671.8433890366284,0.0,-3.552561338437954e-07,0.24807163990021763,2616935101.750701,2616884303.5004616,4.12150251928332,1449.266568246952,0.0,-0.14118426693357833,50306.09361321079
344.0,2.0,6.268707048360015,5.594256847703577,7.516544801612981,852387.0860804472,25092.114877586624,74.7852949132881,5.5721977856879894e-08,0.9800004172031942,2.9999999999999996,877479.2009580297,877476.2821632631,57.780069379056776,20705.128793359465,0.0,5.268593668006361e-07,2.719137312924431,123684.85192365898,123684.4569839211,8.193295052516033,2936.032587407072,0.0,-4.653970790968742e-07,0.3686801164171811,72724.40022305596,72724.13476215373,4.69174411449207,1681.2268772656125,0.0,-3.554423528839834e-07,0.25003226407261536,2616935476.9150586,2616884295.26009,4.1201864229451886,1457.5069410928422,0.0,-0.14118312514483478,50689.49834371888
346.0,2.0,6.2680994778804875,5.593554788379654,7.516173539915293,852272.3192214648,25091.38658829116,74.75285053800836,6.757561084271044e-08,0.9800004146863189,2.9999999999999996,877363.705809756,877360.7729450725,57.75460909549853,20820.63801155046,0.0,5.2729228627868e-07,2.733207230154221,123668.4741792503,123668.07761602,8.189683950961808,2952.4119553089954,0.0,-4.6457307689706795e-07,0.37030360966718945,72715.02205815547,72714.75540535426,4.689678399599829,1690.6062340648123,0.0,-3.557152012945153e-07,0.25122416279100435,2616935847.8008404,2616884287.0223293,4.118879159523806,1465.7446994118898,0.0,-0.14118534992053355,51068.62188380291
348.0,2.0,6.267496051369497,5.592853282413452,7.5158757189578145,852157.5967616949,25090.658548780106,74.72057564563262,7.831568747451113e-08,0.9800004122814137,2.9999999999999996,877248.2553104779,877245.3143843254,57.72928037302667,20936.096572296516,0.0,5.262518243398517e-07,2.7412686981806473,123652.10288172697,123651.70543312596,8.186091447051286,2968.784138203098,0.0,-4.645175977202598e-07,0.37118898043399895,72705.64757837843,72705.3801586624,4.687623346015239,1699.9814807568428,0.0,-3.555369403329678e-07,0.25199107777280005,2616936216.891656,2616884278.787173,4.117580557855119,1473.9798605276,0.0,-0.1411807703125305,51445.94786046275
350.0,2.0,6.266893839374187,5.592152282713907,7.515614604259921,852042.917519825,25089.930773887278,74.68846758066434,8.775277487061937e-08,0.9800004100022177,2.9999999999999996,877132.8482937104,877129.9062220502,57.70408113787672,21051.50473457227,0.0,5.267938831821084e-07,2.7424142063973704,123635.7383604385,123635.340398644,8.18251724097178,2985.1491726850413,0.0,-4.6453578761429526e-07,0.37170217390439575,72696.27698006915,72696.00900109837,4.685578782150072,1709.3526383211429,0.0,-3.552704583853483e-07,0.25255033279245254,2616936585.445811,2616884270.5545874,4.116290507418539,1482.212441542437,0.0,-0.14118518562077043,51822.734596350485
352.0,2.0,6.266291294524296,5.591451742208216,7.51533986563751,851928.2836629314,25089.20322310947,74.65652419494371,9.862828907119336e-08,0.980000407594278,2.9999999999999996,877017.4868860409,877014.548202906,57.67900957087641,21166.862753714024,0.0,5.243891791906208e-07,2.739025678656617,123619.37964524835,123618.98247627832,8.178961182744553,3001.5070950505306,0.0,-4.6471723180729896e-07,0.3709093492489046,72686.90969775799,72686.64191185782,4.683544620147914,1718.7197275614387,0.0,-3.555244347808184e-07,0.25235726193272967,2616936948.3710904,2616884262.3245716,4.115008919803127,1490.4424593820434,0.0,-0.14118310071421547,52193.8898938074
354.0,2.0,6.265688559776075,5.590751625299385,7.515048893658821,851813.6937913332,25088.4759086989,74.6247434190818,1.1018448635168607e-07,0.9800004050781527,2.9999999999999996,876902.1697000279,876899.240074783,57.65406406127938,21282.170881836584,0.0,5.238944140728563e-07,2.729967788236536,123603.02715077138,123602.6316302073,8.175423035268112,3017.8579411210667,0.0,-4.652101779356599e-07,0.36926094281079713,72677.54597762582,72677.2788704095,4.681520724301504,1728.0827690100418,0.0,-3.552408998075407e-07,0.2516785783668638,2616937307.519396,2616884254.097095,4.113735708417296,1498.6699307988779,0.0,-0.14118828071195821,52561.265670640336
356.0,2.0,6.265085336792874,5.590051910803229,7.514744455169254,851699.1462559244,25087.74886372483,74.59312349442791,1.1969411312739685e-07,0.9800004026898426,2.9999999999999996,876786.8951196494,876783.9815880706,57.629243356766366,21397.429368550118,0.0,5.250767571851611e-07,2.7138741232192842,123586.6813788483,123586.2878251652,8.171902521177064,3034.201746163421,0.0,-4.649514266930055e-07,0.36729406208587534,72668.18610510256,72667.91985653478,4.679506937310624,1737.441782884663,0.0,-3.5534367270884104e-07,0.25081992972945955,2616937666.553955,2616884245.872154,4.112470798867983,1506.894872396614,0.0,-0.14118745980090353,52928.525171487956
358.0,2.0,6.264481873531607,5.589352539277242,7.5144290593178775,851584.6430486473,25087.022039584608,74.56166142700066,1.275163307573704e-07,0.9800004003947369,2.9999999999999996,876671.6650882303,876668.7724978897,57.60454509071762,21512.63845873155,0.0,5.255824362393469e-07,2.6929328855731,123570.34145818064,123569.95102652616,8.168399319465369,3050.5385448023517,0.0,-4.6505738282576203e-07,0.36417203336168313,72658.82957017243,72658.564850384,4.677503075260141,1746.7967890351833,0.0,-3.555937837518286e-07,0.24929115011445901,2616938020.259779,2616884237.649726,4.11121406907386,1515.1173005347616,0.0,-0.14118764349154844,53290.453423524414
360.0,2.0,6.263878039318267,5.588653243001029,7.5141046103555516,851470.1837334034,25086.29544332393,74.53034561451686,1.378436186907414e-07,0.9800003977661095,2.9999999999999996,876556.479176727,876553.6125780325,57.57995992950488,21627.79837859056,0.0,5.274268914945424e-07,2.666941241310269,123554.00741845906,123553.62120195464,8.164912286076309,3066.8683693745043,0.0,-4.6443165047094226e-07,0.3599568839345011,72649.47639693506,72649.2138334218,4.675508481145965,1756.1478059974752,0.0,-3.5550419852370396e-07,0.24713487503959186,2616938369.4427767,2616884229.4297953,4.109965055633327,1523.3372306460283,0.0,-0.14118818102861042,53647.85635133924
362.0,2.0,6.263274612155556,5.5879540651585895,7.513772564740563,851355.7657710772,25085.569119891996,74.49917702871664,1.4536406147717767e-07,0.9800003952666079,2.9999999999999996,876441.3348909675,876438.5016002661,57.55548888232954,21742.90935635522,0.0,5.256333679426461e-07,2.6336332464306906,123537.68013432204,123537.2983192168,8.161441368846377,3083.191252112197,0.0,-4.645721674023662e-07,0.35555548460752107,72640.1270962996,72639.86678716619,4.673523127900962,1765.494852253277,0.0,-3.553166152414633e-07,0.24488049538672385,2616938719.2009454,2616884221.2123475,4.108723795003827,1531.554678236036,0.0,-0.14118834874193453,54005.8319676266
364.0,2.0,6.26267276190096,5.587255376446382,7.513434089070166,851241.3921737008,25084.84305973709,74.46817188329585,1.5016227982122896e-07,0.980000392892596,2.9999999999999996,876326.2352334412,876323.4393109155,57.53114467731022,21857.97164570984,0.0,5.297042662277818e-07,2.5962650748115266,123521.35884440149,123520.98234246341,8.157988376471339,3099.50722886514,0.0,-4.6502373152179644e-07,0.3502423169966278,72630.78122696915,72630.52369106865,4.671548048676797,1774.8379483506305,0.0,-3.5550147003959864e-07,0.2421072622837528,2616939066.7165904,2616884212.997368,4.107490930999782,1539.7696600980355,0.0,-0.14118613533241842,54361.56259451576
365.0,1.0,6.262371676949602,5.586906188834887,7.513263375088131,851184.2164840873,25084.480074952517,74.45272936524049,1.5202327629252704e-07,0.9800003917056795,2.9999999999999996,876268.6965590409,876265.9202917666,57.519019145969686,21915.49066485581,0.0,5.2677933126688e-07,2.576609820476733,123513.19934039577,123512.8260739813,8.156268482165,3107.663497347305,0.0,-4.6496961658704095e-07,0.3470067934472354,72626.1089432983,72625.85312677723,4.670564291385233,1779.5085126420158,0.0,-3.555328476068098e-07,0.24038788281859524,2616939238.194013,2616884208.8904867,4.106877597743831,1543.8765376957792,0.0,-0.14118967925128345,54537.14689482774
