time_days,cell,x_m,y_m,depth_m,pressure_bar,gas_saturation,gas_H2_mole_fraction,aqueous_H2_mole_fraction
0.0,0,55.55555555555556,55.55555555555556,102.5,5.999557826243381,0.7499389048457202,0.9728989537725385,7.971840295705841e-05
0.0,1,166.66666666666669,55.55555555555556,102.5,5.999557826243381,0.7499389048457202,0.9728989537725385,7.971840295705841e-05
0.0,2,277.77777777777777,55.55555555555556,102.5,5.999557826243381,0.7499389048457202,0.9728989537725385,7.971840295705841e-05
0.0,3,388.8888888888889,55.55555555555556,102.5,5.999557826243381,0.7499389048457202,0.9728989537725385,7.971840295705841e-05
0.0,4,500.0,55.55555555555556,102.5,5.999557826243381,0.7499389048457202,0.9728989537725385,7.971840295705841e-05
0.0,5,611.1111111111111,55.55555555555556,102.5,5.999557826243381,0.7499389048457202,0.9728989537725385,7.971840295705841e-05
0.0,6,722.2222222222223,55.55555555555556,102.5,5.999557826243381,0.7499389048457202,0.9728989537725385,7.971840295705841e-05
0.0,7,833.3333333333334,55.55555555555556,102.5,5.999557826243381,0.7499389048457202,0.9728989537725385,7.971840295705841e-05
0.0,8,944.4444444444445,55.55555555555556,102.5,5.999557826243381,0.7499389048457202,0.9728989537725385,7.971840295705841e-05
0.0,9,55.55555555555556,166.66666666666669,102.5,5.999557826243381,0.7499389048457202,0.9728989537725385,7.971840295705841e-05
0.0,10,166.66666666666669,166.66666666666669,102.5,5.999557826243381,0.7499389048457202,0.9728989537725385,7.971840295705841e-05
0.0,11,277.77777777777777,166.66666666666669,102.5,5.999557826243381,0.7499389048457202,0.9728989537725385,7.971840295705841e-05
0.0,12,388.8888888888889,166.66666666666669,102.5,5.999557826243381,0.7499389048457202,0.9728989537725385,7.971840295705841e-05
0.0,13,500.0,166.66666666666669,102.5,5.999557826243381,0.7499389048457202,0.9728989537725385,7.971840295705841e-05
0.0,14,611.1111111111111,166.66666666666669,102.5,5.999557826243381,0.7499389048457202,0.9728989537725385,7.971840295705841e-05
0.0,15,722.2222222222223,166.66666666666669,102.5,5.999557826243381,0.7499389048457202,0.9728989537725385,7.971840295705841e-05
0.0,16,833.3333333333334,166.66666666666669,102.5,5.999557826243381,0.7499389048457202,0.9728989537725385,7.971840295705841e-05
0.0,17,944.4444444444445,166.66666666666669,102.5,5.999557826243381,0.7499389048457202,0.9728989537725385,7.971840295705841e-05
0.0,18,55.55555555555556,277.77777777777777,102.5,5.999557826243381,0.7499389048457202,0.9728989537725385,7.971840295705841e-05
0.0,19,166.66666666666669,277.77777777777777,102.5,5.999557826243381,0.7499389048457202,0.9728989537725385,7.971840295705841e-05
0.0,20,277.77777777777777,277.77777777777777,102.5,5.999557826243381,0.7499389048457202,0.9728989537725385,7.971840295705841e-05
0.0,21,388.8888888888889,277.77777777777777,102.5,5.999557826243381,0.7499389048457202,0.9728989537725385,7.971840295705841e-05
0.0,22,500.0,277.77777777777777,102.5,5.999557826243381,0.7499389048457202,0.9728989537725385,7.971840295705841e-05
0.0,23,611.1111111111111,277.77777777777777,102.5,5.999557826243381,0.7499389048457202,0.9728989537725385,7.971840295705841e-05
0.0,24,722.2222222222223,277.77777777777777,102.5,5.999557826243381,0.7499389048457202,0.9728989537725385,7.971840295705841e-05
0.0,25,833.3333333333334,277.77777777777777,102.5,5.999557826243381,0.7499389048457202,0.9728989537725385,7.971840295705841e-05
0.0,26,944.4444444444445,277.77777777777777,102.5,5.999557826243381,0.7499389048457202,0.9728989537725385,7.971840295705841e-05
0.0,27,55.55555555555556,388.8888888888889,102.5,5.999557826243381,0.7499389048457202,0.9728989537725385,7.971840295705841e-05
0.0,28,166.66666666666669,388.8888888888889,102.5,5.999557826243381,0.7499389048457202,0.9728989537725385,7.971840295705841e-05
0.0,29,277.77777777777777,388.8888888888889,102.5,5.999557826243381,0.7499389048457202,0.9728989537725385,7.971840295705841e-05
0.0,30,388.8888888888889,388.8888888888889,102.5,5.999557826243381,0.7499389048457202,0.9728989537725385,7.971840295705841e-05
0.0,31,500.0,388.8888888888889,102.5,5.999557826243381,0.7499389048457202,0.9728989537725385,7.971840295705841e-05
0.0,32,611.1111111111111,388.8888888888889,102.5,5.999557826243381,0.7499389048457202,0.9728989537725385,7.971840295705841e-05
0.0,33,722.2222222222223,388.8888888888889,102.5,5.999557826243381,0.7499389048457202,0.9728989537725385,7.971840295705841e-05
0.0,34,833.3333333333334,388.8888888888889,102.5,5.999557826243381,0.7499389048457202,0.9728989537725385,7.971840295705841e-05
0.0,35,944.4444444444445,388.8888888888889,102.5,5.999557826243381,0.7499389048457202,0.9728989537725385,7.971840295705841e-05
0.0,36,55.55555555555556,500.0,102.5,5.999557826243381,0.7499389048457202,0.9728989537725385,7.971840295705841e-05
0.0,37,166.66666666666669,500.0,102.5,5.999557826243381,0.7499389048457202,0.9728989537725385,7.971840295705841e-05
0.0,38,277.77777777777777,500.0,102.5,5.999557826243381,0.7499389048457202,0.9728989537725385,7.971840295705841e-05
0.0,39,388.8888888888889,500.0,102.5,5.999557826243381,0.7499389048457202,0.9728989537725385,7.971840295705841e-05
0.0,40,500.0,500.0,102.5,5.999557826243381,0.7499389048457202,0.9728989537725385,7.971840295705841e-05
0.0,41,611.1111111111111,500.0,102.5,5.999557826243381,0.7499389048457202,0.9728989537725385,7.971840295705841e-05
0.0,42,722.2222222222223,500.0,102.5,5.999557826243381,0.7499389048457202,0.9728989537725385,7.971840295705841e-05
0.0,43,833.3333333333334,500.0,102.5,5.999557826243381,0.7499389048457202,0.9728989537725385,7.971840295705841e-05
0.0,44,944.4444444444445,500.0,102.5,5.999557826243381,0.7499389048457202,0.9728989537725385,7.971840295705841e-05
0.0,45,55.55555555555556,611.1111111111111,102.5,5.999557826243381,0.7499389048457202,0.9728989537725385,7.971840295705841e-05
0.0,46,166.66666666666669,611.1111111111111,102.5,5.999557826243381,0.7499389048457202,0.9728989537725385,7.971840295705841e-05
0.0,47,277.77777777777777,611.1111111111111,102.5,5.999557826243381,0.7499389048457202,0.9728989537725385,7.971840295705841e-05
0.0,48,388.8888888888889,611.1111111111111,102.5,5.999557826243381,0.7499389048457202,0.9728989537725385,7.971840295705841e-05
0.0,49,500.0,611.1111111111111,102.5,5.999557826243381,0.7499389048457202,0.9728989537725385,7.971840295705841e-05
0.0,50,611.1111111111111,611.1111111111111,102.5,5.999557826243381,0.7499389048457202,0.9728989537725385,7.971840295705841e-05
0.0,51,722.2222222222223,611.1111111111111,102.5,5.999557826243381,0.7499389048457202,0.9728989537725385,7.971840295705841e-05
0.0,52,833.3333333333334,611.1111111111111,102.5,5.999557826243381,0.7499389048457202,0.9728989537725385,7.971840295705841e-05
0.0,53,944.4444444444445,611.1111111111111,102.5,5.999557826243381,0.7499389048457202,0.9728989537725385,7.971840295705841e-05
0.0,54,55.55555555555556,722.2222222222223,102.5,5.999557826243381,0.7499389048457202,0.9728989537725385,7.971840295705841e-05
0.0,55,166.66666666666669,722.2222222222223,102.5,5.999557826243381,0.7499389048457202,0.9728989537725385,7.971840295705841e-05
0.0,56,277.77777777777777,722.2222222222223,102.5,5.999557826243381,0.7499389048457202,0.9728989537725385,7.971840295705841e-05
0.0,57,388.8888888888889,722.2222222222223,102.5,5.999557826243381,0.7499389048457202,0.9728989537725385,7.971840295705841e-05
0.0,58,500.0,722.2222222222223,102.5,5.999557826243381,0.7499389048457202,0.9728989537725385,7.971840295705841e-05
0.0,59,611.1111111111111,722.2222222222223,102.5,5.999557826243381,0.7499389048457202,0.9728989537725385,7.971840295705841e-05
0.0,60,722.2222222222223,722.2222222222223,102.5,5.999557826243381,0.7499389048457202,0.9728989537725385,7.971840295705841e-05
0.0,61,833.3333333333334,722.2222222222223,102.5,5.999557826243381,0.7499389048457202,0.9728989537725385,7.971840295705841e-05
0.0,62,944.4444444444445,722.2222222222223,102.5,5.999557826243381,0.7499389048457202,0.9728989537725385,7.971840295705841e-05
0.0,63,55.55555555555556,833.3333333333334,102.5,5.999557826243381,0.7499389048457202,0.9728989537725385,7.971840295705841e-05
0.0,64,166.66666666666669,833.3333333333334,102.5,5.999557826243381,0.7499389048457202,0.9728989537725385,7.971840295705841e-05
0.0,65,277.77777777777777,833.3333333333334,102.5,5.999557826243381,0.7499389048457202,0.9728989537725385,7.971840295705841e-05
0.0,66,388.8888888888889,833.3333333333334,102.5,5.999557826243381,0.7499389048457202,0.9728989537725385,7.971840295705841e-05
0.0,67,500.0,833.3333333333334,102.5,5.999557826243381,0.7499389048457202,0.9728989537725385,7.971840295705841e-05
0.0,68,611.1111111111111,833.3333333333334,102.5,5.999557826243381,0.7499389048457202,0.9728989537725385,7.971840295705841e-05
0.0,69,722.2222222222223,833.3333333333334,102.5,5.999557826243381,0.7499389048457202,0.9728989537725385,7.971840295705841e-05
0.0,70,833.3333333333334,833.3333333333334,102.5,5.999557826243381,0.7499389048457202,0.9728989537725385,7.971840295705841e-05
0.0,71,944.4444444444445,833.3333333333334,102.5,5.999557826243381,0.7499389048457202,0.9728989537725385,7.971840295705841e-05
0.0,72,55.55555555555556,944.4444444444445,102.5,5.999557826243381,0.7499389048457202,0.9728989537725385,7.971840295705841e-05
0.0,73,166.66666666666669,944.4444444444445,102.5,5.999557826243381,0.7499389048457202,0.9728989537725385,7.971840295705841e-05
0.0,74,277.77777777777777,944.4444444444445,102.5,5.999557826243381,0.7499389048457202,0.9728989537725385,7.971840295705841e-05
0.0,75,388.8888888888889,944.4444444444445,102.5,5.999557826243381,0.7499389048457202,0.9728989537725385,7.971840295705841e-05
0.0,76,500.0,944.4444444444445,102.5,5.999557826243381,0.7499389048457202,0.9728989537725385,7.971840295705841e-05
0.0,77,611.1111111111111,944.4444444444445,102.5,5.999557826243381,0.7499389048457202,0.9728989537725385,7.971840295705841e-05
0.0,78,722.2222222222223,944.4444444444445,102.5,5.999557826243381,0.7499389048457202,0.9728989537725385,7.971840295705841e-05
0.0,79,833.3333333333334,944.4444444444445,102.5,5.999557826243381,0.7499389048457202,0.9728989537725385,7.971840295705841e-05
0.0,80,944.4444444444445,944.4444444444445,102.5,5.999557826243381,0.7499389048457202,0.9728989537725385,7.971840295705841e-05
0.0,81,55.55555555555556,55.55555555555556,107.5,5.999852605290406,0.7498995277421171,0.9728992936851246,7.972234091504035e-05
0.0,82,166.66666666666669,55.55555555555556,107.5,5.999852605290406,0.7498995277421171,0.9728992936851246,7.972234091504035e-05
0.0,83,277.77777777777777,55.55555555555556,107.5,5.999852605290406,0.7498995277421171,0.9728992936851246,7.972234091504035e-05
0.0,84,388.8888888888889,55.55555555555556,107.5,5.999852605290406,0.7498995277421171,0.9728992936851246,7.972234091504035e-05
0.0,85,500.0,55.55555555555556,107.5,5.999852605290406,0.7498995277421171,0.9728992936851246,7.972234091504035e-05
0.0,86,611.1111111111111,55.55555555555556,107.5,5.999852605290406,0.7498995277421171,0.9728992936851246,7.972234091504035e-05
0.0,87,722.2222222222223,55.55555555555556,107.5,5.999852605290406,0.7498995277421171,0.9728992936851246,7.972234091504035e-05
0.0,88,833.3333333333334,55.55555555555556,107.5,5.999852605290406,0.7498995277421171,0.9728992936851246,7.972234091504035e-05
0.0,89,944.4444444444445,55.55555555555556,107.5,5.999852605290406,0.7498995277421171,0.9728992936851246,7.972234091504035e-05
0.0,90,55.55555555555556,166.66666666666669,107.5,5.999852605290406,0.7498995277421171,0.9728992936851246,7.972234091504035e-05
0.0,91,166.66666666666669,166.66666666666669,107.5,5.999852605290406,0.7498995277421171,0.9728992936851246,7.972234091504035e-05
0.0,92,277.77777777777777,166.66666666666669,107.5,5.999852605290406,0.7498995277421171,0.9728992936851246,7.972234091504035e-05
0.0,93,388.8888888888889,166.66666666666669,107.5,5.999852605290406,0.7498995277421171,0.9728992936851246,7.972234091504035e-05
0.0,94,500.0,166.66666666666669,107.5,5.999852605290406,0.7498995277421171,0.9728992936851246,7.972234091504035e-05
0.0,95,611.1111111111111,166.66666666666669,107.5,5.999852605290406,0.7498995277421171,0.9728992936851246,7.972234091504035e-05
0.0,96,722.2222222222223,166.66666666666669,107.5,5.999852605290406,0.7498995277421171,0.9728992936851246,7.972234091504035e-05
0.0,97,833.3333333333334,166.66666666666669,107.5,5.999852605290406,0.7498995277421171,0.9728992936851246,7.972234091504035e-05
0.0,98,944.4444444444445,166.66666666666669,107.5,5.999852605290406,0.7498995277421171,0.9728992936851246,7.972234091504035e-05
0.0,99,55.55555555555556,277.77777777777777,107.5,5.999852605290406,0.7498995277421171,0.9728992936851246,7.972234091504035e-05
0.0,100,166.66666666666669,277.77777777777777,107.5,5.999852605290406,0.7498995277421171,0.9728992936851246,7.972234091504035e-05
0.0,101,277.77777777777777,277.77777777777777,107.5,5.999852605290406,0.7498995277421171,0.9728992936851246,7.972234091504035e-05
0.0,102,388.8888888888889,277.77777777777777,107.5,5.999852605290406,0.7498995277421171,0.9728992936851246,7.972234091504035e-05
0.0,103,500.0,277.77777777777777,107.5,5.999852605290406,0.7498995277421171,0.9728992936851246,7.972234091504035e-05
0.0,104,611.1111111111111,277.77777777777777,107.5,5.999852605290406,0.7498995277421171,0.9728992936851246,7.972234091504035e-05
0.0,105,722.2222222222223,277.77777777777777,107.5,5.999852605290406,0.7498995277421171,0.9728992936851246,7.972234091504035e-05
0.0,106,833.3333333333334,277.77777777777777,107.5,5.999852605290406,0.7498995277421171,0.9728992936851246,7.972234091504035e-05
0.0,107,944.4444444444445,277.77777777777777,107.5,5.999852605290406,0.7498995277421171,0.9728992936851246,7.972234091504035e-05
0.0,108,55.55555555555556,388.8888888888889,107.5,5.999852605290406,0.7498995277421171,0.9728992936851246,7.972234091504035e-05
0.0,109,166.66666666666669,388.8888888888889,107.5,5.999852605290406,0.7498995277421171,0.9728992936851246,7.972234091504035e-05
0.0,110,277.77777777777777,388.8888888888889,107.5,5.999852605290406,0.7498995277421171,0.9728992936851246,7.972234091504035e-05
0.0,111,388.8888888888889,388.8888888888889,107.5,5.999852605290406,0.7498995277421171,0.9728992936851246,7.972234091504035e-05
0.0,112,500.0,388.8888888888889,107.5,5.999852605290406,0.7498995277421171,0.9728992936851246,7.972234091504035e-05
0.0,113,611.1111111111111,388.8888888888889,107.5,5.999852605290406,0.7498995277421171,0.9728992936851246,7.972234091504035e-05
0.0,114,722.2222222222223,388.8888888888889,107.5,5.999852605290406,0.7498995277421171,0.9728992936851246,7.972234091504035e-05
0.0,115,833.3333333333334,388.8888888888889,107.5,5.999852605290406,0.7498995277421171,0.9728992936851246,7.972234091504035e-05
0.0,116,944.4444444444445,388.8888888888889,107.5,5.999852605290406,0.7498995277421171,0.9728992936851246,7.972234091504035e-05
0.0,117,55.55555555555556,500.0,107.5,5.999852605290406,0.7498995277421171,0.9728992936851246,7.972234091504035e-05
0.0,118,166.66666666666669,500.0,107.5,5.999852605290406,0.7498995277421171,0.9728992936851246,7.972234091504035e-05
0.0,119,277.77777777777777,500.0,107.5,5.999852605290406,0.7498995277421171,0.9728992936851246,7.972234091504035e-05
0.0,120,388.8888888888889,500.0,107.5,5.999852605290406,0.7498995277421171,0.9728992936851246,7.972234091504035e-05
0.0,121,500.0,500.0,107.5,5.999852605290406,0.7498995277421171,0.9728992936851246,7.972234091504035e-05
0.0,122,611.1111111111111,500.0,107.5,5.999852605290406,0.7498995277421171,0.9728992936851246,7.972234091504035e-05
0.0,123,722.2222222222223,500.0,107.5,5.999852605290406,0.7498995277421171,0.9728992936851246,7.972234091504035e-05
0.0,124,833.3333333333334,500.0,107.5,5.999852605290406,0.7498995277421171,0.9728992936851246,7.972234091504035e-05
0.0,125,944.4444444444445,500.0,107.5,5.999852605290406,0.7498995277421171,0.9728992936851246,7.972234091504035e-05
0.0,126,55.55555555555556,611.1111111111111,107.5,5.999852605290406,0.7498995277421171,0.9728992936851246,7.972234091504035e-05
0.0,127,166.66666666666669,611.1111111111111,107.5,5.999852605290406,0.7498995277421171,0.9728992936851246,7.972234091504035e-05
0.0,128,277.77777777777777,611.1111111111111,107.5,5.999852605290406,0.7498995277421171,0.9728992936851246,7.972234091504035e-05
0.0,129,388.8888888888889,611.1111111111111,107.5,5.999852605290406,0.7498995277421171,0.9728992936851246,7.972234091504035e-05
0.0,130,500.0,611.1111111111111,107.5,5.999852605290406,0.7498995277421171,0.9728992936851246,7.972234091504035e-05
0.0,131,611.1111111111111,611.1111111111111,107.5,5.999852605290406,0.7498995277421171,0.9728992936851246,7.972234091504035e-05
0.0,132,722.2222222222223,611.1111111111111,107.5,5.999852605290406,0.7498995277421171,0.9728992936851246,7.972234091504035e-05
0.0,133,833.3333333333334,611.1111111111111,107.5,5.999852605290406,0.7498995277421171,0.9728992936851246,7.972234091504035e-05
0.0,134,944.4444444444445,611.1111111111111,107.5,5.999852605290406,0.7498995277421171,0.9728992936851246,7.972234091504035e-05
0.0,135,55.55555555555556,722.2222222222223,107.5,5.999852605290406,0.7498995277421171,0.9728992936851246,7.972234091504035e-05
0.0,136,166.66666666666669,722.2222222222223,107.5,5.999852605290406,0.7498995277421171,0.9728992936851246,7.972234091504035e-05
0.0,137,277.77777777777777,722.2222222222223,107.5,5.999852605290406,0.7498995277421171,0.9728992936851246,7.972234091504035e-05
0.0,138,388.8888888888889,722.2222222222223,107.5,5.999852605290406,0.7498995277421171,0.9728992936851246,7.972234091504035e-05
0.0,139,500.0,722.2222222222223,107.5,5.999852605290406,0.7498995277421171,0.9728992936851246,7.972234091504035e-05
0.0,140,611.1111111111111,722.2222222222223,107.5,5.999852605290406,0.7498995277421171,0.9728992936851246,7.972234091504035e-05
0.0,141,722.2222222222223,722.2222222222223,107.5,5.999852605290406,0.7498995277421171,0.9728992936851246,7.972234091504035e-05
0.0,142,833.3333333333334,722.2222222222223,107.5,5.999852605290406,0.7498995277421171,0.9728992936851246,7.972234091504035e-05
0.0,143,944.4444444444445,722.2222222222223,107.5,5.999852605290406,0.7498995277421171,0.9728992936851246,7.972234091504035e-05
0.0,144,55.55555555555556,833.3333333333334,107.5,5.999852605290406,0.7498995277421171,0.9728992936851246,7.972234091504035e-05
0.0,145,166.66666666666669,833.3333333333334,107.5,5.999852605290406,0.7498995277421171,0.9728992936851246,7.972234091504035e-05
0.0,146,277.77777777777777,833.3333333333334,107.5,5.999852605290406,0.7498995277421171,0.9728992936851246,7.972234091504035e-05
0.0,147,388.8888888888889,833.3333333333334,107.5,5.999852605290406,0.7498995277421171,0.9728992936851246,7.972234091504035e-05
0.0,148,500.0,833.3333333333334,107.5,5.999852605290406,0.7498995277421171,0.9728992936851246,7.972234091504035e-05
0.0,149,611.1111111111111,833.3333333333334,107.5,5.999852605290406,0.7498995277421171,0.9728992936851246,7.972234091504035e-05
0.0,150,722.2222222222223,833.3333333333334,107.5,5.999852605290406,0.7498995277421171,0.9728992936851246,7.972234091504035e-05
0.0,151,833.3333333333334,833.3333333333334,107.5,5.999852605290406,0.7498995277421171,0.9728992936851246,7.972234091504035e-05
0.0,152,944.4444444444445,833.3333333333334,107.5,5.999852605290406,0.7498995277421171,0.9728992936851246,7.972234091504035e-05
0.0,153,55.55555555555556,944.4444444444445,107.5,5.999852605290406,0.7498995277421171,0.9728992936851246,7.972234091504035e-05
0.0,154,166.66666666666669,944.4444444444445,107.5,5.999852605290406,0.7498995277421171,0.9728992936851246,7.972234091504035e-05
0.0,155,277.77777777777777,944.4444444444445,107.5,5.999852605290406,0.7498995277421171,0.9728992936851246,7.972234091504035e-05
0.0,156,388.8888888888889,944.4444444444445,107.5,5.999852605290406,0.7498995277421171,0.9728992936851246,7.972234091504035e-05
0.0,157,500.0,944.4444444444445,107.5,5.999852605290406,0.7498995277421171,0.9728992936851246,7.972234091504035e-05
0.0,158,611.1111111111111,944.4444444444445,107.5,5.999852605290406,0.7498995277421171,0.9728992936851246,7.972234091504035e-05
0.0,159,722.2222222222223,944.4444444444445,107.5,5.999852605290406,0.7498995277421171,0.9728992936851246,7.972234091504035e-05
0.0,160,833.3333333333334,944.4444444444445,107.5,5.999852605290406,0.7498995277421171,0.9728992936851246,7.972234091504035e-05
0.0,161,944.4444444444445,944.4444444444445,107.5,5.999852605290406,0.7498995277421171,0.9728992936851246,7.972234091504035e-05
0.0,162,55.55555555555556,55.55555555555556,112.5,6.000147398167091,0.749804890468588,0.9728996335802645,7.972627905711708e-05
0.0,163,166.66666666666669,55.55555555555556,112.5,6.000147398167091,0.749804890468588,0.9728996335802645,7.972627905711708e-05
0.0,164,277.77777777777777,55.55555555555556,112.5,6.000147398167091,0.749804890468588,0.9728996335802645,7.972627905711708e-05
0.0,165,388.8888888888889,55.55555555555556,112.5,6.000147398167091,0.749804890468588,0.9728996335802645,7.972627905711708e-05
0.0,166,500.0,55.55555555555556,112.5,6.000147398167091,0.749804890468588,0.9728996335802645,7.972627905711708e-05
0.0,167,611.1111111111111,55.55555555555556,112.5,6.000147398167091,0.749804890468588,0.9728996335802645,7.972627905711708e-05
0.0,168,722.2222222222223,55.55555555555556,112.5,6.000147398167091,0.749804890468588,0.9728996335802645,7.972627905711708e-05
0.0,169,833.3333333333334,55.55555555555556,112.5,6.000147398167091,0.749804890468588,0.9728996335802645,7.972627905711708e-05
0.0,170,944.4444444444445,55.55555555555556,112.5,6.000147398167091,0.749804890468588,0.9728996335802645,7.972627905711708e-05
0.0,171,55.55555555555556,166.66666666666669,112.5,6.000147398167091,0.749804890468588,0.9728996335802645,7.972627905711708e-05
0.0,172,166.66666666666669,166.66666666666669,112.5,6.000147398167091,0.749804890468588,0.9728996335802645,7.972627905711708e-05
0.0,173,277.77777777777777,166.66666666666669,112.5,6.000147398167091,0.749804890468588,0.9728996335802645,7.972627905711708e-05
0.0,174,388.8888888888889,166.66666666666669,112.5,6.000147398167091,0.749804890468588,0.9728996335802645,7.972627905711708e-05
0.0,175,500.0,166.66666666666669,112.5,6.000147398167091,0.749804890468588,0.9728996335802645,7.972627905711708e-05
0.0,176,611.1111111111111,166.66666666666669,112.5,6.000147398167091,0.749804890468588,0.9728996335802645,7.972627905711708e-05
0.0,177,722.2222222222223,166.66666666666669,112.5,6.000147398167091,0.749804890468588,0.9728996335802645,7.972627905711708e-05
0.0,178,833.3333333333334,166.66666666666669,112.5,6.000147398167091,0.749804890468588,0.9728996335802645,7.972627905711708e-05
0.0,179,944.4444444444445,166.66666666666669,112.5,6.000147398167091,0.749804890468588,0.9728996335802645,7.972627905711708e-05
0.0,180,55.55555555555556,277.77777777777777,112.5,6.000147398167091,0.749804890468588,0.9728996335802645,7.972627905711708e-05
0.0,181,166.66666666666669,277.77777777777777,112.5,6.000147398167091,0.749804890468588,0.9728996335802645,7.972627905711708e-05
0.0,182,277.77777777777777,277.77777777777777,112.5,6.000147398167091,0.749804890468588,0.9728996335802645,7.972627905711708e-05
0.0,183,388.8888888888889,277.77777777777777,112.5,6.000147398167091,0.749804890468588,0.9728996335802645,7.972627905711708e-05
0.0,184,500.0,277.77777777777777,112.5,6.000147398167091,0.749804890468588,0.9728996335802645,7.972627905711708e-05
0.0,185,611.1111111111111,277.77777777777777,112.5,6.000147398167091,0.749804890468588,0.9728996335802645,7.972627905711708e-05
0.0,186,722.2222222222223,277.77777777777777,112.5,6.000147398167091,0.749804890468588,0.9728996335802645,7.972627905711708e-05
0.0,187,833.3333333333334,277.77777777777777,112.5,6.000147398167091,0.749804890468588,0.9728996335802645,7.972627905711708e-05
0.0,188,944.4444444444445,277.77777777777777,112.5,6.000147398167091,0.749804890468588,0.9728996335802645,7.972627905711708e-05
0.0,189,55.55555555555556,388.8888888888889,112.5,6.000147398167091,0.749804890468588,0.9728996335802645,7.972627905711708e-05
0.0,190,166.66666666666669,388.8888888888889,112.5,6.000147398167091,0.749804890468588,0.9728996335802645,7.972627905711708e-05
0.0,191,277.77777777777777,388.8888888888889,112.5,6.000147398167091,0.749804890468588,0.9728996335802645,7.972627905711708e-05
0.0,192,388.8888888888889,388.8888888888889,112.5,6.000147398167091,0.749804890468588,0.9728996335802645,7.972627905711708e-05
0.0,193,500.0,388.8888888888889,112.5,6.000147398167091,0.749804890468588,0.9728996335802645,7.972627905711708e-05
0.0,194,611.1111111111111,388.8888888888889,112.5,6.000147398167091,0.749804890468588,0.9728996335802645,7.972627905711708e-05
0.0,195,722.2222222222223,388.8888888888889,112.5,6.000147398167091,0.749804890468588,0.9728996335802645,7.972627905711708e-05
0.0,196,833.3333333333334,388.8888888888889,112.5,6.000147398167091,0.749804890468588,0.9728996335802645,7.972627905711708e-05
0.0,197,944.4444444444445,388.8888888888889,112.5,6.000147398167091,0.749804890468588,0.9728996335802645,7.972627905711708e-05
0.0,198,55.55555555555556,500.0,112.5,6.000147398167091,0.749804890468588,0.9728996335802645,7.972627905711708e-05
0.0,199,166.66666666666669,500.0,112.5,6.000147398167091,0.749804890468588,0.9728996335802645,7.972627905711708e-05
0.0,200,277.77777777777777,500.0,112.5,6.000147398167091,0.749804890468588,0.9728996335802645,7.972627905711708e-05
0.0,201,388.8888888888889,500.0,112.5,6.000147398167091,0.749804890468588,0.9728996335802645,7.972627905711708e-05
0.0,202,500.0,500.0,112.5,6.000147398167091,0.749804890468588,0.9728996335802645,7.972627905711708e-05
0.0,203,611.1111111111111,500.0,112.5,6.000147398167091,0.749804890468588,0.9728996335802645,7.972627905711708e-05
0.0,204,722.2222222222223,500.0,112.5,6.000147398167091,0.749804890468588,0.9728996335802645,7.972627905711708e-05
0.0,205,833.3333333333334,500.0,112.5,6.000147398167091,0.749804890468588,0.9728996335802645,7.972627905711708e-05
0.0,206,944.4444444444445,500.0,112.5,6.000147398167091,0.749804890468588,0.9728996335802645,7.972627905711708e-05
0.0,207,55.55555555555556,611.1111111111111,112.5,6.000147398167091,0.749804890468588,0.9728996335802645,7.972627905711708e-05
0.0,208,166.66666666666669,611.1111111111111,112.5,6.000147398167091,0.749804890468588,0.9728996335802645,7.972627905711708e-05
0.0,209,277.77777777777777,611.1111111111111,112.5,6.000147398167091,0.749804890468588,0.9728996335802645,7.972627905711708e-05
0.0,210,388.8888888888889,611.1111111111111,112.5,6.000147398167091,0.749804890468588,0.9728996335802645,7.972627905711708e-05
0.0,211,500.0,611.1111111111111,112.5,6.000147398167091,0.749804890468588,0.9728996335802645,7.972627905711708e-05
0.0,212,611.1111111111111,611.1111111111111,112.5,6.000147398167091,0.749804890468588,0.9728996335802645,7.972627905711708e-05
0.0,213,722.2222222222223,611.1111111111111,112.5,6.000147398167091,0.749804890468588,0.9728996335802645,7.972627905711708e-05
0.0,214,833.3333333333334,611.1111111111111,112.5,6.000147398167091,0.749804890468588,0.9728996335802645,7.972627905711708e-05
0.0,215,944.4444444444445,611.1111111111111,112.5,6.000147398167091,0.749804890468588,0.9728996335802645,7.972627905711708e-05
0.0,216,55.55555555555556,722.2222222222223,112.5,6.000147398167091,0.749804890468588,0.9728996335802645,7.972627905711708e-05
0.0,217,166.66666666666669,722.2222222222223,112.5,6.000147398167091,0.749804890468588,0.9728996335802645,7.972627905711708e-05
0.0,218,277.77777777777777,722.2222222222223,112.5,6.000147398167091,0.749804890468588,0.9728996335802645,7.972627905711708e-05
0.0,219,388.8888888888889,722.2222222222223,112.5,6.000147398167091,0.749804890468588,0.9728996335802645,7.972627905711708e-05
0.0,220,500.0,722.2222222222223,112.5,6.000147398167091,0.749804890468588,0.9728996335802645,7.972627905711708e-05
0.0,221,611.1111111111111,722.2222222222223,112.5,6.000147398167091,0.749804890468588,0.9728996335802645,7.972627905711708e-05
0.0,222,722.2222222222223,722.2222222222223,112.5,6.000147398167091,0.749804890468588,0.9728996335802645,7.972627905711708e-05
0.0,223,833.3333333333334,722.2222222222223,112.5,6.000147398167091,0.749804890468588,0.9728996335802645,7.972627905711708e-05
0.0,224,944.4444444444445,722.2222222222223,112.5,6.000147398167091,0.749804890468588,0.9728996335802645,7.972627905711708e-05
0.0,225,55.55555555555556,833.3333333333334,112.5,6.000147398167091,0.749804890468588,0.9728996335802645,7.972627905711708e-05
0.0,226,166.66666666666669,833.3333333333334,112.5,6.000147398167091,0.749804890468588,0.9728996335802645,7.972627905711708e-05
0.0,227,277.77777777777777,833.3333333333334,112.5,6.000147398167091,0.749804890468588,0.9728996335802645,7.972627905711708e-05
0.0,228,388.8888888888889,833.3333333333334,112.5,6.000147398167091,0.749804890468588,0.9728996335802645,7.972627905711708e-05
0.0,229,500.0,833.3333333333334,112.5,6.000147398167091,0.749804890468588,0.9728996335802645,7.972627905711708e-05
0.0,230,611.1111111111111,833.3333333333334,112.5,6.000147398167091,0.749804890468588,0.9728996335802645,7.972627905711708e-05
0.0,231,722.2222222222223,833.3333333333334,112.5,6.000147398167091,0.749804890468588,0.9728996335802645,7.972627905711708e-05
0.0,232,833.3333333333334,833.3333333333334,112.5,6.000147398167091,0.749804890468588,0.9728996335802645,7.972627905711708e-05
0.0,233,944.4444444444445,833.3333333333334,112.5,6.000147398167091,0.749804890468588,0.9728996335802645,7.972627905711708e-05
0.0,234,55.55555555555556,944.4444444444445,112.5,6.000147398167091,0.749804890468588,0.9728996335802645,7.972627905711708e-05
0.0,235,166.66666666666669,944.4444444444445,112.5,6.000147398167091,0.749804890468588,0.9728996335802645,7.972627905711708e-05
0.0,236,277.77777777777777,944.4444444444445,112.5,6.000147398167091,0.749804890468588,0.9728996335802645,7.972627905711708e-05
0.0,237,388.8888888888889,944.4444444444445,112.5,6.000147398167091,0.749804890468588,0.9728996335802645,7.972627905711708e-05
0.0,238,500.0,944.4444444444445,112.5,6.000147398167091,0.749804890468588,0.9728996335802645,7.972627905711708e-05
0.0,239,611.1111111111111,944.4444444444445,112.5,6.000147398167091,0.749804890468588,0.9728996335802645,7.972627905711708e-05
0.0,240,722.2222222222223,944.4444444444445,112.5,6.000147398167091,0.749804890468588,0.9728996335802645,7.972627905711708e-05
0.0,241,833.3333333333334,944.4444444444445,112.5,6.000147398167091,0.749804890468588,0.9728996335802645,7.972627905711708e-05
0.0,242,944.4444444444445,944.4444444444445,112.5,6.000147398167091,0.749804890468588,0.9728996335802645,7.972627905711708e-05
0.0,243,55.55555555555556,55.55555555555556,117.5,6.000442204874086,0.749469512259529,0.9728999734578776,7.97302173832935e-05
0.0,244,166.66666666666669,55.55555555555556,117.5,6.000442204874086,0.749469512259529,0.9728999734578776,7.97302173832935e-05
0.0,245,277.77777777777777,55.55555555555556,117.5,6.000442204874086,0.749469512259529,0.9728999734578776,7.97302173832935e-05
0.0,246,388.8888888888889,55.55555555555556,117.5,6.000442204874086,0.749469512259529,0.9728999734578776,7.97302173832935e-05
0.0,247,500.0,55.55555555555556,117.5,6.000442204874086,0.749469512259529,0.9728999734578776,7.97302173832935e-05
0.0,248,611.1111111111111,55.55555555555556,117.5,6.000442204874086,0.749469512259529,0.9728999734578776,7.97302173832935e-05
0.0,249,722.2222222222223,55.55555555555556,117.5,6.000442204874086,0.749469512259529,0.9728999734578776,7.97302173832935e-05
0.0,250,833.3333333333334,55.55555555555556,117.5,6.000442204874086,0.749469512259529,0.9728999734578776,7.97302173832935e-05
0.0,251,944.4444444444445,55.55555555555556,117.5,6.000442204874086,0.749469512259529,0.9728999734578776,7.97302173832935e-05
0.0,252,55.55555555555556,166.66666666666669,117.5,6.000442204874086,0.749469512259529,0.9728999734578776,7.97302173832935e-05
0.0,253,166.66666666666669,166.66666666666669,117.5,6.000442204874086,0.749469512259529,0.9728999734578776,7.97302173832935e-05
0.0,254,277.77777777777777,166.66666666666669,117.5,6.000442204874086,0.749469512259529,0.9728999734578776,7.97302173832935e-05
0.0,255,388.8888888888889,166.66666666666669,117.5,6.000442204874086,0.749469512259529,0.9728999734578776,7.97302173832935e-05
0.0,256,500.0,166.66666666666669,117.5,6.000442204874086,0.749469512259529,0.9728999734578776,7.97302173832935e-05
0.0,257,611.1111111111111,166.66666666666669,117.5,6.000442204874086,0.749469512259529,0.9728999734578776,7.97302173832935e-05
0.0,258,722.2222222222223,166.66666666666669,117.5,6.000442204874086,0.749469512259529,0.9728999734578776,7.97302173832935e-05
0.0,259,833.3333333333334,166.66666666666669,117.5,6.000442204874086,0.749469512259529,0.9728999734578776,7.97302173832935e-05
0.0,260,944.4444444444445,166.66666666666669,117.5,6.000442204874086,0.749469512259529,0.9728999734578776,7.97302173832935e-05
0.0,261,55.55555555555556,277.77777777777777,117.5,6.000442204874086,0.749469512259529,0.9728999734578776,7.97302173832935e-05
0.0,262,166.66666666666669,277.77777777777777,117.5,6.000442204874086,0.749469512259529,0.9728999734578776,7.97302173832935e-05
0.0,263,277.77777777777777,277.77777777777777,117.5,6.000442204874086,0.749469512259529,0.9728999734578776,7.97302173832935e-05
0.0,264,388.8888888888889,277.77777777777777,117.5,6.000442204874086,0.749469512259529,0.9728999734578776,7.97302173832935e-05
0.0,265,500.0,277.77777777777777,117.5,6.000442204874086,0.749469512259529,0.9728999734578776,7.97302173832935e-05
0.0,266,611.1111111111111,277.77777777777777,117.5,6.000442204874086,0.749469512259529,0.9728999734578776,7.97302173832935e-05
0.0,267,722.2222222222223,277.77777777777777,117.5,6.000442204874086,0.749469512259529,0.9728999734578776,7.97302173832935e-05
0.0,268,833.3333333333334,277.77777777777777,117.5,6.000442204874086,0.749469512259529,0.9728999734578776,7.97302173832935e-05
0.0,269,944.4444444444445,277.77777777777777,117.5,6.000442204874086,0.749469512259529,0.9728999734578776,7.97302173832935e-05
0.0,270,55.55555555555556,388.8888888888889,117.5,6.000442204874086,0.749469512259529,0.9728999734578776,7.97302173832935e-05
0.0,271,166.66666666666669,388.8888888888889,117.5,6.000442204874086,0.749469512259529,0.9728999734578776,7.97302173832935e-05
0.0,272,277.77777777777777,388.8888888888889,117.5,6.000442204874086,0.749469512259529,0.9728999734578776,7.97302173832935e-05
0.0,273,388.8888888888889,388.8888888888889,117.5,6.000442204874086,0.749469512259529,0.9728999734578776,7.97302173832935e-05
0.0,274,500.0,388.8888888888889,117.5,6.000442204874086,0.749469512259529,0.9728999734578776,7.97302173832935e-05
0.0,275,611.1111111111111,388.8888888888889,117.5,6.000442204874086,0.749469512259529,0.9728999734578776,7.97302173832935e-05
0.0,276,722.2222222222223,388.8888888888889,117.5,6.000442204874086,0.749469512259529,0.9728999734578776,7.97302173832935e-05
0.0,277,833.3333333333334,388.8888888888889,117.5,6.000442204874086,0.749469512259529,0.9728999734578776,7.97302173832935e-05
0.0,278,944.4444444444445,388.8888888888889,117.5,6.000442204874086,0.749469512259529,0.9728999734578776,7.97302173832935e-05
0.0,279,55.55555555555556,500.0,117.5,6.000442204874086,0.749469512259529,0.9728999734578776,7.97302173832935e-05
0.0,280,166.66666666666669,500.0,117.5,6.000442204874086,0.749469512259529,0.9728999734578776,7.97302173832935e-05
0.0,281,277.77777777777777,500.0,117.5,6.000442204874086,0.749469512259529,0.9728999734578776,7.97302173832935e-05
0.0,282,388.8888888888889,500.0,117.5,6.000442204874086,0.749469512259529,0.9728999734578776,7.97302173832935e-05
0.0,283,500.0,500.0,117.5,6.000442204874086,0.749469512259529,0.9728999734578776,7.97302173832935e-05
0.0,284,611.1111111111111,500.0,117.5,6.000442204874086,0.749469512259529,0.9728999734578776,7.97302173832935e-05
0.0,285,722.2222222222223,500.0,117.5,6.000442204874086,0.749469512259529,0.9728999734578776,7.97302173832935e-05
0.0,286,833.3333333333334,500.0,117.5,6.000442204874086,0.749469512259529,0.9728999734578776,7.97302173832935e-05
0.0,287,944.4444444444445,500.0,117.5,6.000442204874086,0.749469512259529,0.9728999734578776,7.97302173832935e-05
0.0,288,55.55555555555556,611.1111111111111,117.5,6.000442204874086,0.749469512259529,0.9728999734578776,7.97302173832935e-05
0.0,289,166.66666666666669,611.1111111111111,117.5,6.000442204874086,0.749469512259529,0.9728999734578776,7.97302173832935e-05
0.0,290,277.77777777777777,611.1111111111111,117.5,6.000442204874086,0.749469512259529,0.9728999734578776,7.97302173832935e-05
0.0,291,388.8888888888889,611.1111111111111,117.5,6.000442204874086,0.749469512259529,0.9728999734578776,7.97302173832935e-05
0.0,292,500.0,611.1111111111111,117.5,6.000442204874086,0.749469512259529,0.9728999734578776,7.97302173832935e-05
0.0,293,611.1111111111111,611.1111111111111,117.5,6.000442204874086,0.749469512259529,0.9728999734578776,7.97302173832935e-05
0.0,294,722.2222222222223,611.1111111111111,117.5,6.000442204874086,0.749469512259529,0.9728999734578776,7.97302173832935e-05
0.0,295,833.3333333333334,611.1111111111111,117.5,6.000442204874086,0.749469512259529,0.9728999734578776,7.97302173832935e-05
0.0,296,944.4444444444445,611.1111111111111,117.5,6.000442204874086,0.749469512259529,0.9728999734578776,7.97302173832935e-05
0.0,297,55.55555555555556,722.2222222222223,117.5,6.000442204874086,0.749469512259529,0.9728999734578776,7.97302173832935e-05
0.0,298,166.66666666666669,722.2222222222223,117.5,6.000442204874086,0.749469512259529,0.9728999734578776,7.97302173832935e-05
0.0,299,277.77777777777777,722.2222222222223,117.5,6.000442204874086,0.749469512259529,0.9728999734578776,7.97302173832935e-05
0.0,300,388.8888888888889,722.2222222222223,117.5,6.000442204874086,0.749469512259529,0.9728999734578776,7.97302173832935e-05
0.0,301,500.0,722.2222222222223,117.5,6.000442204874086,0.749469512259529,0.9728999734578776,7.97302173832935e-05
0.0,302,611.1111111111111,722.2222222222223,117.5,6.000442204874086,0.749469512259529,0.9728999734578776,7.97302173832935e-05
0.0,303,722.2222222222223,722.2222222222223,117.5,6.000442204874086,0.749469512259529,0.9728999734578776,7.97302173832935e-05
0.0,304,833.3333333333334,722.2222222222223,117.5,6.000442204874086,0.749469512259529,0.9728999734578776,7.97302173832935e-05
0.0,305,944.4444444444445,722.2222222222223,117.5,6.000442204874086,0.749469512259529,0.9728999734578776,7.97302173832935e-05
0.0,306,55.55555555555556,833.3333333333334,117.5,6.000442204874086,0.749469512259529,0.9728999734578776,7.97302173832935e-05
0.0,307,166.66666666666669,833.3333333333334,117.5,6.000442204874086,0.749469512259529,0.9728999734578776,7.97302173832935e-05
0.0,308,277.77777777777777,833.3333333333334,117.5,6.000442204874086,0.749469512259529,0.9728999734578776,7.97302173832935e-05
0.0,309,388.8888888888889,833.3333333333334,117.5,6.000442204874086,0.749469512259529,0.9728999734578776,7.97302173832935e-05
0.0,310,500.0,833.3333333333334,117.5,6.000442204874086,0.749469512259529,0.9728999734578776,7.97302173832935e-05
0.0,311,611.1111111111111,833.3333333333334,117.5,6.000442204874086,0.749469512259529,0.9728999734578776,7.97302173832935e-05
0.0,312,722.2222222222223,833.3333333333334,117.5,6.000442204874086,0.749469512259529,0.9728999734578776,7.97302173832935e-05
0.0,313,833.3333333333334,833.3333333333334,117.5,6.000442204874086,0.749469512259529,0.9728999734578776,7.97302173832935e-05
0.0,314,944.4444444444445,833.3333333333334,117.5,6.000442204874086,0.749469512259529,0.9728999734578776,7.97302173832935e-05
0.0,315,55.55555555555556,944.4444444444445,117.5,6.000442204874086,0.749469512259529,0.9728999734578776,7.97302173832935e-05
0.0,316,166.66666666666669,944.4444444444445,117.5,6.000442204874086,0.749469512259529,0.9728999734578776,7.97302173832935e-05
0.0,317,277.77777777777777,944.4444444444445,117.5,6.000442204874086,0.749469512259529,0.9728999734578776,7.97302173832935e-05
0.0,318,388.8888888888889,944.4444444444445,117.5,6.000442204874086,0.749469512259529,0.9728999734578776,7.97302173832935e-05
0.0,319,500.0,944.4444444444445,117.5,6.000442204874086,0.749469512259529,0.9728999734578776,7.97302173832935e-05
0.0,320,611.1111111111111,944.4444444444445,117.5,6.000442204874086,0.749469512259529,0.9728999734578776,7.97302173832935e-05
0.0,321,722.2222222222223,944.4444444444445,117.5,6.000442204874086,0.749469512259529,0.9728999734578776,7.97302173832935e-05
0.0,322,833.3333333333334,944.4444444444445,117.5,6.000442204874086,0.749469512259529,0.9728999734578776,7.97302173832935e-05
0.0,323,944.4444444444445,944.4444444444445,117.5,6.000442204874086,0.749469512259529,0.9728999734578776,7.97302173832935e-05
0.0,324,55.55555555555556,55.55555555555556,122.5,6.000737025412036,0.7456957828946722,0.9729003133174152,7.973415589359035e-05
0.0,325,166.66666666666669,55.55555555555556,122.5,6.000737025412036,0.7456957828946722,0.9729003133174152,7.973415589359035e-05
0.0,326,277.77777777777777,55.55555555555556,122.5,6.000737025412036,0.7456957828946722,0.9729003133174152,7.973415589359035e-05
0.0,327,388.8888888888889,55.55555555555556,122.5,6.000737025412036,0.7456957828946722,0.9729003133174152,7.973415589359035e-05
0.0,328,500.0,55.55555555555556,122.5,6.000737025412036,0.7456957828946722,0.9729003133174152,7.973415589359035e-05
0.0,329,611.1111111111111,55.55555555555556,122.5,6.000737025412036,0.7456957828946722,0.9729003133174152,7.973415589359035e-05
0.0,330,722.2222222222223,55.55555555555556,122.5,6.000737025412036,0.7456957828946722,0.9729003133174152,7.973415589359035e-05
0.0,331,833.3333333333334,55.55555555555556,122.5,6.000737025412036,0.7456957828946722,0.9729003133174152,7.973415589359035e-05
0.0,332,944.4444444444445,55.55555555555556,122.5,6.000737025412036,0.7456957828946722,0.9729003133174152,7.973415589359035e-05
0.0,333,55.55555555555556,166.66666666666669,122.5,6.000737025412036,0.7456957828946722,0.9729003133174152,7.973415589359035e-05
0.0,334,166.66666666666669,166.66666666666669,122.5,6.000737025412036,0.7456957828946722,0.9729003133174152,7.973415589359035e-05
0.0,335,277.77777777777777,166.66666666666669,122.5,6.000737025412036,0.7456957828946722,0.9729003133174152,7.973415589359035e-05
0.0,336,388.8888888888889,166.66666666666669,122.5,6.000737025412036,0.7456957828946722,0.9729003133174152,7.973415589359035e-05
0.0,337,500.0,166.66666666666669,122.5,6.000737025412036,0.7456957828946722,0.9729003133174152,7.973415589359035e-05
0.0,338,611.1111111111111,166.66666666666669,122.5,6.000737025412036,0.7456957828946722,0.9729003133174152,7.973415589359035e-05
0.0,339,722.2222222222223,166.66666666666669,122.5,6.000737025412036,0.7456957828946722,0.9729003133174152,7.973415589359035e-05
0.0,340,833.3333333333334,166.66666666666669,122.5,6.000737025412036,0.7456957828946722,0.9729003133174152,7.973415589359035e-05
0.0,341,944.4444444444445,166.66666666666669,122.5,6.000737025412036,0.7456957828946722,0.9729003133174152,7.973415589359035e-05
0.0,342,55.55555555555556,277.77777777777777,122.5,6.000737025412036,0.7456957828946722,0.9729003133174152,7.973415589359035e-05
0.0,343,166.66666666666669,277.77777777777777,122.5,6.000737025412036,0.7456957828946722,0.9729003133174152,7.973415589359035e-05
0.0,344,277.77777777777777,277.77777777777777,122.5,6.000737025412036,0.7456957828946722,0.9729003133174152,7.973415589359035e-05
0.0,345,388.8888888888889,277.77777777777777,122.5,6.000737025412036,0.7456957828946722,0.9729003133174152,7.973415589359035e-05
0.0,346,500.0,277.77777777777777,122.5,6.000737025412036,0.7456957828946722,0.9729003133174152,7.973415589359035e-05
0.0,347,611.1111111111111,277.77777777777777,122.5,6.000737025412036,0.7456957828946722,0.9729003133174152,7.973415589359035e-05
0.0,348,722.2222222222223,277.77777777777777,122.5,6.000737025412036,0.7456957828946722,0.9729003133174152,7.973415589359035e-05
0.0,349,833.3333333333334,277.77777777777777,122.5,6.000737025412036,0.7456957828946722,0.9729003133174152,7.973415589359035e-05
0.0,350,944.4444444444445,277.77777777777777,122.5,6.000737025412036,0.7456957828946722,0.9729003133174152,7.973415589359035e-05
0.0,351,55.55555555555556,388.8888888888889,122.5,6.000737025412036,0.7456957828946722,0.9729003133174152,7.973415589359035e-05
0.0,352,166.66666666666669,388.8888888888889,122.5,6.000737025412036,0.7456957828946722,0.9729003133174152,7.973415589359035e-05
0.0,353,277.77777777777777,388.8888888888889,122.5,6.000737025412036,0.7456957828946722,0.9729003133174152,7.973415589359035e-05
0.0,354,388.8888888888889,388.8888888888889,122.5,6.000737025412036,0.7456957828946722,0.9729003133174152,7.973415589359035e-05
0.0,355,500.0,388.8888888888889,122.5,6.000737025412036,0.7456957828946722,0.9729003133174152,7.973415589359035e-05
0.0,356,611.1111111111111,388.8888888888889,122.5,6.000737025412036,0.7456957828946722,0.9729003133174152,7.973415589359035e-05
0.0,357,722.2222222222223,388.8888888888889,122.5,6.000737025412036,0.7456957828946722,0.9729003133174152,7.973415589359035e-05
0.0,358,833.3333333333334,388.8888888888889,122.5,6.000737025412036,0.7456957828946722,0.9729003133174152,7.973415589359035e-05
0.0,359,944.4444444444445,388.8888888888889,122.5,6.000737025412036,0.7456957828946722,0.9729003133174152,7.973415589359035e-05
0.0,360,55.55555555555556,500.0,122.5,6.000737025412036,0.7456957828946722,0.9729003133174152,7.973415589359035e-05
0.0,361,166.66666666666669,500.0,122.5,6.000737025412036,0.7456957828946722,0.9729003133174152,7.973415589359035e-05
0.0,362,277.77777777777777,500.0,122.5,6.000737025412036,0.7456957828946722,0.9729003133174152,7.973415589359035e-05
0.0,363,388.8888888888889,500.0,122.5,6.000737025412036,0.7456957828946722,0.9729003133174152,7.973415589359035e-05
0.0,364,500.0,500.0,122.5,6.000737025412036,0.7456957828946722,0.9729003133174152,7.973415589359035e-05
0.0,365,611.1111111111111,500.0,122.5,6.000737025412036,0.7456957828946722,0.9729003133174152,7.973415589359035e-05
0.0,366,722.2222222222223,500.0,122.5,6.000737025412036,0.7456957828946722,0.9729003133174152,7.973415589359035e-05
0.0,367,833.3333333333334,500.0,122.5,6.000737025412036,0.7456957828946722,0.9729003133174152,7.973415589359035e-05
0.0,368,944.4444444444445,500.0,122.5,6.000737025412036,0.7456957828946722,0.9729003133174152,7.973415589359035e-05
0.0,369,55.55555555555556,611.1111111111111,122.5,6.000737025412036,0.7456957828946722,0.9729003133174152,7.973415589359035e-05
0.0,370,166.66666666666669,611.1111111111111,122.5,6.000737025412036,0.7456957828946722,0.9729003133174152,7.973415589359035e-05
0.0,371,277.77777777777777,611.1111111111111,122.5,6.000737025412036,0.7456957828946722,0.9729003133174152,7.973415589359035e-05
0.0,372,388.8888888888889,611.1111111111111,122.5,6.000737025412036,0.7456957828946722,0.9729003133174152,7.973415589359035e-05
0.0,373,500.0,611.1111111111111,122.5,6.000737025412036,0.7456957828946722,0.9729003133174152,7.973415589359035e-05
0.0,374,611.1111111111111,611.1111111111111,122.5,6.000737025412036,0.7456957828946722,0.9729003133174152,7.973415589359035e-05
0.0,375,722.2222222222223,611.1111111111111,122.5,6.000737025412036,0.7456957828946722,0.9729003133174152,7.973415589359035e-05
0.0,376,833.3333333333334,611.1111111111111,122.5,6.000737025412036,0.7456957828946722,0.9729003133174152,7.973415589359035e-05
0.0,377,944.4444444444445,611.1111111111111,122.5,6.000737025412036,0.7456957828946722,0.9729003133174152,7.973415589359035e-05
0.0,378,55.55555555555556,722.2222222222223,122.5,6.000737025412036,0.7456957828946722,0.9729003133174152,7.973415589359035e-05
0.0,379,166.66666666666669,722.2222222222223,122.5,6.000737025412036,0.7456957828946722,0.9729003133174152,7.973415589359035e-05
0.0,380,277.77777777777777,722.2222222222223,122.5,6.000737025412036,0.7456957828946722,0.9729003133174152,7.973415589359035e-05
0.0,381,388.8888888888889,722.2222222222223,122.5,6.000737025412036,0.7456957828946722,0.9729003133174152,7.973415589359035e-05
0.0,382,500.0,722.2222222222223,122.5,6.000737025412036,0.7456957828946722,0.9729003133174152,7.973415589359035e-05
0.0,383,611.1111111111111,722.2222222222223,122.5,6.000737025412036,0.7456957828946722,0.9729003133174152,7.973415589359035e-05
0.0,384,722.2222222222223,722.2222222222223,122.5,6.000737025412036,0.7456957828946722,0.9729003133174152,7.973415589359035e-05
0.0,385,833.3333333333334,722.2222222222223,122.5,6.000737025412036,0.7456957828946722,0.9729003133174152,7.973415589359035e-05
0.0,386,944.4444444444445,722.2222222222223,122.5,6.000737025412036,0.7456957828946722,0.9729003133174152,7.973415589359035e-05
0.0,387,55.55555555555556,833.3333333333334,122.5,6.000737025412036,0.7456957828946722,0.9729003133174152,7.973415589359035e-05
0.0,388,166.66666666666669,833.3333333333334,122.5,6.000737025412036,0.7456957828946722,0.9729003133174152,7.973415589359035e-05
0.0,389,277.77777777777777,833.3333333333334,122.5,6.000737025412036,0.7456957828946722,0.9729003133174152,7.973415589359035e-05
0.0,390,388.8888888888889,833.3333333333334,122.5,6.000737025412036,0.7456957828946722,0.9729003133174152,7.973415589359035e-05
0.0,391,500.0,833.3333333333334,122.5,6.000737025412036,0.7456957828946722,0.9729003133174152,7.973415589359035e-05
0.0,392,611.1111111111111,833.3333333333334,122.5,6.000737025412036,0.7456957828946722,0.9729003133174152,7.973415589359035e-05
0.0,393,722.2222222222223,833.3333333333334,122.5,6.000737025412036,0.7456957828946722,0.9729003133174152,7.973415589359035e-05
0.0,394,833.3333333333334,833.3333333333334,122.5,6.000737025412036,0.7456957828946722,0.9729003133174152,7.973415589359035e-05
0.0,395,944.4444444444445,833.3333333333334,122.5,6.000737025412036,0.7456957828946722,0.9729003133174152,7.973415589359035e-05
0.0,396,55.55555555555556,944.4444444444445,122.5,6.000737025412036,0.7456957828946722,0.9729003133174152,7.973415589359035e-05
0.0,397,166.66666666666669,944.4444444444445,122.5,6.000737025412036,0.7456957828946722,0.9729003133174152,7.973415589359035e-05
0.0,398,277.77777777777777,944.4444444444445,122.5,6.000737025412036,0.7456957828946722,0.9729003133174152,7.973415589359035e-05
0.0,399,388.8888888888889,944.4444444444445,122.5,6.000737025412036,0.7456957828946722,0.9729003133174152,7.973415589359035e-05
0.0,400,500.0,944.4444444444445,122.5,6.000737025412036,0.7456957828946722,0.9729003133174152,7.973415589359035e-05
0.0,401,611.1111111111111,944.4444444444445,122.5,6.000737025412036,0.7456957828946722,0.9729003133174152,7.973415589359035e-05
0.0,402,722.2222222222223,944.4444444444445,122.5,6.000737025412036,0.7456957828946722,0.9729003133174152,7.973415589359035e-05
0.0,403,833.3333333333334,944.4444444444445,122.5,6.000737025412036,0.7456957828946722,0.9729003133174152,7.973415589359035e-05
0.0,404,944.4444444444445,944.4444444444445,122.5,6.000737025412036,0.7456957828946722,0.9729003133174152,7.973415589359035e-05
0.0,405,55.55555555555556,55.55555555555556,127.5,6.24504039695399,0.0,0.0,7.884770186366967e-05
0.0,406,166.66666666666669,55.55555555555556,127.5,6.24504039695399,0.0,0.0,7.884770186366967e-05
0.0,407,277.77777777777777,55.55555555555556,127.5,6.24504039695399,0.0,0.0,7.884770186366967e-05
0.0,408,388.8888888888889,55.55555555555556,127.5,6.24504039695399,0.0,0.0,7.884770186366967e-05
0.0,409,500.0,55.55555555555556,127.5,6.24504039695399,0.0,0.0,7.884770186366967e-05
0.0,410,611.1111111111111,55.55555555555556,127.5,6.24504039695399,0.0,0.0,7.884770186366967e-05
0.0,411,722.2222222222223,55.55555555555556,127.5,6.24504039695399,0.0,0.0,7.884770186366967e-05
0.0,412,833.3333333333334,55.55555555555556,127.5,6.24504039695399,0.0,0.0,7.884770186366967e-05
0.0,413,944.4444444444445,55.55555555555556,127.5,6.24504039695399,0.0,0.0,7.884770186366967e-05
0.0,414,55.55555555555556,166.66666666666669,127.5,6.24504039695399,0.0,0.0,7.884770186366967e-05
0.0,415,166.66666666666669,166.66666666666669,127.5,6.24504039695399,0.0,0.0,7.884770186366967e-05
0.0,416,277.77777777777777,166.66666666666669,127.5,6.24504039695399,0.0,0.0,7.884770186366967e-05
0.0,417,388.8888888888889,166.66666666666669,127.5,6.24504039695399,0.0,0.0,7.884770186366967e-05
0.0,418,500.0,166.66666666666669,127.5,6.24504039695399,0.0,0.0,7.884770186366967e-05
0.0,419,611.1111111111111,166.66666666666669,127.5,6.24504039695399,0.0,0.0,7.884770186366967e-05
0.0,420,722.2222222222223,166.66666666666669,127.5,6.24504039695399,0.0,0.0,7.884770186366967e-05
0.0,421,833.3333333333334,166.66666666666669,127.5,6.24504039695399,0.0,0.0,7.884770186366967e-05
0.0,422,944.4444444444445,166.66666666666669,127.5,6.24504039695399,0.0,0.0,7.884770186366967e-05
0.0,423,55.55555555555556,277.77777777777777,127.5,6.24504039695399,0.0,0.0,7.884770186366967e-05
0.0,424,166.66666666666669,277.77777777777777,127.5,6.24504039695399,0.0,0.0,7.884770186366967e-05
0.0,425,277.77777777777777,277.77777777777777,127.5,6.24504039695399,0.0,0.0,7.884770186366967e-05
0.0,426,388.8888888888889,277.77777777777777,127.5,6.24504039695399,0.0,0.0,7.884770186366967e-05
0.0,427,500.0,277.77777777777777,127.5,6.24504039695399,0.0,0.0,7.884770186366967e-05
0.0,428,611.1111111111111,277.77777777777777,127.5,6.24504039695399,0.0,0.0,7.884770186366967e-05
0.0,429,722.2222222222223,277.77777777777777,127.5,6.24504039695399,0.0,0.0,7.884770186366967e-05
0.0,430,833.3333333333334,277.77777777777777,127.5,6.24504039695399,0.0,0.0,7.884770186366967e-05
0.0,431,944.4444444444445,277.77777777777777,127.5,6.24504039695399,0.0,0.0,7.884770186366967e-05
0.0,432,55.55555555555556,388.8888888888889,127.5,6.24504039695399,0.0,0.0,7.884770186366967e-05
0.0,433,166.66666666666669,388.8888888888889,127.5,6.24504039695399,0.0,0.0,7.884770186366967e-05
0.0,434,277.77777777777777,388.8888888888889,127.5,6.24504039695399,0.0,0.0,7.884770186366967e-05
0.0,435,388.8888888888889,388.8888888888889,127.5,6.24504039695399,0.0,0.0,7.884770186366967e-05
0.0,436,500.0,388.8888888888889,127.5,6.24504039695399,0.0,0.0,7.884770186366967e-05
0.0,437,611.1111111111111,388.8888888888889,127.5,6.24504039695399,0.0,0.0,7.884770186366967e-05
0.0,438,722.2222222222223,388.8888888888889,127.5,6.24504039695399,0.0,0.0,7.884770186366967e-05
0.0,439,833.3333333333334,388.8888888888889,127.5,6.24504039695399,0.0,0.0,7.884770186366967e-05
0.0,440,944.4444444444445,388.8888888888889,127.5,6.24504039695399,0.0,0.0,7.884770186366967e-05
0.0,441,55.55555555555556,500.0,127.5,6.24504039695399,0.0,0.0,7.884770186366967e-05
0.0,442,166.66666666666669,500.0,127.5,6.24504039695399,0.0,0.0,7.884770186366967e-05
0.0,443,277.77777777777777,500.0,127.5,6.24504039695399,0.0,0.0,7.884770186366967e-05
0.0,444,388.8888888888889,500.0,127.5,6.24504039695399,0.0,0.0,7.884770186366967e-05
0.0,445,500.0,500.0,127.5,6.24504039695399,0.0,0.0,7.884770186366967e-05
0.0,446,611.1111111111111,500.0,127.5,6.24504039695399,0.0,0.0,7.884770186366967e-05
0.0,447,722.2222222222223,500.0,127.5,6.24504039695399,0.0,0.0,7.884770186366967e-05
0.0,448,833.3333333333334,500.0,127.5,6.24504039695399,0.0,0.0,7.884770186366967e-05
0.0,449,944.4444444444445,500.0,127.5,6.24504039695399,0.0,0.0,7.884770186366967e-05
0.0,450,55.55555555555556,611.1111111111111,127.5,6.24504039695399,0.0,0.0,7.884770186366967e-05
0.0,451,166.66666666666669,611.1111111111111,127.5,6.24504039695399,0.0,0.0,7.884770186366967e-05
0.0,452,277.77777777777777,611.1111111111111,127.5,6.24504039695399,0.0,0.0,7.884770186366967e-05
0.0,453,388.8888888888889,611.1111111111111,127.5,6.24504039695399,0.0,0.0,7.884770186366967e-05
0.0,454,500.0,611.1111111111111,127.5,6.24504039695399,0.0,0.0,7.884770186366967e-05
0.0,455,611.1111111111111,611.1111111111111,127.5,6.24504039695399,0.0,0.0,7.884770186366967e-05
0.0,456,722.2222222222223,611.1111111111111,127.5,6.24504039695399,0.0,0.0,7.884770186366967e-05
0.0,457,833.3333333333334,611.1111111111111,127.5,6.24504039695399,0.0,0.0,7.884770186366967e-05
0.0,458,944.4444444444445,611.1111111111111,127.5,6.24504039695399,0.0,0.0,7.884770186366967e-05
0.0,459,55.55555555555556,722.2222222222223,127.5,6.24504039695399,0.0,0.0,7.884770186366967e-05
0.0,460,166.66666666666669,722.2222222222223,127.5,6.24504039695399,0.0,0.0,7.884770186366967e-05
0.0,461,277.77777777777777,722.2222222222223,127.5,6.24504039695399,0.0,0.0,7.884770186366967e-05
0.0,462,388.8888888888889,722.2222222222223,127.5,6.24504039695399,0.0,0.0,7.884770186366967e-05
0.0,463,500.0,722.2222222222223,127.5,6.24504039695399,0.0,0.0,7.884770186366967e-05
0.0,464,611.1111111111111,722.2222222222223,127.5,6.24504039695399,0.0,0.0,7.884770186366967e-05
0.0,465,722.2222222222223,722.2222222222223,127.5,6.24504039695399,0.0,0.0,7.884770186366967e-05
0.0,466,833.3333333333334,722.2222222222223,127.5,6.24504039695399,0.0,0.0,7.884770186366967e-05
0.0,467,944.4444444444445,722.2222222222223,127.5,6.24504039695399,0.0,0.0,7.884770186366967e-05
0.0,468,55.55555555555556,833.3333333333334,127.5,6.24504039695399,0.0,0.0,7.884770186366967e-05
0.0,469,166.66666666666669,833.3333333333334,127.5,6.24504039695399,0.0,0.0,7.884770186366967e-05
0.0,470,277.77777777777777,833.3333333333334,127.5,6.24504039695399,0.0,0.0,7.884770186366967e-05
0.0,471,388.8888888888889,833.3333333333334,127.5,6.24504039695399,0.0,0.0,7.884770186366967e-05
0.0,472,500.0,833.3333333333334,127.5,6.24504039695399,0.0,0.0,7.884770186366967e-05
0.0,473,611.1111111111111,833.3333333333334,127.5,6.24504039695399,0.0,0.0,7.884770186366967e-05
0.0,474,722.2222222222223,833.3333333333334,127.5,6.24504039695399,0.0,0.0,7.884770186366967e-05
0.0,475,833.3333333333334,833.3333333333334,127.5,6.24504039695399,0.0,0.0,7.884770186366967e-05
0.0,476,944.4444444444445,833.3333333333334,127.5,6.24504039695399,0.0,0.0,7.884770186366967e-05
0.0,477,55.55555555555556,944.4444444444445,127.5,6.24504039695399,0.0,0.0,7.884770186366967e-05
0.0,478,166.66666666666669,944.4444444444445,127.5,6.24504039695399,0.0,0.0,7.884770186366967e-05
0.0,479,277.77777777777777,944.4444444444445,127.5,6.24504039695399,0.0,0.0,7.884770186366967e-05
0.0,480,388.8888888888889,944.4444444444445,127.5,6.24504039695399,0.0,0.0,7.884770186366967e-05
0.0,481,500.0,944.4444444444445,127.5,6.24504039695399,0.0,0.0,7.884770186366967e-05
0.0,482,611.1111111111111,944.4444444444445,127.5,6.24504039695399,0.0,0.0,7.884770186366967e-05
0.0,483,722.2222222222223,944.4444444444445,127.5,6.24504039695399,0.0,0.0,7.884770186366967e-05
0.0,484,833.3333333333334,944.4444444444445,127.5,6.24504039695399,0.0,0.0,7.884770186366967e-05
0.0,485,944.4444444444445,944.4444444444445,127.5,6.24504039695399,0.0,0.0,7.884770186366967e-05
0.0,486,55.55555555555556,55.55555555555556,132.5,6.733360285833439,0.0,0.0,8.5043285424629e-05
0.0,487,166.66666666666669,55.55555555555556,132.5,6.733360285833439,0.0,0.0,8.5043285424629e-05
0.0,488,277.77777777777777,55.55555555555556,132.5,6.733360285833439,0.0,0.0,8.5043285424629e-05
0.0,489,388.8888888888889,55.55555555555556,132.5,6.733360285833439,0.0,0.0,8.5043285424629e-05
0.0,490,500.0,55.55555555555556,132.5,6.733360285833439,0.0,0.0,8.5043285424629e-05
0.0,491,611.1111111111111,55.55555555555556,132.5,6.733360285833439,0.0,0.0,8.5043285424629e-05
0.0,492,722.2222222222223,55.55555555555556,132.5,6.733360285833439,0.0,0.0,8.5043285424629e-05
0.0,493,833.3333333333334,55.55555555555556,132.5,6.733360285833439,0.0,0.0,8.5043285424629e-05
0.0,494,944.4444444444445,55.55555555555556,132.5,6.733360285833439,0.0,0.0,8.5043285424629e-05
0.0,495,55.55555555555556,166.66666666666669,132.5,6.733360285833439,0.0,0.0,8.5043285424629e-05
0.0,496,166.66666666666669,166.66666666666669,132.5,6.733360285833439,0.0,0.0,8.5043285424629e-05
0.0,497,277.77777777777777,166.66666666666669,132.5,6.733360285833439,0.0,0.0,8.5043285424629e-05
0.0,498,388.8888888888889,166.66666666666669,132.5,6.733360285833439,0.0,0.0,8.5043285424629e-05
0.0,499,500.0,166.66666666666669,132.5,6.733360285833439,0.0,0.0,8.5043285424629e-05
0.0,500,611.1111111111111,166.66666666666669,132.5,6.733360285833439,0.0,0.0,8.5043285424629e-05
0.0,501,722.2222222222223,166.66666666666669,132.5,6.733360285833439,0.0,0.0,8.5043285424629e-05
0.0,502,833.3333333333334,166.66666666666669,132.5,6.733360285833439,0.0,0.0,8.5043285424629e-05
0.0,503,944.4444444444445,166.66666666666669,132.5,6.733360285833439,0.0,0.0,8.5043285424629e-05
0.0,504,55.55555555555556,277.77777777777777,132.5,6.733360285833439,0.0,0.0,8.5043285424629e-05
0.0,505,166.66666666666669,277.77777777777777,132.5,6.733360285833439,0.0,0.0,8.5043285424629e-05
0.0,506,277.77777777777777,277.77777777777777,132.5,6.733360285833439,0.0,0.0,8.5043285424629e-05
0.0,507,388.8888888888889,277.77777777777777,132.5,6.733360285833439,0.0,0.0,8.5043285424629e-05
0.0,508,500.0,277.77777777777777,132.5,6.733360285833439,0.0,0.0,8.5043285424629e-05
0.0,509,611.1111111111111,277.77777777777777,132.5,6.733360285833439,0.0,0.0,8.5043285424629e-05
0.0,510,722.2222222222223,277.77777777777777,132.5,6.733360285833439,0.0,0.0,8.5043285424629e-05
0.0,511,833.3333333333334,277.77777777777777,132.5,6.733360285833439,0.0,0.0,8.5043285424629e-05
0.0,512,944.4444444444445,277.77777777777777,132.5,6.733360285833439,0.0,0.0,8.5043285424629e-05
0.0,513,55.55555555555556,388.8888888888889,132.5,6.733360285833439,0.0,0.0,8.5043285424629e-05
0.0,514,166.66666666666669,388.8888888888889,132.5,6.733360285833439,0.0,0.0,8.5043285424629e-05
0.0,515,277.77777777777777,388.8888888888889,132.5,6.733360285833439,0.0,0.0,8.5043285424629e-05
0.0,516,388.8888888888889,388.8888888888889,132.5,6.733360285833439,0.0,0.0,8.5043285424629e-05
0.0,517,500.0,388.8888888888889,132.5,6.733360285833439,0.0,0.0,8.5043285424629e-05
0.0,518,611.1111111111111,388.8888888888889,132.5,6.733360285833439,0.0,0.0,8.5043285424629e-05
0.0,519,722.2222222222223,388.8888888888889,132.5,6.733360285833439,0.0,0.0,8.5043285424629e-05
0.0,520,833.3333333333334,388.8888888888889,132.5,6.733360285833439,0.0,0.0,8.5043285424629e-05
0.0,521,944.4444444444445,388.8888888888889,132.5,6.733360285833439,0.0,0.0,8.5043285424629e-05
0.0,522,55.55555555555556,500.0,132.5,6.733360285833439,0.0,0.0,8.5043285424629e-05
0.0,523,166.66666666666669,500.0,132.5,6.733360285833439,0.0,0.0,8.5043285424629e-05
0.0,524,277.77777777777777,500.0,132.5,6.733360285833439,0.0,0.0,8.5043285424629e-05
0.0,525,388.8888888888889,500.0,132.5,6.733360285833439,0.0,0.0,8.5043285424629e-05
0.0,526,500.0,500.0,132.5,6.733360285833439,0.0,0.0,8.5043285424629e-05
0.0,527,611.1111111111111,500.0,132.5,6.733360285833439,0.0,0.0,8.5043285424629e-05
0.0,528,722.2222222222223,500.0,132.5,6.733360285833439,0.0,0.0,8.5043285424629e-05
0.0,529,833.3333333333334,500.0,132.5,6.733360285833439,0.0,0.0,8.5043285424629e-05
0.0,530,944.4444444444445,500.0,132.5,6.733360285833439,0.0,0.0,8.5043285424629e-05
0.0,531,55.55555555555556,611.1111111111111,132.5,6.733360285833439,0.0,0.0,8.5043285424629e-05
0.0,532,166.66666666666669,611.1111111111111,132.5,6.733360285833439,0.0,0.0,8.5043285424629e-05
0.0,533,277.77777777777777,611.1111111111111,132.5,6.733360285833439,0.0,0.0,8.5043285424629e-05
0.0,534,388.8888888888889,611.1111111111111,132.5,6.733360285833439,0.0,0.0,8.5043285424629e-05
0.0,535,500.0,611.1111111111111,132.5,6.733360285833439,0.0,0.0,8.5043285424629e-05
0.0,536,611.1111111111111,611.1111111111111,132.5,6.733360285833439,0.0,0.0,8.5043285424629e-05
0.0,537,722.2222222222223,611.1111111111111,132.5,6.733360285833439,0.0,0.0,8.5043285424629e-05
0.0,538,833.3333333333334,611.1111111111111,132.5,6.733360285833439,0.0,0.0,8.5043285424629e-05
0.0,539,944.4444444444445,611.1111111111111,132.5,6.733360285833439,0.0,0.0,8.5043285424629e-05
0.0,540,55.55555555555556,722.2222222222223,132.5,6.733360285833439,0.0,0.0,8.5043285424629e-05
0.0,541,166.66666666666669,722.2222222222223,132.5,6.733360285833439,0.0,0.0,8.5043285424629e-05
0.0,542,277.77777777777777,722.2222222222223,132.5,6.733360285833439,0.0,0.0,8.5043285424629e-05
0.0,543,388.8888888888889,722.2222222222223,132.5,6.733360285833439,0.0,0.0,8.5043285424629e-05
0.0,544,500.0,722.2222222222223,132.5,6.733360285833439,0.0,0.0,8.5043285424629e-05
0.0,545,611.1111111111111,722.2222222222223,132.5,6.733360285833439,0.0,0.0,8.5043285424629e-05
0.0,546,722.2222222222223,722.2222222222223,132.5,6.733360285833439,0.0,0.0,8.5043285424629e-05
0.0,547,833.3333333333334,722.2222222222223,132.5,6.733360285833439,0.0,0.0,8.5043285424629e-05
0.0,548,944.4444444444445,722.2222222222223,132.5,6.733360285833439,0.0,0.0,8.5043285424629e-05
0.0,549,55.55555555555556,833.3333333333334,132.5,6.733360285833439,0.0,0.0,8.5043285424629e-05
0.0,550,166.66666666666669,833.3333333333334,132.5,6.733360285833439,0.0,0.0,8.5043285424629e-05
0.0,551,277.77777777777777,833.3333333333334,132.5,6.733360285833439,0.0,0.0,8.5043285424629e-05
0.0,552,388.8888888888889,833.3333333333334,132.5,6.733360285833439,0.0,0.0,8.5043285424629e-05
0.0,553,500.0,833.3333333333334,132.5,6.733360285833439,0.0,0.0,8.5043285424629e-05
0.0,554,611.1111111111111,833.3333333333334,132.5,6.733360285833439,0.0,0.0,8.5043285424629e-05
0.0,555,722.2222222222223,833.3333333333334,132.5,6.733360285833439,0.0,0.0,8.5043285424629e-05
0.0,556,833.3333333333334,833.3333333333334,132.5,6.733360285833439,0.0,0.0,8.5043285424629e-05
0.0,557,944.4444444444445,833.3333333333334,132.5,6.733360285833439,0.0,0.0,8.5043285424629e-05
0.0,558,55.55555555555556,944.4444444444445,132.5,6.733360285833439,0.0,0.0,8.5043285424629e-05
0.0,559,166.66666666666669,944.4444444444445,132.5,6.733360285833439,0.0,0.0,8.5043285424629e-05
0.0,560,277.77777777777777,944.4444444444445,132.5,6.733360285833439,0.0,0.0,8.5043285424629e-05
0.0,561,388.8888888888889,944.4444444444445,132.5,6.733360285833439,0.0,0.0,8.5043285424629e-05
0.0,562,500.0,944.4444444444445,132.5,6.733360285833439,0.0,0.0,8.5043285424629e-05
0.0,563,611.1111111111111,944.4444444444445,132.5,6.733360285833439,0.0,0.0,8.5043285424629e-05
0.0,564,722.2222222222223,944.4444444444445,132.5,6.733360285833439,0.0,0.0,8.5043285424629e-05
0.0,565,833.3333333333334,944.4444444444445,132.5,6.733360285833439,0.0,0.0,8.5043285424629e-05
0.0,566,944.4444444444445,944.4444444444445,132.5,6.733360285833439,0.0,0.0,8.5043285424629e-05
0.0,567,55.55555555555556,55.55555555555556,137.5,7.221690809656721,0.0,0.0,9.123729671153857e-05
0.0,568,166.66666666666669,55.55555555555556,137.5,7.221690809656721,0.0,0.0,9.123729671153857e-05
0.0,569,277.77777777777777,55.55555555555556,137.5,7.221690809656721,0.0,0.0,9.123729671153857e-05
0.0,570,388.8888888888889,55.55555555555556,137.5,7.221690809656721,0.0,0.0,9.123729671153857e-05
0.0,571,500.0,55.55555555555556,137.5,7.221690809656721,0.0,0.0,9.123729671153857e-05
0.0,572,611.1111111111111,55.55555555555556,137.5,7.221690809656721,0.0,0.0,9.123729671153857e-05
0.0,573,722.2222222222223,55.55555555555556,137.5,7.221690809656721,0.0,0.0,9.123729671153857e-05
0.0,574,833.3333333333334,55.55555555555556,137.5,7.221690809656721,0.0,0.0,9.123729671153857e-05
0.0,575,944.4444444444445,55.55555555555556,137.5,7.221690809656721,0.0,0.0,9.123729671153857e-05
0.0,576,55.55555555555556,166.66666666666669,137.5,7.221690809656721,0.0,0.0,9.123729671153857e-05
0.0,577,166.66666666666669,166.66666666666669,137.5,7.221690809656721,0.0,0.0,9.123729671153857e-05
0.0,578,277.77777777777777,166.66666666666669,137.5,7.221690809656721,0.0,0.0,9.123729671153857e-05
0.0,579,388.8888888888889,166.66666666666669,137.5,7.221690809656721,0.0,0.0,9.123729671153857e-05
0.0,580,500.0,166.66666666666669,137.5,7.221690809656721,0.0,0.0,9.123729671153857e-05
0.0,581,611.1111111111111,166.66666666666669,137.5,7.221690809656721,0.0,0.0,9.123729671153857e-05
0.0,582,722.2222222222223,166.66666666666669,137.5,7.221690809656721,0.0,0.0,9.123729671153857e-05
0.0,583,833.3333333333334,166.66666666666669,137.5,7.221690809656721,0.0,0.0,9.123729671153857e-05
0.0,584,944.4444444444445,166.66666666666669,137.5,7.221690809656721,0.0,0.0,9.123729671153857e-05
0.0,585,55.55555555555556,277.77777777777777,137.5,7.221690809656721,0.0,0.0,9.123729671153857e-05
0.0,586,166.66666666666669,277.77777777777777,137.5,7.221690809656721,0.0,0.0,9.123729671153857e-05
0.0,587,277.77777777777777,277.77777777777777,137.5,7.221690809656721,0.0,0.0,9.123729671153857e-05
0.0,588,388.8888888888889,277.77777777777777,137.5,7.221690809656721,0.0,0.0,9.123729671153857e-05
0.0,589,500.0,277.77777777777777,137.5,7.221690809656721,0.0,0.0,9.123729671153857e-05
0.0,590,611.1111111111111,277.77777777777777,137.5,7.221690809656721,0.0,0.0,9.123729671153857e-05
0.0,591,722.2222222222223,277.77777777777777,137.5,7.221690809656721,0.0,0.0,9.123729671153857e-05
0.0,592,833.3333333333334,277.77777777777777,137.5,7.221690809656721,0.0,0.0,9.123729671153857e-05
0.0,593,944.4444444444445,277.77777777777777,137.5,7.221690809656721,0.0,0.0,9.123729671153857e-05
0.0,594,55.55555555555556,388.8888888888889,137.5,7.221690809656721,0.0,0.0,9.123729671153857e-05
0.0,595,166.66666666666669,388.8888888888889,137.5,7.221690809656721,0.0,0.0,9.123729671153857e-05
0.0,596,277.77777777777777,388.8888888888889,137.5,7.221690809656721,0.0,0.0,9.123729671153857e-05
0.0,597,388.8888888888889,388.8888888888889,137.5,7.221690809656721,0.0,0.0,9.123729671153857e-05
0.0,598,500.0,388.8888888888889,137.5,7.221690809656721,0.0,0.0,9.123729671153857e-05
0.0,599,611.1111111111111,388.8888888888889,137.5,7.221690809656721,0.0,0.0,9.123729671153857e-05
0.0,600,722.2222222222223,388.8888888888889,137.5,7.221690809656721,0.0,0.0,9.123729671153857e-05
0.0,601,833.3333333333334,388.8888888888889,137.5,7.221690809656721,0.0,0.0,9.123729671153857e-05
0.0,602,944.4444444444445,388.8888888888889,137.5,7.221690809656721,0.0,0.0,9.123729671153857e-05
0.0,603,55.55555555555556,500.0,137.5,7.221690809656721,0.0,0.0,9.123729671153857e-05
0.0,604,166.66666666666669,500.0,137.5,7.221690809656721,0.0,0.0,9.123729671153857e-05
0.0,605,277.77777777777777,500.0,137.5,7.221690809656721,0.0,0.0,9.123729671153857e-05
0.0,606,388.8888888888889,500.0,137.5,7.221690809656721,0.0,0.0,9.123729671153857e-05
0.0,607,500.0,500.0,137.5,7.221690809656721,0.0,0.0,9.123729671153857e-05
0.0,608,611.1111111111111,500.0,137.5,7.221690809656721,0.0,0.0,9.123729671153857e-05
0.0,609,722.2222222222223,500.0,137.5,7.221690809656721,0.0,0.0,9.123729671153857e-05
0.0,610,833.3333333333334,500.0,137.5,7.221690809656721,0.0,0.0,9.123729671153857e-05
0.0,611,944.4444444444445,500.0,137.5,7.221690809656721,0.0,0.0,9.123729671153857e-05
0.0,612,55.55555555555556,611.1111111111111,137.5,7.221690809656721,0.0,0.0,9.123729671153857e-05
0.0,613,166.66666666666669,611.1111111111111,137.5,7.221690809656721,0.0,0.0,9.123729671153857e-05
0.0,614,277.77777777777777,611.1111111111111,137.5,7.221690809656721,0.0,0.0,9.123729671153857e-05
0.0,615,388.8888888888889,611.1111111111111,137.5,7.221690809656721,0.0,0.0,9.123729671153857e-05
0.0,616,500.0,611.1111111111111,137.5,7.221690809656721,0.0,0.0,9.123729671153857e-05
0.0,617,611.1111111111111,611.1111111111111,137.5,7.221690809656721,0.0,0.0,9.123729671153857e-05
0.0,618,722.2222222222223,611.1111111111111,137.5,7.221690809656721,0.0,0.0,9.123729671153857e-05
0.0,619,833.3333333333334,611.1111111111111,137.5,7.221690809656721,0.0,0.0,9.123729671153857e-05
0.0,620,944.4444444444445,611.1111111111111,137.5,7.221690809656721,0.0,0.0,9.123729671153857e-05
0.0,621,55.55555555555556,722.2222222222223,137.5,7.221690809656721,0.0,0.0,9.123729671153857e-05
0.0,622,166.66666666666669,722.2222222222223,137.5,7.221690809656721,0.0,0.0,9.123729671153857e-05
0.0,623,277.77777777777777,722.2222222222223,137.5,7.221690809656721,0.0,0.0,9.123729671153857e-05
0.0,624,388.8888888888889,722.2222222222223,137.5,7.221690809656721,0.0,0.0,9.123729671153857e-05
0.0,625,500.0,722.2222222222223,137.5,7.221690809656721,0.0,0.0,9.123729671153857e-05
0.0,626,611.1111111111111,722.2222222222223,137.5,7.221690809656721,0.0,0.0,9.123729671153857e-05
0.0,627,722.2222222222223,722.2222222222223,137.5,7.221690809656721,0.0,0.0,9.123729671153857e-05
0.0,628,833.3333333333334,722.2222222222223,137.5,7.221690809656721,0.0,0.0,9.123729671153857e-05
0.0,629,944.4444444444445,722.2222222222223,137.5,7.221690809656721,0.0,0.0,9.123729671153857e-05
0.0,630,55.55555555555556,833.3333333333334,137.5,7.221690809656721,0.0,0.0,9.123729671153857e-05
0.0,631,166.66666666666669,833.3333333333334,137.5,7.221690809656721,0.0,0.0,9.123729671153857e-05
0.0,632,277.77777777777777,833.3333333333334,137.5,7.221690809656721,0.0,0.0,9.123729671153857e-05
0.0,633,388.8888888888889,833.3333333333334,137.5,7.221690809656721,0.0,0.0,9.123729671153857e-05
0.0,634,500.0,833.3333333333334,137.5,7.221690809656721,0.0,0.0,9.123729671153857e-05
0.0,635,611.1111111111111,833.3333333333334,137.5,7.221690809656721,0.0,0.0,9.123729671153857e-05
0.0,636,722.2222222222223,833.3333333333334,137.5,7.221690809656721,0.0,0.0,9.123729671153857e-05
0.0,637,833.3333333333334,833.3333333333334,137.5,7.221690809656721,0.0,0.0,9.123729671153857e-05
0.0,638,944.4444444444445,833.3333333333334,137.5,7.221690809656721,0.0,0.0,9.123729671153857e-05
0.0,639,55.55555555555556,944.4444444444445,137.5,7.221690809656721,0.0,0.0,9.123729671153857e-05
0.0,640,166.66666666666669,944.4444444444445,137.5,7.221690809656721,0.0,0.0,9.123729671153857e-05
0.0,641,277.77777777777777,944.4444444444445,137.5,7.221690809656721,0.0,0.0,9.123729671153857e-05
0.0,642,388.8888888888889,944.4444444444445,137.5,7.221690809656721,0.0,0.0,9.123729671153857e-05
0.0,643,500.0,944.4444444444445,137.5,7.221690809656721,0.0,0.0,9.123729671153857e-05
0.0,644,611.1111111111111,944.4444444444445,137.5,7.221690809656721,0.0,0.0,9.123729671153857e-05
0.0,645,722.2222222222223,944.4444444444445,137.5,7.221690809656721,0.0,0.0,9.123729671153857e-05
0.0,646,833.3333333333334,944.4444444444445,137.5,7.221690809656721,0.0,0.0,9.123729671153857e-05
0.0,647,944.4444444444445,944.4444444444445,137.5,7.221690809656721,0.0,0.0,9.123729671153857e-05
0.0,648,55.55555555555556,55.55555555555556,142.5,7.7100319676250875,0.0,0.0,9.742974047468082e-05
0.0,649,166.66666666666669,55.55555555555556,142.5,7.7100319676250875,0.0,0.0,9.742974047468082e-05
0.0,650,277.77777777777777,55.55555555555556,142.5,7.7100319676250875,0.0,0.0,9.742974047468082e-05
0.0,651,388.8888888888889,55.55555555555556,142.5,7.7100319676250875,0.0,0.0,9.742974047468082e-05
0.0,652,500.0,55.55555555555556,142.5,7.7100319676250875,0.0,0.0,9.742974047468082e-05
0.0,653,611.1111111111111,55.55555555555556,142.5,7.7100319676250875,0.0,0.0,9.742974047468082e-05
0.0,654,722.2222222222223,55.55555555555556,142.5,7.7100319676250875,0.0,0.0,9.742974047468082e-05
0.0,655,833.3333333333334,55.55555555555556,142.5,7.7100319676250875,0.0,0.0,9.742974047468082e-05
0.0,656,944.4444444444445,55.55555555555556,142.5,7.7100319676250875,0.0,0.0,9.742974047468082e-05
0.0,657,55.55555555555556,166.66666666666669,142.5,7.7100319676250875,0.0,0.0,9.742974047468082e-05
0.0,658,166.66666666666669,166.66666666666669,142.5,7.7100319676250875,0.0,0.0,9.742974047468082e-05
0.0,659,277.77777777777777,166.66666666666669,142.5,7.7100319676250875,0.0,0.0,9.742974047468082e-05
0.0,660,388.8888888888889,166.66666666666669,142.5,7.7100319676250875,0.0,0.0,9.742974047468082e-05
0.0,661,500.0,166.66666666666669,142.5,7.7100319676250875,0.0,0.0,9.742974047468082e-05
0.0,662,611.1111111111111,166.66666666666669,142.5,7.7100319676250875,0.0,0.0,9.742974047468082e-05
0.0,663,722.2222222222223,166.66666666666669,142.5,7.7100319676250875,0.0,0.0,9.742974047468082e-05
0.0,664,833.3333333333334,166.66666666666669,142.5,7.7100319676250875,0.0,0.0,9.742974047468082e-05
0.0,665,944.4444444444445,166.66666666666669,142.5,7.7100319676250875,0.0,0.0,9.742974047468082e-05
0.0,666,55.55555555555556,277.77777777777777,142.5,7.7100319676250875,0.0,0.0,9.742974047468082e-05
0.0,667,166.66666666666669,277.77777777777777,142.5,7.7100319676250875,0.0,0.0,9.742974047468082e-05
0.0,668,277.77777777777777,277.77777777777777,142.5,7.7100319676250875,0.0,0.0,9.742974047468082e-05
0.0,669,388.8888888888889,277.77777777777777,142.5,7.7100319676250875,0.0,0.0,9.742974047468082e-05
0.0,670,500.0,277.77777777777777,142.5,7.7100319676250875,0.0,0.0,9.742974047468082e-05
0.0,671,611.1111111111111,277.77777777777777,142.5,7.7100319676250875,0.0,0.0,9.742974047468082e-05
0.0,672,722.2222222222223,277.77777777777777,142.5,7.7100319676250875,0.0,0.0,9.742974047468082e-05
0.0,673,833.3333333333334,277.77777777777777,142.5,7.7100319676250875,0.0,0.0,9.742974047468082e-05
0.0,674,944.4444444444445,277.77777777777777,142.5,7.7100319676250875,0.0,0.0,9.742974047468082e-05
0.0,675,55.55555555555556,388.8888888888889,142.5,7.7100319676250875,0.0,0.0,9.742974047468082e-05
0.0,676,166.66666666666669,388.8888888888889,142.5,7.7100319676250875,0.0,0.0,9.742974047468082e-05
0.0,677,277.77777777777777,388.8888888888889,142.5,7.7100319676250875,0.0,0.0,9.742974047468082e-05
0.0,678,388.8888888888889,388.8888888888889,142.5,7.7100319676250875,0.0,0.0,9.742974047468082e-05
0.0,679,500.0,388.8888888888889,142.5,7.7100319676250875,0.0,0.0,9.742974047468082e-05
0.0,680,611.1111111111111,388.8888888888889,142.5,7.7100319676250875,0.0,0.0,9.742974047468082e-05
0.0,681,722.2222222222223,388.8888888888889,142.5,7.7100319676250875,0.0,0.0,9.742974047468082e-05
0.0,682,833.3333333333334,388.8888888888889,142.5,7.7100319676250875,0.0,0.0,9.742974047468082e-05
0.0,683,944.4444444444445,388.8888888888889,142.5,7.7100319676250875,0.0,0.0,9.742974047468082e-05
0.0,684,55.55555555555556,500.0,142.5,7.7100319676250875,0.0,0.0,9.742974047468082e-05
0.0,685,166.66666666666669,500.0,142.5,7.7100319676250875,0.0,0.0,9.742974047468082e-05
0.0,686,277.77777777777777,500.0,142.5,7.7100319676250875,0.0,0.0,9.742974047468082e-05
0.0,687,388.8888888888889,500.0,142.5,7.7100319676250875,0.0,0.0,9.742974047468082e-05
0.0,688,500.0,500.0,142.5,7.7100319676250875,0.0,0.0,9.742974047468082e-05
0.0,689,611.1111111111111,500.0,142.5,7.7100319676250875,0.0,0.0,9.742974047468082e-05
0.0,690,722.2222222222223,500.0,142.5,7.7100319676250875,0.0,0.0,9.742974047468082e-05
0.0,691,833.3333333333334,500.0,142.5,7.7100319676250875,0.0,0.0,9.742974047468082e-05
0.0,692,944.4444444444445,500.0,142.5,7.7100319676250875,0.0,0.0,9.742974047468082e-05
0.0,693,55.55555555555556,611.1111111111111,142.5,7.7100319676250875,0.0,0.0,9.742974047468082e-05
0.0,694,166.66666666666669,611.1111111111111,142.5,7.7100319676250875,0.0,0.0,9.742974047468082e-05
0.0,695,277.77777777777777,611.1111111111111,142.5,7.7100319676250875,0.0,0.0,9.742974047468082e-05
0.0,696,388.8888888888889,611.1111111111111,142.5,7.7100319676250875,0.0,0.0,9.742974047468082e-05
0.0,697,500.0,611.1111111111111,142.5,7.7100319676250875,0.0,0.0,9.742974047468082e-05
0.0,698,611.1111111111111,611.1111111111111,142.5,7.7100319676250875,0.0,0.0,9.742974047468082e-05
0.0,699,722.2222222222223,611.1111111111111,142.5,7.7100319676250875,0.0,0.0,9.742974047468082e-05
0.0,700,833.3333333333334,611.1111111111111,142.5,7.7100319676250875,0.0,0.0,9.742974047468082e-05
0.0,701,944.4444444444445,611.1111111111111,142.5,7.7100319676250875,0.0,0.0,9.742974047468082e-05
0.0,702,55.55555555555556,722.2222222222223,142.5,7.7100319676250875,0.0,0.0,9.742974047468082e-05
0.0,703,166.66666666666669,722.2222222222223,142.5,7.7100319676250875,0.0,0.0,9.742974047468082e-05
0.0,704,277.77777777777777,722.2222222222223,142.5,7.7100319676250875,0.0,0.0,9.742974047468082e-05
0.0,705,388.8888888888889,722.2222222222223,142.5,7.7100319676250875,0.0,0.0,9.742974047468082e-05
0.0,706,500.0,722.2222222222223,142.5,7.7100319676250875,0.0,0.0,9.742974047468082e-05
0.0,707,611.1111111111111,722.2222222222223,142.5,7.7100319676250875,0.0,0.0,9.742974047468082e-05
0.0,708,722.2222222222223,722.2222222222223,142.5,7.7100319676250875,0.0,0.0,9.742974047468082e-05
0.0,709,833.3333333333334,722.2222222222223,142.5,7.7100319676250875,0.0,0.0,9.742974047468082e-05
0.0,710,944.4444444444445,722.2222222222223,142.5,7.7100319676250875,0.0,0.0,9.742974047468082e-05
0.0,711,55.55555555555556,833.3333333333334,142.5,7.7100319676250875,0.0,0.0,9.742974047468082e-05
0.0,712,166.66666666666669,833.3333333333334,142.5,7.7100319676250875,0.0,0.0,9.742974047468082e-05
0.0,713,277.77777777777777,833.3333333333334,142.5,7.7100319676250875,0.0,0.0,9.742974047468082e-05
0.0,714,388.8888888888889,833.3333333333334,142.5,7.7100319676250875,0.0,0.0,9.742974047468082e-05
0.0,715,500.0,833.3333333333334,142.5,7.7100319676250875,0.0,0.0,9.742974047468082e-05
0.0,716,611.1111111111111,833.3333333333334,142.5,7.7100319676250875,0.0,0.0,9.742974047468082e-05
0.0,717,722.2222222222223,833.3333333333334,142.5,7.7100319676250875,0.0,0.0,9.742974047468082e-05
0.0,718,833.3333333333334,833.3333333333334,142.5,7.7100319676250875,0.0,0.0,9.742974047468082e-05
0.0,719,944.4444444444445,833.3333333333334,142.5,7.7100319676250875,0.0,0.0,9.742974047468082e-05
0.0,720,55.55555555555556,944.4444444444445,142.5,7.7100319676250875,0.0,0.0,9.742974047468082e-05
0.0,721,166.66666666666669,944.4444444444445,142.5,7.7100319676250875,0.0,0.0,9.742974047468082e-05
0.0,722,277.77777777777777,944.4444444444445,142.5,7.7100319676250875,0.0,0.0,9.742974047468082e-05
0.0,723,388.8888888888889,944.4444444444445,142.5,7.7100319676250875,0.0,0.0,9.742974047468082e-05
0.0,724,500.0,944.4444444444445,142.5,7.7100319676250875,0.0,0.0,9.742974047468082e-05
0.0,725,611.1111111111111,944.4444444444445,142.5,7.7100319676250875,0.0,0.0,9.742974047468082e-05
0.0,726,722.2222222222223,944.4444444444445,142.5,7.7100319676250875,0.0,0.0,9.742974047468082e-05
0.0,727,833.3333333333334,944.4444444444445,142.5,7.7100319676250875,0.0,0.0,9.742974047468082e-05
0.0,728,944.4444444444445,944.4444444444445,142.5,7.7100319676250875,0.0,0.0,9.742974047468082e-05
30.0,0,55.55555555555556,55.55555555555556,102.5,5.999327251240508,0.7499388896312627,0.9728986868886289,7.971532262099527e-05
30.0,1,166.66666666666669,55.55555555555556,102.5,5.999063549995661,0.7499388719051627,0.9728983815862355,7.971179973466758e-05
30.0,2,277.77777777777777,55.55555555555556,102.5,5.998452181004567,0.7499388294716576,0.9728976734571712,7.970363220216415e-05
30.0,3,388.8888888888889,55.55555555555556,102.5,5.997547599184104,0.7499387641729254,0.9728966249653176,7.969154747316638e-05
30.0,4,500.0,55.55555555555556,102.5,5.99694644057518,0.7499387289556819,0.9728959287208647,7.968351637203606e-05
30.0,5,611.1111111111111,55.55555555555556,102.5,5.997547599184105,0.7499387641729253,0.9728966249653174,7.969154747316636e-05
30.0,6,722.2222222222223,55.55555555555556,102.5,5.998452181004569,0.7499388294716577,0.9728976734571715,7.970363220216431e-05
30.0,7,833.3333333333334,55.55555555555556,102.5,5.999063549995661,0.7499388719051626,0.9728983815862352,7.971179973466755e-05
30.0,8,944.4444444444445,55.55555555555556,102.5,5.9993272512405085,0.7499388896312628,0.9728986868886299,7.971532262099535e-05
30.0,9,55.55555555555556,166.66666666666669,102.5,5.99906354999566,0.7499388719051627,0.9728983815862358,7.971179973466759e-05
30.0,10,166.66666666666669,166.66666666666669,102.5,5.998420630678703,0.7499388272312181,0.9728976369017407,7.970321070753114e-05
30.0,11,277.77777777777777,166.66666666666669,102.5,5.996815835360269,0.7499387210668891,0.9728957774033905,7.968177156516553e-05
30.0,12,388.8888888888889,166.66666666666669,102.5,5.994166554889989,0.7499385611956332,0.9728927055941445,7.964637866970574e-05
30.0,13,500.0,166.66666666666669,102.5,5.992076274743127,0.7499384465865457,0.972890279928172,7.961845365865229e-05
30.0,14,611.1111111111111,166.66666666666669,102.5,5.994166554889989,0.7499385611956332,0.9728927055941363,7.964637866970493e-05
30.0,15,722.2222222222223,166.66666666666669,102.5,5.996815835360269,0.7499387210668892,0.9728957774033905,7.968177156516553e-05
30.0,16,833.3333333333334,166.66666666666669,102.5,5.9984206306787025,0.7499388272312181,0.9728976369017407,7.970321070753114e-05
30.0,17,944.4444444444445,166.66666666666669,102.5,5.999063549995661,0.7499388719051627,0.9728983815862355,7.971179973466758e-05
30.0,18,55.55555555555556,277.77777777777777,102.5,5.998452181004569,0.7499388294716577,0.9728976734571715,7.970363220216431e-05
30.0,19,166.66666666666669,277.77777777777777,102.5,5.996815835360269,0.7499387210668891,0.97289577740339,7.968177156516534e-05
30.0,20,277.77777777777777,277.77777777777777,102.5,5.99236159216689,0.749938459977583,0.972890610959992,7.962226533344154e-05
30.0,21,388.8888888888889,277.77777777777777,102.5,5.983919005465912,0.7499381125635366,0.9728807981204434,7.950947668267712e-05
30.0,22,500.0,277.77777777777777,102.5,5.975395367429649,0.7499379473932166,0.9728708627206938,7.939560466174477e-05
30.0,23,611.1111111111111,277.77777777777777,102.5,5.983919005465912,0.7499381125635366,0.9728807981204434,7.950947668267712e-05
30.0,24,722.2222222222223,277.77777777777777,102.5,5.9923615921668905,0.749938459977583,0.9728906109599919,7.962226533344153e-05
30.0,25,833.3333333333334,277.77777777777777,102.5,5.996815835360269,0.7499387210668892,0.9728957774033905,7.968177156516553e-05
30.0,26,944.4444444444445,277.77777777777777,102.5,5.998452181004569,0.7499388294716576,0.9728976734571714,7.97036322021643e-05
30.0,27,55.55555555555556,388.8888888888889,102.5,5.997547599184103,0.7499387641729254,0.9728966249653176,7.969154747316638e-05
30.0,28,166.66666666666669,388.8888888888889,102.5,5.994166554889989,0.7499385611956332,0.9728927055941445,7.964637866970574e-05
30.0,29,277.77777777777777,388.8888888888889,102.5,5.983919005465912,0.7499381125635364,0.9728807981204427,7.950947668267707e-05
30.0,30,388.8888888888889,388.8888888888889,102.5,5.960343233855432,0.749938130432963,0.9728532487623949,7.919451354728957e-05
30.0,31,500.0,388.8888888888889,102.5,5.924512663646361,0.7499374650351555,0.9728109623430266,7.871582326076858e-05
30.0,32,611.1111111111111,388.8888888888889,102.5,5.960343233855432,0.7499381304329629,0.9728532487623948,7.919451354728941e-05
30.0,33,722.2222222222223,388.8888888888889,102.5,5.983919005465913,0.7499381125635365,0.972880798120443,7.95094766826771e-05
30.0,34,833.3333333333334,388.8888888888889,102.5,5.994166554889989,0.7499385611956332,0.9728927055941445,7.964637866970574e-05
30.0,35,944.4444444444445,388.8888888888889,102.5,5.997547599184104,0.7499387641729254,0.9728966249653176,7.969154747316638e-05
30.0,36,55.55555555555556,500.0,102.5,5.996946440575183,0.749938728955682,0.972895928720865,7.968351637203609e-05
30.0,37,166.66666666666669,500.0,102.5,5.992076274743128,0.7499384465865457,0.9728902799281723,7.961845365865232e-05
30.0,38,277.77777777777777,500.0,102.5,5.975395367429649,0.7499379473932165,0.9728708627206933,7.939560466174486e-05
30.0,39,388.8888888888889,500.0,102.5,5.92451266364636,0.7499374650351555,0.9728109623430259,7.871582326076852e-05
30.0,40,500.0,500.0,102.5,5.75902756114998,0.7499363928769838,0.9726089460273528,7.650485328400878e-05
30.0,41,611.1111111111111,500.0,102.5,5.924512663646361,0.7499374650351555,0.9728109623430264,7.871582326076857e-05
30.0,42,722.2222222222223,500.0,102.5,5.975395367429649,0.7499379473932165,0.9728708627206933,7.939560466174486e-05
30.0,43,833.3333333333334,500.0,102.5,5.992076274743128,0.7499384465865458,0.972890279928173,7.961845365865237e-05
30.0,44,944.4444444444445,500.0,102.5,5.996946440575181,0.749938728955682,0.9728959287208647,7.968351637203606e-05
30.0,45,55.55555555555556,611.1111111111111,102.5,5.997547599184105,0.7499387641729254,0.9728966249653176,7.969154747316638e-05
30.0,46,166.66666666666669,611.1111111111111,102.5,5.994166554889989,0.7499385611956332,0.9728927055941363,7.964637866970493e-05
30.0,47,277.77777777777777,611.1111111111111,102.5,5.983919005465914,0.7499381125635365,0.972880798120443,7.95094766826771e-05
30.0,48,388.8888888888889,611.1111111111111,102.5,5.960343233855432,0.7499381304329628,0.9728532487623944,7.919451354728938e-05
30.0,49,500.0,611.1111111111111,102.5,5.924512663646361,0.7499374650351555,0.9728109623430266,7.871582326076858e-05
30.0,50,611.1111111111111,611.1111111111111,102.5,5.960343233855433,0.7499381304329626,0.9728532487623935,7.919451354728932e-05
30.0,51,722.2222222222223,611.1111111111111,102.5,5.983919005465914,0.7499381125635363,0.9728807981204427,7.950947668267707e-05
30.0,52,833.3333333333334,611.1111111111111,102.5,5.994166554889989,0.749938561195633,0.9728927055941441,7.964637866970557e-05
30.0,53,944.4444444444445,611.1111111111111,102.5,5.997547599184103,0.7499387641729254,0.9728966249653177,7.969154747316639e-05
30.0,54,55.55555555555556,722.2222222222223,102.5,5.998452181004571,0.7499388294716577,0.972897673457172,7.970363220216435e-05
30.0,55,166.66666666666669,722.2222222222223,102.5,5.99681583536027,0.7499387210668891,0.9728957774033903,7.968177156516552e-05
30.0,56,277.77777777777777,722.2222222222223,102.5,5.992361592166891,0.7499384599775828,0.9728906109599919,7.962226533344153e-05
30.0,57,388.8888888888889,722.2222222222223,102.5,5.983919005465912,0.7499381125635365,0.9728807981204431,7.950947668267711e-05
30.0,58,500.0,722.2222222222223,102.5,5.975395367429649,0.7499379473932165,0.9728708627206933,7.939560466174486e-05
30.0,59,611.1111111111111,722.2222222222223,102.5,5.983919005465915,0.7499381125635364,0.9728807981204434,7.950947668267712e-05
30.0,60,722.2222222222223,722.2222222222223,102.5,5.9923615921668905,0.7499384599775831,0.9728906109599923,7.962226533344157e-05
30.0,61,833.3333333333334,722.2222222222223,102.5,5.99681583536027,0.7499387210668892,0.9728957774033905,7.968177156516553e-05
30.0,62,944.4444444444445,722.2222222222223,102.5,5.998452181004569,0.7499388294716577,0.9728976734571715,7.970363220216431e-05
30.0,63,55.55555555555556,833.3333333333334,102.5,5.999063549995661,0.7499388719051627,0.9728983815862359,7.97117997346676e-05
30.0,64,166.66666666666669,833.3333333333334,102.5,5.998420630678703,0.749938827231218,0.9728976369017405,7.970321070753113e-05
30.0,65,277.77777777777777,833.3333333333334,102.5,5.996815835360269,0.7499387210668893,0.9728957774033905,7.968177156516553e-05
30.0,66,388.8888888888889,833.3333333333334,102.5,5.994166554889989,0.7499385611956332,0.9728927055941363,7.964637866970493e-05
30.0,67,500.0,833.3333333333334,102.5,5.992076274743128,0.7499384465865456,0.9728902799281715,7.961845365865225e-05
30.0,68,611.1111111111111,833.3333333333334,102.5,5.994166554889989,0.7499385611956332,0.9728927055941363,7.964637866970493e-05
30.0,69,722.2222222222223,833.3333333333334,102.5,5.996815835360269,0.7499387210668892,0.9728957774033905,7.968177156516553e-05
30.0,70,833.3333333333334,833.3333333333334,102.5,5.998420630678703,0.7499388272312181,0.9728976369017407,7.970321070753114e-05
30.0,71,944.4444444444445,833.3333333333334,102.5,5.999063549995661,0.7499388719051627,0.9728983815862355,7.971179973466758e-05
30.0,72,55.55555555555556,944.4444444444445,102.5,5.999327251240508,0.7499388896312627,0.9728986868886289,7.971532262099527e-05
30.0,73,166.66666666666669,944.4444444444445,102.5,5.999063549995661,0.7499388719051627,0.9728983815862355,7.971179973466758e-05
30.0,74,277.77777777777777,944.4444444444445,102.5,5.998452181004568,0.7499388294716577,0.9728976734571712,7.970363220216428e-05
30.0,75,388.8888888888889,944.4444444444445,102.5,5.997547599184104,0.7499387641729254,0.9728966249653179,7.96915474731664e-05
30.0,76,500.0,944.4444444444445,102.5,5.996946440575183,0.749938728955682,0.972895928720865,7.968351637203609e-05
30.0,77,611.1111111111111,944.4444444444445,102.5,5.997547599184104,0.7499387641729254,0.9728966249653179,7.96915474731664e-05
30.0,78,722.2222222222223,944.4444444444445,102.5,5.998452181004569,0.7499388294716577,0.9728976734571715,7.970363220216431e-05
30.0,79,833.3333333333334,944.4444444444445,102.5,5.999063549995661,0.749938871905163,0.9728983815862364,7.971179973466765e-05
30.0,80,944.4444444444445,944.4444444444445,102.5,5.999327251240508,0.7499388896312627,0.972898686888629,7.971532262099529e-05
30.0,81,55.55555555555556,55.55555555555556,107.5,5.999622033296738,0.7498995106880005,0.9728990266604314,7.971926060572896e-05
30.0,82,166.66666666666669,55.55555555555556,107.5,5.999358331786138,0.7498994908599841,0.9728987211804893,7.971573769946661e-05
30.0,83,277.77777777777777,55.55555555555556,107.5,5.998746959091387,0.7498994452581574,0.9728980128120772,7.970757009390795e-05
30.0,84,388.8888888888889,55.55555555555556,107.5,5.997842371856239,0.7498993884509921,0.9728969653724849,7.969548537287674e-05
30.0,85,500.0,55.55555555555556,107.5,5.997241236221006,0.7498993484387677,0.9728962687785253,7.968745454360279e-05
30.0,86,611.1111111111111,55.55555555555556,107.5,5.997842371856239,0.7498993884509924,0.9728969653724853,7.969548537287692e-05
30.0,87,722.2222222222223,55.55555555555556,107.5,5.998746959091388,0.7498994452581573,0.9728980128120767,7.97075700939079e-05
30.0,88,833.3333333333334,55.55555555555556,107.5,5.999358331786138,0.7498994908599841,0.9728987211804893,7.971573769946661e-05
30.0,89,944.4444444444445,55.55555555555556,107.5,5.999622033296739,0.7498995106880005,0.9728990266604315,7.971926060572897e-05
30.0,90,55.55555555555556,166.66666666666669,107.5,5.999358331786137,0.7498994908599842,0.9728987211804894,7.971573769946647e-05
30.0,91,166.66666666666669,166.66666666666669,107.5,5.99871540717065,0.749899443345616,0.9728979762936188,7.970714858092492e-05
30.0,92,277.77777777777777,166.66666666666669,107.5,5.997110599455058,0.7498993395055473,0.97289611734275,7.968570930761013e-05
30.0,93,388.8888888888889,166.66666666666669,107.5,5.99446140293649,0.7498991759169782,0.9728930457789106,7.965031752706482e-05
30.0,94,500.0,166.66666666666669,107.5,5.992371876840716,0.7498990620921331,0.9728906214869805,7.962240261573358e-05
30.0,95,611.1111111111111,166.66666666666669,107.5,5.99446140293649,0.7498991759169784,0.9728930457789111,7.965031752706486e-05
30.0,96,722.2222222222223,166.66666666666669,107.5,5.997110599455058,0.7498993395055472,0.9728961173427502,7.968570930761015e-05
30.0,97,833.3333333333334,166.66666666666669,107.5,5.99871540717065,0.749899443345616,0.9728979762936185,7.97071485809249e-05
30.0,98,944.4444444444445,166.66666666666669,107.5,5.999358331786138,0.7498994908599841,0.9728987211804891,7.97157376994666e-05
30.0,99,55.55555555555556,277.77777777777777,107.5,5.998746959091388,0.7498994452581573,0.9728980128120772,7.970757009390795e-05
30.0,100,166.66666666666669,277.77777777777777,107.5,5.997110599455058,0.7498993395055472,0.9728961173427497,7.96857093076101e-05
30.0,101,277.77777777777777,277.77777777777777,107.5,5.992656471635268,0.7498990777201366,0.9728909518583336,7.962620465319971e-05
30.0,102,388.8888888888889,277.77777777777777,107.5,5.9842162733282205,0.7498987170741612,0.9728811420328851,7.951344786941669e-05
30.0,103,500.0,277.77777777777777,107.5,5.975710366021588,0.7498985520232618,0.9728712290090881,7.93998127996965e-05
30.0,104,611.1111111111111,277.77777777777777,107.5,5.9842162733282205,0.7498987170741614,0.9728811420328858,7.951344786941675e-05
30.0,105,722.2222222222223,277.77777777777777,107.5,5.992656471635268,0.7498990777201366,0.9728909518583414,7.962620465320035e-05
30.0,106,833.3333333333334,277.77777777777777,107.5,5.997110599455058,0.7498993395055474,0.9728961173427504,7.968570930761016e-05
30.0,107,944.4444444444445,277.77777777777777,107.5,5.998746959091387,0.7498994452581574,0.9728980128120776,7.970757009390798e-05
30.0,108,55.55555555555556,388.8888888888889,107.5,5.997842371856238,0.7498993884509924,0.9728969653724853,7.969548537287692e-05
30.0,109,166.66666666666669,388.8888888888889,107.5,5.99446140293649,0.7498991759169782,0.9728930457789106,7.965031752706482e-05
30.0,110,277.77777777777777,388.8888888888889,107.5,5.9842162733282205,0.7498987170741612,0.9728811420328857,7.951344786941673e-05
30.0,111,388.8888888888889,388.8888888888889,107.5,5.960678458316588,0.7498987184658203,0.9728536402491182,7.91989919014414e-05
30.0,112,500.0,388.8888888888889,107.5,5.925106037754142,0.7498980706950028,0.9728116653878485,7.87237506026841e-05
30.0,113,611.1111111111111,388.8888888888889,107.5,5.960678458316588,0.7498987184658206,0.9728536402491192,7.919899190144149e-05
30.0,114,722.2222222222223,388.8888888888889,107.5,5.9842162733282205,0.7498987170741616,0.9728811420328864,7.95134478694168e-05
30.0,115,833.3333333333334,388.8888888888889,107.5,5.99446140293649,0.7498991759169784,0.9728930457789111,7.965031752706486e-05
30.0,116,944.4444444444445,388.8888888888889,107.5,5.997842371856239,0.7498993884509921,0.972896965372485,7.96954853728769e-05
30.0,117,55.55555555555556,500.0,107.5,5.997241236221008,0.7498993484387677,0.9728962687785256,7.968745454360281e-05
30.0,118,166.66666666666669,500.0,107.5,5.992371876840717,0.7498990620921329,0.9728906214869799,7.962240261573354e-05
30.0,119,277.77777777777777,500.0,107.5,5.9757103660215884,0.7498985520232619,0.972871229009088,7.939981279969649e-05
30.0,120,388.8888888888889,500.0,107.5,5.925106037754141,0.7498980706950029,0.9728116653878485,7.87237506026841e-05
30.0,121,500.0,500.0,107.5,5.744870918053706,0.7498970535460043,0.9725911972541809,7.631570903909992e-05
30.0,122,611.1111111111111,500.0,107.5,5.925106037754142,0.7498980706950028,0.9728116653878485,7.87237506026841e-05
30.0,123,722.2222222222223,500.0,107.5,5.975710366021588,0.749898552023262,0.972871229009089,7.939981279969657e-05
30.0,124,833.3333333333334,500.0,107.5,5.992371876840716,0.7498990620921331,0.9728906214869808,7.96224026157336e-05
30.0,125,944.4444444444445,500.0,107.5,5.997241236221006,0.7498993484387677,0.9728962687785253,7.968745454360279e-05
30.0,126,55.55555555555556,611.1111111111111,107.5,5.9978423718562395,0.7498993884509922,0.9728969653724853,7.969548537287677e-05
30.0,127,166.66666666666669,611.1111111111111,107.5,5.99446140293649,0.7498991759169784,0.9728930457789111,7.965031752706486e-05
30.0,128,277.77777777777777,611.1111111111111,107.5,5.984216273328221,0.7498987170741612,0.972881142032885,7.951344786941668e-05
30.0,129,388.8888888888889,611.1111111111111,107.5,5.960678458316587,0.7498987184658206,0.9728536402491192,7.919899190144149e-05
30.0,130,500.0,611.1111111111111,107.5,5.925106037754142,0.7498980706950029,0.9728116653878487,7.872375060268412e-05
30.0,131,611.1111111111111,611.1111111111111,107.5,5.960678458316588,0.7498987184658206,0.9728536402491192,7.919899190144149e-05
30.0,132,722.2222222222223,611.1111111111111,107.5,5.984216273328221,0.7498987170741612,0.9728811420328851,7.951344786941669e-05
30.0,133,833.3333333333334,611.1111111111111,107.5,5.99446140293649,0.7498991759169784,0.9728930457789111,7.965031752706486e-05
30.0,134,944.4444444444445,611.1111111111111,107.5,5.997842371856239,0.7498993884509925,0.9728969653724772,7.969548537287625e-05
30.0,135,55.55555555555556,722.2222222222223,107.5,5.998746959091389,0.7498994452581573,0.9728980128120773,7.97075700939081e-05
30.0,136,166.66666666666669,722.2222222222223,107.5,5.997110599455059,0.7498993395055473,0.97289611734275,7.968570930761013e-05
30.0,137,277.77777777777777,722.2222222222223,107.5,5.992656471635269,0.7498990777201366,0.972890951858334,7.962620465319974e-05
30.0,138,388.8888888888889,722.2222222222223,107.5,5.9842162733282205,0.7498987170741612,0.9728811420328857,7.951344786941673e-05
30.0,139,500.0,722.2222222222223,107.5,5.975710366021588,0.749898552023262,0.9728712290090884,7.939981279969653e-05
30.0,140,611.1111111111111,722.2222222222223,107.5,5.984216273328222,0.7498987170741616,0.9728811420328867,7.951344786941681e-05
30.0,141,722.2222222222223,722.2222222222223,107.5,5.992656471635269,0.7498990777201366,0.9728909518583416,7.962620465320036e-05
30.0,142,833.3333333333334,722.2222222222223,107.5,5.997110599455058,0.7498993395055472,0.97289611734275,7.968570930761013e-05
30.0,143,944.4444444444445,722.2222222222223,107.5,5.998746959091388,0.7498994452581573,0.9728980128120772,7.970757009390795e-05
30.0,144,55.55555555555556,833.3333333333334,107.5,5.999358331786138,0.7498994908599841,0.9728987211804891,7.97157376994666e-05
30.0,145,166.66666666666669,833.3333333333334,107.5,5.998715407170651,0.7498994433456161,0.9728979762936185,7.97071485809249e-05
30.0,146,277.77777777777777,833.3333333333334,107.5,5.997110599455059,0.7498993395055472,0.9728961173427505,7.968570930761017e-05
30.0,147,388.8888888888889,833.3333333333334,107.5,5.99446140293649,0.7498991759169782,0.9728930457789102,7.965031752706479e-05
30.0,148,500.0,833.3333333333334,107.5,5.992371876840716,0.7498990620921331,0.9728906214869805,7.962240261573358e-05
30.0,149,611.1111111111111,833.3333333333334,107.5,5.99446140293649,0.7498991759169782,0.9728930457789102,7.965031752706479e-05
30.0,150,722.2222222222223,833.3333333333334,107.5,5.997110599455059,0.7498993395055472,0.9728961173427502,7.968570930761015e-05
30.0,151,833.3333333333334,833.3333333333334,107.5,5.998715407170651,0.749899443345616,0.9728979762936186,7.970714858092491e-05
30.0,152,944.4444444444445,833.3333333333334,107.5,5.999358331786138,0.749899490859984,0.9728987211804889,7.971573769946658e-05
30.0,153,55.55555555555556,944.4444444444445,107.5,5.999622033296737,0.7498995106880006,0.9728990266604318,7.9719260605729e-05
30.0,154,166.66666666666669,944.4444444444445,107.5,5.999358331786138,0.7498994908599841,0.9728987211804891,7.97157376994666e-05
30.0,155,277.77777777777777,944.4444444444445,107.5,5.998746959091387,0.7498994452581572,0.9728980128120764,7.970757009390789e-05
30.0,156,388.8888888888889,944.4444444444445,107.5,5.997842371856239,0.7498993884509925,0.9728969653724772,7.969548537287625e-05
30.0,157,500.0,944.4444444444445,107.5,5.997241236221008,0.7498993484387677,0.972896268778526,7.968745454360284e-05
30.0,158,611.1111111111111,944.4444444444445,107.5,5.997842371856239,0.7498993884509921,0.9728969653724849,7.969548537287674e-05
30.0,159,722.2222222222223,944.4444444444445,107.5,5.998746959091388,0.7498994452581571,0.9728980128120763,7.970757009390787e-05
30.0,160,833.3333333333334,944.4444444444445,107.5,5.999358331786139,0.7498994908599841,0.9728987211804895,7.971573769946662e-05
30.0,161,944.4444444444445,944.4444444444445,107.5,5.999622033296737,0.7498995106880008,0.972899026660432,7.971926060572901e-05
30.0,162,55.55555555555556,55.55555555555556,112.5,5.99991684296549,0.7498048727566924,0.9728993665454653,7.972319896808606e-05
30.0,163,166.66666666666669,55.55555555555556,112.5,5.999653153224218,0.749804852173353,0.9728990610575952,7.97196762154233e-05
30.0,164,277.77777777777777,55.55555555555556,112.5,5.999041801338298,0.7498048097847659,0.9728983531786748,7.971150892165876e-05
30.0,165,388.8888888888889,55.55555555555556,112.5,5.998137242374479,0.7498047503950096,0.9728973056999514,7.969942456602528e-05
30.0,166,500.0,55.55555555555556,112.5,5.997536167036423,0.7498047086692801,0.9728966091281308,7.969139453412086e-05
30.0,167,611.1111111111111,55.55555555555556,112.5,5.998137242374479,0.7498047503950097,0.9728973056999516,7.969942456602529e-05
30.0,168,722.2222222222223,55.55555555555556,112.5,5.999041801338299,0.7498048097847658,0.9728983531786745,7.971150892165873e-05
30.0,169,833.3333333333334,55.55555555555556,112.5,5.999653153224218,0.749804852173353,0.9728990610575953,7.971967621542331e-05
30.0,170,944.4444444444445,55.55555555555556,112.5,5.999916842965491,0.7498048727566924,0.9728993665454654,7.972319896808608e-05
30.0,171,55.55555555555556,166.66666666666669,112.5,5.999653153224217,0.7498048521733531,0.9728990610575952,7.97196762154233e-05
30.0,172,166.66666666666669,166.66666666666669,112.5,5.999010247612957,0.7498048077819743,0.9728983166556429,7.971108738414056e-05
30.0,173,277.77777777777777,166.66666666666669,112.5,5.997405483911099,0.7498046993594384,0.9728964576282464,7.968964867701758e-05
30.0,174,388.8888888888889,166.66666666666669,112.5,5.994756520995793,0.7498045331823658,0.9728933866396214,7.965426002342557e-05
30.0,175,500.0,166.66666666666669,112.5,5.992668315286414,0.749804418428968,0.9728909642292961,7.962636276548826e-05
30.0,176,611.1111111111111,166.66666666666669,112.5,5.994756520995792,0.7498045331823658,0.9728933866396211,7.965426002342554e-05
30.0,177,722.2222222222223,166.66666666666669,112.5,5.997405483911099,0.7498046993594384,0.9728964576282467,7.968964867701761e-05
30.0,178,833.3333333333334,166.66666666666669,112.5,5.999010247612957,0.7498048077819743,0.9728983166556425,7.971108738414053e-05
30.0,179,944.4444444444445,166.66666666666669,112.5,5.999653153224218,0.7498048521733532,0.9728990610575956,7.971967621542334e-05
30.0,180,55.55555555555556,277.77777777777777,112.5,5.999041801338298,0.7498048097847658,0.972898353178674,7.971150892165869e-05
30.0,181,166.66666666666669,277.77777777777777,112.5,5.997405483911099,0.7498046993594385,0.9728964576282471,7.968964867701763e-05
30.0,182,277.77777777777777,277.77777777777777,112.5,5.992951705018556,0.74980443479364,0.9728912932234347,7.963014870774373e-05
30.0,183,388.8888888888889,277.77777777777777,112.5,5.984515741032919,0.7498040700429591,0.9728814894534092,7.951744852459358e-05
30.0,184,500.0,277.77777777777777,112.5,5.9760422065700345,0.7498038961796414,0.972871614865124,7.94042459344229e-05
30.0,185,611.1111111111111,277.77777777777777,112.5,5.984515741032919,0.7498040700429592,0.9728814894534098,7.951744852459362e-05
30.0,186,722.2222222222223,277.77777777777777,112.5,5.992951705018556,0.74980443479364,0.9728912932234343,7.963014870774369e-05
30.0,187,833.3333333333334,277.77777777777777,112.5,5.997405483911099,0.7498046993594388,0.9728964576282476,7.968964867701767e-05
30.0,188,944.4444444444445,277.77777777777777,112.5,5.999041801338298,0.7498048097847659,0.9728983531786748,7.971150892165876e-05
30.0,189,55.55555555555556,388.8888888888889,112.5,5.9981372423744785,0.7498047503950097,0.9728973056999516,7.969942456602529e-05
30.0,190,166.66666666666669,388.8888888888889,112.5,5.994756520995793,0.7498045331823656,0.9728933866396207,7.96542600234255e-05
30.0,191,277.77777777777777,388.8888888888889,112.5,5.984515741032919,0.7498040700429592,0.9728814894534092,7.951744852459358e-05
30.0,192,388.8888888888889,388.8888888888889,112.5,5.961047092165113,0.7498040476390637,0.972854071181439,7.920391661870083e-05
30.0,193,500.0,388.8888888888889,112.5,5.926316400320948,0.7498034194016029,0.9728131000360165,7.873992084278829e-05
30.0,194,611.1111111111111,388.8888888888889,112.5,5.961047092165113,0.7498040476390637,0.972854071181439,7.920391661870083e-05
30.0,195,722.2222222222223,388.8888888888889,112.5,5.9845157410329195,0.7498040700429591,0.9728814894534092,7.951744852459358e-05
30.0,196,833.3333333333334,388.8888888888889,112.5,5.994756520995792,0.7498045331823658,0.972893386639621,7.965426002342553e-05
30.0,197,944.4444444444445,388.8888888888889,112.5,5.998137242374479,0.7498047503950097,0.9728973056999516,7.969942456602529e-05
30.0,198,55.55555555555556,500.0,112.5,5.997536167036425,0.74980470866928,0.9728966091281308,7.969139453412086e-05
30.0,199,166.66666666666669,500.0,112.5,5.992668315286414,0.749804418428968,0.9728909642292963,7.962636276548828e-05
30.0,200,277.77777777777777,500.0,112.5,5.9760422065700345,0.7498038961796415,0.9728716148651244,7.940424593442295e-05
30.0,201,388.8888888888889,500.0,112.5,5.926316400320948,0.749803419401603,0.9728131000360171,7.873992084278833e-05
30.0,202,500.0,500.0,112.5,5.779534072095983,0.7498021359650615,0.9726346134966977,7.677884304809856e-05
30.0,203,611.1111111111111,500.0,112.5,5.926316400320948,0.7498034194016031,0.9728131000360174,7.873992084278835e-05
30.0,204,722.2222222222223,500.0,112.5,5.9760422065700345,0.7498038961796414,0.9728716148651235,7.940424593442273e-05
30.0,205,833.3333333333334,500.0,112.5,5.992668315286414,0.7498044184289681,0.9728909642292968,7.962636276548832e-05
30.0,206,944.4444444444445,500.0,112.5,5.997536167036424,0.7498047086692798,0.9728966091281297,7.969139453412077e-05
30.0,207,55.55555555555556,611.1111111111111,112.5,5.998137242374479,0.7498047503950097,0.9728973056999517,7.96994245660253e-05
30.0,208,166.66666666666669,611.1111111111111,112.5,5.994756520995793,0.7498045331823656,0.9728933866396289,7.965426002342618e-05
30.0,209,277.77777777777777,611.1111111111111,112.5,5.9845157410329195,0.7498040700429591,0.9728814894534095,7.95174485245936e-05
30.0,210,388.8888888888889,611.1111111111111,112.5,5.961047092165111,0.7498040476390639,0.9728540711814395,7.920391661870087e-05
30.0,211,500.0,611.1111111111111,112.5,5.926316400320948,0.7498034194016029,0.9728131000360165,7.873992084278829e-05
30.0,212,611.1111111111111,611.1111111111111,112.5,5.961047092165113,0.7498040476390639,0.9728540711814399,7.92039166187009e-05
30.0,213,722.2222222222223,611.1111111111111,112.5,5.98451574103292,0.7498040700429591,0.9728814894534099,7.951744852459364e-05
30.0,214,833.3333333333334,611.1111111111111,112.5,5.994756520995792,0.7498045331823658,0.9728933866396214,7.965426002342557e-05
30.0,215,944.4444444444445,611.1111111111111,112.5,5.998137242374479,0.7498047503950097,0.9728973056999516,7.969942456602529e-05
30.0,216,55.55555555555556,722.2222222222223,112.5,5.9990418013383,0.7498048097847658,0.9728983531786743,7.971150892165872e-05
30.0,217,166.66666666666669,722.2222222222223,112.5,5.9974054839111,0.7498046993594384,0.9728964576282471,7.968964867701763e-05
30.0,218,277.77777777777777,722.2222222222223,112.5,5.992951705018557,0.7498044347936399,0.9728912932234348,7.96301487077439e-05
30.0,219,388.8888888888889,722.2222222222223,112.5,5.984515741032919,0.7498040700429592,0.9728814894534092,7.951744852459358e-05
30.0,220,500.0,722.2222222222223,112.5,5.9760422065700345,0.7498038961796416,0.9728716148651245,7.940424593442281e-05
30.0,221,611.1111111111111,722.2222222222223,112.5,5.98451574103292,0.7498040700429591,0.9728814894534098,7.951744852459362e-05
30.0,222,722.2222222222223,722.2222222222223,112.5,5.992951705018556,0.74980443479364,0.9728912932234347,7.963014870774373e-05
30.0,223,833.3333333333334,722.2222222222223,112.5,5.997405483911099,0.7498046993594384,0.9728964576282464,7.968964867701758e-05
30.0,224,944.4444444444445,722.2222222222223,112.5,5.999041801338299,0.7498048097847659,0.9728983531786748,7.971150892165876e-05
30.0,225,55.55555555555556,833.3333333333334,112.5,5.999653153224218,0.7498048521733532,0.9728990610575959,7.971967621542336e-05
30.0,226,166.66666666666669,833.3333333333334,112.5,5.999010247612957,0.7498048077819743,0.9728983166556426,7.971108738414054e-05
30.0,227,277.77777777777777,833.3333333333334,112.5,5.997405483911099,0.7498046993594386,0.9728964576282473,7.968964867701765e-05
30.0,228,388.8888888888889,833.3333333333334,112.5,5.994756520995792,0.7498045331823661,0.9728933866396219,7.965426002342561e-05
30.0,229,500.0,833.3333333333334,112.5,5.992668315286414,0.7498044184289681,0.9728909642292968,7.962636276548832e-05
30.0,230,611.1111111111111,833.3333333333334,112.5,5.994756520995792,0.7498045331823658,0.9728933866396214,7.965426002342557e-05
30.0,231,722.2222222222223,833.3333333333334,112.5,5.997405483911099,0.7498046993594384,0.9728964576282467,7.968964867701761e-05
30.0,232,833.3333333333334,833.3333333333334,112.5,5.999010247612958,0.7498048077819744,0.9728983166556429,7.971108738414056e-05
30.0,233,944.4444444444445,833.3333333333334,112.5,5.999653153224218,0.749804852173353,0.9728990610575952,7.97196762154233e-05
30.0,234,55.55555555555556,944.4444444444445,112.5,5.99991684296549,0.7498048727566924,0.9728993665454654,7.972319896808608e-05
30.0,235,166.66666666666669,944.4444444444445,112.5,5.999653153224218,0.749804852173353,0.9728990610575953,7.971967621542331e-05
30.0,236,277.77777777777777,944.4444444444445,112.5,5.999041801338298,0.749804809784766,0.9728983531786751,7.971150892165879e-05
30.0,237,388.8888888888889,944.4444444444445,112.5,5.998137242374479,0.7498047503950098,0.9728973056999524,7.969942456602536e-05
30.0,238,500.0,944.4444444444445,112.5,5.997536167036425,0.7498047086692798,0.97289660912813,7.96913945341208e-05
30.0,239,611.1111111111111,944.4444444444445,112.5,5.998137242374479,0.7498047503950097,0.9728973056999519,7.969942456602532e-05
30.0,240,722.2222222222223,944.4444444444445,112.5,5.999041801338299,0.749804809784766,0.9728983531786751,7.971150892165879e-05
30.0,241,833.3333333333334,944.4444444444445,112.5,5.999653153224218,0.7498048521733532,0.9728990610575958,7.971967621542335e-05
30.0,242,944.4444444444445,944.4444444444445,112.5,5.999916842965489,0.7498048727566923,0.9728993665454654,7.972319896808608e-05
30.0,243,55.55555555555556,55.55555555555556,117.5,6.000211679388441,0.7494694936346694,0.9728997065123479,7.9727137694115e-05
30.0,244,166.66666666666669,55.55555555555556,117.5,5.999948012681746,0.7494694763702511,0.9728994014564165,7.972361528051985e-05
30.0,245,277.77777777777777,55.55555555555556,117.5,5.999336704089898,0.749469434975212,0.9728986938762629,7.971544858117945e-05
30.0,246,388.8888888888889,55.55555555555556,117.5,5.998432200218706,0.7494693702354378,0.9728976461294875,7.970336492796002e-05
30.0,247,500.0,55.55555555555556,117.5,5.9978311988354704,0.7494693254216812,0.9728969494774641,7.969533586620457e-05
30.0,248,611.1111111111111,55.55555555555556,117.5,5.998432200218707,0.7494693702354377,0.9728976461294875,7.970336492796002e-05
30.0,249,722.2222222222223,55.55555555555556,117.5,5.9993367040899,0.7494694349752121,0.9728986938762637,7.971544858117952e-05
30.0,250,833.3333333333334,55.55555555555556,117.5,5.999948012681746,0.7494694763702511,0.972899401456417,7.972361528051974e-05
30.0,251,944.4444444444445,55.55555555555556,117.5,6.000211679388442,0.7494694936346694,0.9728997065123483,7.972713769411503e-05
30.0,252,55.55555555555556,166.66666666666669,117.5,5.999948012681745,0.7494694763702511,0.9728994014564165,7.972361528051985e-05
30.0,253,166.66666666666669,166.66666666666669,117.5,5.999305148237882,0.7494694327779042,0.9728986573391709,7.971502701407684e-05
30.0,254,277.77777777777777,166.66666666666669,117.5,5.997700472256602,0.7494693177691303,0.9728967981286686,7.96935894441593e-05
30.0,255,388.8888888888889,166.66666666666669,117.5,5.995051793648951,0.749469150451997,0.9728937280404201,7.965820461670437e-05
30.0,256,500.0,166.66666666666669,117.5,5.9929649462154835,0.7494690272524296,0.9728913069084614,7.963032546538268e-05
30.0,257,611.1111111111111,166.66666666666669,117.5,5.99505179364895,0.7494691504519969,0.9728937280404192,7.965820461670429e-05
30.0,258,722.2222222222223,166.66666666666669,117.5,5.997700472256602,0.7494693177691303,0.9728967981286684,7.969358944415929e-05
30.0,259,833.3333333333334,166.66666666666669,117.5,5.999305148237882,0.7494694327779042,0.9728986573391707,7.971502701407683e-05
30.0,260,944.4444444444445,166.66666666666669,117.5,5.999948012681746,0.749469476370251,0.9728994014564161,7.972361528051981e-05
30.0,261,55.55555555555556,277.77777777777777,117.5,5.9993367040899,0.749469434975212,0.9728986938762629,7.971544858117945e-05
30.0,262,166.66666666666669,277.77777777777777,117.5,5.997700472256602,0.7494693177691302,0.9728967981286682,7.969358944415928e-05
30.0,263,277.77777777777777,277.77777777777777,117.5,5.993247123181054,0.7494690448035111,0.9728916345147074,7.963409520934513e-05
30.0,264,388.8888888888889,277.77777777777777,117.5,5.984815523217198,0.7494686700065499,0.9728818373223411,7.95214533899737e-05
30.0,265,500.0,277.77777777777777,117.5,5.976375159093356,0.7494684732726498,0.9728720019043966,7.940869391800515e-05
30.0,266,611.1111111111111,277.77777777777777,117.5,5.984815523217197,0.74946867000655,0.9728818373223332,7.952145338997305e-05
30.0,267,722.2222222222223,277.77777777777777,117.5,5.993247123181053,0.7494690448035114,0.9728916345147083,7.963409520934505e-05
30.0,268,833.3333333333334,277.77777777777777,117.5,5.997700472256602,0.7494693177691302,0.9728967981286682,7.969358944415928e-05
30.0,269,944.4444444444445,277.77777777777777,117.5,5.9993367040899,0.7494694349752118,0.9728986938762623,7.97154485811794e-05
30.0,270,55.55555555555556,388.8888888888889,117.5,5.998432200218706,0.7494693702354377,0.972897646129487,7.970336492795998e-05
30.0,271,166.66666666666669,388.8888888888889,117.5,5.995051793648951,0.7494691504519969,0.9728937280404197,7.965820461670435e-05
30.0,272,277.77777777777777,388.8888888888889,117.5,5.984815523217198,0.7494686700065499,0.972881837322341,7.952145338997369e-05
30.0,273,388.8888888888889,388.8888888888889,117.5,5.961418008458141,0.7494686037824989,0.9728545044149478,7.920887180145993e-05
30.0,274,500.0,388.8888888888889,117.5,5.927518914031218,0.7494680051443205,0.9728145245744805,7.875598619420165e-05
30.0,275,611.1111111111111,388.8888888888889,117.5,5.961418008458141,0.7494686037824988,0.9728545044149468,7.920887180145984e-05
30.0,276,722.2222222222223,388.8888888888889,117.5,5.984815523217199,0.74946867000655,0.9728818373223416,7.95214533899736e-05
30.0,277,833.3333333333334,388.8888888888889,117.5,5.99505179364895,0.749469150451997,0.9728937280404196,7.965820461670433e-05
30.0,278,944.4444444444445,388.8888888888889,117.5,5.998432200218706,0.7494693702354377,0.972897646129487,7.970336492795998e-05
30.0,279,55.55555555555556,500.0,117.5,5.997831198835471,0.7494693254216814,0.9728969494774643,7.969533586620474e-05
30.0,280,166.66666666666669,500.0,117.5,5.9929649462154835,0.7494690272524299,0.972891306908462,7.963032546538273e-05
30.0,281,277.77777777777777,500.0,117.5,5.976375159093356,0.7494684732726499,0.9728720019043969,7.940869391800504e-05
30.0,282,388.8888888888889,500.0,117.5,5.927518914031218,0.7494680051443207,0.972814524574481,7.875598619420169e-05
30.0,283,500.0,500.0,117.5,5.801264732527984,0.7494676911352852,0.9726615749430753,7.706918214418118e-05
30.0,284,611.1111111111111,500.0,117.5,5.927518914031217,0.7494680051443207,0.972814524574481,7.875598619420169e-05
30.0,285,722.2222222222223,500.0,117.5,5.976375159093356,0.7494684732726498,0.9728720019043967,7.940869391800517e-05
30.0,286,833.3333333333334,500.0,117.5,5.9929649462154835,0.7494690272524298,0.9728913069084622,7.963032546538275e-05
30.0,287,944.4444444444445,500.0,117.5,5.9978311988354704,0.7494693254216814,0.9728969494774647,7.969533586620463e-05
30.0,288,55.55555555555556,611.1111111111111,117.5,5.998432200218707,0.7494693702354376,0.972897646129487,7.970336492795998e-05
30.0,289,166.66666666666669,611.1111111111111,117.5,5.99505179364895,0.749469150451997,0.9728937280404201,7.965820461670437e-05
30.0,290,277.77777777777777,611.1111111111111,117.5,5.984815523217199,0.74946867000655,0.9728818373223335,7.952145338997308e-05
30.0,291,388.8888888888889,611.1111111111111,117.5,5.96141800845814,0.7494686037824989,0.9728545044149469,7.92088718014597e-05
30.0,292,500.0,611.1111111111111,117.5,5.927518914031218,0.7494680051443207,0.972814524574481,7.875598619420169e-05
30.0,293,611.1111111111111,611.1111111111111,117.5,5.961418008458141,0.749468603782499,0.9728545044149481,7.920887180145995e-05
30.0,294,722.2222222222223,611.1111111111111,117.5,5.984815523217199,0.7494686700065499,0.972881837322341,7.952145338997369e-05
30.0,295,833.3333333333334,611.1111111111111,117.5,5.99505179364895,0.7494691504519968,0.972893728040419,7.965820461670428e-05
30.0,296,944.4444444444445,611.1111111111111,117.5,5.998432200218706,0.7494693702354377,0.972897646129487,7.970336492795998e-05
30.0,297,55.55555555555556,722.2222222222223,117.5,5.999336704089901,0.7494694349752118,0.9728986938762625,7.971544858117954e-05
30.0,298,166.66666666666669,722.2222222222223,117.5,5.997700472256603,0.7494693177691302,0.9728967981286686,7.96935894441593e-05
30.0,299,277.77777777777777,722.2222222222223,117.5,5.993247123181054,0.7494690448035113,0.9728916345147085,7.963409520934523e-05
30.0,300,388.8888888888889,722.2222222222223,117.5,5.984815523217198,0.74946867000655,0.9728818373223332,7.952145338997292e-05
30.0,301,500.0,722.2222222222223,117.5,5.976375159093355,0.7494684732726499,0.9728720019043966,7.940869391800502e-05
30.0,302,611.1111111111111,722.2222222222223,117.5,5.984815523217199,0.74946867000655,0.9728818373223335,7.952145338997308e-05
30.0,303,722.2222222222223,722.2222222222223,117.5,5.993247123181054,0.7494690448035112,0.9728916345147078,7.963409520934517e-05
30.0,304,833.3333333333334,722.2222222222223,117.5,5.997700472256602,0.7494693177691302,0.972896798128668,7.969358944415926e-05
30.0,305,944.4444444444445,722.2222222222223,117.5,5.9993367040899,0.7494694349752121,0.9728986938762633,7.971544858117948e-05
30.0,306,55.55555555555556,833.3333333333334,117.5,5.999948012681746,0.7494694763702509,0.9728994014564158,7.97236152805198e-05
30.0,307,166.66666666666669,833.3333333333334,117.5,5.999305148237883,0.7494694327779042,0.9728986573391709,7.971502701407684e-05
30.0,308,277.77777777777777,833.3333333333334,117.5,5.997700472256602,0.7494693177691302,0.972896798128668,7.969358944415926e-05
30.0,309,388.8888888888889,833.3333333333334,117.5,5.995051793648951,0.7494691504519969,0.9728937280404195,7.965820461670432e-05
30.0,310,500.0,833.3333333333334,117.5,5.992964946215484,0.7494690272524296,0.972891306908461,7.963032546538265e-05
30.0,311,611.1111111111111,833.3333333333334,117.5,5.99505179364895,0.7494691504519968,0.972893728040419,7.965820461670428e-05
30.0,312,722.2222222222223,833.3333333333334,117.5,5.997700472256602,0.7494693177691303,0.9728967981286684,7.969358944415929e-05
30.0,313,833.3333333333334,833.3333333333334,117.5,5.999305148237882,0.7494694327779045,0.9728986573391717,7.971502701407691e-05
30.0,314,944.4444444444445,833.3333333333334,117.5,5.999948012681746,0.7494694763702511,0.9728994014564165,7.972361528051985e-05
30.0,315,55.55555555555556,944.4444444444445,117.5,6.000211679388441,0.7494694936346696,0.9728997065123489,7.972713769411508e-05
30.0,316,166.66666666666669,944.4444444444445,117.5,5.999948012681746,0.7494694763702511,0.9728994014564165,7.972361528051985e-05
30.0,317,277.77777777777777,944.4444444444445,117.5,5.999336704089899,0.749469434975212,0.9728986938762629,7.971544858117945e-05
30.0,318,388.8888888888889,944.4444444444445,117.5,5.998432200218706,0.7494693702354377,0.972897646129487,7.970336492795998e-05
30.0,319,500.0,944.4444444444445,117.5,5.997831198835471,0.7494693254216814,0.9728969494774643,7.969533586620474e-05
30.0,320,611.1111111111111,944.4444444444445,117.5,5.998432200218707,0.7494693702354376,0.9728976461294871,7.970336492796e-05
30.0,321,722.2222222222223,944.4444444444445,117.5,5.9993367040899,0.7494694349752121,0.9728986938762634,7.971544858117949e-05
30.0,322,833.3333333333334,944.4444444444445,117.5,5.999948012681746,0.7494694763702511,0.9728994014564162,7.972361528051982e-05
30.0,323,944.4444444444445,944.4444444444445,117.5,6.000211679388441,0.7494694936346696,0.9728997065123489,7.972713769411508e-05
30.0,324,55.55555555555556,55.55555555555556,122.5,6.000506538383996,0.7456957435517649,0.9729000466414411,7.973107673499214e-05
30.0,325,166.66666666666669,55.55555555555556,122.5,6.0002429024495685,0.7456957249411926,0.9728997415357028,7.972755472363167e-05
30.0,326,277.77777777777777,55.55555555555556,122.5,5.999631652298905,0.7456956805262313,0.972899033825228,7.971938878448703e-05
30.0,327,388.8888888888889,55.55555555555556,122.5,5.998727217577834,0.7456956116600763,0.9728979858254034,7.970730602138385e-05
30.0,328,500.0,55.55555555555556,122.5,5.9981262773692565,0.7456955728199122,0.9728972898848037,7.969927782510058e-05
30.0,329,611.1111111111111,55.55555555555556,122.5,5.998727217577835,0.7456956116600761,0.9728979858254033,7.970730602138412e-05
30.0,330,722.2222222222223,55.55555555555556,122.5,5.9996316522989055,0.7456956805262314,0.9728990338252284,7.971938878448705e-05
30.0,331,833.3333333333334,55.55555555555556,122.5,6.0002429024495685,0.7456957249411926,0.9728997415357024,7.972755472363163e-05
30.0,332,944.4444444444445,55.55555555555556,122.5,6.000506538383997,0.7456957435517649,0.9729000466414414,7.973107673499215e-05
30.0,333,55.55555555555556,166.66666666666669,122.5,6.000242902449568,0.7456957249411927,0.9728997415357028,7.972755472363167e-05
30.0,334,166.66666666666669,166.66666666666669,122.5,5.999600094068798,0.745695678204583,0.9728989972737173,7.971896718443527e-05
30.0,335,277.77777777777777,166.66666666666669,122.5,5.997995528229343,0.7456955645221911,0.9728971384660166,7.96975310971355e-05
30.0,336,388.8888888888889,166.66666666666669,122.5,5.995347079938595,0.745695394078432,0.9728940685472756,7.966214931983556e-05
30.0,337,500.0,166.66666666666669,122.5,5.993261094344188,0.7456952712004281,0.9728916484790472,7.963428167262552e-05
30.0,338,611.1111111111111,166.66666666666669,122.5,5.995347079938595,0.7456953940784321,0.9728940685472676,7.966214931983491e-05
30.0,339,722.2222222222223,166.66666666666669,122.5,5.997995528229344,0.7456955645221912,0.9728971384660176,7.969753109713558e-05
30.0,340,833.3333333333334,166.66666666666669,122.5,5.999600094068797,0.7456956782045832,0.9728989972737172,7.97189671844351e-05
30.0,341,944.4444444444445,166.66666666666669,122.5,6.0002429024495685,0.7456957249411925,0.972899741535702,7.97275547236316e-05
30.0,342,55.55555555555556,277.77777777777777,122.5,5.9996316522989055,0.7456956805262314,0.9728990338252287,7.971938878448708e-05
30.0,343,166.66666666666669,277.77777777777777,122.5,5.997995528229343,0.7456955645221914,0.9728971384660188,7.969753109713568e-05
30.0,344,277.77777777777777,277.77777777777777,122.5,5.9935425324491645,0.7456952841625581,0.9728919748447652,7.963804151645478e-05
30.0,345,388.8888888888889,277.77777777777777,122.5,5.985113724753462,0.7456949131017778,0.9728821812384316,7.952543696814423e-05
30.0,346,500.0,277.77777777777777,122.5,5.976694041295209,0.7456947281860727,0.9728723700576963,7.94129537292726e-05
30.0,347,611.1111111111111,277.77777777777777,122.5,5.98511372475346,0.7456949131017779,0.9728821812384316,7.952543696814423e-05
30.0,348,722.2222222222223,277.77777777777777,122.5,5.993542532449163,0.7456952841625584,0.9728919748447652,7.963804151645478e-05
30.0,349,833.3333333333334,277.77777777777777,122.5,5.997995528229344,0.7456955645221912,0.9728971384660176,7.969753109713558e-05
30.0,350,944.4444444444445,277.77777777777777,122.5,5.9996316522989055,0.7456956805262311,0.9728990338252281,7.971938878448704e-05
30.0,351,55.55555555555556,388.8888888888889,122.5,5.998727217577835,0.7456956116600761,0.9728979858254032,7.970730602138411e-05
30.0,352,166.66666666666669,388.8888888888889,122.5,5.995347079938595,0.745695394078432,0.9728940685472756,7.966214931983556e-05
30.0,353,277.77777777777777,388.8888888888889,122.5,5.985113724753461,0.745694913101778,0.9728821812384325,7.95254369681443e-05
30.0,354,388.8888888888889,388.8888888888889,122.5,5.961760768052838,0.7456948640355359,0.9728549011934529,7.92134505429887e-05
30.0,355,500.0,388.8888888888889,122.5,5.928354772802172,0.7456942683469181,0.9728155075582628,7.876715254439277e-05
30.0,356,611.1111111111111,388.8888888888889,122.5,5.961760768052838,0.7456948640355361,0.9728549011934544,7.921345054298882e-05
30.0,357,722.2222222222223,388.8888888888889,122.5,5.985113724753462,0.7456949131017785,0.9728821812384344,7.952543696814446e-05
30.0,358,833.3333333333334,388.8888888888889,122.5,5.995347079938595,0.745695394078432,0.9728940685472756,7.966214931983556e-05
30.0,359,944.4444444444445,388.8888888888889,122.5,5.998727217577834,0.7456956116600765,0.9728979858254041,7.970730602138406e-05
30.0,360,55.55555555555556,500.0,122.5,5.998126277369258,0.7456955728199121,0.9728972898848038,7.96992778251006e-05
30.0,361,166.66666666666669,500.0,122.5,5.993261094344188,0.7456952712004283,0.9728916484790479,7.963428167262558e-05
30.0,362,277.77777777777777,500.0,122.5,5.976694041295209,0.745694728186073,0.9728723700576972,7.941295372927267e-05
30.0,363,388.8888888888889,500.0,122.5,5.928354772802171,0.7456942683469182,0.9728155075582632,7.87671525443928e-05
30.0,364,500.0,500.0,122.5,5.81202270292919,0.7441065059131974,0.9726748337093115,7.721291483206242e-05
30.0,365,611.1111111111111,500.0,122.5,5.928354772802171,0.7456942683469182,0.9728155075582628,7.876715254439277e-05
30.0,366,722.2222222222223,500.0,122.5,5.976694041295207,0.7456947281860727,0.972872370057696,7.941295372927258e-05
30.0,367,833.3333333333334,500.0,122.5,5.993261094344189,0.745695271200428,0.9728916484790463,7.963428167262545e-05
30.0,368,944.4444444444445,500.0,122.5,5.9981262773692565,0.745695572819912,0.9728972898848028,7.969927782510051e-05
30.0,369,55.55555555555556,611.1111111111111,122.5,5.9987272175778354,0.7456956116600763,0.9728979858254032,7.970730602138411e-05
30.0,370,166.66666666666669,611.1111111111111,122.5,5.995347079938595,0.7456953940784322,0.9728940685472679,7.966214931983494e-05
30.0,371,277.77777777777777,611.1111111111111,122.5,5.985113724753462,0.7456949131017782,0.972882181238433,7.952543696814433e-05
30.0,372,388.8888888888889,611.1111111111111,122.5,5.961760768052837,0.7456948640355362,0.9728549011934544,7.921345054298882e-05
30.0,373,500.0,611.1111111111111,122.5,5.928354772802172,0.7456942683469181,0.9728155075582623,7.876715254439273e-05
30.0,374,611.1111111111111,611.1111111111111,122.5,5.961760768052838,0.7456948640355359,0.9728549011934532,7.921345054298873e-05
30.0,375,722.2222222222223,611.1111111111111,122.5,5.985113724753462,0.7456949131017783,0.9728821812384338,7.95254369681444e-05
30.0,376,833.3333333333334,611.1111111111111,122.5,5.995347079938595,0.7456953940784321,0.9728940685472676,7.966214931983491e-05
30.0,377,944.4444444444445,611.1111111111111,122.5,5.998727217577835,0.7456956116600759,0.9728979858254023,7.970730602138404e-05
30.0,378,55.55555555555556,722.2222222222223,122.5,5.999631652298906,0.7456956805262315,0.972899033825229,7.971938878448711e-05
30.0,379,166.66666666666669,722.2222222222223,122.5,5.997995528229344,0.745695564522191,0.9728971384660171,7.969753109713554e-05
30.0,380,277.77777777777777,722.2222222222223,122.5,5.993542532449164,0.7456952841625583,0.9728919748447649,7.963804151645476e-05
30.0,381,388.8888888888889,722.2222222222223,122.5,5.985113724753461,0.7456949131017783,0.9728821812384332,7.952543696814435e-05
30.0,382,500.0,722.2222222222223,122.5,5.976694041295209,0.7456947281860727,0.9728723700576963,7.94129537292726e-05
30.0,383,611.1111111111111,722.2222222222223,122.5,5.985113724753462,0.7456949131017785,0.9728821812384344,7.952543696814446e-05
30.0,384,722.2222222222223,722.2222222222223,122.5,5.9935425324491645,0.7456952841625581,0.9728919748447652,7.963804151645478e-05
30.0,385,833.3333333333334,722.2222222222223,122.5,5.997995528229344,0.7456955645221912,0.9728971384660176,7.969753109713558e-05
30.0,386,944.4444444444445,722.2222222222223,122.5,5.9996316522989055,0.7456956805262315,0.972899033825229,7.971938878448711e-05
30.0,387,55.55555555555556,833.3333333333334,122.5,6.0002429024495685,0.7456957249411926,0.9728997415357027,7.972755472363166e-05
30.0,388,166.66666666666669,833.3333333333334,122.5,5.999600094068799,0.7456956782045832,0.9728989972737173,7.971896718443527e-05
30.0,389,277.77777777777777,833.3333333333334,122.5,5.997995528229343,0.7456955645221912,0.9728971384660174,7.969753109713557e-05
30.0,390,388.8888888888889,833.3333333333334,122.5,5.995347079938595,0.745695394078432,0.9728940685472756,7.966214931983556e-05
30.0,391,500.0,833.3333333333334,122.5,5.993261094344189,0.745695271200428,0.9728916484790466,7.963428167262548e-05
30.0,392,611.1111111111111,833.3333333333334,122.5,5.995347079938595,0.7456953940784321,0.9728940685472676,7.966214931983491e-05
30.0,393,722.2222222222223,833.3333333333334,122.5,5.997995528229344,0.7456955645221909,0.9728971384660162,7.969753109713547e-05
30.0,394,833.3333333333334,833.3333333333334,122.5,5.999600094068798,0.7456956782045832,0.9728989972737173,7.971896718443527e-05
30.0,395,944.4444444444445,833.3333333333334,122.5,6.000242902449568,0.7456957249411924,0.972899741535702,7.97275547236316e-05
30.0,396,55.55555555555556,944.4444444444445,122.5,6.000506538383997,0.7456957435517648,0.9729000466414407,7.97310767349921e-05
30.0,397,166.66666666666669,944.4444444444445,122.5,6.000242902449568,0.7456957249411924,0.972899741535702,7.97275547236316e-05
30.0,398,277.77777777777777,944.4444444444445,122.5,5.999631652298905,0.7456956805262313,0.9728990338252366,7.971938878448773e-05
30.0,399,388.8888888888889,944.4444444444445,122.5,5.998727217577835,0.7456956116600761,0.972897985825403,7.97073060213841e-05
30.0,400,500.0,944.4444444444445,122.5,5.998126277369258,0.7456955728199122,0.9728972898848038,7.96992778251006e-05
30.0,401,611.1111111111111,944.4444444444445,122.5,5.998727217577835,0.7456956116600761,0.9728979858254032,7.970730602138411e-05
30.0,402,722.2222222222223,944.4444444444445,122.5,5.9996316522989055,0.7456956805262313,0.9728990338252366,7.971938878448773e-05
30.0,403,833.3333333333334,944.4444444444445,122.5,6.000242902449568,0.7456957249411926,0.972899741535703,7.972755472363168e-05
30.0,404,944.4444444444445,944.4444444444445,122.5,6.000506538383996,0.7456957435517649,0.9729000466414407,7.97310767349921e-05
30.0,405,55.55555555555556,55.55555555555556,127.5,6.178130084772693,0.0,0.0,7.884770451944003e-05
30.0,406,166.66666666666669,55.55555555555556,127.5,6.177445362498874,0.0,0.0,7.884770454602613e-05
30.0,407,277.77777777777777,55.55555555555556,127.5,6.1763203896698675,0.0,0.0,7.88477045910943e-05
30.0,408,388.8888888888889,55.55555555555556,127.5,6.175224745298261,0.0,0.0,7.884770465059852e-05
30.0,409,500.0,55.55555555555556,127.5,6.174721836596191,0.0,0.0,7.884770468953013e-05
30.0,410,611.1111111111111,55.55555555555556,127.5,6.1752247452982685,0.0,0.0,7.884770465059861e-05
30.0,411,722.2222222222223,55.55555555555556,127.5,6.1763203896698915,0.0,0.0,7.884770459109432e-05
30.0,412,833.3333333333334,55.55555555555556,127.5,6.177445362498715,0.0,0.0,7.884770454602624e-05
30.0,413,944.4444444444445,55.55555555555556,127.5,6.178130084772492,0.0,0.0,7.884770451944e-05
30.0,414,55.55555555555556,166.66666666666669,127.5,6.1774453624990775,0.0,0.0,7.884770454602613e-05
30.0,415,166.66666666666669,166.66666666666669,127.5,6.176559969955398,0.0,0.0,7.884770458252068e-05
30.0,416,277.77777777777777,166.66666666666669,127.5,6.175045764634595,0.0,0.0,7.884770468956518e-05
30.0,417,388.8888888888889,166.66666666666669,127.5,6.173469964750252,0.0,0.0,7.884770539918328e-05
30.0,418,500.0,166.66666666666669,127.5,6.172564788100368,0.0,0.0,7.884770618998869e-05
30.0,419,611.1111111111111,166.66666666666669,127.5,6.173469964750339,0.0,0.0,7.884770539918325e-05
30.0,420,722.2222222222223,166.66666666666669,127.5,6.175045764634746,0.0,0.0,7.88477046895652e-05
30.0,421,833.3333333333334,166.66666666666669,127.5,6.176559969955544,0.0,0.0,7.884770458252074e-05
30.0,422,944.4444444444445,166.66666666666669,127.5,6.17744536249879,0.0,0.0,7.88477045460261e-05
30.0,423,55.55555555555556,277.77777777777777,127.5,6.176320389669784,0.0,0.0,7.884770459109436e-05
30.0,424,166.66666666666669,277.77777777777777,127.5,6.17504576463401,0.0,0.0,7.884770468956524e-05
30.0,425,277.77777777777777,277.77777777777777,127.5,6.172668263400948,0.0,0.0,7.88477060410032e-05
30.0,426,388.8888888888889,277.77777777777777,127.5,6.169161174839609,0.0,0.0,7.884770911769475e-05
30.0,427,500.0,277.77777777777777,127.5,6.166395397199407,0.0,0.0,7.88477146948358e-05
30.0,428,611.1111111111111,277.77777777777777,127.5,6.169161174839633,0.0,0.0,7.884770911769475e-05
30.0,429,722.2222222222223,277.77777777777777,127.5,6.172668263401042,0.0,0.0,7.884770604100322e-05
30.0,430,833.3333333333334,277.77777777777777,127.5,6.175045764634637,0.0,0.0,7.884770468956522e-05
30.0,431,944.4444444444445,277.77777777777777,127.5,6.176320389669533,0.0,0.0,7.884770459109433e-05
30.0,432,55.55555555555556,388.8888888888889,127.5,6.175224745297892,0.0,0.0,7.884770465059853e-05
30.0,433,166.66666666666669,388.8888888888889,127.5,6.173469964750432,0.0,0.0,7.884770539918328e-05
30.0,434,277.77777777777777,388.8888888888889,127.5,6.169161174839717,0.0,0.0,7.884770911769475e-05
30.0,435,388.8888888888889,388.8888888888889,127.5,6.161189444206845,0.0,0.0,7.884772253462931e-05
30.0,436,500.0,388.8888888888889,127.5,6.151469971349485,0.0,0.0,7.884786224237696e-05
30.0,437,611.1111111111111,388.8888888888889,127.5,6.161189444206814,0.0,0.0,7.884772253462936e-05
30.0,438,722.2222222222223,388.8888888888889,127.5,6.169161174839763,0.0,0.0,7.884770911769471e-05
30.0,439,833.3333333333334,388.8888888888889,127.5,6.173469964750413,0.0,0.0,7.884770539918326e-05
30.0,440,944.4444444444445,388.8888888888889,127.5,6.17522474529786,0.0,0.0,7.88477046505986e-05
30.0,441,55.55555555555556,500.0,127.5,6.174721836596376,0.0,0.0,7.884770468953009e-05
30.0,442,166.66666666666669,500.0,127.5,6.172564788100488,0.0,0.0,7.884770618998876e-05
30.0,443,277.77777777777777,500.0,127.5,6.166395397199511,0.0,0.0,7.884771469483578e-05
30.0,444,388.8888888888889,500.0,127.5,6.151469971349635,0.0,0.0,7.884786224237698e-05
30.0,445,500.0,500.0,127.5,6.105725527504017,0.0,0.0,7.885449142252378e-05
30.0,446,611.1111111111111,500.0,127.5,6.151469971349463,0.0,0.0,7.884786224237704e-05
30.0,447,722.2222222222223,500.0,127.5,6.166395397199213,0.0,0.0,7.88477146948357e-05
30.0,448,833.3333333333334,500.0,127.5,6.172564788100334,0.0,0.0,7.88477061899887e-05
30.0,449,944.4444444444445,500.0,127.5,6.174721836596432,0.0,0.0,7.884770468953009e-05
30.0,450,55.55555555555556,611.1111111111111,127.5,6.175224745298418,0.0,0.0,7.884770465059852e-05
30.0,451,166.66666666666669,611.1111111111111,127.5,6.173469964750423,0.0,0.0,7.884770539918328e-05
30.0,452,277.77777777777777,611.1111111111111,127.5,6.16916117483974,0.0,0.0,7.884770911769475e-05
30.0,453,388.8888888888889,611.1111111111111,127.5,6.161189444206843,0.0,0.0,7.884772253462938e-05
30.0,454,500.0,611.1111111111111,127.5,6.151469971349496,0.0,0.0,7.8847862242377e-05
30.0,455,611.1111111111111,611.1111111111111,127.5,6.16118944420682,0.0,0.0,7.884772253462925e-05
30.0,456,722.2222222222223,611.1111111111111,127.5,6.169161174839674,0.0,0.0,7.884770911769474e-05
30.0,457,833.3333333333334,611.1111111111111,127.5,6.1734699647503914,0.0,0.0,7.884770539918328e-05
30.0,458,944.4444444444445,611.1111111111111,127.5,6.1752247452978954,0.0,0.0,7.884770465059852e-05
30.0,459,55.55555555555556,722.2222222222223,127.5,6.176320389669945,0.0,0.0,7.884770459109438e-05
30.0,460,166.66666666666669,722.2222222222223,127.5,6.1750457646346835,0.0,0.0,7.884770468956518e-05
30.0,461,277.77777777777777,722.2222222222223,127.5,6.172668263400987,0.0,0.0,7.884770604100325e-05
30.0,462,388.8888888888889,722.2222222222223,127.5,6.16916117483957,0.0,0.0,7.884770911769475e-05
30.0,463,500.0,722.2222222222223,127.5,6.16639539719932,0.0,0.0,7.884771469483578e-05
30.0,464,611.1111111111111,722.2222222222223,127.5,6.169161174839706,0.0,0.0,7.884770911769474e-05
30.0,465,722.2222222222223,722.2222222222223,127.5,6.172668263400946,0.0,0.0,7.884770604100318e-05
30.0,466,833.3333333333334,722.2222222222223,127.5,6.17504576463459,0.0,0.0,7.88477046895652e-05
30.0,467,944.4444444444445,722.2222222222223,127.5,6.176320389670082,0.0,0.0,7.88477045910943e-05
30.0,468,55.55555555555556,833.3333333333334,127.5,6.177445362498544,0.0,0.0,7.88477045460262e-05
30.0,469,166.66666666666669,833.3333333333334,127.5,6.176559969955439,0.0,0.0,7.884770458252068e-05
30.0,470,277.77777777777777,833.3333333333334,127.5,6.175045764634527,0.0,0.0,7.884770468956527e-05
30.0,471,388.8888888888889,833.3333333333334,127.5,6.1734699647502325,0.0,0.0,7.884770539918328e-05
30.0,472,500.0,833.3333333333334,127.5,6.172564788100279,0.0,0.0,7.884770618998871e-05
30.0,473,611.1111111111111,833.3333333333334,127.5,6.173469964750279,0.0,0.0,7.884770539918328e-05
30.0,474,722.2222222222223,833.3333333333334,127.5,6.175045764634566,0.0,0.0,7.88477046895652e-05
30.0,475,833.3333333333334,833.3333333333334,127.5,6.176559969955628,0.0,0.0,7.884770458252068e-05
30.0,476,944.4444444444445,833.3333333333334,127.5,6.177445362499015,0.0,0.0,7.884770454602619e-05
30.0,477,55.55555555555556,944.4444444444445,127.5,6.178130084772302,0.0,0.0,7.884770451944005e-05
30.0,478,166.66666666666669,944.4444444444445,127.5,6.1774453624985775,0.0,0.0,7.884770454602621e-05
30.0,479,277.77777777777777,944.4444444444445,127.5,6.176320389669885,0.0,0.0,7.884770459109432e-05
30.0,480,388.8888888888889,944.4444444444445,127.5,6.175224745298109,0.0,0.0,7.88477046505985e-05
30.0,481,500.0,944.4444444444445,127.5,6.174721836596227,0.0,0.0,7.884770468953005e-05
30.0,482,611.1111111111111,944.4444444444445,127.5,6.175224745298136,0.0,0.0,7.88477046505985e-05
30.0,483,722.2222222222223,944.4444444444445,127.5,6.176320389670035,0.0,0.0,7.884770459109432e-05
30.0,484,833.3333333333334,944.4444444444445,127.5,6.177445362498971,0.0,0.0,7.884770454602619e-05
30.0,485,944.4444444444445,944.4444444444445,127.5,6.17813008477253,0.0,0.0,7.88477045194401e-05
30.0,486,55.55555555555556,55.55555555555556,132.5,6.666451399629421,0.0,0.0,8.504329369096833e-05
30.0,487,166.66666666666669,55.55555555555556,132.5,6.66576657411481,0.0,0.0,8.504329377701127e-05
30.0,488,277.77777777777777,55.55555555555556,132.5,6.664641453407301,0.0,0.0,8.504329391844196e-05
30.0,489,388.8888888888889,55.55555555555556,132.5,6.663546132537476,0.0,0.0,8.504329405515747e-05
30.0,490,500.0,55.55555555555556,132.5,6.6630433457695215,0.0,0.0,8.504329411690365e-05
30.0,491,611.1111111111111,55.55555555555556,132.5,6.663546132537482,0.0,0.0,8.504329405515751e-05
30.0,492,722.2222222222223,55.55555555555556,132.5,6.664641453407326,0.0,0.0,8.504329391844197e-05
30.0,493,833.3333333333334,55.55555555555556,132.5,6.665766574114658,0.0,0.0,8.504329377701135e-05
30.0,494,944.4444444444445,55.55555555555556,132.5,6.666451399629218,0.0,0.0,8.50432936909683e-05
30.0,495,55.55555555555556,166.66666666666669,132.5,6.665766574115018,0.0,0.0,8.504329377701132e-05
30.0,496,166.66666666666669,166.66666666666669,132.5,6.664881080185162,0.0,0.0,8.504329388842109e-05
30.0,497,277.77777777777777,166.66666666666669,132.5,6.663367803487293,0.0,0.0,8.50432940779773e-05
30.0,498,388.8888888888889,166.66666666666669,132.5,6.661812815947056,0.0,0.0,8.504329451044918e-05
30.0,499,500.0,166.66666666666669,132.5,6.660913143577137,0.0,0.0,8.504329467691716e-05
30.0,500,611.1111111111111,166.66666666666669,132.5,6.661812815947145,0.0,0.0,8.504329451044914e-05
30.0,501,722.2222222222223,166.66666666666669,132.5,6.663367803487471,0.0,0.0,8.504329407797728e-05
30.0,502,833.3333333333334,166.66666666666669,132.5,6.664881080185337,0.0,0.0,8.504329388842119e-05
30.0,503,944.4444444444445,166.66666666666669,132.5,6.6657665741147305,0.0,0.0,8.504329377701139e-05
30.0,504,55.55555555555556,277.77777777777777,132.5,6.664641453407328,0.0,0.0,8.5043293918442e-05
30.0,505,166.66666666666669,277.77777777777777,132.5,6.6633678034867465,0.0,0.0,8.50432940779774e-05
30.0,506,277.77777777777777,277.77777777777777,132.5,6.661017080037931,0.0,0.0,8.504329467250739e-05
30.0,507,388.8888888888889,277.77777777777777,132.5,6.657521137085296,0.0,0.0,8.504330200992991e-05
30.0,508,500.0,277.77777777777777,132.5,6.65476095419682,0.0,0.0,8.504330732918556e-05
30.0,509,611.1111111111111,277.77777777777777,132.5,6.657521137085321,0.0,0.0,8.504330200992991e-05
30.0,510,722.2222222222223,277.77777777777777,132.5,6.66101708003803,0.0,0.0,8.504329467250735e-05
30.0,511,833.3333333333334,277.77777777777777,132.5,6.663367803487338,0.0,0.0,8.504329407797724e-05
30.0,512,944.4444444444445,277.77777777777777,132.5,6.664641453407047,0.0,0.0,8.5043293918442e-05
30.0,513,55.55555555555556,388.8888888888889,132.5,6.6635461325371725,0.0,0.0,8.504329405515756e-05
30.0,514,166.66666666666669,388.8888888888889,132.5,6.66181281594725,0.0,0.0,8.50432945104492e-05
30.0,515,277.77777777777777,388.8888888888889,132.5,6.657521137085405,0.0,0.0,8.504330200992983e-05
30.0,516,388.8888888888889,388.8888888888889,132.5,6.649560143330448,0.0,0.0,8.504331941716567e-05
30.0,517,500.0,388.8888888888889,132.5,6.640001141380108,0.0,0.0,8.504347778172958e-05
30.0,518,611.1111111111111,388.8888888888889,132.5,6.649560143330417,0.0,0.0,8.504331941716566e-05
30.0,519,722.2222222222223,388.8888888888889,132.5,6.6575211370854674,0.0,0.0,8.504330200992989e-05
30.0,520,833.3333333333334,388.8888888888889,132.5,6.661812815947226,0.0,0.0,8.504329451044918e-05
30.0,521,944.4444444444445,388.8888888888889,132.5,6.6635461325371415,0.0,0.0,8.50432940551575e-05
30.0,522,55.55555555555556,500.0,132.5,6.663043345769709,0.0,0.0,8.504329411690361e-05
30.0,523,166.66666666666669,500.0,132.5,6.660913143577256,0.0,0.0,8.504329467691716e-05
30.0,524,277.77777777777777,500.0,132.5,6.654760954196922,0.0,0.0,8.504330732918557e-05
30.0,525,388.8888888888889,500.0,132.5,6.640001141380272,0.0,0.0,8.504347778172958e-05
30.0,526,500.0,500.0,132.5,6.602380393282667,0.0,0.0,8.504756929746751e-05
30.0,527,611.1111111111111,500.0,132.5,6.640001141380085,0.0,0.0,8.50434777817296e-05
30.0,528,722.2222222222223,500.0,132.5,6.654760954196597,0.0,0.0,8.504330732918557e-05
30.0,529,833.3333333333334,500.0,132.5,6.660913143577088,0.0,0.0,8.504329467691715e-05
30.0,530,944.4444444444445,500.0,132.5,6.663043345769768,0.0,0.0,8.504329411690355e-05
30.0,531,55.55555555555556,611.1111111111111,132.5,6.663546132537633,0.0,0.0,8.504329405515759e-05
30.0,532,166.66666666666669,611.1111111111111,132.5,6.661812815947228,0.0,0.0,8.504329451044917e-05
30.0,533,277.77777777777777,611.1111111111111,132.5,6.65752113708543,0.0,0.0,8.504330200992991e-05
30.0,534,388.8888888888889,611.1111111111111,132.5,6.649560143330446,0.0,0.0,8.504331941716566e-05
30.0,535,500.0,611.1111111111111,132.5,6.640001141380118,0.0,0.0,8.504347778172958e-05
30.0,536,611.1111111111111,611.1111111111111,132.5,6.649560143330425,0.0,0.0,8.504331941716566e-05
30.0,537,722.2222222222223,611.1111111111111,132.5,6.657521137085366,0.0,0.0,8.504330200992989e-05
30.0,538,833.3333333333334,611.1111111111111,132.5,6.661812815947204,0.0,0.0,8.504329451044911e-05
30.0,539,944.4444444444445,611.1111111111111,132.5,6.663546132537175,0.0,0.0,8.504329405515751e-05
30.0,540,55.55555555555556,722.2222222222223,132.5,6.66464145340738,0.0,0.0,8.504329391844201e-05
30.0,541,166.66666666666669,722.2222222222223,132.5,6.6633678034873824,0.0,0.0,8.504329407797735e-05
30.0,542,277.77777777777777,722.2222222222223,132.5,6.661017080037965,0.0,0.0,8.504329467250736e-05
30.0,543,388.8888888888889,722.2222222222223,132.5,6.657521137085248,0.0,0.0,8.504330200992991e-05
30.0,544,500.0,722.2222222222223,132.5,6.6547609541967185,0.0,0.0,8.504330732918554e-05
30.0,545,611.1111111111111,722.2222222222223,132.5,6.6575211370854,0.0,0.0,8.504330200992987e-05
30.0,546,722.2222222222223,722.2222222222223,132.5,6.661017080037913,0.0,0.0,8.504329467250728e-05
30.0,547,833.3333333333334,722.2222222222223,132.5,6.6633678034872625,0.0,0.0,8.504329407797733e-05
30.0,548,944.4444444444445,722.2222222222223,132.5,6.664641453407522,0.0,0.0,8.504329391844194e-05
30.0,549,55.55555555555556,833.3333333333334,132.5,6.6657665741144525,0.0,0.0,8.504329377701136e-05
30.0,550,166.66666666666669,833.3333333333334,132.5,6.6648810801852285,0.0,0.0,8.504329388842116e-05
30.0,551,277.77777777777777,833.3333333333334,132.5,6.6633678034872,0.0,0.0,8.504329407797732e-05
30.0,552,388.8888888888889,833.3333333333334,132.5,6.661812815947027,0.0,0.0,8.50432945104492e-05
30.0,553,500.0,833.3333333333334,132.5,6.660913143577033,0.0,0.0,8.504329467691719e-05
30.0,554,611.1111111111111,833.3333333333334,132.5,6.661812815947073,0.0,0.0,8.504329451044922e-05
30.0,555,722.2222222222223,833.3333333333334,132.5,6.663367803487239,0.0,0.0,8.504329407797732e-05
30.0,556,833.3333333333334,833.3333333333334,132.5,6.664881080185418,0.0,0.0,8.504329388842116e-05
30.0,557,944.4444444444445,833.3333333333334,132.5,6.665766574114953,0.0,0.0,8.504329377701139e-05
30.0,558,55.55555555555556,944.4444444444445,132.5,6.666451399629027,0.0,0.0,8.504329369096832e-05
30.0,559,166.66666666666669,944.4444444444445,132.5,6.665766574114486,0.0,0.0,8.504329377701136e-05
30.0,560,277.77777777777777,944.4444444444445,132.5,6.664641453407319,0.0,0.0,8.504329391844193e-05
30.0,561,388.8888888888889,944.4444444444445,132.5,6.663546132537288,0.0,0.0,8.504329405515759e-05
30.0,562,500.0,944.4444444444445,132.5,6.663043345769558,0.0,0.0,8.504329411690357e-05
30.0,563,611.1111111111111,944.4444444444445,132.5,6.663546132537315,0.0,0.0,8.504329405515758e-05
30.0,564,722.2222222222223,944.4444444444445,132.5,6.664641453407469,0.0,0.0,8.504329391844203e-05
30.0,565,833.3333333333334,944.4444444444445,132.5,6.665766574114908,0.0,0.0,8.504329377701134e-05
30.0,566,944.4444444444445,944.4444444444445,132.5,6.666451399629255,0.0,0.0,8.504329369096832e-05
30.0,567,55.55555555555556,55.55555555555556,137.5,7.154774693455735,0.0,0.0,9.123729164462193e-05
30.0,568,166.66666666666669,55.55555555555556,137.5,7.154090041314526,0.0,0.0,9.123729159124902e-05
30.0,569,277.77777777777777,55.55555555555556,137.5,7.15296530693452,0.0,0.0,9.123729150560059e-05
30.0,570,388.8888888888889,55.55555555555556,137.5,7.151871211639397,0.0,0.0,9.123729144424089e-05
30.0,571,500.0,55.55555555555556,137.5,7.15136872298707,0.0,0.0,9.123729143294984e-05
30.0,572,611.1111111111111,55.55555555555556,137.5,7.151871211639401,0.0,0.0,9.123729144424098e-05
30.0,573,722.2222222222223,55.55555555555556,137.5,7.152965306934545,0.0,0.0,9.123729150560055e-05
30.0,574,833.3333333333334,55.55555555555556,137.5,7.1540900413142445,0.0,0.0,9.123729159124908e-05
30.0,575,944.4444444444445,55.55555555555556,137.5,7.15477469345553,0.0,0.0,9.123729164462187e-05
30.0,576,55.55555555555556,166.66666666666669,137.5,7.154090041314734,0.0,0.0,9.123729159124907e-05
30.0,577,166.66666666666669,166.66666666666669,137.5,7.153204913824694,0.0,0.0,9.12372915254071e-05
30.0,578,277.77777777777777,166.66666666666669,137.5,7.151693990915287,0.0,0.0,9.1237291474989e-05
30.0,579,388.8888888888889,166.66666666666669,137.5,7.150185977665664,0.0,0.0,9.123729392521568e-05
30.0,580,500.0,166.66666666666669,137.5,7.149296424075228,0.0,0.0,9.123729693822961e-05
30.0,581,611.1111111111111,166.66666666666669,137.5,7.150185977665755,0.0,0.0,9.12372939252157e-05
30.0,582,722.2222222222223,166.66666666666669,137.5,7.151693990915536,0.0,0.0,9.123729147498905e-05
30.0,583,833.3333333333334,166.66666666666669,137.5,7.153204913824938,0.0,0.0,9.1237291525407e-05
30.0,584,944.4444444444445,166.66666666666669,137.5,7.15409004131445,0.0,0.0,9.123729159124909e-05
30.0,585,55.55555555555556,277.77777777777777,137.5,7.152965306934609,0.0,0.0,9.123729150560054e-05
30.0,586,166.66666666666669,277.77777777777777,137.5,7.151693990914794,0.0,0.0,9.123729147498904e-05
30.0,587,277.77777777777777,277.77777777777777,137.5,7.149401307747963,0.0,0.0,9.123729649311479e-05
30.0,588,388.8888888888889,277.77777777777777,137.5,7.145925515635513,0.0,0.0,9.123730158343617e-05
30.0,589,500.0,277.77777777777777,137.5,7.143173317001692,0.0,0.0,9.12373093663359e-05
30.0,590,611.1111111111111,277.77777777777777,137.5,7.145925515635538,0.0,0.0,9.123730158343626e-05
30.0,591,722.2222222222223,277.77777777777777,137.5,7.149401307748078,0.0,0.0,9.123729649311479e-05
30.0,592,833.3333333333334,277.77777777777777,137.5,7.151693990915334,0.0,0.0,9.123729147498901e-05
30.0,593,944.4444444444445,277.77777777777777,137.5,7.1529653069342585,0.0,0.0,9.123729150560052e-05
30.0,594,55.55555555555556,388.8888888888889,137.5,7.151871211639208,0.0,0.0,9.123729144424086e-05
30.0,595,166.66666666666669,388.8888888888889,137.5,7.150185977665883,0.0,0.0,9.123729392521574e-05
30.0,596,277.77777777777777,388.8888888888889,137.5,7.145925515635625,0.0,0.0,9.123730158343625e-05
30.0,597,388.8888888888889,388.8888888888889,137.5,7.137979423221002,0.0,0.0,9.123732137514313e-05
30.0,598,500.0,388.8888888888889,137.5,7.128593371141793,0.0,0.0,9.123741287836486e-05
30.0,599,611.1111111111111,388.8888888888889,137.5,7.13797942322097,0.0,0.0,9.123732137514311e-05
30.0,600,722.2222222222223,388.8888888888889,137.5,7.1459255156357235,0.0,0.0,9.123730158343628e-05
30.0,601,833.3333333333334,388.8888888888889,137.5,7.150185977665848,0.0,0.0,9.123729392521568e-05
30.0,602,944.4444444444445,388.8888888888889,137.5,7.151871211639175,0.0,0.0,9.12372914442409e-05
30.0,603,55.55555555555556,500.0,137.5,7.151368722987257,0.0,0.0,9.123729143294982e-05
30.0,604,166.66666666666669,500.0,137.5,7.149296424075345,0.0,0.0,9.123729693822963e-05
30.0,605,277.77777777777777,500.0,137.5,7.143173317001788,0.0,0.0,9.123730936633591e-05
30.0,606,388.8888888888889,500.0,137.5,7.128593371141991,0.0,0.0,9.123741287836483e-05
30.0,607,500.0,500.0,137.5,7.095978475229208,0.0,0.0,9.123943710787786e-05
30.0,608,611.1111111111111,500.0,137.5,7.128593371141771,0.0,0.0,9.123741287836489e-05
30.0,609,722.2222222222223,500.0,137.5,7.143173317001551,0.0,0.0,9.123730936633602e-05
30.0,610,833.3333333333334,500.0,137.5,7.149296424075144,0.0,0.0,9.123729693822964e-05
30.0,611,944.4444444444445,500.0,137.5,7.151368722987316,0.0,0.0,9.12372914329498e-05
30.0,612,55.55555555555556,611.1111111111111,137.5,7.151871211639553,0.0,0.0,9.123729144424091e-05
30.0,613,166.66666666666669,611.1111111111111,137.5,7.150185977665838,0.0,0.0,9.12372939252157e-05
30.0,614,277.77777777777777,611.1111111111111,137.5,7.145925515635652,0.0,0.0,9.123730158343624e-05
30.0,615,388.8888888888889,611.1111111111111,137.5,7.137979423220999,0.0,0.0,9.123732137514311e-05
30.0,616,500.0,611.1111111111111,137.5,7.128593371141805,0.0,0.0,9.123741287836489e-05
30.0,617,611.1111111111111,611.1111111111111,137.5,7.137979423220979,0.0,0.0,9.12373213751432e-05
30.0,618,722.2222222222223,611.1111111111111,137.5,7.145925515635592,0.0,0.0,9.123730158343624e-05
30.0,619,833.3333333333334,611.1111111111111,137.5,7.150185977665828,0.0,0.0,9.123729392521569e-05
30.0,620,944.4444444444445,611.1111111111111,137.5,7.151871211639211,0.0,0.0,9.12372914442409e-05
30.0,621,55.55555555555556,722.2222222222223,137.5,7.152965306934599,0.0,0.0,9.123729150560051e-05
30.0,622,166.66666666666669,722.2222222222223,137.5,7.151693990915376,0.0,0.0,9.123729147498909e-05
30.0,623,277.77777777777777,722.2222222222223,137.5,7.149401307747989,0.0,0.0,9.123729649311487e-05
30.0,624,388.8888888888889,722.2222222222223,137.5,7.145925515635438,0.0,0.0,9.123730158343624e-05
30.0,625,500.0,722.2222222222223,137.5,7.143173317001555,0.0,0.0,9.123730936633601e-05
30.0,626,611.1111111111111,722.2222222222223,137.5,7.145925515635627,0.0,0.0,9.123730158343621e-05
30.0,627,722.2222222222223,722.2222222222223,137.5,7.149401307747911,0.0,0.0,9.123729649311484e-05
30.0,628,833.3333333333334,722.2222222222223,137.5,7.151693990915193,0.0,0.0,9.123729147498906e-05
30.0,629,944.4444444444445,722.2222222222223,137.5,7.152965306934747,0.0,0.0,9.12372915056005e-05
30.0,630,55.55555555555556,833.3333333333334,137.5,7.1540900413141,0.0,0.0,9.12372915912491e-05
30.0,631,166.66666666666669,833.3333333333334,137.5,7.153204913824824,0.0,0.0,9.123729152540701e-05
30.0,632,277.77777777777777,833.3333333333334,137.5,7.151693990915132,0.0,0.0,9.123729147498904e-05
30.0,633,388.8888888888889,833.3333333333334,137.5,7.150185977665611,0.0,0.0,9.123729392521572e-05
30.0,634,500.0,833.3333333333334,137.5,7.149296424075091,0.0,0.0,9.123729693822964e-05
30.0,635,611.1111111111111,833.3333333333334,137.5,7.150185977665657,0.0,0.0,9.123729392521573e-05
30.0,636,722.2222222222223,833.3333333333334,137.5,7.151693990915168,0.0,0.0,9.123729147498902e-05
30.0,637,833.3333333333334,833.3333333333334,137.5,7.1532049138250136,0.0,0.0,9.12372915254071e-05
30.0,638,944.4444444444445,833.3333333333334,137.5,7.154090041314668,0.0,0.0,9.123729159124907e-05
30.0,639,55.55555555555556,944.4444444444445,137.5,7.1547746934553365,0.0,0.0,9.123729164462191e-05
30.0,640,166.66666666666669,944.4444444444445,137.5,7.154090041314132,0.0,0.0,9.123729159124912e-05
30.0,641,277.77777777777777,944.4444444444445,137.5,7.152965306934535,0.0,0.0,9.123729150560051e-05
30.0,642,388.8888888888889,944.4444444444445,137.5,7.151871211639267,0.0,0.0,9.123729144424091e-05
30.0,643,500.0,944.4444444444445,137.5,7.1513687229871055,0.0,0.0,9.123729143294982e-05
30.0,644,611.1111111111111,944.4444444444445,137.5,7.151871211639295,0.0,0.0,9.123729144424091e-05
30.0,645,722.2222222222223,944.4444444444445,137.5,7.152965306934686,0.0,0.0,9.123729150560054e-05
30.0,646,833.3333333333334,944.4444444444445,137.5,7.154090041314625,0.0,0.0,9.123729159124908e-05
30.0,647,944.4444444444445,944.4444444444445,137.5,7.15477469345557,0.0,0.0,9.123729164462191e-05
30.0,648,55.55555555555556,55.55555555555556,142.5,7.643111522829469,0.0,0.0,9.742973792643879e-05
30.0,649,166.66666666666669,55.55555555555556,142.5,7.642426950820451,0.0,0.0,9.742973789992502e-05
30.0,650,277.77777777777777,55.55555555555556,142.5,7.641302400221101,0.0,0.0,9.742973785743514e-05
30.0,651,388.8888888888889,55.55555555555556,142.5,7.640208639981107,0.0,0.0,9.742973782073236e-05
30.0,652,500.0,55.55555555555556,142.5,7.639706247304475,0.0,0.0,9.742973780901867e-05
30.0,653,611.1111111111111,55.55555555555556,142.5,7.640208639981109,0.0,0.0,9.742973782073244e-05
30.0,654,722.2222222222223,55.55555555555556,142.5,7.641302400221127,0.0,0.0,9.742973785743512e-05
30.0,655,833.3333333333334,55.55555555555556,142.5,7.642426950820179,0.0,0.0,9.742973789992499e-05
30.0,656,944.4444444444445,55.55555555555556,142.5,7.643111522829262,0.0,0.0,9.742973792643874e-05
30.0,657,55.55555555555556,166.66666666666669,142.5,7.642426950820659,0.0,0.0,9.742973789992497e-05
30.0,658,166.66666666666669,166.66666666666669,142.5,7.641542000385281,0.0,0.0,9.742973786739948e-05
30.0,659,277.77777777777777,166.66666666666669,142.5,7.640031645075345,0.0,0.0,9.742973782363668e-05
30.0,660,388.8888888888889,166.66666666666669,142.5,7.638498535802371,0.0,0.0,9.742973715299407e-05
30.0,661,500.0,166.66666666666669,142.5,7.63760421562344,0.0,0.0,9.742973651896435e-05
30.0,662,611.1111111111111,166.66666666666669,142.5,7.638498535802459,0.0,0.0,9.742973715299409e-05
30.0,663,722.2222222222223,166.66666666666669,142.5,7.640031645075558,0.0,0.0,9.742973782363667e-05
30.0,664,833.3333333333334,166.66666666666669,142.5,7.64154200038549,0.0,0.0,9.74297378673995e-05
30.0,665,944.4444444444445,166.66666666666669,142.5,7.6424269508203775,0.0,0.0,9.742973789992495e-05
30.0,666,55.55555555555556,277.77777777777777,142.5,7.641302400221081,0.0,0.0,9.742973785743516e-05
30.0,667,166.66666666666669,277.77777777777777,142.5,7.640031645074805,0.0,0.0,9.742973782363669e-05
30.0,668,277.77777777777777,277.77777777777777,142.5,7.637708004610852,0.0,0.0,9.742973652576707e-05
30.0,669,388.8888888888889,277.77777777777777,142.5,7.634223132488618,0.0,0.0,9.742973399516495e-05
30.0,670,500.0,277.77777777777777,142.5,7.631473295324576,0.0,0.0,9.742973554503442e-05
30.0,671,611.1111111111111,277.77777777777777,142.5,7.6342231324886445,0.0,0.0,9.742973399516495e-05
30.0,672,722.2222222222223,277.77777777777777,142.5,7.637708004610962,0.0,0.0,9.74297365257671e-05
30.0,673,833.3333333333334,277.77777777777777,142.5,7.640031645075392,0.0,0.0,9.742973782363668e-05
30.0,674,944.4444444444445,277.77777777777777,142.5,7.641302400220768,0.0,0.0,9.742973785743516e-05
30.0,675,55.55555555555556,388.8888888888889,142.5,7.640208639980969,0.0,0.0,9.742973782073236e-05
30.0,676,166.66666666666669,388.8888888888889,142.5,7.638498535802571,0.0,0.0,9.742973715299407e-05
30.0,677,277.77777777777777,388.8888888888889,142.5,7.634223132488729,0.0,0.0,9.742973399516489e-05
30.0,678,388.8888888888889,388.8888888888889,142.5,7.626282808456859,0.0,0.0,9.742973338489993e-05
30.0,679,500.0,388.8888888888889,142.5,7.617006198067134,0.0,0.0,9.742974047460376e-05
30.0,680,611.1111111111111,388.8888888888889,142.5,7.626282808456827,0.0,0.0,9.742973338489993e-05
30.0,681,722.2222222222223,388.8888888888889,142.5,7.63422313248881,0.0,0.0,9.742973399516493e-05
30.0,682,833.3333333333334,388.8888888888889,142.5,7.638498535802546,0.0,0.0,9.742973715299409e-05
30.0,683,944.4444444444445,388.8888888888889,142.5,7.640208639980937,0.0,0.0,9.742973782073236e-05
30.0,684,55.55555555555556,500.0,142.5,7.6397062473046615,0.0,0.0,9.742973780901869e-05
30.0,685,166.66666666666669,500.0,142.5,7.637604215623559,0.0,0.0,9.742973651896435e-05
30.0,686,277.77777777777777,500.0,142.5,7.631473295324674,0.0,0.0,9.742973554503449e-05
30.0,687,388.8888888888889,500.0,142.5,7.617006198067313,0.0,0.0,9.742974047460376e-05
30.0,688,500.0,500.0,142.5,7.586777849712792,0.0,0.0,9.742974047468078e-05
30.0,689,611.1111111111111,500.0,142.5,7.617006198067111,0.0,0.0,9.742974047460369e-05
30.0,690,722.2222222222223,500.0,142.5,7.631473295324453,0.0,0.0,9.74297355450344e-05
30.0,691,833.3333333333334,500.0,142.5,7.6376042156233765,0.0,0.0,9.742973651896438e-05
30.0,692,944.4444444444445,500.0,142.5,7.63970624730472,0.0,0.0,9.742973780901865e-05
30.0,693,55.55555555555556,611.1111111111111,142.5,7.640208639981261,0.0,0.0,9.742973782073241e-05
30.0,694,166.66666666666669,611.1111111111111,142.5,7.63849853580254,0.0,0.0,9.742973715299409e-05
30.0,695,277.77777777777777,611.1111111111111,142.5,7.634223132488754,0.0,0.0,9.742973399516497e-05
30.0,696,388.8888888888889,611.1111111111111,142.5,7.626282808456856,0.0,0.0,9.74297333849e-05
30.0,697,500.0,611.1111111111111,142.5,7.617006198067142,0.0,0.0,9.742974047460368e-05
30.0,698,611.1111111111111,611.1111111111111,142.5,7.6262828084568355,0.0,0.0,9.74297333848999e-05
30.0,699,722.2222222222223,611.1111111111111,142.5,7.6342231324886916,0.0,0.0,9.742973399516493e-05
30.0,700,833.3333333333334,611.1111111111111,142.5,7.638498535802521,0.0,0.0,9.742973715299409e-05
30.0,701,944.4444444444445,611.1111111111111,142.5,7.6402086399809725,0.0,0.0,9.742973782073241e-05
30.0,702,55.55555555555556,722.2222222222223,142.5,7.641302400221181,0.0,0.0,9.742973785743523e-05
30.0,703,166.66666666666669,722.2222222222223,142.5,7.6400316450754335,0.0,0.0,9.742973782363664e-05
30.0,704,277.77777777777777,722.2222222222223,142.5,7.6377080046108805,0.0,0.0,9.74297365257671e-05
30.0,705,388.8888888888889,722.2222222222223,142.5,7.6342231324885566,0.0,0.0,9.742973399516489e-05
30.0,706,500.0,722.2222222222223,142.5,7.631473295324454,0.0,0.0,9.742973554503443e-05
30.0,707,611.1111111111111,722.2222222222223,142.5,7.634223132488722,0.0,0.0,9.742973399516488e-05
30.0,708,722.2222222222223,722.2222222222223,142.5,7.637708004610682,0.0,0.0,9.742973652576711e-05
30.0,709,833.3333333333334,722.2222222222223,142.5,7.64003164507515,0.0,0.0,9.74297378236367e-05
30.0,710,944.4444444444445,722.2222222222223,142.5,7.641302400221192,0.0,0.0,9.742973785743512e-05
30.0,711,55.55555555555556,833.3333333333334,142.5,7.642426950820063,0.0,0.0,9.7429737899925e-05
30.0,712,166.66666666666669,833.3333333333334,142.5,7.641542000385373,0.0,0.0,9.742973786739947e-05
30.0,713,277.77777777777777,833.3333333333334,142.5,7.640031645075091,0.0,0.0,9.742973782363664e-05
30.0,714,388.8888888888889,833.3333333333334,142.5,7.638498535802323,0.0,0.0,9.742973715299409e-05
30.0,715,500.0,833.3333333333334,142.5,7.637604215623317,0.0,0.0,9.742973651896431e-05
30.0,716,611.1111111111111,833.3333333333334,142.5,7.638498535802369,0.0,0.0,9.742973715299409e-05
30.0,717,722.2222222222223,833.3333333333334,142.5,7.640031645075126,0.0,0.0,9.742973782363668e-05
30.0,718,833.3333333333334,833.3333333333334,142.5,7.641542000385561,0.0,0.0,9.74297378673995e-05
30.0,719,944.4444444444445,833.3333333333334,142.5,7.642426950820592,0.0,0.0,9.742973789992502e-05
30.0,720,55.55555555555556,944.4444444444445,142.5,7.643111522829068,0.0,0.0,9.742973792643874e-05
30.0,721,166.66666666666669,944.4444444444445,142.5,7.642426950820095,0.0,0.0,9.742973789992499e-05
30.0,722,277.77777777777777,944.4444444444445,142.5,7.641302400221115,0.0,0.0,9.742973785743512e-05
30.0,723,388.8888888888889,944.4444444444445,142.5,7.640208639981003,0.0,0.0,9.742973782073244e-05
30.0,724,500.0,944.4444444444445,142.5,7.63970624730451,0.0,0.0,9.742973780901868e-05
30.0,725,611.1111111111111,944.4444444444445,142.5,7.640208639981032,0.0,0.0,9.742973782073245e-05
30.0,726,722.2222222222223,944.4444444444445,142.5,7.6413024002212655,0.0,0.0,9.742973785743514e-05
30.0,727,833.3333333333334,944.4444444444445,142.5,7.642426950820552,0.0,0.0,9.742973789992499e-05
30.0,728,944.4444444444445,944.4444444444445,142.5,7.643111522829304,0.0,0.0,9.742973792643874e-05
90.0,0,55.55555555555556,55.55555555555556,102.5,5.989460011215876,0.7499383209438691,0.9728872417146776,7.958350176545095e-05
90.0,1,166.66666666666669,55.55555555555556,102.5,5.986938151581364,0.7499382163634037,0.9728843105935601,7.954981100722095e-05
90.0,2,277.77777777777777,55.55555555555556,102.5,5.982595772702669,0.7499380730885316,0.9728792573298192,7.949179889604258e-05
90.0,3,388.8888888888889,55.55555555555556,102.5,5.978091290839615,0.7499379762800806,0.9728740077621552,7.943162102313748e-05
90.0,4,500.0,55.55555555555556,102.5,5.975966505586786,0.7499379505267316,0.9728715289427197,7.940323479864751e-05
90.0,5,611.1111111111111,55.55555555555556,102.5,5.978091290839615,0.7499379762800806,0.9728740077621548,7.943162102313745e-05
90.0,6,722.2222222222223,55.55555555555556,102.5,5.98259577270267,0.7499380730885316,0.9728792573298195,7.949179889604261e-05
90.0,7,833.3333333333334,55.55555555555556,102.5,5.9869381515813656,0.7499382163634036,0.9728843105935601,7.95498110072211e-05
90.0,8,944.4444444444445,55.55555555555556,102.5,5.9894600112158765,0.7499383209438689,0.9728872417146771,7.958350176545091e-05
90.0,9,55.55555555555556,166.66666666666669,102.5,5.986938151581364,0.7499382163634037,0.9728843105935602,7.954981100722097e-05
90.0,10,166.66666666666669,166.66666666666669,102.5,5.9832162067339185,0.7499380880401406,0.9728799795325662,7.950008758709653e-05
90.0,11,277.77777777777777,166.66666666666669,102.5,5.976445791186162,0.7499379583875481,0.9728720886740855,7.940963788807726e-05
90.0,12,388.8888888888889,166.66666666666669,102.5,5.9687199839389695,0.7499379519099257,0.972863061669357,7.930642409948229e-05
90.0,13,500.0,166.66666666666669,102.5,5.964456606121411,0.7499380207738467,0.9728580708925343,7.924946688567328e-05
90.0,14,611.1111111111111,166.66666666666669,102.5,5.9687199839389695,0.7499379519099257,0.972863061669357,7.930642409948229e-05
90.0,15,722.2222222222223,166.66666666666669,102.5,5.976445791186163,0.7499379583875483,0.9728720886740864,7.940963788807733e-05
90.0,16,833.3333333333334,166.66666666666669,102.5,5.983216206733919,0.7499380880401406,0.9728799795325662,7.950008758709653e-05
90.0,17,944.4444444444445,166.66666666666669,102.5,5.9869381515813656,0.7499382163634041,0.9728843105935616,7.954981100722123e-05
90.0,18,55.55555555555556,277.77777777777777,102.5,5.982595772702669,0.7499380730885317,0.9728792573298205,7.949179889604269e-05
90.0,19,166.66666666666669,277.77777777777777,102.5,5.976445791186162,0.749937958387548,0.972872088674085,7.940963788807722e-05
90.0,20,277.77777777777777,277.77777777777777,102.5,5.964297751249197,0.7499380236945898,0.9728578849158527,7.924734464803401e-05
90.0,21,388.8888888888889,277.77777777777777,102.5,5.948173366485563,0.7499383429061723,0.9728389428989015,7.903192725975015e-05
90.0,22,500.0,277.77777777777777,102.5,5.936372469034079,0.749937718907178,0.9728250151131759,7.887426927361704e-05
90.0,23,611.1111111111111,277.77777777777777,102.5,5.948173366485563,0.749938342906172,0.9728389428989007,7.903192725975009e-05
90.0,24,722.2222222222223,277.77777777777777,102.5,5.964297751249197,0.7499380236945897,0.9728578849158519,7.924734464803394e-05
90.0,25,833.3333333333334,277.77777777777777,102.5,5.976445791186163,0.7499379583875481,0.9728720886740855,7.940963788807726e-05
90.0,26,944.4444444444445,277.77777777777777,102.5,5.982595772702671,0.7499380730885316,0.9728792573298196,7.949179889604262e-05
90.0,27,55.55555555555556,388.8888888888889,102.5,5.978091290839615,0.7499379762800806,0.9728740077621557,7.943162102313752e-05
90.0,28,166.66666666666669,388.8888888888889,102.5,5.9687199839389695,0.7499379519099257,0.972863061669357,7.930642409948229e-05
90.0,29,277.77777777777777,388.8888888888889,102.5,5.9481733664855625,0.7499383429061719,0.9728389428989003,7.903192725974991e-05
90.0,30,388.8888888888889,388.8888888888889,102.5,5.914304996009619,0.749937552804254,0.9727988230917192,7.857944890009389e-05
90.0,31,500.0,388.8888888888889,102.5,5.874380409821176,0.7499370005707496,0.9727509463472049,7.804604979276407e-05
90.0,32,611.1111111111111,388.8888888888889,102.5,5.914304996009618,0.7499375528042537,0.9727988230917174,7.857944890009374e-05
90.0,33,722.2222222222223,388.8888888888889,102.5,5.948173366485563,0.749938342906172,0.9728389428989007,7.903192725975009e-05
90.0,34,833.3333333333334,388.8888888888889,102.5,5.9687199839389695,0.7499379519099255,0.9728630616693558,7.930642409948219e-05
90.0,35,944.4444444444445,388.8888888888889,102.5,5.9780912908396155,0.7499379762800807,0.9728740077621565,7.943162102313758e-05
90.0,36,55.55555555555556,500.0,102.5,5.975966505586787,0.7499379505267317,0.9728715289427201,7.940323479864755e-05
90.0,37,166.66666666666669,500.0,102.5,5.964456606121412,0.7499380207738469,0.9728580708925351,7.924946688567335e-05
90.0,38,277.77777777777777,500.0,102.5,5.93637246903408,0.7499377189071778,0.9728250151131843,7.887426927361772e-05
90.0,39,388.8888888888889,500.0,102.5,5.874380409821176,0.7499370005707496,0.9727509463472047,7.804604979276406e-05
90.0,40,500.0,500.0,102.5,5.706739521832248,0.7499362762760236,0.9725428894353257,7.58062301718823e-05
90.0,41,611.1111111111111,500.0,102.5,5.874380409821176,0.7499370005707493,0.9727509463472034,7.804604979276395e-05
90.0,42,722.2222222222223,500.0,102.5,5.93637246903408,0.7499377189071779,0.9728250151131759,7.887426927361704e-05
90.0,43,833.3333333333334,500.0,102.5,5.964456606121412,0.7499380207738469,0.9728580708925357,7.92494668856734e-05
90.0,44,944.4444444444445,500.0,102.5,5.975966505586787,0.7499379505267316,0.9728715289427198,7.940323479864752e-05
90.0,45,55.55555555555556,611.1111111111111,102.5,5.9780912908396155,0.7499379762800804,0.972874007762155,7.943162102313746e-05
90.0,46,166.66666666666669,611.1111111111111,102.5,5.96871998393897,0.7499379519099258,0.9728630616693573,7.930642409948231e-05
90.0,47,277.77777777777777,611.1111111111111,102.5,5.948173366485563,0.7499383429061721,0.9728389428989008,7.90319272597501e-05
90.0,48,388.8888888888889,611.1111111111111,102.5,5.914304996009618,0.7499375528042538,0.9727988230917175,7.857944890009375e-05
90.0,49,500.0,611.1111111111111,102.5,5.874380409821176,0.7499370005707496,0.9727509463472047,7.804604979276406e-05
90.0,50,611.1111111111111,611.1111111111111,102.5,5.914304996009618,0.7499375528042534,0.972798823091725,7.857944890009436e-05
90.0,51,722.2222222222223,611.1111111111111,102.5,5.948173366485563,0.7499383429061721,0.9728389428989005,7.903192725975007e-05
90.0,52,833.3333333333334,611.1111111111111,102.5,5.96871998393897,0.7499379519099255,0.972863061669356,7.93064240994822e-05
90.0,53,944.4444444444445,611.1111111111111,102.5,5.9780912908396155,0.7499379762800806,0.9728740077621557,7.943162102313752e-05
90.0,54,55.55555555555556,722.2222222222223,102.5,5.982595772702671,0.7499380730885317,0.972879257329821,7.949179889604273e-05
90.0,55,166.66666666666669,722.2222222222223,102.5,5.976445791186163,0.749937958387548,0.972872088674085,7.940963788807722e-05
90.0,56,277.77777777777777,722.2222222222223,102.5,5.964297751249197,0.7499380236945901,0.9728578849158532,7.924734464803405e-05
90.0,57,388.8888888888889,722.2222222222223,102.5,5.948173366485563,0.7499383429061721,0.9728389428989005,7.903192725975007e-05
90.0,58,500.0,722.2222222222223,102.5,5.93637246903408,0.749937718907178,0.9728250151131764,7.887426927361708e-05
90.0,59,611.1111111111111,722.2222222222223,102.5,5.948173366485563,0.7499383429061721,0.9728389428989005,7.903192725975007e-05
90.0,60,722.2222222222223,722.2222222222223,102.5,5.964297751249197,0.7499380236945898,0.9728578849158527,7.924734464803401e-05
90.0,61,833.3333333333334,722.2222222222223,102.5,5.976445791186163,0.749937958387548,0.9728720886740851,7.940963788807724e-05
90.0,62,944.4444444444445,722.2222222222223,102.5,5.98259577270267,0.7499380730885316,0.9728792573298196,7.949179889604262e-05
90.0,63,55.55555555555556,833.3333333333334,102.5,5.9869381515813656,0.7499382163634037,0.9728843105935603,7.954981100722112e-05
90.0,64,166.66666666666669,833.3333333333334,102.5,5.983216206733919,0.7499380880401404,0.9728799795325652,7.950008758709645e-05
90.0,65,277.77777777777777,833.3333333333334,102.5,5.976445791186163,0.7499379583875483,0.9728720886740867,7.940963788807736e-05
90.0,66,388.8888888888889,833.3333333333334,102.5,5.9687199839389695,0.7499379519099256,0.9728630616693563,7.930642409948223e-05
90.0,67,500.0,833.3333333333334,102.5,5.964456606121411,0.7499380207738467,0.9728580708925343,7.924946688567328e-05
90.0,68,611.1111111111111,833.3333333333334,102.5,5.968719983938969,0.7499379519099257,0.9728630616693573,7.930642409948231e-05
90.0,69,722.2222222222223,833.3333333333334,102.5,5.976445791186162,0.7499379583875483,0.9728720886740864,7.940963788807733e-05
90.0,70,833.3333333333334,833.3333333333334,102.5,5.983216206733919,0.7499380880401405,0.9728799795325658,7.950008758709649e-05
90.0,71,944.4444444444445,833.3333333333334,102.5,5.9869381515813656,0.749938216363404,0.9728843105935611,7.954981100722118e-05
90.0,72,55.55555555555556,944.4444444444445,102.5,5.989460011215877,0.7499383209438689,0.9728872417146771,7.958350176545091e-05
90.0,73,166.66666666666669,944.4444444444445,102.5,5.9869381515813656,0.7499382163634036,0.9728843105935601,7.95498110072211e-05
90.0,74,277.77777777777777,944.4444444444445,102.5,5.982595772702671,0.7499380730885316,0.9728792573298196,7.949179889604262e-05
90.0,75,388.8888888888889,944.4444444444445,102.5,5.9780912908396155,0.7499379762800806,0.9728740077621558,7.943162102313753e-05
90.0,76,500.0,944.4444444444445,102.5,5.975966505586787,0.7499379505267317,0.9728715289427201,7.940323479864755e-05
90.0,77,611.1111111111111,944.4444444444445,102.5,5.9780912908396155,0.7499379762800805,0.9728740077621548,7.943162102313745e-05
90.0,78,722.2222222222223,944.4444444444445,102.5,5.98259577270267,0.7499380730885317,0.9728792573298206,7.94917988960427e-05
90.0,79,833.3333333333334,944.4444444444445,102.5,5.9869381515813656,0.749938216363404,0.9728843105935618,7.95498110072211e-05
90.0,80,944.4444444444445,944.4444444444445,102.5,5.9894600112158765,0.7499383209438691,0.9728872417146776,7.958350176545095e-05
90.0,81,55.55555555555556,55.55555555555556,107.5,5.989754430699646,0.7498989329314077,0.9728875820701338,7.958743491875965e-05
90.0,82,166.66666666666669,55.55555555555556,107.5,5.987232458489561,0.7498988256648271,0.9728846509782533,7.955374265178298e-05
90.0,83,277.77777777777777,55.55555555555556,107.5,5.9828898854296435,0.7498986826121833,0.972879598367742,7.94957279874562e-05
90.0,84,388.8888888888889,55.55555555555556,107.5,5.978385211472133,0.7498985847455373,0.9728743493768727,7.94355475815966e-05
90.0,85,500.0,55.55555555555556,107.5,5.976260369115588,0.7498985564137717,0.9728718706076082,7.940716058862453e-05
90.0,86,611.1111111111111,55.55555555555556,107.5,5.978385211472133,0.7498985847455375,0.9728743493768739,7.943554758159671e-05
90.0,87,722.2222222222223,55.55555555555556,107.5,5.982889885429644,0.749898682612183,0.9728795983677403,7.949572798745607e-05
90.0,88,833.3333333333334,55.55555555555556,107.5,5.9872324584895615,0.749898825664827,0.9728846509782534,7.9553742651783e-05
90.0,89,944.4444444444445,55.55555555555556,107.5,5.989754430699648,0.7498989329314077,0.9728875820701337,7.958743491875979e-05
90.0,90,55.55555555555556,166.66666666666669,107.5,5.987232458489561,0.7498988256648271,0.9728846509782529,7.955374265178295e-05
90.0,91,166.66666666666669,166.66666666666669,107.5,5.983510343305559,0.749898699815062,0.972880320706352,7.950401701030572e-05
90.0,92,277.77777777777777,166.66666666666669,107.5,5.976739634750678,0.7498985592516053,0.9728724297041387,7.941356336484418e-05
90.0,93,388.8888888888889,166.66666666666669,107.5,5.969013640431458,0.7498985518330018,0.9728634038941251,7.931034713723925e-05
90.0,94,500.0,166.66666666666669,107.5,5.964750887233699,0.7498986107067108,0.9728584136337483,7.925339822015037e-05
90.0,95,611.1111111111111,166.66666666666669,107.5,5.969013640431458,0.7498985518330018,0.9728634038941251,7.931034713723925e-05
90.0,96,722.2222222222223,166.66666666666669,107.5,5.97673963475068,0.7498985592516053,0.9728724297041387,7.941356336484418e-05
90.0,97,833.3333333333334,166.66666666666669,107.5,5.983510343305561,0.749898699815062,0.9728803207063527,7.950401701030578e-05
90.0,98,944.4444444444445,166.66666666666669,107.5,5.987232458489562,0.749898825664827,0.9728846509782533,7.955374265178298e-05
90.0,99,55.55555555555556,277.77777777777777,107.5,5.9828898854296435,0.7498986826121831,0.9728795983677408,7.949572798745611e-05
90.0,100,166.66666666666669,277.77777777777777,107.5,5.976739634750678,0.7498985592516052,0.9728724297041373,7.941356336484407e-05
90.0,101,277.77777777777777,277.77777777777777,107.5,5.964591310786097,0.749898615320009,0.9728582270170485,7.925126635808891e-05
90.0,102,388.8888888888889,277.77777777777777,107.5,5.948468998542328,0.7498989613765993,0.9728392893010199,7.903587669388328e-05
90.0,103,500.0,277.77777777777777,107.5,5.93668510564821,0.7498983308689441,0.9728253832215473,7.887844593047412e-05
90.0,104,611.1111111111111,277.77777777777777,107.5,5.948468998542329,0.7498989613765994,0.9728392893010206,7.903587669388333e-05
90.0,105,722.2222222222223,277.77777777777777,107.5,5.964591310786098,0.7498986153200087,0.9728582270170468,7.925126635808877e-05
90.0,106,833.3333333333334,277.77777777777777,107.5,5.976739634750679,0.7498985592516053,0.972872429704139,7.94135633648442e-05
90.0,107,944.4444444444445,277.77777777777777,107.5,5.982889885429645,0.7498986826121833,0.9728795983677421,7.949572798745635e-05
90.0,108,55.55555555555556,388.8888888888889,107.5,5.978385211472133,0.7498985847455373,0.9728743493768727,7.94355475815966e-05
90.0,109,166.66666666666669,388.8888888888889,107.5,5.969013640431458,0.7498985518330019,0.972863403894126,7.931034713723932e-05
90.0,110,277.77777777777777,388.8888888888889,107.5,5.948468998542328,0.7498989613765993,0.9728392893010197,7.903587669388327e-05
90.0,111,388.8888888888889,388.8888888888889,107.5,5.91463659251001,0.7498981440723278,0.9727992163259688,7.858387889636006e-05
90.0,112,500.0,388.8888888888889,107.5,5.874964412162992,0.7498976025131319,0.9727516496645185,7.805385211207603e-05
90.0,113,611.1111111111111,388.8888888888889,107.5,5.914636592510009,0.7498981440723279,0.9727992163259688,7.858387889636006e-05
90.0,114,722.2222222222223,388.8888888888889,107.5,5.948468998542329,0.7498989613765996,0.9728392893010216,7.903587669388341e-05
90.0,115,833.3333333333334,388.8888888888889,107.5,5.969013640431458,0.7498985518330019,0.972863403894126,7.931034713723932e-05
90.0,116,944.4444444444445,388.8888888888889,107.5,5.978385211472134,0.7498985847455373,0.9728743493768731,7.943554758159664e-05
90.0,117,55.55555555555556,500.0,107.5,5.9762603691155896,0.7498985564137716,0.972871870607608,7.940716058862452e-05
90.0,118,166.66666666666669,500.0,107.5,5.9647508872337,0.7498986107067106,0.9728584136337473,7.925339822015029e-05
90.0,119,277.77777777777777,500.0,107.5,5.936685105648211,0.7498983308689439,0.9728253832215467,7.887844593047406e-05
90.0,120,388.8888888888889,500.0,107.5,5.874964412162992,0.749897602513132,0.9727516496645192,7.805385211207608e-05
90.0,121,500.0,500.0,107.5,5.692844971533452,0.7498969232849763,0.9725251869072712,7.56205851652612e-05
90.0,122,611.1111111111111,500.0,107.5,5.874964412162992,0.7498976025131316,0.9727516496645177,7.805385211207596e-05
90.0,123,722.2222222222223,500.0,107.5,5.936685105648211,0.7498983308689443,0.9728253832215482,7.887844593047419e-05
90.0,124,833.3333333333334,500.0,107.5,5.964750887233701,0.7498986107067109,0.9728584136337491,7.925339822015044e-05
90.0,125,944.4444444444445,500.0,107.5,5.9762603691155896,0.7498985564137716,0.9728718706076084,7.940716058862455e-05
90.0,126,55.55555555555556,611.1111111111111,107.5,5.978385211472134,0.7498985847455373,0.9728743493768724,7.943554758159659e-05
90.0,127,166.66666666666669,611.1111111111111,107.5,5.969013640431458,0.7498985518330019,0.972863403894126,7.931034713723932e-05
90.0,128,277.77777777777777,611.1111111111111,107.5,5.948468998542329,0.7498989613765993,0.9728392893010197,7.903587669388327e-05
90.0,129,388.8888888888889,611.1111111111111,107.5,5.914636592510009,0.7498981440723284,0.9727992163259709,7.858387889636022e-05
90.0,130,500.0,611.1111111111111,107.5,5.874964412162991,0.7498976025131319,0.9727516496645187,7.805385211207604e-05
90.0,131,611.1111111111111,611.1111111111111,107.5,5.914636592510009,0.7498981440723281,0.97279921632597,7.858387889636015e-05
90.0,132,722.2222222222223,611.1111111111111,107.5,5.948468998542329,0.7498989613765993,0.9728392893010204,7.903587669388332e-05
90.0,133,833.3333333333334,611.1111111111111,107.5,5.969013640431458,0.7498985518330019,0.972863403894126,7.931034713723932e-05
90.0,134,944.4444444444445,611.1111111111111,107.5,5.978385211472134,0.7498985847455373,0.9728743493768731,7.943554758159664e-05
90.0,135,55.55555555555556,722.2222222222223,107.5,5.982889885429645,0.7498986826121832,0.9728795983677412,7.949572798745628e-05
90.0,136,166.66666666666669,722.2222222222223,107.5,5.97673963475068,0.7498985592516052,0.9728724297041379,7.941356336484411e-05
90.0,137,277.77777777777777,722.2222222222223,107.5,5.964591310786098,0.7498986153200087,0.9728582270170473,7.925126635808881e-05
90.0,138,388.8888888888889,722.2222222222223,107.5,5.948468998542329,0.7498989613765995,0.972839289301021,7.903587669388337e-05
90.0,139,500.0,722.2222222222223,107.5,5.936685105648211,0.7498983308689438,0.9728253832215463,7.887844593047404e-05
90.0,140,611.1111111111111,722.2222222222223,107.5,5.948468998542329,0.7498989613765995,0.972839289301021,7.903587669388337e-05
90.0,141,722.2222222222223,722.2222222222223,107.5,5.964591310786098,0.7498986153200087,0.9728582270170472,7.92512663580888e-05
90.0,142,833.3333333333334,722.2222222222223,107.5,5.976739634750679,0.7498985592516054,0.9728724297041387,7.941356336484418e-05
90.0,143,944.4444444444445,722.2222222222223,107.5,5.982889885429644,0.7498986826121832,0.9728795983677412,7.949572798745614e-05
90.0,144,55.55555555555556,833.3333333333334,107.5,5.9872324584895615,0.7498988256648274,0.9728846509782546,7.955374265178309e-05
90.0,145,166.66666666666669,833.3333333333334,107.5,5.983510343305561,0.749898699815062,0.9728803207063523,7.950401701030575e-05
90.0,146,277.77777777777777,833.3333333333334,107.5,5.97673963475068,0.7498985592516055,0.9728724297041392,7.941356336484422e-05
90.0,147,388.8888888888889,833.3333333333334,107.5,5.969013640431458,0.7498985518330019,0.9728634038941254,7.931034713723928e-05
90.0,148,500.0,833.3333333333334,107.5,5.9647508872337,0.7498986107067107,0.9728584136337475,7.92533982201503e-05
90.0,149,611.1111111111111,833.3333333333334,107.5,5.9690136404314575,0.7498985518330019,0.9728634038941251,7.931034713723925e-05
90.0,150,722.2222222222223,833.3333333333334,107.5,5.976739634750678,0.7498985592516053,0.9728724297041383,7.941356336484415e-05
90.0,151,833.3333333333334,833.3333333333334,107.5,5.98351034330556,0.749898699815062,0.9728803207063524,7.950401701030576e-05
90.0,152,944.4444444444445,833.3333333333334,107.5,5.9872324584895615,0.749898825664827,0.9728846509782526,7.955374265178293e-05
90.0,153,55.55555555555556,944.4444444444445,107.5,5.989754430699649,0.7498989329314077,0.9728875820701339,7.95874349187598e-05
90.0,154,166.66666666666669,944.4444444444445,107.5,5.987232458489562,0.7498988256648271,0.9728846509782537,7.955374265178302e-05
90.0,155,277.77777777777777,944.4444444444445,107.5,5.982889885429645,0.749898682612183,0.9728795983677408,7.949572798745626e-05
90.0,156,388.8888888888889,944.4444444444445,107.5,5.978385211472134,0.7498985847455375,0.9728743493768742,7.943554758159674e-05
90.0,157,500.0,944.4444444444445,107.5,5.9762603691155896,0.7498985564137719,0.9728718706076097,7.940716058862465e-05
90.0,158,611.1111111111111,944.4444444444445,107.5,5.978385211472134,0.7498985847455375,0.9728743493768739,7.943554758159671e-05
90.0,159,722.2222222222223,944.4444444444445,107.5,5.982889885429644,0.749898682612183,0.9728795983677403,7.949572798745607e-05
90.0,160,833.3333333333334,944.4444444444445,107.5,5.9872324584895615,0.749898825664827,0.9728846509782527,7.955374265178294e-05
90.0,161,944.4444444444445,944.4444444444445,107.5,5.989754430699648,0.749898932931408,0.9728875820701346,7.958743491875986e-05
90.0,162,55.55555555555556,55.55555555555556,112.5,5.990048978836704,0.7498042866923045,0.972887922780848,7.95913698097261e-05
90.0,163,166.66666666666669,55.55555555555556,112.5,5.987526900263297,0.7498041772288405,0.9728849917699136,7.955767612061723e-05
90.0,164,277.77777777777777,55.55555555555556,112.5,5.9831841430433395,0.7498040317362178,0.972879939629534,7.949965902108329e-05
90.0,165,388.8888888888889,55.55555555555556,112.5,5.978679293647877,0.7498039310122333,0.9728746910104689,7.943947628645591e-05
90.0,166,500.0,55.55555555555556,112.5,5.976554423326472,0.749803901631722,0.9728722124134125,7.941108892146541e-05
90.0,167,611.1111111111111,55.55555555555556,112.5,5.978679293647878,0.7498039310122336,0.9728746910104624,7.943947628645538e-05
90.0,168,722.2222222222223,55.55555555555556,112.5,5.98318414304334,0.7498040317362176,0.9728799396295338,7.949965902108341e-05
90.0,169,833.3333333333334,55.55555555555556,112.5,5.987526900263298,0.7498041772288407,0.9728849917699148,7.955767612061747e-05
90.0,170,944.4444444444445,55.55555555555556,112.5,5.990048978836705,0.7498042866923045,0.9728879227808487,7.959136980972615e-05
90.0,171,55.55555555555556,166.66666666666669,112.5,5.987526900263297,0.7498041772288405,0.9728849917699136,7.955767612061723e-05
90.0,172,166.66666666666669,166.66666666666669,112.5,5.983804619366152,0.7498040506774142,0.9728806620359578,7.950794829857313e-05
90.0,173,277.77777777777777,166.66666666666669,112.5,5.977033637397288,0.7498039057932232,0.9728727715074693,7.94174910169316e-05
90.0,174,388.8888888888889,166.66666666666669,112.5,5.969307574193125,0.7498038914432279,0.9728637465159832,7.931427388723648e-05
90.0,175,500.0,166.66666666666669,112.5,5.965045995811995,0.7498039480441132,0.9728587581022714,7.925734067314691e-05
90.0,176,611.1111111111111,166.66666666666669,112.5,5.969307574193126,0.7498038914432279,0.9728637465159834,7.931427388723649e-05
90.0,177,722.2222222222223,166.66666666666669,112.5,5.977033637397289,0.7498039057932235,0.9728727715074711,7.94174910169319e-05
90.0,178,833.3333333333334,166.66666666666669,112.5,5.983804619366154,0.7498040506774141,0.9728806620359578,7.950794829857313e-05
90.0,179,944.4444444444445,166.66666666666669,112.5,5.9875269002632985,0.7498041772288407,0.9728849917699143,7.955767612061728e-05
90.0,180,55.55555555555556,277.77777777777777,112.5,5.9831841430433395,0.7498040317362176,0.9728799396295332,7.949965902108322e-05
90.0,181,166.66666666666669,277.77777777777777,112.5,5.977033637397288,0.7498039057932236,0.9728727715074715,7.941749101693194e-05
90.0,182,277.77777777777777,277.77777777777777,112.5,5.964885230010152,0.749803952243746,0.972858570074842,7.925519291913542e-05
90.0,183,388.8888888888889,277.77777777777777,112.5,5.948766890866538,0.7498043218793788,0.9728396386168517,7.903985634729403e-05
90.0,184,500.0,277.77777777777777,112.5,5.937014137811212,0.7498036837498201,0.9728257707873599,7.888284163802202e-05
90.0,185,611.1111111111111,277.77777777777777,112.5,5.948766890866538,0.7498043218793791,0.9728396386168527,7.903985634729411e-05
90.0,186,722.2222222222223,277.77777777777777,112.5,5.964885230010152,0.7498039522437459,0.9728585700748412,7.925519291913535e-05
90.0,187,833.3333333333334,277.77777777777777,112.5,5.977033637397289,0.7498039057932233,0.9728727715074708,7.941749101693187e-05
90.0,188,944.4444444444445,277.77777777777777,112.5,5.98318414304334,0.7498040317362178,0.9728799396295345,7.949965902108346e-05
90.0,189,55.55555555555556,388.8888888888889,112.5,5.978679293647878,0.7498039310122334,0.9728746910104694,7.943947628645595e-05
90.0,190,166.66666666666669,388.8888888888889,112.5,5.969307574193126,0.7498038914432279,0.9728637465159828,7.931427388723645e-05
90.0,191,277.77777777777777,388.8888888888889,112.5,5.948766890866538,0.7498043218793788,0.9728396386168516,7.903985634729402e-05
90.0,192,388.8888888888889,388.8888888888889,112.5,5.915000327073498,0.7498034766405256,0.972799648010284,7.858873827471175e-05
90.0,193,500.0,388.8888888888889,112.5,5.876152637396049,0.7498029531228697,0.9727530818532912,7.806972702204455e-05
90.0,194,611.1111111111111,388.8888888888889,112.5,5.915000327073497,0.7498034766405257,0.9727996480102853,7.858873827471171e-05
90.0,195,722.2222222222223,388.8888888888889,112.5,5.948766890866538,0.7498043218793788,0.9728396386168517,7.903985634729403e-05
90.0,196,833.3333333333334,388.8888888888889,112.5,5.969307574193126,0.7498038914432279,0.9728637465159837,7.931427388723652e-05
90.0,197,944.4444444444445,388.8888888888889,112.5,5.978679293647879,0.7498039310122335,0.9728746910104614,7.94394762864553e-05
90.0,198,55.55555555555556,500.0,112.5,5.976554423326474,0.7498039016317218,0.972872212413412,7.941108892146537e-05
90.0,199,166.66666666666669,500.0,112.5,5.9650459958119955,0.7498039480441132,0.9728587581022717,7.925734067314709e-05
90.0,200,277.77777777777777,500.0,112.5,5.937014137811213,0.7498036837498204,0.9728257707873615,7.888284163802216e-05
90.0,201,388.8888888888889,500.0,112.5,5.876152637396049,0.7498029531228696,0.9727530818532906,7.80697270220445e-05
90.0,202,500.0,500.0,112.5,5.726823392626403,0.7498018725136506,0.9725684563093339,7.607457827914675e-05
90.0,203,611.1111111111111,500.0,112.5,5.876152637396049,0.7498029531228695,0.9727530818532909,7.806972702204467e-05
90.0,204,722.2222222222223,500.0,112.5,5.937014137811213,0.74980368374982,0.972825770787359,7.888284163802195e-05
90.0,205,833.3333333333334,500.0,112.5,5.9650459958119955,0.7498039480441134,0.9728587581022724,7.925734067314714e-05
90.0,206,944.4444444444445,500.0,112.5,5.976554423326474,0.7498039016317214,0.9728722124134097,7.941108892146518e-05
90.0,207,55.55555555555556,611.1111111111111,112.5,5.978679293647878,0.7498039310122335,0.9728746910104618,7.943947628645533e-05
90.0,208,166.66666666666669,611.1111111111111,112.5,5.969307574193126,0.749803891443228,0.9728637465159838,7.931427388723653e-05
90.0,209,277.77777777777777,611.1111111111111,112.5,5.948766890866538,0.749804321879379,0.972839638616852,7.903985634729405e-05
90.0,210,388.8888888888889,611.1111111111111,112.5,5.915000327073498,0.7498034766405258,0.9727996480102865,7.858873827471195e-05
90.0,211,500.0,611.1111111111111,112.5,5.876152637396048,0.7498029531228697,0.9727530818532911,7.806972702204469e-05
90.0,212,611.1111111111111,611.1111111111111,112.5,5.915000327073498,0.7498034766405257,0.9727996480102858,7.85887382747119e-05
90.0,213,722.2222222222223,611.1111111111111,112.5,5.948766890866538,0.7498043218793793,0.9728396386168534,7.903985634729417e-05
90.0,214,833.3333333333334,611.1111111111111,112.5,5.969307574193126,0.7498038914432282,0.9728637465159847,7.93142738872366e-05
90.0,215,944.4444444444445,611.1111111111111,112.5,5.978679293647878,0.7498039310122335,0.9728746910104611,7.943947628645527e-05
90.0,216,55.55555555555556,722.2222222222223,112.5,5.98318414304334,0.7498040317362176,0.972879939629533,7.949965902108349e-05
90.0,217,166.66666666666669,722.2222222222223,112.5,5.97703363739729,0.7498039057932235,0.9728727715074715,7.941749101693194e-05
90.0,218,277.77777777777777,722.2222222222223,112.5,5.964885230010152,0.7498039522437459,0.9728585700748412,7.925519291913535e-05
90.0,219,388.8888888888889,722.2222222222223,112.5,5.948766890866539,0.7498043218793788,0.9728396386168524,7.903985634729409e-05
90.0,220,500.0,722.2222222222223,112.5,5.937014137811213,0.7498036837498202,0.9728257707873603,7.888284163802206e-05
90.0,221,611.1111111111111,722.2222222222223,112.5,5.948766890866539,0.7498043218793788,0.9728396386168524,7.903985634729409e-05
90.0,222,722.2222222222223,722.2222222222223,112.5,5.964885230010152,0.7498039522437462,0.9728585700748426,7.925519291913546e-05
90.0,223,833.3333333333334,722.2222222222223,112.5,5.977033637397289,0.7498039057932235,0.9728727715074711,7.94174910169319e-05
90.0,224,944.4444444444445,722.2222222222223,112.5,5.98318414304334,0.7498040317362178,0.9728799396295346,7.949965902108348e-05
90.0,225,55.55555555555556,833.3333333333334,112.5,5.987526900263298,0.749804177228841,0.9728849917699152,7.955767612061736e-05
90.0,226,166.66666666666669,833.3333333333334,112.5,5.983804619366154,0.7498040506774143,0.9728806620359588,7.950794829857321e-05
90.0,227,277.77777777777777,833.3333333333334,112.5,5.97703363739729,0.7498039057932235,0.9728727715074715,7.941749101693194e-05
90.0,228,388.8888888888889,833.3333333333334,112.5,5.969307574193126,0.7498038914432282,0.9728637465159847,7.93142738872366e-05
90.0,229,500.0,833.3333333333334,112.5,5.965045995811995,0.7498039480441132,0.9728587581022718,7.92573406731471e-05
90.0,230,611.1111111111111,833.3333333333334,112.5,5.969307574193125,0.7498038914432279,0.9728637465159834,7.931427388723649e-05
90.0,231,722.2222222222223,833.3333333333334,112.5,5.977033637397288,0.7498039057932236,0.9728727715074711,7.94174910169319e-05
90.0,232,833.3333333333334,833.3333333333334,112.5,5.983804619366153,0.7498040506774142,0.9728806620359578,7.950794829857313e-05
90.0,233,944.4444444444445,833.3333333333334,112.5,5.987526900263298,0.7498041772288406,0.9728849917699136,7.955767612061738e-05
90.0,234,55.55555555555556,944.4444444444445,112.5,5.990048978836706,0.7498042866923047,0.9728879227808497,7.959136980972624e-05
90.0,235,166.66666666666669,944.4444444444445,112.5,5.9875269002632985,0.7498041772288407,0.9728849917699142,7.955767612061742e-05
90.0,236,277.77777777777777,944.4444444444445,112.5,5.98318414304334,0.7498040317362178,0.9728799396295348,7.949965902108349e-05
90.0,237,388.8888888888889,944.4444444444445,112.5,5.978679293647879,0.7498039310122335,0.9728746910104614,7.94394762864553e-05
90.0,238,500.0,944.4444444444445,112.5,5.976554423326474,0.7498039016317213,0.9728722124134092,7.941108892146514e-05
90.0,239,611.1111111111111,944.4444444444445,112.5,5.978679293647878,0.7498039310122337,0.9728746910104626,7.94394762864554e-05
90.0,240,722.2222222222223,944.4444444444445,112.5,5.98318414304334,0.7498040317362176,0.9728799396295338,7.949965902108341e-05
90.0,241,833.3333333333334,944.4444444444445,112.5,5.987526900263298,0.7498041772288407,0.9728849917699148,7.955767612061747e-05
90.0,242,944.4444444444445,944.4444444444445,112.5,5.990048978836705,0.7498042866923047,0.9728879227808493,7.959136980972621e-05
90.0,243,55.55555555555556,55.55555555555556,117.5,5.990343651675876,0.7494688836687733,0.9728882638234376,7.959530638403541e-05
90.0,244,166.66666666666669,55.55555555555556,117.5,5.987821474188264,0.7494687670234731,0.9728853331165911,7.956161138983556e-05
90.0,245,277.77777777777777,55.55555555555556,117.5,5.983478544787237,0.7494686017517458,0.9728802807731031,7.950359195894484e-05
90.0,246,388.8888888888889,55.55555555555556,117.5,5.978973533477632,0.7494684844371539,0.9728750326242499,7.944340708297184e-05
90.0,247,500.0,55.55555555555556,117.5,5.976848641977858,0.7494684470194966,0.9728725544013034,7.941501945246007e-05
90.0,248,611.1111111111111,55.55555555555556,117.5,5.978973533477632,0.7494684844371537,0.97287503262425,7.944340708297186e-05
90.0,249,722.2222222222223,55.55555555555556,117.5,5.983478544787238,0.7494686017517456,0.9728802807731024,7.950359195894478e-05
90.0,250,833.3333333333334,55.55555555555556,117.5,5.987821474188266,0.7494687670234731,0.9728853331165915,7.956161138983547e-05
90.0,251,944.4444444444445,55.55555555555556,117.5,5.990343651675878,0.7494688836687732,0.972888263823437,7.959530638403536e-05
90.0,252,55.55555555555556,166.66666666666669,117.5,5.987821474188264,0.7494687670234733,0.9728853331165916,7.95616113898356e-05
90.0,253,166.66666666666669,166.66666666666669,117.5,5.984099034296092,0.749468625035978,0.9728810034119839,7.951188143474699e-05
90.0,254,277.77777777777777,166.66666666666669,117.5,5.977327794210285,0.7494684537490811,0.9728731135870362,7.942142073857976e-05
90.0,255,388.8888888888889,166.66666666666669,117.5,5.969601690091993,0.7494684009958339,0.9728640890735644,7.931820305001715e-05
90.0,256,500.0,166.66666666666669,117.5,5.965341333455808,0.7494684477629773,0.9728591028958568,7.926128619312978e-05
90.0,257,611.1111111111111,166.66666666666669,117.5,5.969601690091994,0.7494684009958331,0.9728640890735611,7.931820305001689e-05
90.0,258,722.2222222222223,166.66666666666669,117.5,5.977327794210287,0.7494684537490811,0.9728731135870362,7.942142073857976e-05
90.0,259,833.3333333333334,166.66666666666669,117.5,5.984099034296093,0.749468625035978,0.9728810034119671,7.951188143474562e-05
90.0,260,944.4444444444445,166.66666666666669,117.5,5.987821474188266,0.7494687670234731,0.9728853331165903,7.95616113898355e-05
90.0,261,55.55555555555556,277.77777777777777,117.5,5.983478544787237,0.7494686017517452,0.9728802807731007,7.950359195894465e-05
90.0,262,166.66666666666669,277.77777777777777,117.5,5.977327794210285,0.7494684537490809,0.9728731135870439,7.942142073858038e-05
90.0,263,277.77777777777777,277.77777777777777,117.5,5.965179376317003,0.7494684519172444,0.9728589134211575,7.925912251787407e-05
90.0,264,388.8888888888889,277.77777777777777,117.5,5.94906513777571,0.7494688732711997,0.9728399882238704,7.904384072979349e-05
90.0,265,500.0,277.77777777777777,117.5,5.9373440986111,0.7494682281306324,0.9728261589645801,7.888724971526685e-05
90.0,266,611.1111111111111,277.77777777777777,117.5,5.94906513777571,0.7494688732711997,0.9728399882238707,7.904384072979352e-05
90.0,267,722.2222222222223,277.77777777777777,117.5,5.965179376317003,0.7494684519172444,0.9728589134211587,7.925912251787418e-05
90.0,268,833.3333333333334,277.77777777777777,117.5,5.977327794210286,0.7494684537490808,0.9728731135870433,7.942142073858034e-05
90.0,269,944.4444444444445,277.77777777777777,117.5,5.983478544787238,0.7494686017517455,0.9728802807731012,7.950359195894469e-05
90.0,270,55.55555555555556,388.8888888888889,117.5,5.978973533477632,0.7494684844371535,0.9728750326242572,7.944340708297244e-05
90.0,271,166.66666666666669,388.8888888888889,117.5,5.969601690091994,0.7494684009958332,0.9728640890735615,7.931820305001692e-05
90.0,272,277.77777777777777,388.8888888888889,117.5,5.94906513777571,0.7494688732711995,0.97283998822387,7.904384072979345e-05
90.0,273,388.8888888888889,388.8888888888889,117.5,5.915365732003139,0.7494679631522978,0.9728000811143678,7.859361992649206e-05
90.0,274,500.0,388.8888888888889,117.5,5.877332937972215,0.7494674853824305,0.972754503170683,7.80854959866446e-05
90.0,275,611.1111111111111,388.8888888888889,117.5,5.915365732003139,0.7494679631522977,0.972800081114367,7.859361992649199e-05
90.0,276,722.2222222222223,388.8888888888889,117.5,5.94906513777571,0.7494688732711995,0.9728399882238694,7.904384072979341e-05
90.0,277,833.3333333333334,388.8888888888889,117.5,5.969601690091994,0.7494684009958335,0.9728640890735627,7.931820305001701e-05
90.0,278,944.4444444444445,388.8888888888889,117.5,5.978973533477633,0.7494684844371535,0.9728750326242576,7.944340708297247e-05
90.0,279,55.55555555555556,500.0,117.5,5.976848641977859,0.7494684470194964,0.9728725544013032,7.941501945246018e-05
90.0,280,166.66666666666669,500.0,117.5,5.965341333455809,0.7494684477629773,0.9728591028958571,7.926128619312981e-05
90.0,281,277.77777777777777,500.0,117.5,5.937344098611101,0.7494682281306326,0.9728261589645812,7.888724971526723e-05
90.0,282,388.8888888888889,500.0,117.5,5.877332937972215,0.7494674853824306,0.972754503170683,7.80854959866446e-05
90.0,283,500.0,500.0,117.5,5.7481093043643465,0.7494669508641741,0.972595299892107,7.635897937696092e-05
90.0,284,611.1111111111111,500.0,117.5,5.877332937972215,0.7494674853824304,0.972754503170682,7.80854959866444e-05
90.0,285,722.2222222222223,500.0,117.5,5.937344098611101,0.7494682281306326,0.9728261589645812,7.888724971526723e-05
90.0,286,833.3333333333334,500.0,117.5,5.96534133345581,0.7494684477629775,0.9728591028958584,7.926128619312992e-05
90.0,287,944.4444444444445,500.0,117.5,5.97684864197786,0.7494684470194969,0.9728725544013049,7.941501945246032e-05
90.0,288,55.55555555555556,611.1111111111111,117.5,5.978973533477632,0.7494684844371535,0.9728750326242572,7.944340708297244e-05
90.0,289,166.66666666666669,611.1111111111111,117.5,5.969601690091994,0.7494684009958337,0.9728640890735634,7.931820305001707e-05
90.0,290,277.77777777777777,611.1111111111111,117.5,5.94906513777571,0.7494688732711996,0.97283998822387,7.904384072979345e-05
90.0,291,388.8888888888889,611.1111111111111,117.5,5.915365732003139,0.7494679631522977,0.972800081114367,7.859361992649199e-05
90.0,292,500.0,611.1111111111111,117.5,5.877332937972215,0.7494674853824305,0.9727545031706832,7.808549598664449e-05
90.0,293,611.1111111111111,611.1111111111111,117.5,5.915365732003139,0.7494679631522977,0.9728000811143674,7.859361992649203e-05
90.0,294,722.2222222222223,611.1111111111111,117.5,5.94906513777571,0.7494688732711996,0.9728399882238696,7.904384072979342e-05
90.0,295,833.3333333333334,611.1111111111111,117.5,5.969601690091994,0.7494684009958335,0.9728640890735624,7.931820305001699e-05
90.0,296,944.4444444444445,611.1111111111111,117.5,5.978973533477632,0.7494684844371534,0.9728750326242566,7.944340708297238e-05
90.0,297,55.55555555555556,722.2222222222223,117.5,5.983478544787238,0.7494686017517452,0.9728802807731004,7.950359195894462e-05
90.0,298,166.66666666666669,722.2222222222223,117.5,5.977327794210287,0.749468453749081,0.9728731135870361,7.942142073857974e-05
90.0,299,277.77777777777777,722.2222222222223,117.5,5.965179376317003,0.7494684519172445,0.972858913421159,7.92591225178742e-05
90.0,300,388.8888888888889,722.2222222222223,117.5,5.94906513777571,0.7494688732711996,0.9728399882238697,7.904384072979344e-05
90.0,301,500.0,722.2222222222223,117.5,5.937344098611101,0.7494682281306324,0.9728261589645804,7.888724971526716e-05
90.0,302,611.1111111111111,722.2222222222223,117.5,5.94906513777571,0.7494688732711996,0.97283998822387,7.904384072979345e-05
90.0,303,722.2222222222223,722.2222222222223,117.5,5.965179376317003,0.7494684519172444,0.9728589134211579,7.925912251787411e-05
90.0,304,833.3333333333334,722.2222222222223,117.5,5.977327794210286,0.7494684537490811,0.9728731135870361,7.942142073857974e-05
90.0,305,944.4444444444445,722.2222222222223,117.5,5.983478544787238,0.7494686017517455,0.9728802807731015,7.950359195894471e-05
90.0,306,55.55555555555556,833.3333333333334,117.5,5.987821474188265,0.7494687670234729,0.9728853331165898,7.956161138983545e-05
90.0,307,166.66666666666669,833.3333333333334,117.5,5.984099034296094,0.7494686250359781,0.9728810034119675,7.951188143474565e-05
90.0,308,277.77777777777777,833.3333333333334,117.5,5.977327794210287,0.749468453749081,0.9728731135870442,7.942142073858041e-05
90.0,309,388.8888888888889,833.3333333333334,117.5,5.969601690091994,0.7494684009958335,0.9728640890735627,7.931820305001701e-05
90.0,310,500.0,833.3333333333334,117.5,5.965341333455809,0.749468447762977,0.9728591028958561,7.926128619312973e-05
90.0,311,611.1111111111111,833.3333333333334,117.5,5.969601690091993,0.7494684009958332,0.9728640890735607,7.931820305001685e-05
90.0,312,722.2222222222223,833.3333333333334,117.5,5.977327794210285,0.7494684537490811,0.9728731135870361,7.942142073857974e-05
90.0,313,833.3333333333334,833.3333333333334,117.5,5.984099034296093,0.7494686250359782,0.9728810034119679,7.951188143474569e-05
90.0,314,944.4444444444445,833.3333333333334,117.5,5.987821474188265,0.7494687670234729,0.9728853331165898,7.956161138983545e-05
90.0,315,55.55555555555556,944.4444444444445,117.5,5.990343651675879,0.7494688836687735,0.9728882638234386,7.959530638403549e-05
90.0,316,166.66666666666669,944.4444444444445,117.5,5.987821474188266,0.7494687670234729,0.9728853331165901,7.956161138983548e-05
90.0,317,277.77777777777777,944.4444444444445,117.5,5.983478544787238,0.7494686017517455,0.9728802807731014,7.95035919589447e-05
90.0,318,388.8888888888889,944.4444444444445,117.5,5.978973533477633,0.7494684844371535,0.972875032624257,7.944340708297243e-05
90.0,319,500.0,944.4444444444445,117.5,5.97684864197786,0.7494684470194966,0.9728725544013033,7.941501945246019e-05
90.0,320,611.1111111111111,944.4444444444445,117.5,5.978973533477632,0.7494684844371534,0.9728750326242567,7.94434070829724e-05
90.0,321,722.2222222222223,944.4444444444445,117.5,5.983478544787238,0.7494686017517456,0.9728802807731024,7.950359195894478e-05
90.0,322,833.3333333333334,944.4444444444445,117.5,5.987821474188266,0.7494687670234731,0.972885333116591,7.956161138983555e-05
90.0,323,944.4444444444445,944.4444444444445,117.5,5.990343651675878,0.7494688836687735,0.9728882638234387,7.95953063840355e-05
90.0,324,55.55555555555556,55.55555555555556,122.5,5.990638425518741,0.7456951489815797,0.9728886037518939,7.959924420911774e-05
90.0,325,166.66666666666669,55.55555555555556,122.5,5.988116160839427,0.7456950398624933,0.9728856730355366,7.956554803971502e-05
90.0,326,277.77777777777777,55.55555555555556,122.5,5.98377308053655,0.745694888922812,0.9728806202274912,7.950752653844073e-05
90.0,327,388.8888888888889,55.55555555555556,122.5,5.9792679243237865,0.7456947955816978,0.9728753720103837,7.944733970290162e-05
90.0,328,500.0,55.55555555555556,122.5,5.977142996282136,0.7456947716242653,0.972872893904081,7.94189515821321e-05
90.0,329,611.1111111111111,55.55555555555556,122.5,5.9792679243237865,0.745694795581698,0.9728753720103844,7.944733970290169e-05
90.0,330,722.2222222222223,55.55555555555556,122.5,5.983773080536551,0.745694888922812,0.9728806202274918,7.950752653844077e-05
90.0,331,833.3333333333334,55.55555555555556,122.5,5.988116160839429,0.7456950398624931,0.9728856730355357,7.956554803971496e-05
90.0,332,944.4444444444445,55.55555555555556,122.5,5.990638425518743,0.7456951489815796,0.9728886037518939,7.959924420911774e-05
90.0,333,55.55555555555556,166.66666666666669,122.5,5.988116160839427,0.7456950398624931,0.9728856730355356,7.956554803971509e-05
90.0,334,166.66666666666669,166.66666666666669,122.5,5.984393579868893,0.7456949117116594,0.9728813429679004,7.95158161572419e-05
90.0,335,277.77777777777777,166.66666666666669,122.5,5.977622116279904,0.7456947786496505,0.9728734530246941,7.942535243876488e-05
90.0,336,388.8888888888889,166.66666666666669,122.5,5.969895941014434,0.7456947804591775,0.9728644285400725,7.932213375397304e-05
90.0,337,500.0,166.66666666666669,122.5,5.96563628891797,0.7456948431146362,0.9728594431854856,7.926522627904519e-05
90.0,338,611.1111111111111,166.66666666666669,122.5,5.969895941014434,0.7456947804591774,0.972864428540072,7.932213375397286e-05
90.0,339,722.2222222222223,166.66666666666669,122.5,5.977622116279906,0.7456947786496507,0.9728734530246954,7.942535243876499e-05
90.0,340,833.3333333333334,166.66666666666669,122.5,5.984393579868895,0.7456949117116594,0.9728813429679005,7.951581615724191e-05
90.0,341,944.4444444444445,166.66666666666669,122.5,5.988116160839429,0.7456950398624927,0.9728856730355346,7.956554803971486e-05
90.0,342,55.55555555555556,277.77777777777777,122.5,5.98377308053655,0.745694888922812,0.9728806202274916,7.950752653844076e-05
90.0,343,166.66666666666669,277.77777777777777,122.5,5.977622116279904,0.7456947786496513,0.9728734530246971,7.942535243876512e-05
90.0,344,277.77777777777777,277.77777777777777,122.5,5.965473621842814,0.7456948457792272,0.9728592529226097,7.92630531216509e-05
90.0,345,388.8888888888889,277.77777777777777,122.5,5.949361519677044,0.7456952554084458,0.9728403306476427,7.904779979328309e-05
90.0,346,500.0,277.77777777777777,122.5,5.937659883717332,0.7456945793007027,0.9728265248473998,7.889146796090161e-05
90.0,347,611.1111111111111,277.77777777777777,122.5,5.949361519677044,0.7456952554084462,0.9728403306476444,7.904779979328323e-05
90.0,348,722.2222222222223,277.77777777777777,122.5,5.965473621842815,0.7456948457792272,0.9728592529226107,7.926305312165098e-05
90.0,349,833.3333333333334,277.77777777777777,122.5,5.977622116279905,0.7456947786496507,0.9728734530246945,7.942535243876492e-05
90.0,350,944.4444444444445,277.77777777777777,122.5,5.983773080536552,0.7456948889228119,0.9728806202274912,7.950752653844087e-05
90.0,351,55.55555555555556,388.8888888888889,122.5,5.9792679243237865,0.7456947955816982,0.9728753720103848,7.944733970290171e-05
90.0,352,166.66666666666669,388.8888888888889,122.5,5.969895941014434,0.7456947804591773,0.9728644285400716,7.932213375397297e-05
90.0,353,277.77777777777777,388.8888888888889,122.5,5.949361519677044,0.7456952554084461,0.9728403306476437,7.904779979328317e-05
90.0,354,388.8888888888889,388.8888888888889,122.5,5.915703635573449,0.7456943640935453,0.9728004740765341,7.859813356552296e-05
90.0,355,500.0,388.8888888888889,122.5,5.878154136391706,0.7456938434663101,0.9727554798839304,7.809646634487063e-05
90.0,356,611.1111111111111,388.8888888888889,122.5,5.915703635573448,0.7456943640935457,0.9728004740765365,7.859813356552315e-05
90.0,357,722.2222222222223,388.8888888888889,122.5,5.949361519677044,0.7456952554084463,0.9728403306476452,7.90477997932833e-05
90.0,358,833.3333333333334,388.8888888888889,122.5,5.969895941014434,0.7456947804591775,0.9728644285400724,7.932213375397289e-05
90.0,359,944.4444444444445,388.8888888888889,122.5,5.979267924323787,0.7456947955816982,0.972875372010385,7.944733970290173e-05
90.0,360,55.55555555555556,500.0,122.5,5.9771429962821365,0.745694771624265,0.97287289390408,7.941895158213202e-05
90.0,361,166.66666666666669,500.0,122.5,5.965636288917971,0.745694843114636,0.9728594431854852,7.926522627904516e-05
90.0,362,277.77777777777777,500.0,122.5,5.937659883717333,0.7456945793007025,0.9728265248473991,7.889146796090154e-05
90.0,363,388.8888888888889,500.0,122.5,5.878154136391706,0.7456938434663098,0.9727554798839295,7.809646634487056e-05
90.0,364,500.0,500.0,122.5,5.758688094138696,0.7416204286244922,0.9726085493208056,7.650031993919851e-05
90.0,365,611.1111111111111,500.0,122.5,5.878154136391707,0.7456938434663098,0.9727554798839297,7.809646634487058e-05
90.0,366,722.2222222222223,500.0,122.5,5.937659883717333,0.7456945793007025,0.9728265248473984,7.889146796090149e-05
90.0,367,833.3333333333334,500.0,122.5,5.965636288917971,0.7456948431146359,0.9728594431854845,7.92652262790451e-05
90.0,368,944.4444444444445,500.0,122.5,5.977142996282137,0.745694771624265,0.97287289390408,7.941895158213202e-05
90.0,369,55.55555555555556,611.1111111111111,122.5,5.9792679243237865,0.745694795581698,0.9728753720103844,7.944733970290169e-05
90.0,370,166.66666666666669,611.1111111111111,122.5,5.969895941014434,0.7456947804591775,0.9728644285400724,7.932213375397289e-05
90.0,371,277.77777777777777,611.1111111111111,122.5,5.949361519677044,0.7456952554084461,0.9728403306476439,7.904779979328319e-05
90.0,372,388.8888888888889,611.1111111111111,122.5,5.915703635573449,0.7456943640935457,0.9728004740765367,7.859813356552317e-05
90.0,373,500.0,611.1111111111111,122.5,5.878154136391706,0.7456938434663101,0.9727554798839304,7.809646634487063e-05
90.0,374,611.1111111111111,611.1111111111111,122.5,5.915703635573449,0.7456943640935455,0.9728004740765348,7.859813356552302e-05
90.0,375,722.2222222222223,611.1111111111111,122.5,5.949361519677044,0.7456952554084462,0.9728403306476444,7.904779979328323e-05
90.0,376,833.3333333333334,611.1111111111111,122.5,5.969895941014434,0.7456947804591777,0.9728644285400738,7.932213375397314e-05
90.0,377,944.4444444444445,611.1111111111111,122.5,5.9792679243237865,0.745694795581698,0.972875372010384,7.944733970290165e-05
90.0,378,55.55555555555556,722.2222222222223,122.5,5.983773080536551,0.7456948889228121,0.9728806202274924,7.950752653844083e-05
90.0,379,166.66666666666669,722.2222222222223,122.5,5.977622116279906,0.7456947786496508,0.9728734530246957,7.942535243876501e-05
90.0,380,277.77777777777777,722.2222222222223,122.5,5.965473621842815,0.745694845779227,0.9728592529226093,7.926305312165087e-05
90.0,381,388.8888888888889,722.2222222222223,122.5,5.949361519677044,0.7456952554084462,0.9728403306476444,7.904779979328323e-05
90.0,382,500.0,722.2222222222223,122.5,5.937659883717333,0.7456945793007026,0.9728265248473992,7.889146796090156e-05
90.0,383,611.1111111111111,722.2222222222223,122.5,5.949361519677044,0.7456952554084464,0.9728403306476455,7.904779979328332e-05
90.0,384,722.2222222222223,722.2222222222223,122.5,5.965473621842814,0.745694845779227,0.9728592529226088,7.926305312165083e-05
90.0,385,833.3333333333334,722.2222222222223,122.5,5.977622116279905,0.7456947786496508,0.9728734530246955,7.9425352438765e-05
90.0,386,944.4444444444445,722.2222222222223,122.5,5.983773080536551,0.7456948889228122,0.9728806202274929,7.950752653844087e-05
90.0,387,55.55555555555556,833.3333333333334,122.5,5.988116160839429,0.7456950398624933,0.9728856730355372,7.956554803971521e-05
90.0,388,166.66666666666669,833.3333333333334,122.5,5.984393579868895,0.7456949117116592,0.9728813429679002,7.951581615724189e-05
90.0,389,277.77777777777777,833.3333333333334,122.5,5.977622116279906,0.7456947786496507,0.9728734530246954,7.942535243876499e-05
90.0,390,388.8888888888889,833.3333333333334,122.5,5.9698959410144345,0.7456947804591774,0.9728644285400725,7.932213375397304e-05
90.0,391,500.0,833.3333333333334,122.5,5.96563628891797,0.7456948431146361,0.9728594431854852,7.926522627904516e-05
90.0,392,611.1111111111111,833.3333333333334,122.5,5.969895941014433,0.7456947804591775,0.9728644285400725,7.932213375397304e-05
90.0,393,722.2222222222223,833.3333333333334,122.5,5.977622116279904,0.7456947786496504,0.9728734530246931,7.94253524387648e-05
90.0,394,833.3333333333334,833.3333333333334,122.5,5.984393579868894,0.7456949117116592,0.9728813429678999,7.951581615724186e-05
90.0,395,944.4444444444445,833.3333333333334,122.5,5.988116160839428,0.745695039862493,0.9728856730355356,7.956554803971509e-05
90.0,396,55.55555555555556,944.4444444444445,122.5,5.990638425518743,0.7456951489815793,0.9728886037518926,7.959924420911763e-05
90.0,397,166.66666666666669,944.4444444444445,122.5,5.988116160839429,0.7456950398624931,0.9728856730355364,7.956554803971501e-05
90.0,398,277.77777777777777,944.4444444444445,122.5,5.983773080536551,0.745694888922812,0.9728806202274916,7.950752653844076e-05
90.0,399,388.8888888888889,944.4444444444445,122.5,5.979267924323787,0.745694795581698,0.9728753720103848,7.944733970290171e-05
90.0,400,500.0,944.4444444444445,122.5,5.977142996282137,0.7456947716242651,0.9728728939040803,7.941895158213204e-05
90.0,401,611.1111111111111,944.4444444444445,122.5,5.9792679243237865,0.745694795581698,0.9728753720103841,7.944733970290166e-05
90.0,402,722.2222222222223,944.4444444444445,122.5,5.983773080536551,0.745694888922812,0.9728806202274916,7.950752653844076e-05
90.0,403,833.3333333333334,944.4444444444445,122.5,5.988116160839429,0.745695039862493,0.9728856730355356,7.956554803971509e-05
90.0,404,944.4444444444445,944.4444444444445,122.5,5.990638425518742,0.7456951489815796,0.9728886037518933,7.95992442091177e-05
90.0,405,55.55555555555556,55.55555555555556,127.5,6.135305881341282,0.0,0.0,7.884773611570914e-05
90.0,406,166.66666666666669,55.55555555555556,127.5,6.134677742290793,0.0,0.0,7.884773650576523e-05
90.0,407,277.77777777777777,55.55555555555556,127.5,6.133637704208824,0.0,0.0,7.884773746074687e-05
90.0,408,388.8888888888889,55.55555555555556,127.5,6.132612395445437,0.0,0.0,7.884773828747738e-05
90.0,409,500.0,55.55555555555556,127.5,6.1321515992206415,0.0,0.0,7.884773866472236e-05
90.0,410,611.1111111111111,55.55555555555556,127.5,6.132612395445391,0.0,0.0,7.88477382874775e-05
90.0,411,722.2222222222223,55.55555555555556,127.5,6.133637704208806,0.0,0.0,7.884773746074687e-05
90.0,412,833.3333333333334,55.55555555555556,127.5,6.134677742290795,0.0,0.0,7.884773650576534e-05
90.0,413,944.4444444444445,55.55555555555556,127.5,6.135305881341336,0.0,0.0,7.884773611570906e-05
90.0,414,55.55555555555556,166.66666666666669,127.5,6.134677742290869,0.0,0.0,7.884773650576528e-05
90.0,415,166.66666666666669,166.66666666666669,127.5,6.133844731343401,0.0,0.0,7.884773729371234e-05
90.0,416,277.77777777777777,166.66666666666669,127.5,6.132396853577657,0.0,0.0,7.884773846095326e-05
90.0,417,388.8888888888889,166.66666666666669,127.5,6.130840132091617,0.0,0.0,7.884773974713694e-05
90.0,418,500.0,166.66666666666669,127.5,6.130030228622533,0.0,0.0,7.884774064318515e-05
90.0,419,611.1111111111111,166.66666666666669,127.5,6.1308401320915795,0.0,0.0,7.884773974713693e-05
90.0,420,722.2222222222223,166.66666666666669,127.5,6.132396853577615,0.0,0.0,7.884773846095334e-05
90.0,421,833.3333333333334,166.66666666666669,127.5,6.133844731343341,0.0,0.0,7.884773729371244e-05
90.0,422,944.4444444444445,166.66666666666669,127.5,6.1346777422908145,0.0,0.0,7.884773650576528e-05
90.0,423,55.55555555555556,277.77777777777777,127.5,6.133637704208801,0.0,0.0,7.884773746074689e-05
90.0,424,166.66666666666669,277.77777777777777,127.5,6.132396853577631,0.0,0.0,7.884773846095333e-05
90.0,425,277.77777777777777,277.77777777777777,127.5,6.130061371713768,0.0,0.0,7.884774039196537e-05
90.0,426,388.8888888888889,277.77777777777777,127.5,6.127144873619439,0.0,0.0,7.884774353594439e-05
90.0,427,500.0,277.77777777777777,127.5,6.125123026188785,0.0,0.0,7.884775384737538e-05
90.0,428,611.1111111111111,277.77777777777777,127.5,6.127144873619414,0.0,0.0,7.884774353594439e-05
90.0,429,722.2222222222223,277.77777777777777,127.5,6.13006137171378,0.0,0.0,7.884774039196552e-05
90.0,430,833.3333333333334,277.77777777777777,127.5,6.132396853577639,0.0,0.0,7.884773846095329e-05
90.0,431,944.4444444444445,277.77777777777777,127.5,6.133637704208847,0.0,0.0,7.884773746074687e-05
90.0,432,55.55555555555556,388.8888888888889,127.5,6.1326123954454,0.0,0.0,7.88477382874774e-05
90.0,433,166.66666666666669,388.8888888888889,127.5,6.13084013209159,0.0,0.0,7.884773974713697e-05
90.0,434,277.77777777777777,388.8888888888889,127.5,6.127144873619421,0.0,0.0,7.884774353594435e-05
90.0,435,388.8888888888889,388.8888888888889,127.5,6.12142699812938,0.0,0.0,7.884776698679593e-05
90.0,436,500.0,388.8888888888889,127.5,6.114945713305151,0.0,0.0,7.884811309767862e-05
90.0,437,611.1111111111111,388.8888888888889,127.5,6.121426998129361,0.0,0.0,7.88477669867959e-05
90.0,438,722.2222222222223,388.8888888888889,127.5,6.127144873619463,0.0,0.0,7.884774353594439e-05
90.0,439,833.3333333333334,388.8888888888889,127.5,6.1308401320916746,0.0,0.0,7.884773974713699e-05
90.0,440,944.4444444444445,388.8888888888889,127.5,6.132612395445438,0.0,0.0,7.88477382874775e-05
90.0,441,55.55555555555556,500.0,127.5,6.132151599220657,0.0,0.0,7.884773866472231e-05
90.0,442,166.66666666666669,500.0,127.5,6.130030228622548,0.0,0.0,7.884774064318517e-05
90.0,443,277.77777777777777,500.0,127.5,6.1251230261887715,0.0,0.0,7.884775384737546e-05
90.0,444,388.8888888888889,500.0,127.5,6.114945713305113,0.0,0.0,7.884811309767862e-05
90.0,445,500.0,500.0,127.5,6.085215343574881,0.0,0.0,7.886506468220202e-05
90.0,446,611.1111111111111,500.0,127.5,6.114945713305131,0.0,0.0,7.884811309767877e-05
90.0,447,722.2222222222223,500.0,127.5,6.125123026188847,0.0,0.0,7.884775384737535e-05
90.0,448,833.3333333333334,500.0,127.5,6.130030228622551,0.0,0.0,7.884774064318515e-05
90.0,449,944.4444444444445,500.0,127.5,6.1321515992206646,0.0,0.0,7.884773866472232e-05
90.0,450,55.55555555555556,611.1111111111111,127.5,6.132612395445415,0.0,0.0,7.88477382874774e-05
90.0,451,166.66666666666669,611.1111111111111,127.5,6.130840132091582,0.0,0.0,7.884773974713697e-05
90.0,452,277.77777777777777,611.1111111111111,127.5,6.127144873619374,0.0,0.0,7.884774353594433e-05
90.0,453,388.8888888888889,611.1111111111111,127.5,6.121426998129355,0.0,0.0,7.8847766986796e-05
90.0,454,500.0,611.1111111111111,127.5,6.1149457133051595,0.0,0.0,7.884811309767864e-05
90.0,455,611.1111111111111,611.1111111111111,127.5,6.121426998129362,0.0,0.0,7.884776698679588e-05
90.0,456,722.2222222222223,611.1111111111111,127.5,6.12714487361939,0.0,0.0,7.884774353594439e-05
90.0,457,833.3333333333334,611.1111111111111,127.5,6.13084013209157,0.0,0.0,7.8847739747137e-05
90.0,458,944.4444444444445,611.1111111111111,127.5,6.132612395445356,0.0,0.0,7.884773828747734e-05
90.0,459,55.55555555555556,722.2222222222223,127.5,6.133637704208803,0.0,0.0,7.884773746074687e-05
90.0,460,166.66666666666669,722.2222222222223,127.5,6.132396853577628,0.0,0.0,7.884773846095322e-05
90.0,461,277.77777777777777,722.2222222222223,127.5,6.130061371713774,0.0,0.0,7.884774039196552e-05
90.0,462,388.8888888888889,722.2222222222223,127.5,6.1271448736194545,0.0,0.0,7.884774353594433e-05
90.0,463,500.0,722.2222222222223,127.5,6.125123026188871,0.0,0.0,7.884775384737535e-05
90.0,464,611.1111111111111,722.2222222222223,127.5,6.127144873619452,0.0,0.0,7.884774353594433e-05
90.0,465,722.2222222222223,722.2222222222223,127.5,6.130061371713753,0.0,0.0,7.884774039196544e-05
90.0,466,833.3333333333334,722.2222222222223,127.5,6.132396853577528,0.0,0.0,7.884773846095334e-05
90.0,467,944.4444444444445,722.2222222222223,127.5,6.133637704208648,0.0,0.0,7.884773746074677e-05
90.0,468,55.55555555555556,833.3333333333334,127.5,6.134677742290774,0.0,0.0,7.884773650576528e-05
90.0,469,166.66666666666669,833.3333333333334,127.5,6.133844731343358,0.0,0.0,7.884773729371233e-05
90.0,470,277.77777777777777,833.3333333333334,127.5,6.132396853577627,0.0,0.0,7.884773846095336e-05
90.0,471,388.8888888888889,833.3333333333334,127.5,6.130840132091687,0.0,0.0,7.884773974713692e-05
90.0,472,500.0,833.3333333333334,127.5,6.1300302286225925,0.0,0.0,7.884774064318514e-05
90.0,473,611.1111111111111,833.3333333333334,127.5,6.130840132091633,0.0,0.0,7.884773974713699e-05
90.0,474,722.2222222222223,833.3333333333334,127.5,6.132396853577568,0.0,0.0,7.884773846095327e-05
90.0,475,833.3333333333334,833.3333333333334,127.5,6.133844731343289,0.0,0.0,7.884773729371233e-05
90.0,476,944.4444444444445,833.3333333333334,127.5,6.134677742290741,0.0,0.0,7.884773650576539e-05
90.0,477,55.55555555555556,944.4444444444445,127.5,6.135305881341264,0.0,0.0,7.884773611570914e-05
90.0,478,166.66666666666669,944.4444444444445,127.5,6.134677742290817,0.0,0.0,7.88477365057653e-05
90.0,479,277.77777777777777,944.4444444444445,127.5,6.133637704208756,0.0,0.0,7.884773746074695e-05
90.0,480,388.8888888888889,944.4444444444445,127.5,6.132612395445512,0.0,0.0,7.884773828747728e-05
90.0,481,500.0,944.4444444444445,127.5,6.132151599220746,0.0,0.0,7.88477386647223e-05
90.0,482,611.1111111111111,944.4444444444445,127.5,6.132612395445421,0.0,0.0,7.884773828747735e-05
90.0,483,722.2222222222223,944.4444444444445,127.5,6.133637704208735,0.0,0.0,7.884773746074686e-05
90.0,484,833.3333333333334,944.4444444444445,127.5,6.134677742290749,0.0,0.0,7.884773650576534e-05
90.0,485,944.4444444444445,944.4444444444445,127.5,6.135305881341255,0.0,0.0,7.884773611570914e-05
90.0,486,55.55555555555556,55.55555555555556,132.5,6.623641343012196,0.0,0.0,8.504335497003529e-05
90.0,487,166.66666666666669,55.55555555555556,132.5,6.62301302846656,0.0,0.0,8.504335547134656e-05
90.0,488,277.77777777777777,55.55555555555556,132.5,6.621972700373423,0.0,0.0,8.504335813627796e-05
90.0,489,388.8888888888889,55.55555555555556,132.5,6.620947108083978,0.0,0.0,8.504335980392106e-05
90.0,490,500.0,55.55555555555556,132.5,6.620486189136741,0.0,0.0,8.504336054448185e-05
90.0,491,611.1111111111111,55.55555555555556,132.5,6.6209471080839295,0.0,0.0,8.504335980392108e-05
90.0,492,722.2222222222223,55.55555555555556,132.5,6.621972700373404,0.0,0.0,8.504335813627787e-05
90.0,493,833.3333333333334,55.55555555555556,132.5,6.62301302846656,0.0,0.0,8.504335547134665e-05
90.0,494,944.4444444444445,55.55555555555556,132.5,6.62364134301225,0.0,0.0,8.504335497003525e-05
90.0,495,55.55555555555556,166.66666666666669,132.5,6.623013028466641,0.0,0.0,8.504335547134673e-05
90.0,496,166.66666666666669,166.66666666666669,132.5,6.62217978344798,0.0,0.0,8.504335779254668e-05
90.0,497,277.77777777777777,166.66666666666669,132.5,6.620731500941822,0.0,0.0,8.504336011472127e-05
90.0,498,388.8888888888889,166.66666666666669,132.5,6.6191743613001925,0.0,0.0,8.504336166913413e-05
90.0,499,500.0,166.66666666666669,132.5,6.618364318519682,0.0,0.0,8.504336192375219e-05
90.0,500,611.1111111111111,166.66666666666669,132.5,6.619174361300154,0.0,0.0,8.504336166913395e-05
90.0,501,722.2222222222223,166.66666666666669,132.5,6.620731500941778,0.0,0.0,8.504336011472137e-05
90.0,502,833.3333333333334,166.66666666666669,132.5,6.622179783447916,0.0,0.0,8.504335779254683e-05
90.0,503,944.4444444444445,166.66666666666669,132.5,6.6230130284665805,0.0,0.0,8.504335547134669e-05
90.0,504,55.55555555555556,277.77777777777777,132.5,6.621972700373398,0.0,0.0,8.504335813627796e-05
90.0,505,166.66666666666669,277.77777777777777,132.5,6.620731500941794,0.0,0.0,8.504336011472144e-05
90.0,506,277.77777777777777,277.77777777777777,132.5,6.618395385512663,0.0,0.0,8.504336182081737e-05
90.0,507,388.8888888888889,277.77777777777777,132.5,6.615478448488271,0.0,0.0,8.50433689268191e-05
90.0,508,500.0,277.77777777777777,132.5,6.6134587520610975,0.0,0.0,8.504337993995175e-05
90.0,509,611.1111111111111,277.77777777777777,132.5,6.615478448488244,0.0,0.0,8.504336892681907e-05
90.0,510,722.2222222222223,277.77777777777777,132.5,6.618395385512664,0.0,0.0,8.504336182081736e-05
90.0,511,833.3333333333334,277.77777777777777,132.5,6.620731500941803,0.0,0.0,8.504336011472129e-05
90.0,512,944.4444444444445,277.77777777777777,132.5,6.621972700373448,0.0,0.0,8.504335813627804e-05
90.0,513,55.55555555555556,388.8888888888889,132.5,6.620947108083939,0.0,0.0,8.504335980392125e-05
90.0,514,166.66666666666669,388.8888888888889,132.5,6.619174361300165,0.0,0.0,8.504336166913409e-05
90.0,515,277.77777777777777,388.8888888888889,132.5,6.615478448488252,0.0,0.0,8.504336892681894e-05
90.0,516,388.8888888888889,388.8888888888889,132.5,6.609769129071327,0.0,0.0,8.504339856365226e-05
90.0,517,500.0,388.8888888888889,132.5,6.603390868513905,0.0,0.0,8.504377794339398e-05
90.0,518,611.1111111111111,388.8888888888889,132.5,6.6097691290713065,0.0,0.0,8.504339856365226e-05
90.0,519,722.2222222222223,388.8888888888889,132.5,6.615478448488296,0.0,0.0,8.504336892681907e-05
90.0,520,833.3333333333334,388.8888888888889,132.5,6.619174361300241,0.0,0.0,8.504336166913405e-05
90.0,521,944.4444444444445,388.8888888888889,132.5,6.6209471080839775,0.0,0.0,8.504335980392112e-05
90.0,522,55.55555555555556,500.0,132.5,6.6204861891367575,0.0,0.0,8.504336054448193e-05
90.0,523,166.66666666666669,500.0,132.5,6.6183643185197,0.0,0.0,8.504336192375222e-05
90.0,524,277.77777777777777,500.0,132.5,6.613458752061084,0.0,0.0,8.504337993995166e-05
90.0,525,388.8888888888889,500.0,132.5,6.603390868513866,0.0,0.0,8.504377794339394e-05
90.0,526,500.0,500.0,132.5,6.578895063253322,0.0,0.0,8.505408170331992e-05
90.0,527,611.1111111111111,500.0,132.5,6.603390868513883,0.0,0.0,8.504377794339394e-05
90.0,528,722.2222222222223,500.0,132.5,6.61345875206115,0.0,0.0,8.504337993995166e-05
90.0,529,833.3333333333334,500.0,132.5,6.618364318519699,0.0,0.0,8.50433619237522e-05
90.0,530,944.4444444444445,500.0,132.5,6.6204861891367655,0.0,0.0,8.504336054448177e-05
90.0,531,55.55555555555556,611.1111111111111,132.5,6.620947108083955,0.0,0.0,8.504335980392121e-05
90.0,532,166.66666666666669,611.1111111111111,132.5,6.619174361300158,0.0,0.0,8.504336166913394e-05
90.0,533,277.77777777777777,611.1111111111111,132.5,6.615478448488202,0.0,0.0,8.504336892681905e-05
90.0,534,388.8888888888889,611.1111111111111,132.5,6.6097691290713,0.0,0.0,8.504339856365236e-05
90.0,535,500.0,611.1111111111111,132.5,6.603390868513913,0.0,0.0,8.504377794339398e-05
90.0,536,611.1111111111111,611.1111111111111,132.5,6.609769129071308,0.0,0.0,8.504339856365226e-05
90.0,537,722.2222222222223,611.1111111111111,132.5,6.615478448488218,0.0,0.0,8.504336892681909e-05
90.0,538,833.3333333333334,611.1111111111111,132.5,6.619174361300146,0.0,0.0,8.504336166913402e-05
90.0,539,944.4444444444445,611.1111111111111,132.5,6.620947108083896,0.0,0.0,8.504335980392112e-05
90.0,540,55.55555555555556,722.2222222222223,132.5,6.621972700373401,0.0,0.0,8.504335813627796e-05
90.0,541,166.66666666666669,722.2222222222223,132.5,6.620731500941793,0.0,0.0,8.504336011472136e-05
90.0,542,277.77777777777777,722.2222222222223,132.5,6.618395385512658,0.0,0.0,8.504336182081734e-05
90.0,543,388.8888888888889,722.2222222222223,132.5,6.615478448488286,0.0,0.0,8.504336892681903e-05
90.0,544,500.0,722.2222222222223,132.5,6.613458752061176,0.0,0.0,8.504337993995166e-05
90.0,545,611.1111111111111,722.2222222222223,132.5,6.615478448488284,0.0,0.0,8.504336892681903e-05
90.0,546,722.2222222222223,722.2222222222223,132.5,6.618395385512638,0.0,0.0,8.504336182081725e-05
90.0,547,833.3333333333334,722.2222222222223,132.5,6.620731500941688,0.0,0.0,8.504336011472143e-05
90.0,548,944.4444444444445,722.2222222222223,132.5,6.62197270037324,0.0,0.0,8.504335813627787e-05
90.0,549,55.55555555555556,833.3333333333334,132.5,6.6230130284665405,0.0,0.0,8.504335547134666e-05
90.0,550,166.66666666666669,833.3333333333334,132.5,6.622179783447937,0.0,0.0,8.504335779254675e-05
90.0,551,277.77777777777777,833.3333333333334,132.5,6.620731500941793,0.0,0.0,8.504336011472133e-05
90.0,552,388.8888888888889,833.3333333333334,132.5,6.619174361300254,0.0,0.0,8.504336166913403e-05
90.0,553,500.0,833.3333333333334,132.5,6.618364318519743,0.0,0.0,8.504336192375226e-05
90.0,554,611.1111111111111,833.3333333333334,132.5,6.619174361300198,0.0,0.0,8.504336166913403e-05
90.0,555,722.2222222222223,833.3333333333334,132.5,6.620731500941729,0.0,0.0,8.504336011472137e-05
90.0,556,833.3333333333334,833.3333333333334,132.5,6.622179783447864,0.0,0.0,8.504335779254674e-05
90.0,557,944.4444444444445,833.3333333333334,132.5,6.623013028466508,0.0,0.0,8.504335547134682e-05
90.0,558,55.55555555555556,944.4444444444445,132.5,6.623641343012177,0.0,0.0,8.504335497003533e-05
90.0,559,166.66666666666669,944.4444444444445,132.5,6.6230130284665885,0.0,0.0,8.50433554713467e-05
90.0,560,277.77777777777777,944.4444444444445,132.5,6.621972700373352,0.0,0.0,8.504335813627787e-05
90.0,561,388.8888888888889,944.4444444444445,132.5,6.620947108084043,0.0,0.0,8.504335980392115e-05
90.0,562,500.0,944.4444444444445,132.5,6.620486189136852,0.0,0.0,8.504336054448185e-05
90.0,563,611.1111111111111,944.4444444444445,132.5,6.6209471080839615,0.0,0.0,8.504335980392123e-05
90.0,564,722.2222222222223,944.4444444444445,132.5,6.621972700373331,0.0,0.0,8.504335813627804e-05
90.0,565,833.3333333333334,944.4444444444445,132.5,6.623013028466515,0.0,0.0,8.504335547134667e-05
90.0,566,944.4444444444445,944.4444444444445,132.5,6.623641343012168,0.0,0.0,8.504335497003535e-05
90.0,567,55.55555555555556,55.55555555555556,137.5,7.112002017996888,0.0,0.0,9.12373659410334e-05
90.0,568,166.66666666666669,55.55555555555556,137.5,7.1113734011941485,0.0,0.0,9.123736765647554e-05
90.0,569,277.77777777777777,55.55555555555556,137.5,7.11033257341501,0.0,0.0,9.12373686176836e-05
90.0,570,388.8888888888889,55.55555555555556,137.5,7.109306492617352,0.0,0.0,9.123737053104117e-05
90.0,571,500.0,55.55555555555556,137.5,7.108845361762694,0.0,0.0,9.12373713970654e-05
90.0,572,611.1111111111111,55.55555555555556,137.5,7.109306492617298,0.0,0.0,9.123737053104128e-05
90.0,573,722.2222222222223,55.55555555555556,137.5,7.110332573414989,0.0,0.0,9.123736861768346e-05
90.0,574,833.3333333333334,55.55555555555556,137.5,7.111373401194143,0.0,0.0,9.123736765647553e-05
90.0,575,944.4444444444445,55.55555555555556,137.5,7.112002017996943,0.0,0.0,9.123736594103329e-05
90.0,576,55.55555555555556,166.66666666666669,137.5,7.111373401194227,0.0,0.0,9.123736765647552e-05
90.0,577,166.66666666666669,166.66666666666669,137.5,7.110539752650511,0.0,0.0,9.123736824459276e-05
90.0,578,277.77777777777777,166.66666666666669,137.5,7.109090772145629,0.0,0.0,9.123737102445933e-05
90.0,579,388.8888888888889,166.66666666666669,137.5,7.107532907567137,0.0,0.0,9.12373749937744e-05
90.0,580,500.0,166.66666666666669,137.5,7.106722599610248,0.0,0.0,9.123737791264056e-05
90.0,581,611.1111111111111,166.66666666666669,137.5,7.107532907567098,0.0,0.0,9.12373749937744e-05
90.0,582,722.2222222222223,166.66666666666669,137.5,7.109090772145584,0.0,0.0,9.123737102445933e-05
90.0,583,833.3333333333334,166.66666666666669,137.5,7.1105397526504515,0.0,0.0,9.123736824459274e-05
90.0,584,944.4444444444445,166.66666666666669,137.5,7.111373401194167,0.0,0.0,9.123736765647552e-05
90.0,585,55.55555555555556,277.77777777777777,137.5,7.110332573414984,0.0,0.0,9.123736861768348e-05
90.0,586,166.66666666666669,277.77777777777777,137.5,7.1090907721456,0.0,0.0,9.12373710244593e-05
90.0,587,277.77777777777777,277.77777777777777,137.5,7.1067535566436275,0.0,0.0,9.123737769872964e-05
90.0,588,388.8888888888889,277.77777777777777,137.5,7.103835732181102,0.0,0.0,9.123738213946174e-05
90.0,589,500.0,277.77777777777777,137.5,7.101818624929739,0.0,0.0,9.123738885812149e-05
90.0,590,611.1111111111111,277.77777777777777,137.5,7.103835732181059,0.0,0.0,9.123738213946182e-05
90.0,591,722.2222222222223,277.77777777777777,137.5,7.10675355664362,0.0,0.0,9.123737769872957e-05
90.0,592,833.3333333333334,277.77777777777777,137.5,7.10909077214561,0.0,0.0,9.123737102445937e-05
90.0,593,944.4444444444445,277.77777777777777,137.5,7.110332573415025,0.0,0.0,9.123736861768334e-05
90.0,594,55.55555555555556,388.8888888888889,137.5,7.1093064926173115,0.0,0.0,9.123737053104125e-05
90.0,595,166.66666666666669,388.8888888888889,137.5,7.107532907567109,0.0,0.0,9.123737499377448e-05
90.0,596,277.77777777777777,388.8888888888889,137.5,7.103835732181082,0.0,0.0,9.123738213946176e-05
90.0,597,388.8888888888889,388.8888888888889,137.5,7.098140365651706,0.0,0.0,9.12374009054487e-05
90.0,598,500.0,388.8888888888889,137.5,7.09187274172735,0.0,0.0,9.12376105207668e-05
90.0,599,611.1111111111111,388.8888888888889,137.5,7.098140365651683,0.0,0.0,9.123740090544877e-05
90.0,600,722.2222222222223,388.8888888888889,137.5,7.103835732181115,0.0,0.0,9.123738213946174e-05
90.0,601,833.3333333333334,388.8888888888889,137.5,7.107532907567184,0.0,0.0,9.12373749937744e-05
90.0,602,944.4444444444445,388.8888888888889,137.5,7.109306492617349,0.0,0.0,9.123737053104125e-05
90.0,603,55.55555555555556,500.0,137.5,7.1088453617627145,0.0,0.0,9.123737139706529e-05
90.0,604,166.66666666666669,500.0,137.5,7.106722599610271,0.0,0.0,9.123737791264053e-05
90.0,605,277.77777777777777,500.0,137.5,7.101818624929726,0.0,0.0,9.12373888581214e-05
90.0,606,388.8888888888889,500.0,137.5,7.091872741727319,0.0,0.0,9.123761052076687e-05
90.0,607,500.0,500.0,137.5,7.07059463408825,0.0,0.0,9.124281004954441e-05
90.0,608,611.1111111111111,500.0,137.5,7.091872741727336,0.0,0.0,9.12376105207668e-05
90.0,609,722.2222222222223,500.0,137.5,7.101818624929788,0.0,0.0,9.12373888581215e-05
90.0,610,833.3333333333334,500.0,137.5,7.106722599610264,0.0,0.0,9.123737791264056e-05
90.0,611,944.4444444444445,500.0,137.5,7.108845361762724,0.0,0.0,9.12373713970653e-05
90.0,612,55.55555555555556,611.1111111111111,137.5,7.109306492617328,0.0,0.0,9.123737053104135e-05
90.0,613,166.66666666666669,611.1111111111111,137.5,7.107532907567102,0.0,0.0,9.12373749937744e-05
90.0,614,277.77777777777777,611.1111111111111,137.5,7.103835732181025,0.0,0.0,9.123738213946186e-05
90.0,615,388.8888888888889,611.1111111111111,137.5,7.098140365651678,0.0,0.0,9.123740090544879e-05
90.0,616,500.0,611.1111111111111,137.5,7.091872741727357,0.0,0.0,9.12376105207668e-05
90.0,617,611.1111111111111,611.1111111111111,137.5,7.098140365651685,0.0,0.0,9.12374009054488e-05
90.0,618,722.2222222222223,611.1111111111111,137.5,7.103835732181042,0.0,0.0,9.123738213946179e-05
90.0,619,833.3333333333334,611.1111111111111,137.5,7.107532907567096,0.0,0.0,9.123737499377436e-05
90.0,620,944.4444444444445,611.1111111111111,137.5,7.109306492617265,0.0,0.0,9.123737053104127e-05
90.0,621,55.55555555555556,722.2222222222223,137.5,7.110332573414988,0.0,0.0,9.12373686176835e-05
90.0,622,166.66666666666669,722.2222222222223,137.5,7.109090772145602,0.0,0.0,9.123737102445943e-05
90.0,623,277.77777777777777,722.2222222222223,137.5,7.106753556643615,0.0,0.0,9.123737769872967e-05
90.0,624,388.8888888888889,722.2222222222223,137.5,7.103835732181104,0.0,0.0,9.123738213946187e-05
90.0,625,500.0,722.2222222222223,137.5,7.101818624929815,0.0,0.0,9.123738885812157e-05
90.0,626,611.1111111111111,722.2222222222223,137.5,7.103835732181103,0.0,0.0,9.12373821394617e-05
90.0,627,722.2222222222223,722.2222222222223,137.5,7.1067535566436,0.0,0.0,9.123737769872959e-05
90.0,628,833.3333333333334,722.2222222222223,137.5,7.109090772145488,0.0,0.0,9.12373710244593e-05
90.0,629,944.4444444444445,722.2222222222223,137.5,7.110332573414813,0.0,0.0,9.123736861768344e-05
90.0,630,55.55555555555556,833.3333333333334,137.5,7.111373401194129,0.0,0.0,9.123736765647552e-05
90.0,631,166.66666666666669,833.3333333333334,137.5,7.110539752650466,0.0,0.0,9.123736824459265e-05
90.0,632,277.77777777777777,833.3333333333334,137.5,7.109090772145604,0.0,0.0,9.123737102445941e-05
90.0,633,388.8888888888889,833.3333333333334,137.5,7.107532907567198,0.0,0.0,9.123737499377439e-05
90.0,634,500.0,833.3333333333334,137.5,7.106722599610313,0.0,0.0,9.12373779126406e-05
90.0,635,611.1111111111111,833.3333333333334,137.5,7.107532907567139,0.0,0.0,9.123737499377436e-05
90.0,636,722.2222222222223,833.3333333333334,137.5,7.1090907721455325,0.0,0.0,9.123737102445932e-05
90.0,637,833.3333333333334,833.3333333333334,137.5,7.110539752650401,0.0,0.0,9.123736824459272e-05
90.0,638,944.4444444444445,833.3333333333334,137.5,7.111373401194094,0.0,0.0,9.123736765647557e-05
90.0,639,55.55555555555556,944.4444444444445,137.5,7.11200201799687,0.0,0.0,9.123736594103337e-05
90.0,640,166.66666666666669,944.4444444444445,137.5,7.111373401194173,0.0,0.0,9.123736765647562e-05
90.0,641,277.77777777777777,944.4444444444445,137.5,7.110332573414932,0.0,0.0,9.123736861768356e-05
90.0,642,388.8888888888889,944.4444444444445,137.5,7.1093064926173986,0.0,0.0,9.12373705310413e-05
90.0,643,500.0,944.4444444444445,137.5,7.108845361762805,0.0,0.0,9.123737139706534e-05
90.0,644,611.1111111111111,944.4444444444445,137.5,7.1093064926173355,0.0,0.0,9.12373705310413e-05
90.0,645,722.2222222222223,944.4444444444445,137.5,7.110332573414898,0.0,0.0,9.123736861768344e-05
90.0,646,833.3333333333334,944.4444444444445,137.5,7.1113734011941,0.0,0.0,9.123736765647554e-05
90.0,647,944.4444444444445,944.4444444444445,137.5,7.112002017996857,0.0,0.0,9.123736594103338e-05
90.0,648,55.55555555555556,55.55555555555556,142.5,7.600322578981006,0.0,0.0,9.742970601907163e-05
90.0,649,166.66666666666669,55.55555555555556,142.5,7.599694106737932,0.0,0.0,9.742970560216569e-05
90.0,650,277.77777777777777,55.55555555555556,142.5,7.598653517912955,0.0,0.0,9.74297046482651e-05
90.0,651,388.8888888888889,55.55555555555556,142.5,7.5976276712552995,0.0,0.0,9.742970380630416e-05
90.0,652,500.0,55.55555555555556,142.5,7.597166645019454,0.0,0.0,9.742970343448973e-05
90.0,653,611.1111111111111,55.55555555555556,142.5,7.597627671255249,0.0,0.0,9.742970380630427e-05
90.0,654,722.2222222222223,55.55555555555556,142.5,7.5986535179129335,0.0,0.0,9.742970464826505e-05
90.0,655,833.3333333333334,55.55555555555556,142.5,7.599694106737915,0.0,0.0,9.742970560216568e-05
90.0,656,944.4444444444445,55.55555555555556,142.5,7.600322578981059,0.0,0.0,9.742970601907172e-05
90.0,657,55.55555555555556,166.66666666666669,142.5,7.599694106738005,0.0,0.0,9.742970560216558e-05
90.0,658,166.66666666666669,166.66666666666669,142.5,7.598860651500168,0.0,0.0,9.74297048185296e-05
90.0,659,277.77777777777777,166.66666666666669,142.5,7.5974120069073505,0.0,0.0,9.742970363029077e-05
90.0,660,388.8888888888889,166.66666666666669,142.5,7.595854509081445,0.0,0.0,9.742970238053712e-05
90.0,661,500.0,166.66666666666669,142.5,7.595044448072136,0.0,0.0,9.74297019491445e-05
90.0,662,611.1111111111111,166.66666666666669,142.5,7.5958545090814065,0.0,0.0,9.742970238053708e-05
90.0,663,722.2222222222223,166.66666666666669,142.5,7.597412006907306,0.0,0.0,9.742970363029077e-05
90.0,664,833.3333333333334,166.66666666666669,142.5,7.598860651500112,0.0,0.0,9.742970481852969e-05
90.0,665,944.4444444444445,166.66666666666669,142.5,7.599694106737937,0.0,0.0,9.742970560216558e-05
90.0,666,55.55555555555556,277.77777777777777,142.5,7.598653517912929,0.0,0.0,9.742970464826502e-05
90.0,667,166.66666666666669,277.77777777777777,142.5,7.597412006907322,0.0,0.0,9.742970363029085e-05
90.0,668,277.77777777777777,277.77777777777777,142.5,7.595075352006845,0.0,0.0,9.742970175635796e-05
90.0,669,388.8888888888889,277.77777777777777,142.5,7.5921584468648335,0.0,0.0,9.742970010849066e-05
90.0,670,500.0,277.77777777777777,142.5,7.590144084473989,0.0,0.0,9.742970690056892e-05
90.0,671,611.1111111111111,277.77777777777777,142.5,7.592158446864793,0.0,0.0,9.74297001084907e-05
90.0,672,722.2222222222223,277.77777777777777,142.5,7.595075352006835,0.0,0.0,9.7429701756358e-05
90.0,673,833.3333333333334,277.77777777777777,142.5,7.597412006907331,0.0,0.0,9.742970363029077e-05
90.0,674,944.4444444444445,277.77777777777777,142.5,7.598653517912967,0.0,0.0,9.742970464826512e-05
90.0,675,55.55555555555556,388.8888888888889,142.5,7.59762767125526,0.0,0.0,9.742970380630418e-05
90.0,676,166.66666666666669,388.8888888888889,142.5,7.595854509081417,0.0,0.0,9.742970238053712e-05
90.0,677,277.77777777777777,388.8888888888889,142.5,7.592158446864815,0.0,0.0,9.742970010849068e-05
90.0,678,388.8888888888889,388.8888888888889,142.5,7.586464155698278,0.0,0.0,9.742971023527725e-05
90.0,679,500.0,388.8888888888889,142.5,7.580267460916852,0.0,0.0,9.742974047168667e-05
90.0,680,611.1111111111111,388.8888888888889,142.5,7.586464155698256,0.0,0.0,9.742971023527729e-05
90.0,681,722.2222222222223,388.8888888888889,142.5,7.592158446864846,0.0,0.0,9.742970010849069e-05
90.0,682,833.3333333333334,388.8888888888889,142.5,7.595854509081501,0.0,0.0,9.742970238053707e-05
90.0,683,944.4444444444445,388.8888888888889,142.5,7.597627671255298,0.0,0.0,9.742970380630418e-05
90.0,684,55.55555555555556,500.0,142.5,7.597166645019473,0.0,0.0,9.742970343448967e-05
90.0,685,166.66666666666669,500.0,142.5,7.595044448072157,0.0,0.0,9.74297019491444e-05
90.0,686,277.77777777777777,500.0,142.5,7.590144084473977,0.0,0.0,9.742970690056902e-05
90.0,687,388.8888888888889,500.0,142.5,7.580267460916824,0.0,0.0,9.742974047168658e-05
90.0,688,500.0,500.0,142.5,7.5605338999808795,0.0,0.0,9.742974047468011e-05
90.0,689,611.1111111111111,500.0,142.5,7.58026746091684,0.0,0.0,9.742974047168659e-05
90.0,690,722.2222222222223,500.0,142.5,7.590144084474034,0.0,0.0,9.742970690056892e-05
90.0,691,833.3333333333334,500.0,142.5,7.595044448072153,0.0,0.0,9.742970194914447e-05
90.0,692,944.4444444444445,500.0,142.5,7.597166645019482,0.0,0.0,9.742970343448973e-05
90.0,693,55.55555555555556,611.1111111111111,142.5,7.597627671255276,0.0,0.0,9.742970380630427e-05
90.0,694,166.66666666666669,611.1111111111111,142.5,7.595854509081411,0.0,0.0,9.742970238053708e-05
90.0,695,277.77777777777777,611.1111111111111,142.5,7.592158446864761,0.0,0.0,9.742970010849072e-05
90.0,696,388.8888888888889,611.1111111111111,142.5,7.58646415569825,0.0,0.0,9.742971023527729e-05
90.0,697,500.0,611.1111111111111,142.5,7.580267460916859,0.0,0.0,9.742974047168648e-05
90.0,698,611.1111111111111,611.1111111111111,142.5,7.586464155698257,0.0,0.0,9.742971023527724e-05
90.0,699,722.2222222222223,611.1111111111111,142.5,7.592158446864778,0.0,0.0,9.742970010849072e-05
90.0,700,833.3333333333334,611.1111111111111,142.5,7.595854509081401,0.0,0.0,9.742970238053702e-05
90.0,701,944.4444444444445,611.1111111111111,142.5,7.597627671255214,0.0,0.0,9.742970380630427e-05
90.0,702,55.55555555555556,722.2222222222223,142.5,7.598653517912933,0.0,0.0,9.742970464826523e-05
90.0,703,166.66666666666669,722.2222222222223,142.5,7.597412006907323,0.0,0.0,9.742970363029078e-05
90.0,704,277.77777777777777,722.2222222222223,142.5,7.595075352006829,0.0,0.0,9.742970175635794e-05
90.0,705,388.8888888888889,722.2222222222223,142.5,7.592158446864836,0.0,0.0,9.742970010849062e-05
90.0,706,500.0,722.2222222222223,142.5,7.59014408447406,0.0,0.0,9.742970690056894e-05
90.0,707,611.1111111111111,722.2222222222223,142.5,7.592158446864834,0.0,0.0,9.74297001084907e-05
90.0,708,722.2222222222223,722.2222222222223,142.5,7.595075352006812,0.0,0.0,9.74297017563579e-05
90.0,709,833.3333333333334,722.2222222222223,142.5,7.597412006907213,0.0,0.0,9.742970363029085e-05
90.0,710,944.4444444444445,722.2222222222223,142.5,7.598653517912751,0.0,0.0,9.74297046482651e-05
90.0,711,55.55555555555556,833.3333333333334,142.5,7.599694106737912,0.0,0.0,9.742970560216558e-05
90.0,712,166.66666666666669,833.3333333333334,142.5,7.598860651500123,0.0,0.0,9.74297048185297e-05
90.0,713,277.77777777777777,833.3333333333334,142.5,7.597412006907323,0.0,0.0,9.742970363029077e-05
90.0,714,388.8888888888889,833.3333333333334,142.5,7.595854509081514,0.0,0.0,9.742970238053702e-05
90.0,715,500.0,833.3333333333334,142.5,7.5950444480721995,0.0,0.0,9.742970194914439e-05
90.0,716,611.1111111111111,833.3333333333334,142.5,7.595854509081457,0.0,0.0,9.742970238053702e-05
90.0,717,722.2222222222223,833.3333333333334,142.5,7.5974120069072555,0.0,0.0,9.742970363029086e-05
90.0,718,833.3333333333334,833.3333333333334,142.5,7.59886065150006,0.0,0.0,9.742970481852964e-05
90.0,719,944.4444444444445,833.3333333333334,142.5,7.5996941067378625,0.0,0.0,9.742970560216561e-05
90.0,720,55.55555555555556,944.4444444444445,142.5,7.600322578980987,0.0,0.0,9.742970601907163e-05
90.0,721,166.66666666666669,944.4444444444445,142.5,7.599694106737951,0.0,0.0,9.742970560216562e-05
90.0,722,277.77777777777777,944.4444444444445,142.5,7.598653517912879,0.0,0.0,9.742970464826512e-05
90.0,723,388.8888888888889,944.4444444444445,142.5,7.597627671255343,0.0,0.0,9.742970380630428e-05
90.0,724,500.0,944.4444444444445,142.5,7.597166645019559,0.0,0.0,9.742970343448974e-05
90.0,725,611.1111111111111,944.4444444444445,142.5,7.597627671255283,0.0,0.0,9.742970380630435e-05
90.0,726,722.2222222222223,944.4444444444445,142.5,7.598653517912832,0.0,0.0,9.742970464826512e-05
90.0,727,833.3333333333334,944.4444444444445,142.5,7.59969410673787,0.0,0.0,9.742970560216569e-05
90.0,728,944.4444444444445,944.4444444444445,142.5,7.6003225789809745,0.0,0.0,9.742970601907165e-05
180.0,0,55.55555555555556,55.55555555555556,102.5,5.956963349138726,0.7499382522508314,0.9728492804609168,7.914935918605291e-05
180.0,1,166.66666666666669,55.55555555555556,102.5,5.953427229379272,0.7499384139658211,0.9728451248777835,7.910211755293898e-05
180.0,2,277.77777777777777,55.55555555555556,102.5,5.94754207129917,0.7499382990086079,0.9728381978054959,7.902349317475325e-05
180.0,3,388.8888888888889,55.55555555555556,102.5,5.9416838801564245,0.7499379492943816,0.9728312883850555,7.894522877087625e-05
180.0,4,500.0,55.55555555555556,102.5,5.939026724235623,0.7499378238899376,0.9728281501960527,7.890972957163249e-05
180.0,5,611.1111111111111,55.55555555555556,102.5,5.941683880156425,0.7499379492943815,0.9728312883850545,7.894522877087617e-05
180.0,6,722.2222222222223,55.55555555555556,102.5,5.947542071299171,0.749938299008608,0.9728381978054971,7.902349317475335e-05
180.0,7,833.3333333333334,55.55555555555556,102.5,5.953427229379273,0.7499384139658211,0.9728451248777835,7.910211755293898e-05
180.0,8,944.4444444444445,55.55555555555556,102.5,5.956963349138729,0.7499382522508313,0.9728492804609169,7.914935918605293e-05
180.0,9,55.55555555555556,166.66666666666669,102.5,5.953427229379272,0.7499384139658213,0.9728451248777849,7.910211755293909e-05
180.0,10,166.66666666666669,166.66666666666669,102.5,5.94865934878134,0.7499383736638622,0.9728395138758017,7.903841976357989e-05
180.0,11,277.77777777777777,166.66666666666669,102.5,5.940295968589445,0.7499378846433704,0.9728296503609276,7.89266865544518e-05
180.0,12,388.8888888888889,166.66666666666669,102.5,5.931185585834608,0.7499375615946836,0.9728188739389138,7.880497290571144e-05
180.0,13,500.0,166.66666666666669,102.5,5.9263893848468,0.7499374801976332,0.972813187327371,7.874089596824728e-05
180.0,14,611.1111111111111,166.66666666666669,102.5,5.9311855858346085,0.7499375615946837,0.9728188739389138,7.880497290571144e-05
180.0,15,722.2222222222223,166.66666666666669,102.5,5.940295968589446,0.7499378846433703,0.972829650360927,7.892668655445174e-05
180.0,16,833.3333333333334,166.66666666666669,102.5,5.948659348781342,0.7499383736638617,0.972839513875801,7.903841976357984e-05
180.0,17,944.4444444444445,166.66666666666669,102.5,5.953427229379273,0.7499384139658214,0.9728451248777852,7.910211755293912e-05
180.0,18,55.55555555555556,277.77777777777777,102.5,5.94754207129917,0.7499382990086081,0.9728381978054965,7.90234931747533e-05
180.0,19,166.66666666666669,277.77777777777777,102.5,5.940295968589445,0.7499378846433703,0.9728296503609263,7.892668655445169e-05
180.0,20,277.77777777777777,277.77777777777777,102.5,5.926499526043885,0.7499374817869019,0.972813318873541,7.874236751864557e-05
180.0,21,388.8888888888889,277.77777777777777,102.5,5.908988979567587,0.7499377074267968,0.9727924820290474,7.850842644777388e-05
180.0,22,500.0,277.77777777777777,102.5,5.896714330529043,0.7499377816588719,0.9727778029177402,7.834443571401656e-05
180.0,23,611.1111111111111,277.77777777777777,102.5,5.908988979567588,0.7499377074267968,0.9727924820290474,7.850842644777388e-05
180.0,24,722.2222222222223,277.77777777777777,102.5,5.9264995260438855,0.7499374817869014,0.9728133188735402,7.874236751864551e-05
180.0,25,833.3333333333334,277.77777777777777,102.5,5.940295968589446,0.7499378846433701,0.972829650360926,7.892668655445166e-05
180.0,26,944.4444444444445,277.77777777777777,102.5,5.9475420712991705,0.7499382990086081,0.9728381978054965,7.90234931747533e-05
180.0,27,55.55555555555556,388.8888888888889,102.5,5.9416838801564245,0.7499379492943816,0.9728312883850553,7.894522877087624e-05
180.0,28,166.66666666666669,388.8888888888889,102.5,5.931185585834608,0.7499375615946837,0.9728188739389144,7.880497290571149e-05
180.0,29,277.77777777777777,388.8888888888889,102.5,5.908988979567587,0.7499377074267963,0.9727924820290449,7.850842644777367e-05
180.0,30,388.8888888888889,388.8888888888889,102.5,5.873906283499532,0.7499369917684728,0.9727503674734209,7.803971480036041e-05
180.0,31,500.0,388.8888888888889,102.5,5.833873842577687,0.7499367225815995,0.9727017152356069,7.750486403612548e-05
180.0,32,611.1111111111111,388.8888888888889,102.5,5.873906283499532,0.7499369917684724,0.972750367473427,7.80397148003609e-05
180.0,33,722.2222222222223,388.8888888888889,102.5,5.908988979567588,0.7499377074267966,0.9727924820290454,7.850842644777371e-05
180.0,34,833.3333333333334,388.8888888888889,102.5,5.931185585834608,0.7499375615946835,0.9728188739389129,7.880497290571137e-05
180.0,35,944.4444444444445,388.8888888888889,102.5,5.941683880156425,0.7499379492943817,0.9728312883850562,7.89452287708763e-05
180.0,36,55.55555555555556,500.0,102.5,5.939026724235623,0.7499378238899373,0.9728281501960514,7.890972957163238e-05
180.0,37,166.66666666666669,500.0,102.5,5.9263893848468,0.7499374801976333,0.9728131873273641,7.874089596824672e-05
180.0,38,277.77777777777777,500.0,102.5,5.896714330529043,0.7499377816588717,0.9727778029177472,7.834443571401712e-05
180.0,39,388.8888888888889,500.0,102.5,5.833873842577687,0.7499367225815999,0.9727017152356088,7.750486403612563e-05
180.0,40,500.0,500.0,102.5,5.667855591337199,0.7499358550325385,0.9724930333017247,7.528669099710379e-05
180.0,41,611.1111111111111,500.0,102.5,5.833873842577688,0.7499367225815992,0.9727017152356062,7.750486403612543e-05
180.0,42,722.2222222222223,500.0,102.5,5.896714330529043,0.7499377816588718,0.9727778029177476,7.834443571401716e-05
180.0,43,833.3333333333334,500.0,102.5,5.926389384846801,0.7499374801976333,0.9728131873273638,7.874089596824669e-05
180.0,44,944.4444444444445,500.0,102.5,5.939026724235624,0.7499378238899373,0.9728281501960514,7.890972957163238e-05
180.0,45,55.55555555555556,611.1111111111111,102.5,5.941683880156425,0.7499379492943816,0.9728312883850553,7.894522877087624e-05
180.0,46,166.66666666666669,611.1111111111111,102.5,5.9311855858346085,0.7499375615946836,0.9728188739389139,7.880497290571145e-05
180.0,47,277.77777777777777,611.1111111111111,102.5,5.908988979567588,0.7499377074267967,0.9727924820290462,7.850842644777378e-05
180.0,48,388.8888888888889,611.1111111111111,102.5,5.873906283499533,0.7499369917684726,0.972750367473428,7.803971480036098e-05
180.0,49,500.0,611.1111111111111,102.5,5.833873842577688,0.7499367225815997,0.972701715235608,7.750486403612557e-05
180.0,50,611.1111111111111,611.1111111111111,102.5,5.873906283499533,0.7499369917684722,0.9727503674734262,7.803971480036083e-05
180.0,51,722.2222222222223,611.1111111111111,102.5,5.908988979567589,0.7499377074267966,0.9727924820290464,7.85084264477738e-05
180.0,52,833.3333333333334,611.1111111111111,102.5,5.9311855858346085,0.7499375615946834,0.9728188739389125,7.880497290571134e-05
180.0,53,944.4444444444445,611.1111111111111,102.5,5.941683880156425,0.7499379492943816,0.9728312883850555,7.894522877087625e-05
180.0,54,55.55555555555556,722.2222222222223,102.5,5.947542071299171,0.7499382990086082,0.9728381978054979,7.902349317475341e-05
180.0,55,166.66666666666669,722.2222222222223,102.5,5.940295968589447,0.7499378846433703,0.972829650360927,7.892668655445174e-05
180.0,56,277.77777777777777,722.2222222222223,102.5,5.9264995260438855,0.7499374817869021,0.972813318873543,7.874236751864574e-05
180.0,57,388.8888888888889,722.2222222222223,102.5,5.908988979567589,0.7499377074267968,0.9727924820290471,7.850842644777385e-05
180.0,58,500.0,722.2222222222223,102.5,5.896714330529043,0.7499377816588719,0.9727778029177404,7.834443571401658e-05
180.0,59,611.1111111111111,722.2222222222223,102.5,5.908988979567588,0.749937707426797,0.9727924820290392,7.850842644777321e-05
180.0,60,722.2222222222223,722.2222222222223,102.5,5.926499526043885,0.7499374817869017,0.9728133188735402,7.874236751864551e-05
180.0,61,833.3333333333334,722.2222222222223,102.5,5.940295968589446,0.7499378846433704,0.9728296503609279,7.892668655445182e-05
180.0,62,944.4444444444445,722.2222222222223,102.5,5.9475420712991705,0.7499382990086081,0.9728381978054965,7.90234931747533e-05
180.0,63,55.55555555555556,833.3333333333334,102.5,5.953427229379273,0.7499384139658211,0.9728451248777833,7.910211755293897e-05
180.0,64,166.66666666666669,833.3333333333334,102.5,5.948659348781342,0.749938373663862,0.9728395138758016,7.903841976357988e-05
180.0,65,277.77777777777777,833.3333333333334,102.5,5.940295968589447,0.7499378846433706,0.9728296503609292,7.892668655445192e-05
180.0,66,388.8888888888889,833.3333333333334,102.5,5.931185585834608,0.7499375615946834,0.9728188739389124,7.880497290571133e-05
180.0,67,500.0,833.3333333333334,102.5,5.9263893848468,0.7499374801976333,0.9728131873273633,7.874089596824665e-05
180.0,68,611.1111111111111,833.3333333333334,102.5,5.931185585834608,0.7499375615946837,0.9728188739389142,7.880497290571148e-05
180.0,69,722.2222222222223,833.3333333333334,102.5,5.940295968589446,0.7499378846433705,0.9728296503609278,7.892668655445181e-05
180.0,70,833.3333333333334,833.3333333333334,102.5,5.948659348781341,0.7499383736638621,0.9728395138758017,7.903841976357989e-05
180.0,71,944.4444444444445,833.3333333333334,102.5,5.9534272293792725,0.7499384139658212,0.9728451248777842,7.910211755293904e-05
180.0,72,55.55555555555556,944.4444444444445,102.5,5.956963349138729,0.7499382522508313,0.9728492804609165,7.914935918605289e-05
180.0,73,166.66666666666669,944.4444444444445,102.5,5.953427229379273,0.7499384139658212,0.9728451248777843,7.910211755293905e-05
180.0,74,277.77777777777777,944.4444444444445,102.5,5.947542071299172,0.7499382990086078,0.9728381978054961,7.902349317475313e-05
180.0,75,388.8888888888889,944.4444444444445,102.5,5.941683880156425,0.7499379492943817,0.9728312883850562,7.89452287708763e-05
180.0,76,500.0,944.4444444444445,102.5,5.939026724235624,0.7499378238899375,0.9728281501960521,7.890972957163244e-05
180.0,77,611.1111111111111,944.4444444444445,102.5,5.941683880156425,0.7499379492943815,0.9728312883850545,7.894522877087617e-05
180.0,78,722.2222222222223,944.4444444444445,102.5,5.947542071299171,0.7499382990086082,0.9728381978054975,7.902349317475339e-05
180.0,79,833.3333333333334,944.4444444444445,102.5,5.953427229379273,0.7499384139658215,0.9728451248777858,7.910211755293917e-05
180.0,80,944.4444444444445,944.4444444444445,102.5,5.956963349138727,0.7499382522508314,0.9728492804609169,7.914935918605293e-05
180.0,81,55.55555555555556,55.55555555555556,107.5,5.95725629605732,0.7498988387522876,0.9728496227531196,7.915327273330651e-05
180.0,82,166.66666666666669,55.55555555555556,107.5,5.953720033708445,0.7498990002621123,0.9728454676987489,7.910602922654368e-05
180.0,83,277.77777777777777,55.55555555555556,107.5,5.947834582103291,0.7498989138567318,0.9728385403139732,7.90274008874276e-05
180.0,84,388.8888888888889,55.55555555555556,107.5,5.941976110906836,0.7498985679218619,0.9728316321531598,7.894913282908672e-05
180.0,85,500.0,55.55555555555556,107.5,5.939318868745337,0.7498984387212725,0.972828493920678,7.891363246329951e-05
180.0,86,611.1111111111111,55.55555555555556,107.5,5.941976110906837,0.749898567921862,0.9728316321531607,7.894913282908679e-05
180.0,87,722.2222222222223,55.55555555555556,107.5,5.947834582103292,0.7498989138567317,0.9728385403139723,7.902740088742767e-05
180.0,88,833.3333333333334,55.55555555555556,107.5,5.953720033708446,0.749899000262112,0.9728454676987562,7.910602922654428e-05
180.0,89,944.4444444444445,55.55555555555556,107.5,5.957256296057323,0.7498988387522871,0.9728496227531269,7.915327273330711e-05
180.0,90,55.55555555555556,166.66666666666669,107.5,5.953720033708445,0.7498990002621123,0.9728454676987489,7.910602922654368e-05
180.0,91,166.66666666666669,166.66666666666669,107.5,5.948951889248801,0.7498989957474266,0.9728398569412177,7.904232792296498e-05
180.0,92,277.77777777777777,166.66666666666669,107.5,5.9405881102837705,0.7498984935801214,0.9728299932579647,7.89305893507736e-05
180.0,93,388.8888888888889,166.66666666666669,107.5,5.931477445292536,0.7498981660496982,0.9728192178546102,7.88088719754713e-05
180.0,94,500.0,166.66666666666669,107.5,5.926681832114521,0.7498980812613959,0.972813532478034,7.874480290003253e-05
180.0,95,611.1111111111111,166.66666666666669,107.5,5.931477445292537,0.7498981660496982,0.9728192178546102,7.88088719754713e-05
180.0,96,722.2222222222223,166.66666666666669,107.5,5.940588110283771,0.7498984935801215,0.9728299932579645,7.893058935077374e-05
180.0,97,833.3333333333334,166.66666666666669,107.5,5.948951889248803,0.7498989957474266,0.9728398569412181,7.904232792296502e-05
180.0,98,944.4444444444445,166.66666666666669,107.5,5.953720033708446,0.749899000262112,0.9728454676987486,7.910602922654365e-05
180.0,99,55.55555555555556,277.77777777777777,107.5,5.947834582103291,0.7498989138567314,0.9728385403139715,7.902740088742746e-05
180.0,100,166.66666666666669,277.77777777777777,107.5,5.9405881102837705,0.7498984935801214,0.9728299932579645,7.893058935077359e-05
180.0,101,277.77777777777777,277.77777777777777,107.5,5.926791223987708,0.7498980837263836,0.9728136632046085,7.874626444592083e-05
180.0,102,388.8888888888889,277.77777777777777,107.5,5.909282596967615,0.7498982916371923,0.9727928303232934,7.851234902743733e-05
180.0,103,500.0,277.77777777777777,107.5,5.897025061884654,0.7498983960691838,0.9727781730702874,7.834858695774989e-05
180.0,104,611.1111111111111,277.77777777777777,107.5,5.909282596967616,0.7498982916371928,0.9727928303232956,7.85123490274375e-05
180.0,105,722.2222222222223,277.77777777777777,107.5,5.926791223987709,0.7498980837263832,0.9728136632046158,7.874626444592143e-05
180.0,106,833.3333333333334,277.77777777777777,107.5,5.940588110283771,0.7498984935801215,0.9728299932579654,7.893058935077381e-05
180.0,107,944.4444444444445,277.77777777777777,107.5,5.947834582103292,0.7498989138567317,0.972838540313973,7.902740088742772e-05
180.0,108,55.55555555555556,388.8888888888889,107.5,5.941976110906836,0.7498985679218618,0.9728316321531589,7.894913282908666e-05
180.0,109,166.66666666666669,388.8888888888889,107.5,5.931477445292536,0.7498981660496984,0.9728192178546117,7.880887197547142e-05
180.0,110,277.77777777777777,388.8888888888889,107.5,5.909282596967615,0.7498982916371926,0.9727928303232944,7.851234902743741e-05
180.0,111,388.8888888888889,388.8888888888889,107.5,5.874235666765106,0.7498975968316027,0.9727507640275721,7.804411537288392e-05
180.0,112,500.0,388.8888888888889,107.5,5.83445236794995,0.7498973375162449,0.9727024212498117,7.751259332623356e-05
180.0,113,611.1111111111111,388.8888888888889,107.5,5.874235666765107,0.749897596831603,0.9727507640275733,7.804411537288388e-05
180.0,114,722.2222222222223,388.8888888888889,107.5,5.909282596967615,0.7498982916371929,0.972792830323296,7.851234902743754e-05
180.0,115,833.3333333333334,388.8888888888889,107.5,5.931477445292536,0.7498981660496984,0.9728192178546113,7.88088719754714e-05
180.0,116,944.4444444444445,388.8888888888889,107.5,5.941976110906837,0.7498985679218617,0.9728316321531593,7.894913282908668e-05
180.0,117,55.55555555555556,500.0,107.5,5.939318868745337,0.7498984387212725,0.9728284939206778,7.89136324632995e-05
180.0,118,166.66666666666669,500.0,107.5,5.92668183211452,0.749898081261396,0.9728135324780344,7.874480290003256e-05
180.0,119,277.77777777777777,500.0,107.5,5.897025061884653,0.7498983960691837,0.9727781730702865,7.834858695774982e-05
180.0,120,388.8888888888889,500.0,107.5,5.834452367949951,0.749897337516245,0.9727024212498129,7.751259332623366e-05
180.0,121,500.0,500.0,107.5,5.654139751048662,0.7498975298858166,0.9724752958296977,7.510342799505178e-05
180.0,122,611.1111111111111,500.0,107.5,5.834452367949951,0.7498973375162448,0.972702421249812,7.751259332623359e-05
180.0,123,722.2222222222223,500.0,107.5,5.897025061884654,0.7498983960691841,0.972778173070288,7.834858695774994e-05
180.0,124,833.3333333333334,500.0,107.5,5.926681832114521,0.7498980812613962,0.9728135324780353,7.874480290003262e-05
180.0,125,944.4444444444445,500.0,107.5,5.939318868745338,0.7498984387212723,0.9728284939206775,7.891363246329947e-05
180.0,126,55.55555555555556,611.1111111111111,107.5,5.941976110906837,0.7498985679218617,0.9728316321531589,7.894913282908666e-05
180.0,127,166.66666666666669,611.1111111111111,107.5,5.931477445292537,0.7498981660496984,0.9728192178546116,7.880887197547141e-05
180.0,128,277.77777777777777,611.1111111111111,107.5,5.909282596967616,0.7498982916371926,0.972792830323294,7.851234902743737e-05
180.0,129,388.8888888888889,611.1111111111111,107.5,5.874235666765108,0.7498975968316032,0.972750764027575,7.804411537288415e-05
180.0,130,500.0,611.1111111111111,107.5,5.834452367949952,0.7498973375162448,0.9727024212498117,7.751259332623356e-05
180.0,131,611.1111111111111,611.1111111111111,107.5,5.874235666765108,0.7498975968316028,0.9727507640275733,7.804411537288388e-05
180.0,132,722.2222222222223,611.1111111111111,107.5,5.909282596967616,0.7498982916371926,0.9727928303232952,7.851234902743747e-05
180.0,133,833.3333333333334,611.1111111111111,107.5,5.931477445292537,0.7498981660496982,0.972819217854611,7.880887197547137e-05
180.0,134,944.4444444444445,611.1111111111111,107.5,5.941976110906837,0.7498985679218619,0.9728316321531599,7.894913282908674e-05
180.0,135,55.55555555555556,722.2222222222223,107.5,5.947834582103293,0.7498989138567316,0.9728385403139723,7.902740088742767e-05
180.0,136,166.66666666666669,722.2222222222223,107.5,5.940588110283772,0.7498984935801208,0.9728299932579615,7.89305893507735e-05
180.0,137,277.77777777777777,722.2222222222223,107.5,5.926791223987709,0.7498980837263833,0.9728136632046079,7.874626444592079e-05
180.0,138,388.8888888888889,722.2222222222223,107.5,5.909282596967616,0.7498982916371927,0.9727928303232952,7.851234902743747e-05
180.0,139,500.0,722.2222222222223,107.5,5.897025061884654,0.7498983960691838,0.972778173070287,7.834858695774986e-05
180.0,140,611.1111111111111,722.2222222222223,107.5,5.909282596967615,0.749898291637193,0.9727928303232963,7.851234902743756e-05
180.0,141,722.2222222222223,722.2222222222223,107.5,5.926791223987709,0.7498980837263832,0.9728136632046157,7.874626444592141e-05
180.0,142,833.3333333333334,722.2222222222223,107.5,5.940588110283771,0.7498984935801213,0.9728299932579637,7.893058935077367e-05
180.0,143,944.4444444444445,722.2222222222223,107.5,5.947834582103292,0.7498989138567316,0.9728385403139723,7.902740088742767e-05
180.0,144,55.55555555555556,833.3333333333334,107.5,5.953720033708447,0.7498990002621123,0.9728454676987494,7.910602922654372e-05
180.0,145,166.66666666666669,833.3333333333334,107.5,5.948951889248804,0.7498989957474261,0.9728398569412163,7.904232792296487e-05
180.0,146,277.77777777777777,833.3333333333334,107.5,5.940588110283772,0.7498984935801213,0.972829993257964,7.89305893507737e-05
180.0,147,388.8888888888889,833.3333333333334,107.5,5.931477445292537,0.7498981660496983,0.9728192178546112,7.880887197547138e-05
180.0,148,500.0,833.3333333333334,107.5,5.926681832114521,0.7498980812613958,0.9728135324780337,7.87448029000325e-05
180.0,149,611.1111111111111,833.3333333333334,107.5,5.931477445292537,0.7498981660496982,0.972819217854611,7.880887197547137e-05
180.0,150,722.2222222222223,833.3333333333334,107.5,5.940588110283771,0.7498984935801212,0.972829993257964,7.89305893507737e-05
180.0,151,833.3333333333334,833.3333333333334,107.5,5.948951889248803,0.7498989957474265,0.9728398569412178,7.904232792296499e-05
180.0,152,944.4444444444445,833.3333333333334,107.5,5.9537200337084455,0.7498990002621118,0.9728454676987554,7.910602922654421e-05
180.0,153,55.55555555555556,944.4444444444445,107.5,5.957256296057323,0.7498988387522874,0.9728496227531195,7.915327273330638e-05
180.0,154,166.66666666666669,944.4444444444445,107.5,5.953720033708447,0.749899000262112,0.9728454676987486,7.910602922654365e-05
180.0,155,277.77777777777777,944.4444444444445,107.5,5.947834582103293,0.7498989138567316,0.9728385403139724,7.902740088742768e-05
180.0,156,388.8888888888889,944.4444444444445,107.5,5.941976110906837,0.749898567921862,0.9728316321531607,7.894913282908679e-05
180.0,157,500.0,944.4444444444445,107.5,5.939318868745338,0.7498984387212728,0.9728284939206804,7.89136324632997e-05
180.0,158,611.1111111111111,944.4444444444445,107.5,5.941976110906837,0.7498985679218619,0.9728316321531603,7.894913282908677e-05
180.0,159,722.2222222222223,944.4444444444445,107.5,5.947834582103293,0.7498989138567316,0.9728385403139723,7.902740088742767e-05
180.0,160,833.3333333333334,944.4444444444445,107.5,5.953720033708446,0.7498990002621118,0.9728454676987556,7.910602922654422e-05
180.0,161,944.4444444444445,944.4444444444445,107.5,5.957256296057321,0.7498988387522877,0.9728496227531201,7.915327273330643e-05
180.0,162,55.55555555555556,55.55555555555556,112.5,5.957549428683366,0.7498041693158174,0.972849965832958,7.915718880998669e-05
180.0,163,166.66666666666669,55.55555555555556,112.5,5.954013041697098,0.749804326054124,0.9728458107079575,7.91099436189201e-05
180.0,164,277.77777777777777,55.55555555555556,112.5,5.948127279339756,0.7498042766325581,0.972838883946826,7.903131116637982e-05
180.0,165,388.8888888888889,55.55555555555556,112.5,5.942268519926074,0.7498039240146628,0.972831975867365,7.895303924959088e-05
180.0,166,500.0,55.55555555555556,112.5,5.939611216513597,0.7498037922419795,0.9728288377875418,7.891753806463014e-05
180.0,167,611.1111111111111,55.55555555555556,112.5,5.942268519926074,0.7498039240146634,0.9728319758673687,7.895303924959118e-05
180.0,168,722.2222222222223,55.55555555555556,112.5,5.948127279339757,0.7498042766325581,0.9728388839468265,7.903131116637986e-05
180.0,169,833.3333333333334,55.55555555555556,112.5,5.9540130416971,0.7498043260541243,0.9728458107079512,7.910994361891958e-05
180.0,170,944.4444444444445,55.55555555555556,112.5,5.957549428683369,0.7498041693158175,0.972849965832959,7.915718880998677e-05
180.0,171,55.55555555555556,166.66666666666669,112.5,5.954013041697098,0.7498043260541241,0.9728458107079582,7.910994361892015e-05
180.0,172,166.66666666666669,166.66666666666669,112.5,5.949244598776464,0.7498043569510361,0.9728402001802376,7.904623834098287e-05
180.0,173,277.77777777777777,166.66666666666669,112.5,5.940880404682391,0.7498038504990396,0.9728303371560774,7.893449425587822e-05
180.0,174,388.8888888888889,166.66666666666669,112.5,5.931769545654665,0.7498035122216193,0.972819562322218,7.881277428738153e-05
180.0,175,500.0,166.66666666666669,112.5,5.926975054631411,0.7498034238084771,0.9728138787408015,7.8748720206788e-05
180.0,176,611.1111111111111,166.66666666666669,112.5,5.931769545654665,0.7498035122216196,0.9728195623222105,7.881277428738078e-05
180.0,177,722.2222222222223,166.66666666666669,112.5,5.9408804046823915,0.7498038504990401,0.9728303371560709,7.89344942558777e-05
180.0,178,833.3333333333334,166.66666666666669,112.5,5.949244598776466,0.7498043569510363,0.9728402001802391,7.904623834098299e-05
180.0,179,944.4444444444445,166.66666666666669,112.5,5.9540130416971,0.7498043260541241,0.9728458107079582,7.910994361892015e-05
180.0,180,55.55555555555556,277.77777777777777,112.5,5.948127279339756,0.749804276632558,0.9728388839468258,7.903131116637981e-05
180.0,181,166.66666666666669,277.77777777777777,112.5,5.940880404682391,0.7498038504990401,0.9728303371560709,7.89344942558777e-05
180.0,182,277.77777777777777,277.77777777777777,112.5,5.927083191805594,0.7498034265333384,0.9728140079844999,7.875016499121392e-05
180.0,183,388.8888888888889,277.77777777777777,112.5,5.909578339882955,0.7498036211919982,0.9727931818392559,7.851630006159488e-05
180.0,184,500.0,277.77777777777777,112.5,5.897352193973614,0.7498037598310039,0.9727785638182933,7.835295739641207e-05
180.0,185,611.1111111111111,277.77777777777777,112.5,5.909578339882956,0.7498036211919983,0.9727931818392473,7.851630006159419e-05
180.0,186,722.2222222222223,277.77777777777777,112.5,5.927083191805595,0.7498034265333385,0.9728140079845006,7.875016499121397e-05
180.0,187,833.3333333333334,277.77777777777777,112.5,5.9408804046823915,0.7498038504990402,0.9728303371560713,7.893449425587772e-05
180.0,188,944.4444444444445,277.77777777777777,112.5,5.948127279339757,0.7498042766325583,0.9728388839468277,7.903131116637996e-05
180.0,189,55.55555555555556,388.8888888888889,112.5,5.942268519926074,0.749803924014663,0.9728319758673665,7.8953039249591e-05
180.0,190,166.66666666666669,388.8888888888889,112.5,5.931769545654664,0.7498035122216196,0.9728195623222099,7.881277428738074e-05
180.0,191,277.77777777777777,388.8888888888889,112.5,5.909578339882955,0.7498036211919981,0.9727931818392547,7.851630006159478e-05
180.0,192,388.8888888888889,388.8888888888889,112.5,5.874596912934649,0.7498029388677611,0.9727511987446409,7.804894162226707e-05
180.0,193,500.0,388.8888888888889,112.5,5.835627659987093,0.749802718800653,0.972703856720747,7.752829573683902e-05
180.0,194,611.1111111111111,388.8888888888889,112.5,5.874596912934649,0.7498029388677615,0.9727511987446436,7.804894162226728e-05
180.0,195,722.2222222222223,388.8888888888889,112.5,5.909578339882955,0.7498036211919984,0.9727931818392477,7.851630006159422e-05
180.0,196,833.3333333333334,388.8888888888889,112.5,5.931769545654665,0.7498035122216193,0.9728195623222179,7.88127742873814e-05
180.0,197,944.4444444444445,388.8888888888889,112.5,5.942268519926075,0.7498039240146629,0.9728319758673661,7.895303924959098e-05
180.0,198,55.55555555555556,500.0,112.5,5.939611216513597,0.7498037922419796,0.9728288377875421,7.891753806463003e-05
180.0,199,166.66666666666669,500.0,112.5,5.92697505463141,0.7498034238084771,0.9728138787408008,7.874872020678795e-05
180.0,200,277.77777777777777,500.0,112.5,5.897352193973613,0.749803759831004,0.9727785638182938,7.83529573964121e-05
180.0,201,388.8888888888889,500.0,112.5,5.835627659987094,0.7498027188006527,0.9727038567207458,7.752829573683893e-05
180.0,202,500.0,500.0,112.5,5.687631966719732,0.7498020747941485,0.9725185052438161,7.555093248898248e-05
180.0,203,611.1111111111111,500.0,112.5,5.835627659987094,0.7498027188006527,0.9727038567207458,7.752829573683893e-05
180.0,204,722.2222222222223,500.0,112.5,5.897352193973614,0.7498037598310038,0.972778563818292,7.835295739641196e-05
180.0,205,833.3333333333334,500.0,112.5,5.926975054631411,0.7498034238084771,0.9728138787408015,7.8748720206788e-05
180.0,206,944.4444444444445,500.0,112.5,5.9396112165135975,0.749803792241979,0.9728288377875393,7.891753806462994e-05
180.0,207,55.55555555555556,611.1111111111111,112.5,5.942268519926075,0.7498039240146628,0.9728319758673655,7.895303924959092e-05
180.0,208,166.66666666666669,611.1111111111111,112.5,5.931769545654665,0.7498035122216199,0.9728195623222118,7.881277428738089e-05
180.0,209,277.77777777777777,611.1111111111111,112.5,5.909578339882956,0.7498036211919984,0.9727931818392477,7.851630006159422e-05
180.0,210,388.8888888888889,611.1111111111111,112.5,5.87459691293465,0.7498029388677618,0.9727511987446452,7.804894162226742e-05
180.0,211,500.0,611.1111111111111,112.5,5.835627659987095,0.749802718800653,0.972703856720747,7.752829573683902e-05
180.0,212,611.1111111111111,611.1111111111111,112.5,5.87459691293465,0.7498029388677614,0.9727511987446436,7.804894162226728e-05
180.0,213,722.2222222222223,611.1111111111111,112.5,5.909578339882956,0.7498036211919985,0.9727931818392486,7.851630006159428e-05
180.0,214,833.3333333333334,611.1111111111111,112.5,5.931769545654665,0.7498035122216197,0.9728195623222111,7.881277428738084e-05
180.0,215,944.4444444444445,611.1111111111111,112.5,5.942268519926075,0.7498039240146627,0.9728319758673646,7.895303924959086e-05
180.0,216,55.55555555555556,722.2222222222223,112.5,5.948127279339757,0.749804276632558,0.9728388839468262,7.903131116637984e-05
180.0,217,166.66666666666669,722.2222222222223,112.5,5.940880404682392,0.7498038504990401,0.9728303371560713,7.893449425587772e-05
180.0,218,277.77777777777777,722.2222222222223,112.5,5.927083191805595,0.7498034265333386,0.9728140079845007,7.875016499121399e-05
180.0,219,388.8888888888889,722.2222222222223,112.5,5.909578339882957,0.7498036211919984,0.972793181839248,7.851630006159438e-05
180.0,220,500.0,722.2222222222223,112.5,5.897352193973614,0.7498037598310039,0.9727785638182924,7.8352957396412e-05
180.0,221,611.1111111111111,722.2222222222223,112.5,5.909578339882956,0.7498036211919984,0.972793181839248,7.851630006159424e-05
180.0,222,722.2222222222223,722.2222222222223,112.5,5.927083191805594,0.7498034265333389,0.9728140079845019,7.875016499121408e-05
180.0,223,833.3333333333334,722.2222222222223,112.5,5.9408804046823915,0.7498038504990403,0.972830337156072,7.893449425587779e-05
180.0,224,944.4444444444445,722.2222222222223,112.5,5.948127279339757,0.7498042766325582,0.9728388839468265,7.903131116637986e-05
180.0,225,55.55555555555556,833.3333333333334,112.5,5.9540130416971,0.7498043260541245,0.9728458107079517,7.910994361891962e-05
180.0,226,166.66666666666669,833.3333333333334,112.5,5.949244598776467,0.7498043569510364,0.9728402001802401,7.904623834098307e-05
180.0,227,277.77777777777777,833.3333333333334,112.5,5.940880404682392,0.7498038504990403,0.9728303371560724,7.893449425587782e-05
180.0,228,388.8888888888889,833.3333333333334,112.5,5.931769545654665,0.7498035122216198,0.9728195623222116,7.8812774287381e-05
180.0,229,500.0,833.3333333333334,112.5,5.926975054631411,0.7498034238084773,0.9728138787408018,7.874872020678803e-05
180.0,230,611.1111111111111,833.3333333333334,112.5,5.931769545654665,0.7498035122216195,0.972819562322218,7.881277428738153e-05
180.0,231,722.2222222222223,833.3333333333334,112.5,5.9408804046823915,0.7498038504990402,0.9728303371560713,7.893449425587772e-05
180.0,232,833.3333333333334,833.3333333333334,112.5,5.949244598776465,0.7498043569510364,0.9728402001802393,7.9046238340983e-05
180.0,233,944.4444444444445,833.3333333333334,112.5,5.954013041697099,0.7498043260541241,0.9728458107079504,7.910994361891951e-05
180.0,234,55.55555555555556,944.4444444444445,112.5,5.95754942868337,0.7498041693158177,0.9728499658329604,7.915718880998701e-05
180.0,235,166.66666666666669,944.4444444444445,112.5,5.9540130416971,0.7498043260541241,0.9728458107079502,7.91099436189195e-05
180.0,236,277.77777777777777,944.4444444444445,112.5,5.948127279339758,0.7498042766325581,0.972838883946827,7.90313111663799e-05
180.0,237,388.8888888888889,944.4444444444445,112.5,5.942268519926075,0.7498039240146628,0.9728319758673658,7.895303924959095e-05
180.0,238,500.0,944.4444444444445,112.5,5.9396112165135975,0.7498037922419791,0.9728288377875395,7.891753806462995e-05
180.0,239,611.1111111111111,944.4444444444445,112.5,5.942268519926075,0.749803924014663,0.9728319758673665,7.8953039249591e-05
180.0,240,722.2222222222223,944.4444444444445,112.5,5.948127279339758,0.7498042766325581,0.9728388839468262,7.903131116637984e-05
180.0,241,833.3333333333334,944.4444444444445,112.5,5.9540130416971,0.7498043260541243,0.9728458107079507,7.910994361891954e-05
180.0,242,944.4444444444445,944.4444444444445,112.5,5.957549428683368,0.7498041693158177,0.9728499658329597,7.915718880998683e-05
180.0,243,55.55555555555556,55.55555555555556,117.5,5.957842756804779,0.7494686248299014,0.9728503088806342,7.916110747924043e-05
180.0,244,166.66666666666669,55.55555555555556,117.5,5.954306237171463,0.749468775668853,0.9728461536063243,7.911386049122528e-05
180.0,245,277.77777777777777,55.55555555555556,117.5,5.948420156231109,0.749468770195561,0.9728392276158491,7.903522383333735e-05
180.0,246,388.8888888888889,55.55555555555556,117.5,5.942561097339769,0.7494684100114746,0.972832319451897,7.895694789526989e-05
180.0,247,500.0,55.55555555555556,117.5,5.939903735445816,0.749468273951466,0.9728291814976882,7.892144592567921e-05
180.0,248,611.1111111111111,55.55555555555556,117.5,5.942561097339769,0.7494684100114748,0.9728323194518976,7.895694789526995e-05
180.0,249,722.2222222222223,55.55555555555556,117.5,5.94842015623111,0.7494687701955609,0.9728392276158495,7.90352238333374e-05
180.0,250,833.3333333333334,55.55555555555556,117.5,5.954306237171465,0.7494687756688531,0.9728461536063255,7.911386049122538e-05
180.0,251,944.4444444444445,55.55555555555556,117.5,5.957842756804782,0.7494686248299013,0.9728503088806342,7.916110747924056e-05
180.0,252,55.55555555555556,166.66666666666669,117.5,5.954306237171463,0.749468775668853,0.972846153606325,7.911386049122534e-05
180.0,253,166.66666666666669,166.66666666666669,117.5,5.949537481498526,0.7494688443305764,0.9728405432261235,7.905015104268287e-05
180.0,254,277.77777777777777,166.66666666666669,117.5,5.941172843537113,0.7494683361460198,0.9728306811517752,7.893840108707789e-05
180.0,255,388.8888888888889,166.66666666666669,117.5,5.932061789374654,0.7494679774776886,0.9728199067139205,7.881667849674604e-05
180.0,256,500.0,166.66666666666669,117.5,5.92726844230593,0.7494678726136266,0.9728142249523462,7.875263970216626e-05
180.0,257,611.1111111111111,166.66666666666669,117.5,5.932061789374654,0.7494679774776879,0.9728199067139254,7.881667849674643e-05
180.0,258,722.2222222222223,166.66666666666669,117.5,5.941172843537114,0.7494683361460199,0.9728306811517755,7.893840108707792e-05
180.0,259,833.3333333333334,166.66666666666669,117.5,5.949537481498528,0.7494688443305763,0.9728405432261235,7.905015104268287e-05
180.0,260,944.4444444444445,166.66666666666669,117.5,5.954306237171465,0.7494687756688526,0.9728461536063239,7.911386049122524e-05
180.0,261,55.55555555555556,277.77777777777777,117.5,5.948420156231109,0.7494687701955607,0.9728392276158478,7.903522383333726e-05
180.0,262,166.66666666666669,277.77777777777777,117.5,5.941172843537113,0.7494683361460197,0.9728306811517747,7.893840108707785e-05
180.0,263,277.77777777777777,277.77777777777777,117.5,5.92737529228466,0.7494678749652922,0.9728143524919673,7.875406727617618e-05
180.0,264,388.8888888888889,277.77777777777777,117.5,5.909874480595594,0.7494680324919797,0.9727935335926499,7.852025639339472e-05
180.0,265,500.0,277.77777777777777,117.5,5.897680396259805,0.7494682262135928,0.9727789552475811,7.835734208737666e-05
180.0,266,611.1111111111111,277.77777777777777,117.5,5.909874480595595,0.74946803249198,0.9727935335926524,7.852025639339507e-05
180.0,267,722.2222222222223,277.77777777777777,117.5,5.927375292284661,0.7494678749652928,0.9728143524919699,7.875406727617638e-05
180.0,268,833.3333333333334,277.77777777777777,117.5,5.941172843537114,0.7494683361460197,0.9728306811517745,7.893840108707784e-05
180.0,269,944.4444444444445,277.77777777777777,117.5,5.948420156231111,0.7494687701955608,0.9728392276158488,7.903522383333734e-05
180.0,270,55.55555555555556,388.8888888888889,117.5,5.942561097339768,0.7494684100114744,0.9728323194518953,7.895694789526976e-05
180.0,271,166.66666666666669,388.8888888888889,117.5,5.932061789374653,0.7494679774776877,0.9728199067139247,7.881667849674638e-05
180.0,272,277.77777777777777,388.8888888888889,117.5,5.909874480595594,0.7494680324919801,0.9727935335926523,7.85202563933949e-05
180.0,273,388.8888888888889,388.8888888888889,117.5,5.874959660724516,0.7494673710218422,0.972751634419083,7.80537878684642e-05
180.0,274,500.0,388.8888888888889,117.5,5.836796747600319,0.7494672058307003,0.9727052824238028,7.754391511443924e-05
180.0,275,611.1111111111111,388.8888888888889,117.5,5.874959660724516,0.7494673710218426,0.9727516344190839,7.805378786846427e-05
180.0,276,722.2222222222223,388.8888888888889,117.5,5.909874480595594,0.7494680324919799,0.9727935335926511,7.852025639339481e-05
180.0,277,833.3333333333334,388.8888888888889,117.5,5.932061789374654,0.7494679774776882,0.9728199067139272,7.881667849674658e-05
180.0,278,944.4444444444445,388.8888888888889,117.5,5.94256109733977,0.7494684100114746,0.9728323194518964,7.895694789526985e-05
180.0,279,55.55555555555556,500.0,117.5,5.939903735445816,0.7494682739514658,0.9728291814976874,7.892144592567914e-05
180.0,280,166.66666666666669,500.0,117.5,5.927268442305929,0.7494678726136269,0.9728142249523475,7.875263970216623e-05
180.0,281,277.77777777777777,500.0,117.5,5.897680396259805,0.749468226213593,0.9727789552475821,7.835734208737675e-05
180.0,282,388.8888888888889,500.0,117.5,5.83679674760032,0.7494672058307003,0.972705282423803,7.754391511443925e-05
180.0,283,500.0,500.0,117.5,5.708599310832088,0.749465247076645,0.9725452863673701,7.583108134013873e-05
180.0,284,611.1111111111111,500.0,117.5,5.83679674760032,0.7494672058307003,0.972705282423803,7.754391511443925e-05
180.0,285,722.2222222222223,500.0,117.5,5.897680396259806,0.7494682262135929,0.972778955247582,7.835734208737673e-05
180.0,286,833.3333333333334,500.0,117.5,5.92726844230593,0.7494678726136268,0.9728142249523469,7.875263970216633e-05
180.0,287,944.4444444444445,500.0,117.5,5.939903735445817,0.7494682739514662,0.9728291814976892,7.892144592567929e-05
180.0,288,55.55555555555556,611.1111111111111,117.5,5.942561097339769,0.7494684100114744,0.972832319451895,7.895694789526973e-05
180.0,289,166.66666666666669,611.1111111111111,117.5,5.932061789374654,0.7494679774776886,0.9728199067139205,7.881667849674604e-05
180.0,290,277.77777777777777,611.1111111111111,117.5,5.909874480595595,0.74946803249198,0.9727935335926521,7.852025639339504e-05
180.0,291,388.8888888888889,611.1111111111111,117.5,5.8749596607245165,0.7494673710218422,0.9727516344190823,7.805378786846415e-05
180.0,292,500.0,611.1111111111111,117.5,5.836796747600321,0.7494672058307001,0.9727052824238028,7.754391511443924e-05
180.0,293,611.1111111111111,611.1111111111111,117.5,5.874959660724517,0.7494673710218424,0.9727516344190833,7.805378786846423e-05
180.0,294,722.2222222222223,611.1111111111111,117.5,5.909874480595595,0.7494680324919799,0.9727935335926516,7.8520256393395e-05
180.0,295,833.3333333333334,611.1111111111111,117.5,5.932061789374654,0.7494679774776881,0.972819906713927,7.881667849674657e-05
180.0,296,944.4444444444445,611.1111111111111,117.5,5.942561097339769,0.749468410011474,0.9728323194518937,7.895694789526964e-05
180.0,297,55.55555555555556,722.2222222222223,117.5,5.948420156231111,0.7494687701955606,0.9728392276158555,7.903522383333788e-05
180.0,298,166.66666666666669,722.2222222222223,117.5,5.941172843537114,0.74946833614602,0.9728306811517764,7.893840108707799e-05
180.0,299,277.77777777777777,722.2222222222223,117.5,5.927375292284661,0.749467874965293,0.9728143524919621,7.875406727617576e-05
180.0,300,388.8888888888889,722.2222222222223,117.5,5.909874480595596,0.7494680324919798,0.9727935335926507,7.852025639339493e-05
180.0,301,500.0,722.2222222222223,117.5,5.897680396259806,0.7494682262135928,0.9727789552475813,7.835734208737668e-05
180.0,302,611.1111111111111,722.2222222222223,117.5,5.909874480595595,0.74946803249198,0.9727935335926521,7.852025639339504e-05
180.0,303,722.2222222222223,722.2222222222223,117.5,5.92737529228466,0.7494678749652924,0.9728143524919682,7.875406727617625e-05
180.0,304,833.3333333333334,722.2222222222223,117.5,5.941172843537114,0.7494683361460198,0.9728306811517752,7.893840108707789e-05
180.0,305,944.4444444444445,722.2222222222223,117.5,5.94842015623111,0.749468770195561,0.9728392276158495,7.90352238333374e-05
180.0,306,55.55555555555556,833.3333333333334,117.5,5.954306237171465,0.7494687756688524,0.9728461536063227,7.911386049122515e-05
180.0,307,166.66666666666669,833.3333333333334,117.5,5.9495374814985285,0.7494688443305761,0.9728405432261227,7.905015104268281e-05
180.0,308,277.77777777777777,833.3333333333334,117.5,5.941172843537115,0.7494683361460198,0.9728306811517754,7.89384010870779e-05
180.0,309,388.8888888888889,833.3333333333334,117.5,5.932061789374654,0.7494679774776882,0.9728199067139272,7.881667849674658e-05
180.0,310,500.0,833.3333333333334,117.5,5.92726844230593,0.7494678726136264,0.9728142249523449,7.875263970216616e-05
180.0,311,611.1111111111111,833.3333333333334,117.5,5.932061789374654,0.7494679774776877,0.9728199067139244,7.881667849674635e-05
180.0,312,722.2222222222223,833.3333333333334,117.5,5.941172843537114,0.7494683361460198,0.9728306811517755,7.893840108707792e-05
180.0,313,833.3333333333334,833.3333333333334,117.5,5.949537481498528,0.7494688443305764,0.9728405432261238,7.90501510426829e-05
180.0,314,944.4444444444445,833.3333333333334,117.5,5.954306237171464,0.7494687756688525,0.9728461536063227,7.911386049122515e-05
180.0,315,55.55555555555556,944.4444444444445,117.5,5.957842756804782,0.7494686248299016,0.9728503088806354,7.916110747924066e-05
180.0,316,166.66666666666669,944.4444444444445,117.5,5.9543062371714655,0.7494687756688524,0.972846153606323,7.911386049122518e-05
180.0,317,277.77777777777777,944.4444444444445,117.5,5.948420156231111,0.7494687701955608,0.9728392276158478,7.903522383333726e-05
180.0,318,388.8888888888889,944.4444444444445,117.5,5.94256109733977,0.7494684100114742,0.9728323194518953,7.895694789526976e-05
180.0,319,500.0,944.4444444444445,117.5,5.939903735445817,0.7494682739514654,0.9728291814976864,7.892144592567906e-05
180.0,320,611.1111111111111,944.4444444444445,117.5,5.94256109733977,0.7494684100114746,0.9728323194518964,7.895694789526985e-05
180.0,321,722.2222222222223,944.4444444444445,117.5,5.948420156231111,0.7494687701955612,0.9728392276158502,7.903522383333745e-05
180.0,322,833.3333333333334,944.4444444444445,117.5,5.954306237171465,0.7494687756688531,0.9728461536063255,7.911386049122538e-05
180.0,323,944.4444444444445,944.4444444444445,117.5,5.95784275680478,0.7494686248299016,0.972850308880635,7.91611074792405e-05
180.0,324,55.55555555555556,55.55555555555556,122.5,5.958136229620187,0.7456951053795998,0.972850647515085,7.916502771085547e-05
180.0,325,166.66666666666669,55.55555555555556,122.5,5.954599561546002,0.7456952585622003,0.9728464924174475,7.911777874311492e-05
180.0,326,277.77777777777777,55.55555555555556,122.5,5.948713173391213,0.7456952744477661,0.972839565709427,7.90391379101104e-05
180.0,327,388.8888888888889,55.55555555555556,122.5,5.9428538108527516,0.7456949012553057,0.9728326576082417,7.896085790785064e-05
180.0,328,500.0,55.55555555555556,122.5,5.9401963705095975,0.7456947631904136,0.9728295198578324,7.892535489531491e-05
180.0,329,611.1111111111111,55.55555555555556,122.5,5.9428538108527516,0.7456949012553059,0.9728326576082427,7.896085790785072e-05
180.0,330,722.2222222222223,55.55555555555556,122.5,5.948713173391214,0.7456952744477657,0.9728395657094255,7.903913791011028e-05
180.0,331,833.3333333333334,55.55555555555556,122.5,5.9545995615460035,0.7456952585622001,0.9728464924174465,7.911777874311484e-05
180.0,332,944.4444444444445,55.55555555555556,122.5,5.95813622962019,0.7456951053795995,0.9728506475150845,7.916502771085543e-05
180.0,333,55.55555555555556,166.66666666666669,122.5,5.954599561546003,0.7456952585621999,0.9728464924174455,7.911777874311476e-05
180.0,334,166.66666666666669,166.66666666666669,122.5,5.949830518571493,0.7456953610940854,0.9728408818969676,7.905406543842846e-05
180.0,335,277.77777777777777,166.66666666666669,122.5,5.9414654206422215,0.7456948253373821,0.97283101867593,7.894230922916246e-05
180.0,336,388.8888888888889,166.66666666666669,122.5,5.932354112135326,0.7456944758538343,0.972820244648867,7.882058323363795e-05
180.0,337,500.0,166.66666666666669,122.5,5.927561426234976,0.7456943890698878,0.9728145640295387,7.875655326702132e-05
180.0,338,611.1111111111111,166.66666666666669,122.5,5.932354112135327,0.7456944758538342,0.972820244648867,7.88205832336381e-05
180.0,339,722.2222222222223,166.66666666666669,122.5,5.941465420642222,0.7456948253373823,0.9728310186759233,7.894230922916191e-05
180.0,340,833.3333333333334,166.66666666666669,122.5,5.949830518571495,0.7456953610940853,0.9728408818969672,7.905406543842842e-05
180.0,341,944.4444444444445,166.66666666666669,122.5,5.9545995615460035,0.7456952585621995,0.9728464924174528,7.911777874311536e-05
180.0,342,55.55555555555556,277.77777777777777,122.5,5.948713173391213,0.7456952744477658,0.9728395657094262,7.903913791011033e-05
180.0,343,166.66666666666669,277.77777777777777,122.5,5.9414654206422215,0.7456948253373825,0.972831018675924,7.894230922916197e-05
180.0,344,277.77777777777777,277.77777777777777,122.5,5.927667476072853,0.7456943900828679,0.9728146907579047,7.875797016311588e-05
180.0,345,388.8888888888889,277.77777777777777,122.5,5.910169014897996,0.7456945939990147,0.9727938744469214,7.852419054076055e-05
180.0,346,500.0,277.77777777777777,122.5,5.8979945355060615,0.7456947787960262,0.9727793198757267,7.836153809493832e-05
180.0,347,611.1111111111111,277.77777777777777,122.5,5.910169014897996,0.745694593999015,0.9727938744469224,7.852419054076063e-05
180.0,348,722.2222222222223,277.77777777777777,122.5,5.927667476072854,0.7456943900828684,0.9728146907579068,7.87579701631162e-05
180.0,349,833.3333333333334,277.77777777777777,122.5,5.941465420642222,0.7456948253373822,0.9728310186759227,7.894230922916187e-05
180.0,350,944.4444444444445,277.77777777777777,122.5,5.948713173391215,0.7456952744477658,0.9728395657094259,7.90391379101103e-05
180.0,351,55.55555555555556,388.8888888888889,122.5,5.9428538108527516,0.7456949012553057,0.9728326576082422,7.896085790785068e-05
180.0,352,166.66666666666669,388.8888888888889,122.5,5.932354112135326,0.7456944758538342,0.972820244648875,7.88205832336386e-05
180.0,353,277.77777777777777,388.8888888888889,122.5,5.9101690148979955,0.745694593999015,0.9727938744469229,7.852419054076052e-05
180.0,354,388.8888888888889,388.8888888888889,122.5,5.875294805378603,0.7456938957864307,0.9727520248380086,7.805826437367214e-05
180.0,355,500.0,388.8888888888889,122.5,5.837613972267145,0.7456360347141209,0.9727062637196414,7.755483229310985e-05
180.0,356,611.1111111111111,388.8888888888889,122.5,5.875294805378603,0.7456938957864311,0.9727520248380103,7.805826437367228e-05
180.0,357,722.2222222222223,388.8888888888889,122.5,5.910169014897996,0.7456945939990156,0.9727938744469249,7.852419054076082e-05
180.0,358,833.3333333333334,388.8888888888889,122.5,5.932354112135327,0.7456944758538344,0.9728202446488674,7.882058323363814e-05
180.0,359,944.4444444444445,388.8888888888889,122.5,5.942853810852752,0.7456949012553059,0.972832657608243,7.896085790785075e-05
180.0,360,55.55555555555556,500.0,122.5,5.9401963705095975,0.7456947631904134,0.9728295198578318,7.892535489531487e-05
180.0,361,166.66666666666669,500.0,122.5,5.927561426234975,0.7456943890698875,0.9728145640295368,7.875655326702103e-05
180.0,362,277.77777777777777,500.0,122.5,5.8979945355060615,0.7456947787960264,0.972779319875718,7.836153809493762e-05
180.0,363,388.8888888888889,500.0,122.5,5.837613972267146,0.745636034714121,0.9727062637196421,7.75548322931099e-05
180.0,364,500.0,500.0,122.5,5.719067042671897,0.7392825852214758,0.9725585614442865,7.597093984839967e-05
180.0,365,611.1111111111111,500.0,122.5,5.837613972267146,0.7456360347141204,0.9727062637196404,7.755483229310977e-05
180.0,366,722.2222222222223,500.0,122.5,5.897994535506062,0.7456947787960259,0.9727793198757251,7.836153809493819e-05
180.0,367,833.3333333333334,500.0,122.5,5.927561426234976,0.7456943890698875,0.9728145640295366,7.875655326702115e-05
180.0,368,944.4444444444445,500.0,122.5,5.940196370509598,0.7456947631904138,0.9728295198578335,7.892535489531501e-05
180.0,369,55.55555555555556,611.1111111111111,122.5,5.942853810852752,0.7456949012553057,0.9728326576082419,7.896085790785065e-05
180.0,370,166.66666666666669,611.1111111111111,122.5,5.932354112135326,0.7456944758538343,0.972820244648867,7.882058323363795e-05
180.0,371,277.77777777777777,611.1111111111111,122.5,5.910169014897997,0.7456945939990154,0.9727938744469242,7.852419054076076e-05
180.0,372,388.8888888888889,611.1111111111111,122.5,5.875294805378604,0.7456938957864311,0.9727520248380105,7.805826437367229e-05
180.0,373,500.0,611.1111111111111,122.5,5.837613972267146,0.7456360347141207,0.972706263719641,7.755483229310981e-05
180.0,374,611.1111111111111,611.1111111111111,122.5,5.875294805378605,0.745693895786431,0.9727520248380098,7.805826437367224e-05
180.0,375,722.2222222222223,611.1111111111111,122.5,5.910169014897997,0.7456945939990154,0.9727938744469242,7.852419054076076e-05
180.0,376,833.3333333333334,611.1111111111111,122.5,5.932354112135326,0.7456944758538344,0.9728202446488677,7.882058323363788e-05
180.0,377,944.4444444444445,611.1111111111111,122.5,5.9428538108527516,0.7456949012553057,0.9728326576082422,7.896085790785068e-05
180.0,378,55.55555555555556,722.2222222222223,122.5,5.948713173391215,0.7456952744477656,0.9728395657094256,7.903913791011029e-05
180.0,379,166.66666666666669,722.2222222222223,122.5,5.941465420642222,0.7456948253373823,0.9728310186759234,7.894230922916192e-05
180.0,380,277.77777777777777,722.2222222222223,122.5,5.927667476072854,0.7456943900828675,0.972814690757912,7.875797016311662e-05
180.0,381,388.8888888888889,722.2222222222223,122.5,5.910169014897997,0.7456945939990154,0.9727938744469247,7.85241905407608e-05
180.0,382,500.0,722.2222222222223,122.5,5.897994535506062,0.7456947787960265,0.9727793198757189,7.836153809493768e-05
180.0,383,611.1111111111111,722.2222222222223,122.5,5.910169014897996,0.7456945939990157,0.9727938744469259,7.85241905407609e-05
180.0,384,722.2222222222223,722.2222222222223,122.5,5.927667476072853,0.7456943900828679,0.9728146907579126,7.875797016311651e-05
180.0,385,833.3333333333334,722.2222222222223,122.5,5.941465420642222,0.7456948253373822,0.9728310186759226,7.894230922916185e-05
180.0,386,944.4444444444445,722.2222222222223,122.5,5.948713173391214,0.7456952744477657,0.9728395657094253,7.903913791011027e-05
180.0,387,55.55555555555556,833.3333333333334,122.5,5.954599561546004,0.7456952585622001,0.9728464924174467,7.911777874311486e-05
180.0,388,166.66666666666669,833.3333333333334,122.5,5.9498305185714955,0.7456953610940853,0.9728408818969668,7.905406543842839e-05
180.0,389,277.77777777777777,833.3333333333334,122.5,5.941465420642223,0.7456948253373821,0.9728310186759302,7.894230922916248e-05
180.0,390,388.8888888888889,833.3333333333334,122.5,5.932354112135327,0.7456944758538344,0.9728202446488676,7.882058323363815e-05
180.0,391,500.0,833.3333333333334,122.5,5.927561426234976,0.7456943890698878,0.9728145640295379,7.875655326702126e-05
180.0,392,611.1111111111111,833.3333333333334,122.5,5.932354112135327,0.7456944758538344,0.9728202446488674,7.882058323363814e-05
180.0,393,722.2222222222223,833.3333333333334,122.5,5.941465420642222,0.7456948253373821,0.9728310186759304,7.894230922916249e-05
180.0,394,833.3333333333334,833.3333333333334,122.5,5.949830518571495,0.7456953610940851,0.9728408818969663,7.905406543842835e-05
180.0,395,944.4444444444445,833.3333333333334,122.5,5.954599561546003,0.7456952585622001,0.9728464924174464,7.911777874311483e-05
180.0,396,55.55555555555556,944.4444444444445,122.5,5.95813622962019,0.7456951053795993,0.9728506475150835,7.916502771085534e-05
180.0,397,166.66666666666669,944.4444444444445,122.5,5.954599561546004,0.7456952585621999,0.9728464924174457,7.911777874311477e-05
180.0,398,277.77777777777777,944.4444444444445,122.5,5.948713173391215,0.7456952744477658,0.9728395657094259,7.90391379101103e-05
180.0,399,388.8888888888889,944.4444444444445,122.5,5.942853810852752,0.7456949012553059,0.9728326576082427,7.896085790785072e-05
180.0,400,500.0,944.4444444444445,122.5,5.940196370509598,0.7456947631904137,0.9728295198578332,7.892535489531498e-05
180.0,401,611.1111111111111,944.4444444444445,122.5,5.942853810852752,0.7456949012553056,0.972832657608241,7.896085790785058e-05
180.0,402,722.2222222222223,944.4444444444445,122.5,5.948713173391215,0.745695274447766,0.9728395657094263,7.903913791011035e-05
180.0,403,833.3333333333334,944.4444444444445,122.5,5.9545995615460035,0.7456952585622001,0.9728464924174467,7.911777874311486e-05
180.0,404,944.4444444444445,944.4444444444445,122.5,5.958136229620188,0.7456951053795996,0.9728506475150843,7.916502771085541e-05
180.0,405,55.55555555555556,55.55555555555556,127.5,6.0987777414891005,0.0,0.0,7.884777260976531e-05
180.0,406,166.66666666666669,55.55555555555556,127.5,6.098262809142362,0.0,0.0,7.884777304830805e-05
180.0,407,277.77777777777777,55.55555555555556,127.5,6.09740722539788,0.0,0.0,7.884777409597703e-05
180.0,408,388.8888888888889,55.55555555555556,127.5,6.0965597715098685,0.0,0.0,7.884777501630599e-05
180.0,409,500.0,55.55555555555556,127.5,6.096177415564138,0.0,0.0,7.884777544433225e-05
180.0,410,611.1111111111111,55.55555555555556,127.5,6.0965597715098525,0.0,0.0,7.8847775016306e-05
180.0,411,722.2222222222223,55.55555555555556,127.5,6.09740722539785,0.0,0.0,7.884777409597711e-05
180.0,412,833.3333333333334,55.55555555555556,127.5,6.098262809142387,0.0,0.0,7.884777304830819e-05
180.0,413,944.4444444444445,55.55555555555556,127.5,6.098777741489268,0.0,0.0,7.884777260976532e-05
180.0,414,55.55555555555556,166.66666666666669,127.5,6.098262809142309,0.0,0.0,7.884777304830805e-05
180.0,415,166.66666666666669,166.66666666666669,127.5,6.097573093924619,0.0,0.0,7.88477739159716e-05
180.0,416,277.77777777777777,166.66666666666669,127.5,6.096368166392052,0.0,0.0,7.884777522506399e-05
180.0,417,388.8888888888889,166.66666666666669,127.5,6.095063509237653,0.0,0.0,7.884777670244428e-05
180.0,418,500.0,166.66666666666669,127.5,6.094381288638412,0.0,0.0,7.884777794507667e-05
180.0,419,611.1111111111111,166.66666666666669,127.5,6.095063509237696,0.0,0.0,7.884777670244422e-05
180.0,420,722.2222222222223,166.66666666666669,127.5,6.096368166392057,0.0,0.0,7.884777522506399e-05
180.0,421,833.3333333333334,166.66666666666669,127.5,6.09757309392462,0.0,0.0,7.88477739159718e-05
180.0,422,944.4444444444445,166.66666666666669,127.5,6.098262809142449,0.0,0.0,7.884777304830819e-05
180.0,423,55.55555555555556,277.77777777777777,127.5,6.097407225397767,0.0,0.0,7.884777409597706e-05
180.0,424,166.66666666666669,277.77777777777777,127.5,6.096368166391995,0.0,0.0,7.884777522506411e-05
180.0,425,277.77777777777777,277.77777777777777,127.5,6.094398716908356,0.0,0.0,7.884777745701616e-05
180.0,426,388.8888888888889,277.77777777777777,127.5,6.091914473139935,0.0,0.0,7.884778174915806e-05
180.0,427,500.0,277.77777777777777,127.5,6.090179378191181,0.0,0.0,7.884780197880827e-05
180.0,428,611.1111111111111,277.77777777777777,127.5,6.091914473139947,0.0,0.0,7.884778174915796e-05
180.0,429,722.2222222222223,277.77777777777777,127.5,6.094398716908299,0.0,0.0,7.884777745701626e-05
180.0,430,833.3333333333334,277.77777777777777,127.5,6.09636816639201,0.0,0.0,7.884777522506399e-05
180.0,431,944.4444444444445,277.77777777777777,127.5,6.097407225397917,0.0,0.0,7.884777409597697e-05
180.0,432,55.55555555555556,388.8888888888889,127.5,6.096559771509773,0.0,0.0,7.884777501630593e-05
180.0,433,166.66666666666669,388.8888888888889,127.5,6.095063509237525,0.0,0.0,7.884777670244428e-05
180.0,434,277.77777777777777,388.8888888888889,127.5,6.0919144731399175,0.0,0.0,7.884778174915796e-05
180.0,435,388.8888888888889,388.8888888888889,127.5,6.086953503679745,0.0,0.0,7.884782539274921e-05
180.0,436,500.0,388.8888888888889,127.5,6.080983104025812,0.0,0.0,7.884860248459916e-05
180.0,437,611.1111111111111,388.8888888888889,127.5,6.086953503679726,0.0,0.0,7.88478253927492e-05
180.0,438,722.2222222222223,388.8888888888889,127.5,6.0919144731399015,0.0,0.0,7.884778174915792e-05
180.0,439,833.3333333333334,388.8888888888889,127.5,6.09506350923759,0.0,0.0,7.884777670244433e-05
180.0,440,944.4444444444445,388.8888888888889,127.5,6.0965597715099085,0.0,0.0,7.884777501630604e-05
180.0,441,55.55555555555556,500.0,127.5,6.096177415564018,0.0,0.0,7.884777544433224e-05
180.0,442,166.66666666666669,500.0,127.5,6.0943812886382895,0.0,0.0,7.884777794507685e-05
180.0,443,277.77777777777777,500.0,127.5,6.090179378191132,0.0,0.0,7.884780197880837e-05
180.0,444,388.8888888888889,500.0,127.5,6.080983104025815,0.0,0.0,7.884860248459917e-05
180.0,445,500.0,500.0,127.5,6.064234683626825,0.0,0.0,7.887501626996505e-05
180.0,446,611.1111111111111,500.0,127.5,6.08098310402582,0.0,0.0,7.884860248459936e-05
180.0,447,722.2222222222223,500.0,127.5,6.090179378191175,0.0,0.0,7.884780197880823e-05
180.0,448,833.3333333333334,500.0,127.5,6.094381288638385,0.0,0.0,7.884777794507667e-05
180.0,449,944.4444444444445,500.0,127.5,6.096177415564086,0.0,0.0,7.884777544433227e-05
180.0,450,55.55555555555556,611.1111111111111,127.5,6.096559771509781,0.0,0.0,7.884777501630595e-05
180.0,451,166.66666666666669,611.1111111111111,127.5,6.095063509237494,0.0,0.0,7.884777670244428e-05
180.0,452,277.77777777777777,611.1111111111111,127.5,6.0919144731398305,0.0,0.0,7.884778174915792e-05
180.0,453,388.8888888888889,611.1111111111111,127.5,6.086953503679719,0.0,0.0,7.88478253927492e-05
180.0,454,500.0,611.1111111111111,127.5,6.080983104025812,0.0,0.0,7.884860248459913e-05
180.0,455,611.1111111111111,611.1111111111111,127.5,6.0869535036797515,0.0,0.0,7.884782539274918e-05
180.0,456,722.2222222222223,611.1111111111111,127.5,6.091914473139895,0.0,0.0,7.884778174915801e-05
180.0,457,833.3333333333334,611.1111111111111,127.5,6.095063509237677,0.0,0.0,7.88477767024444e-05
180.0,458,944.4444444444445,611.1111111111111,127.5,6.096559771509961,0.0,0.0,7.884777501630588e-05
180.0,459,55.55555555555556,722.2222222222223,127.5,6.09740722539781,0.0,0.0,7.884777409597707e-05
180.0,460,166.66666666666669,722.2222222222223,127.5,6.096368166391955,0.0,0.0,7.884777522506392e-05
180.0,461,277.77777777777777,722.2222222222223,127.5,6.094398716908216,0.0,0.0,7.884777745701633e-05
180.0,462,388.8888888888889,722.2222222222223,127.5,6.091914473139822,0.0,0.0,7.884778174915793e-05
180.0,463,500.0,722.2222222222223,127.5,6.090179378191129,0.0,0.0,7.884780197880822e-05
180.0,464,611.1111111111111,722.2222222222223,127.5,6.091914473139843,0.0,0.0,7.884778174915797e-05
180.0,465,722.2222222222223,722.2222222222223,127.5,6.0943987169083105,0.0,0.0,7.884777745701622e-05
180.0,466,833.3333333333334,722.2222222222223,127.5,6.096368166392095,0.0,0.0,7.884777522506409e-05
180.0,467,944.4444444444445,722.2222222222223,127.5,6.09740722539791,0.0,0.0,7.884777409597687e-05
180.0,468,55.55555555555556,833.3333333333334,127.5,6.098262809142347,0.0,0.0,7.884777304830805e-05
180.0,469,166.66666666666669,833.3333333333334,127.5,6.097573093924598,0.0,0.0,7.884777391597151e-05
180.0,470,277.77777777777777,833.3333333333334,127.5,6.096368166391926,0.0,0.0,7.88477752250641e-05
180.0,471,388.8888888888889,833.3333333333334,127.5,6.09506350923751,0.0,0.0,7.884777670244428e-05
180.0,472,500.0,833.3333333333334,127.5,6.09438128863832,0.0,0.0,7.884777794507674e-05
180.0,473,611.1111111111111,833.3333333333334,127.5,6.095063509237591,0.0,0.0,7.884777670244433e-05
180.0,474,722.2222222222223,833.3333333333334,127.5,6.096368166392043,0.0,0.0,7.884777522506399e-05
180.0,475,833.3333333333334,833.3333333333334,127.5,6.0975730939247645,0.0,0.0,7.884777391597162e-05
180.0,476,944.4444444444445,833.3333333333334,127.5,6.098262809142514,0.0,0.0,7.884777304830827e-05
180.0,477,55.55555555555556,944.4444444444445,127.5,6.098777741489131,0.0,0.0,7.884777260976532e-05
180.0,478,166.66666666666669,944.4444444444445,127.5,6.098262809142332,0.0,0.0,7.884777304830805e-05
180.0,479,277.77777777777777,944.4444444444445,127.5,6.097407225397798,0.0,0.0,7.884777409597714e-05
180.0,480,388.8888888888889,944.4444444444445,127.5,6.096559771509774,0.0,0.0,7.884777501630581e-05
180.0,481,500.0,944.4444444444445,127.5,6.096177415564037,0.0,0.0,7.884777544433225e-05
180.0,482,611.1111111111111,944.4444444444445,127.5,6.096559771509847,0.0,0.0,7.884777501630588e-05
180.0,483,722.2222222222223,944.4444444444445,127.5,6.097407225397871,0.0,0.0,7.884777409597697e-05
180.0,484,833.3333333333334,944.4444444444445,127.5,6.09826280914254,0.0,0.0,7.884777304830815e-05
180.0,485,944.4444444444445,944.4444444444445,127.5,6.098777741489396,0.0,0.0,7.884777260976523e-05
180.0,486,55.55555555555556,55.55555555555556,132.5,6.587110386687051,0.0,0.0,8.504342561244906e-05
180.0,487,166.66666666666669,55.55555555555556,132.5,6.586595452096426,0.0,0.0,8.504342619482794e-05
180.0,488,277.77777777777777,55.55555555555556,132.5,6.585739860154344,0.0,0.0,8.5043429018554e-05
180.0,489,388.8888888888889,55.55555555555556,132.5,6.584892392817355,0.0,0.0,8.504343084530925e-05
180.0,490,500.0,55.55555555555556,132.5,6.584510034651666,0.0,0.0,8.504343166971043e-05
180.0,491,611.1111111111111,55.55555555555556,132.5,6.5848923928173395,0.0,0.0,8.504343084530914e-05
180.0,492,722.2222222222223,55.55555555555556,132.5,6.585739860154317,0.0,0.0,8.5043429018554e-05
180.0,493,833.3333333333334,55.55555555555556,132.5,6.586595452096454,0.0,0.0,8.504342619482805e-05
180.0,494,944.4444444444445,55.55555555555556,132.5,6.587110386687227,0.0,0.0,8.50434256124492e-05
180.0,495,55.55555555555556,166.66666666666669,132.5,6.586595452096372,0.0,0.0,8.504342619482817e-05
180.0,496,166.66666666666669,166.66666666666669,132.5,6.585905724296871,0.0,0.0,8.504342865412645e-05
180.0,497,277.77777777777777,166.66666666666669,132.5,6.584700767933912,0.0,0.0,8.5043431220538e-05
180.0,498,388.8888888888889,166.66666666666669,132.5,6.583396094745524,0.0,0.0,8.504343309500885e-05
180.0,499,500.0,166.66666666666669,132.5,6.582714088858666,0.0,0.0,8.504343384122684e-05
180.0,500,611.1111111111111,166.66666666666669,132.5,6.583396094745572,0.0,0.0,8.504343309500867e-05
180.0,501,722.2222222222223,166.66666666666669,132.5,6.584700767933921,0.0,0.0,8.5043431220538e-05
180.0,502,833.3333333333334,166.66666666666669,132.5,6.585905724296871,0.0,0.0,8.504342865412663e-05
180.0,503,944.4444444444445,166.66666666666669,132.5,6.5865954520965175,0.0,0.0,8.504342619482809e-05
180.0,504,55.55555555555556,277.77777777777777,132.5,6.585739860154231,0.0,0.0,8.504342901855406e-05
180.0,505,166.66666666666669,277.77777777777777,132.5,6.584700767933856,0.0,0.0,8.504343122053822e-05
180.0,506,277.77777777777777,277.77777777777777,132.5,6.582731281246158,0.0,0.0,8.504343343589054e-05
180.0,507,388.8888888888889,277.77777777777777,132.5,6.580247686232193,0.0,0.0,8.504344220485523e-05
180.0,508,500.0,277.77777777777777,132.5,6.578521925456736,0.0,0.0,8.504346494616449e-05
180.0,509,611.1111111111111,277.77777777777777,132.5,6.580247686232204,0.0,0.0,8.504344220485522e-05
180.0,510,722.2222222222223,277.77777777777777,132.5,6.582731281246108,0.0,0.0,8.504343343589046e-05
180.0,511,833.3333333333334,277.77777777777777,132.5,6.584700767933868,0.0,0.0,8.504343122053802e-05
180.0,512,944.4444444444445,277.77777777777777,132.5,6.585739860154383,0.0,0.0,8.504342901855418e-05
180.0,513,55.55555555555556,388.8888888888889,132.5,6.584892392817262,0.0,0.0,8.504343084530952e-05
180.0,514,166.66666666666669,388.8888888888889,132.5,6.583396094745408,0.0,0.0,8.504343309500886e-05
180.0,515,277.77777777777777,388.8888888888889,132.5,6.580247686232179,0.0,0.0,8.504344220485512e-05
180.0,516,388.8888888888889,388.8888888888889,132.5,6.575306050927402,0.0,0.0,8.504349535258087e-05
180.0,517,500.0,388.8888888888889,132.5,6.569785409017897,0.0,0.0,8.504422055966249e-05
180.0,518,611.1111111111111,388.8888888888889,132.5,6.575306050927378,0.0,0.0,8.504349535258093e-05
180.0,519,722.2222222222223,388.8888888888889,132.5,6.580247686232155,0.0,0.0,8.504344220485548e-05
180.0,520,833.3333333333334,388.8888888888889,132.5,6.58339609474547,0.0,0.0,8.504343309500877e-05
180.0,521,944.4444444444445,388.8888888888889,132.5,6.584892392817395,0.0,0.0,8.504343084530932e-05
180.0,522,55.55555555555556,500.0,132.5,6.5845100346515455,0.0,0.0,8.504343166971058e-05
180.0,523,166.66666666666669,500.0,132.5,6.582714088858544,0.0,0.0,8.504343384122693e-05
180.0,524,277.77777777777777,500.0,132.5,6.5785219254566885,0.0,0.0,8.504346494616438e-05
180.0,525,388.8888888888889,500.0,132.5,6.56978540901791,0.0,0.0,8.504422055966243e-05
180.0,526,500.0,500.0,132.5,6.555721624732906,0.0,0.0,8.506017267970001e-05
180.0,527,611.1111111111111,500.0,132.5,6.569785409017906,0.0,0.0,8.504422055966239e-05
180.0,528,722.2222222222223,500.0,132.5,6.578521925456729,0.0,0.0,8.504346494616435e-05
180.0,529,833.3333333333334,500.0,132.5,6.582714088858648,0.0,0.0,8.504343384122692e-05
180.0,530,944.4444444444445,500.0,132.5,6.584510034651619,0.0,0.0,8.504343166971051e-05
180.0,531,55.55555555555556,611.1111111111111,132.5,6.584892392817269,0.0,0.0,8.504343084530943e-05
180.0,532,166.66666666666669,611.1111111111111,132.5,6.583396094745375,0.0,0.0,8.504343309500871e-05
180.0,533,277.77777777777777,611.1111111111111,132.5,6.580247686232085,0.0,0.0,8.504344220485523e-05
180.0,534,388.8888888888889,611.1111111111111,132.5,6.575306050927374,0.0,0.0,8.504349535258089e-05
180.0,535,500.0,611.1111111111111,132.5,6.569785409017893,0.0,0.0,8.504422055966238e-05
180.0,536,611.1111111111111,611.1111111111111,132.5,6.5753060509274075,0.0,0.0,8.504349535258087e-05
180.0,537,722.2222222222223,611.1111111111111,132.5,6.580247686232161,0.0,0.0,8.504344220485522e-05
180.0,538,833.3333333333334,611.1111111111111,132.5,6.583396094745561,0.0,0.0,8.504343309500873e-05
180.0,539,944.4444444444445,611.1111111111111,132.5,6.584892392817452,0.0,0.0,8.504343084530918e-05
180.0,540,55.55555555555556,722.2222222222223,132.5,6.585739860154275,0.0,0.0,8.504342901855396e-05
180.0,541,166.66666666666669,722.2222222222223,132.5,6.584700767933814,0.0,0.0,8.5043431220538e-05
180.0,542,277.77777777777777,722.2222222222223,132.5,6.582731281246025,0.0,0.0,8.50434334358905e-05
180.0,543,388.8888888888889,722.2222222222223,132.5,6.580247686232086,0.0,0.0,8.504344220485522e-05
180.0,544,500.0,722.2222222222223,132.5,6.578521925456681,0.0,0.0,8.50434649461644e-05
180.0,545,611.1111111111111,722.2222222222223,132.5,6.580247686232106,0.0,0.0,8.504344220485523e-05
180.0,546,722.2222222222223,722.2222222222223,132.5,6.5827312812461205,0.0,0.0,8.504343343589039e-05
180.0,547,833.3333333333334,722.2222222222223,132.5,6.584700767933958,0.0,0.0,8.504343122053811e-05
180.0,548,944.4444444444445,722.2222222222223,132.5,6.585739860154374,0.0,0.0,8.504342901855396e-05
180.0,549,55.55555555555556,833.3333333333334,132.5,6.586595452096414,0.0,0.0,8.504342619482809e-05
180.0,550,166.66666666666669,833.3333333333334,132.5,6.58590572429685,0.0,0.0,8.504342865412655e-05
180.0,551,277.77777777777777,833.3333333333334,132.5,6.584700767933794,0.0,0.0,8.5043431220538e-05
180.0,552,388.8888888888889,833.3333333333334,132.5,6.583396094745387,0.0,0.0,8.504343309500874e-05
180.0,553,500.0,833.3333333333334,132.5,6.582714088858582,0.0,0.0,8.504343384122686e-05
180.0,554,611.1111111111111,833.3333333333334,132.5,6.583396094745473,0.0,0.0,8.504343309500874e-05
180.0,555,722.2222222222223,833.3333333333334,132.5,6.584700767933904,0.0,0.0,8.504343122053811e-05
180.0,556,833.3333333333334,833.3333333333334,132.5,6.585905724297011,0.0,0.0,8.504342865412655e-05
180.0,557,944.4444444444445,833.3333333333334,132.5,6.586595452096573,0.0,0.0,8.504342619482836e-05
180.0,558,55.55555555555556,944.4444444444445,132.5,6.587110386687085,0.0,0.0,8.504342561244913e-05
180.0,559,166.66666666666669,944.4444444444445,132.5,6.586595452096397,0.0,0.0,8.504342619482808e-05
180.0,560,277.77777777777777,944.4444444444445,132.5,6.58573986015426,0.0,0.0,8.5043429018554e-05
180.0,561,388.8888888888889,944.4444444444445,132.5,6.58489239281727,0.0,0.0,8.504343084530944e-05
180.0,562,500.0,944.4444444444445,132.5,6.584510034651572,0.0,0.0,8.504343166971052e-05
180.0,563,611.1111111111111,944.4444444444445,132.5,6.584892392817334,0.0,0.0,8.504343084530933e-05
180.0,564,722.2222222222223,944.4444444444445,132.5,6.585739860154335,0.0,0.0,8.504342901855415e-05
180.0,565,833.3333333333334,944.4444444444445,132.5,6.5865954520966,0.0,0.0,8.504342619482809e-05
180.0,566,944.4444444444445,944.4444444444445,132.5,6.587110386687347,0.0,0.0,8.50434256124491e-05
180.0,567,55.55555555555556,55.55555555555556,137.5,7.0754676406551775,0.0,0.0,9.123745515202418e-05
180.0,568,166.66666666666669,55.55555555555556,137.5,7.074952714832274,0.0,0.0,9.12374570440307e-05
180.0,569,277.77777777777777,55.55555555555556,137.5,7.07409712930908,0.0,0.0,9.123745833190591e-05
180.0,570,388.8888888888889,55.55555555555556,137.5,7.073249658581443,0.0,0.0,9.123746055796237e-05
180.0,571,500.0,55.55555555555556,137.5,7.072867302847954,0.0,0.0,9.123746155869001e-05
180.0,572,611.1111111111111,55.55555555555556,137.5,7.073249658581431,0.0,0.0,9.123746055796256e-05
180.0,573,722.2222222222223,55.55555555555556,137.5,7.074097129309059,0.0,0.0,9.123745833190561e-05
180.0,574,833.3333333333334,55.55555555555556,137.5,7.074952714832296,0.0,0.0,9.123745704403065e-05
180.0,575,944.4444444444445,55.55555555555556,137.5,7.07546764065537,0.0,0.0,9.123745515202423e-05
180.0,576,55.55555555555556,166.66666666666669,137.5,7.07495271483222,0.0,0.0,9.12374570440308e-05
180.0,577,166.66666666666669,166.66666666666669,137.5,7.074262980987679,0.0,0.0,9.123745791502248e-05
180.0,578,277.77777777777777,166.66666666666669,137.5,7.073058001498827,0.0,0.0,9.12374611966114e-05
180.0,579,388.8888888888889,166.66666666666669,137.5,7.071753318326766,0.0,0.0,9.123746572486062e-05
180.0,580,500.0,166.66666666666669,137.5,7.0710715967971876,0.0,0.0,9.123746893099134e-05
180.0,581,611.1111111111111,166.66666666666669,137.5,7.071753318326809,0.0,0.0,9.123746572486077e-05
180.0,582,722.2222222222223,166.66666666666669,137.5,7.07305800149883,0.0,0.0,9.123746119661153e-05
180.0,583,833.3333333333334,166.66666666666669,137.5,7.074262980987678,0.0,0.0,9.123745791502238e-05
180.0,584,944.4444444444445,166.66666666666669,137.5,7.074952714832361,0.0,0.0,9.123745704403063e-05
180.0,585,55.55555555555556,277.77777777777777,137.5,7.074097129308967,0.0,0.0,9.123745833190558e-05
180.0,586,166.66666666666669,277.77777777777777,137.5,7.073058001498773,0.0,0.0,9.12374611966114e-05
180.0,587,277.77777777777777,277.77777777777777,137.5,7.071088475226046,0.0,0.0,9.123746881739581e-05
180.0,588,388.8888888888889,277.77777777777777,137.5,7.068605732245287,0.0,0.0,9.12374745565753e-05
180.0,589,500.0,277.77777777777777,137.5,7.066890513120221,0.0,0.0,9.123748221642779e-05
180.0,590,611.1111111111111,277.77777777777777,137.5,7.068605732245299,0.0,0.0,9.123747455657537e-05
180.0,591,722.2222222222223,277.77777777777777,137.5,7.071088475226013,0.0,0.0,9.123746881739576e-05
180.0,592,833.3333333333334,277.77777777777777,137.5,7.073058001498778,0.0,0.0,9.123746119661167e-05
180.0,593,944.4444444444445,277.77777777777777,137.5,7.074097129309122,0.0,0.0,9.123745833190541e-05
180.0,594,55.55555555555556,388.8888888888889,137.5,7.073249658581343,0.0,0.0,9.123746055796254e-05
180.0,595,166.66666666666669,388.8888888888889,137.5,7.071753318326647,0.0,0.0,9.123746572486074e-05
180.0,596,277.77777777777777,388.8888888888889,137.5,7.068605732245265,0.0,0.0,9.123747455657547e-05
180.0,597,388.8888888888889,388.8888888888889,137.5,7.063686046274964,0.0,0.0,9.123749449919198e-05
180.0,598,500.0,388.8888888888889,137.5,7.058475963241192,0.0,0.0,9.123789318204163e-05
180.0,599,611.1111111111111,388.8888888888889,137.5,7.063686046274931,0.0,0.0,9.123749449919198e-05
180.0,600,722.2222222222223,388.8888888888889,137.5,7.068605732245238,0.0,0.0,9.123747455657536e-05
180.0,601,833.3333333333334,388.8888888888889,137.5,7.07175331832671,0.0,0.0,9.123746572486063e-05
180.0,602,944.4444444444445,388.8888888888889,137.5,7.073249658581482,0.0,0.0,9.123746055796253e-05
180.0,603,55.55555555555556,500.0,137.5,7.072867302847831,0.0,0.0,9.123746155868994e-05
180.0,604,166.66666666666669,500.0,137.5,7.071071596797065,0.0,0.0,9.123746893099124e-05
180.0,605,277.77777777777777,500.0,137.5,7.066890513120174,0.0,0.0,9.123748221642783e-05
180.0,606,388.8888888888889,500.0,137.5,7.058475963241201,0.0,0.0,9.123789318204163e-05
180.0,607,500.0,500.0,137.5,7.046073198802773,0.0,0.0,9.124603892204529e-05
180.0,608,611.1111111111111,500.0,137.5,7.0584759632412,0.0,0.0,9.123789318204159e-05
180.0,609,722.2222222222223,500.0,137.5,7.066890513120221,0.0,0.0,9.123748221642783e-05
180.0,610,833.3333333333334,500.0,137.5,7.071071596797172,0.0,0.0,9.123746893099127e-05
180.0,611,944.4444444444445,500.0,137.5,7.072867302847913,0.0,0.0,9.123746155868998e-05
180.0,612,55.55555555555556,611.1111111111111,137.5,7.073249658581363,0.0,0.0,9.123746055796261e-05
180.0,613,166.66666666666669,611.1111111111111,137.5,7.07175331832662,0.0,0.0,9.123746572486063e-05
180.0,614,277.77777777777777,611.1111111111111,137.5,7.068605732245171,0.0,0.0,9.123747455657539e-05
180.0,615,388.8888888888889,611.1111111111111,137.5,7.063686046274931,0.0,0.0,9.123749449919212e-05
180.0,616,500.0,611.1111111111111,137.5,7.058475963241182,0.0,0.0,9.123789318204165e-05
180.0,617,611.1111111111111,611.1111111111111,137.5,7.063686046274967,0.0,0.0,9.123749449919218e-05
180.0,618,722.2222222222223,611.1111111111111,137.5,7.068605732245253,0.0,0.0,9.123747455657535e-05
180.0,619,833.3333333333334,611.1111111111111,137.5,7.071753318326798,0.0,0.0,9.123746572486044e-05
180.0,620,944.4444444444445,611.1111111111111,137.5,7.073249658581552,0.0,0.0,9.123746055796242e-05
180.0,621,55.55555555555556,722.2222222222223,137.5,7.0740971293090125,0.0,0.0,9.123745833190577e-05
180.0,622,166.66666666666669,722.2222222222223,137.5,7.073058001498725,0.0,0.0,9.123746119661167e-05
180.0,623,277.77777777777777,722.2222222222223,137.5,7.071088475225924,0.0,0.0,9.123746881739577e-05
180.0,624,388.8888888888889,722.2222222222223,137.5,7.068605732245177,0.0,0.0,9.123747455657552e-05
180.0,625,500.0,722.2222222222223,137.5,7.066890513120172,0.0,0.0,9.123748221642798e-05
180.0,626,611.1111111111111,722.2222222222223,137.5,7.068605732245193,0.0,0.0,9.123747455657537e-05
180.0,627,722.2222222222223,722.2222222222223,137.5,7.071088475226024,0.0,0.0,9.123746881739572e-05
180.0,628,833.3333333333334,722.2222222222223,137.5,7.073058001498881,0.0,0.0,9.123746119661139e-05
180.0,629,944.4444444444445,722.2222222222223,137.5,7.074097129309111,0.0,0.0,9.123745833190564e-05
180.0,630,55.55555555555556,833.3333333333334,137.5,7.074952714832256,0.0,0.0,9.123745704403063e-05
180.0,631,166.66666666666669,833.3333333333334,137.5,7.07426298098766,0.0,0.0,9.12374579150222e-05
180.0,632,277.77777777777777,833.3333333333334,137.5,7.0730580014987074,0.0,0.0,9.123746119661168e-05
180.0,633,388.8888888888889,833.3333333333334,137.5,7.071753318326622,0.0,0.0,9.123746572486066e-05
180.0,634,500.0,833.3333333333334,137.5,7.0710715967971005,0.0,0.0,9.123746893099134e-05
180.0,635,611.1111111111111,833.3333333333334,137.5,7.071753318326718,0.0,0.0,9.123746572486049e-05
180.0,636,722.2222222222223,833.3333333333334,137.5,7.073058001498822,0.0,0.0,9.123746119661158e-05
180.0,637,833.3333333333334,833.3333333333334,137.5,7.074262980987824,0.0,0.0,9.123745791502231e-05
180.0,638,944.4444444444445,833.3333333333334,137.5,7.074952714832414,0.0,0.0,9.123745704403071e-05
180.0,639,55.55555555555556,944.4444444444445,137.5,7.075467640655221,0.0,0.0,9.123745515202429e-05
180.0,640,166.66666666666669,944.4444444444445,137.5,7.074952714832234,0.0,0.0,9.123745704403084e-05
180.0,641,277.77777777777777,944.4444444444445,137.5,7.074097129308992,0.0,0.0,9.123745833190563e-05
180.0,642,388.8888888888889,944.4444444444445,137.5,7.073249658581362,0.0,0.0,9.123746055796248e-05
180.0,643,500.0,944.4444444444445,137.5,7.072867302847869,0.0,0.0,9.123746155868984e-05
180.0,644,611.1111111111111,944.4444444444445,137.5,7.073249658581424,0.0,0.0,9.12374605579625e-05
180.0,645,722.2222222222223,944.4444444444445,137.5,7.074097129309072,0.0,0.0,9.123745833190564e-05
180.0,646,833.3333333333334,944.4444444444445,137.5,7.074952714832448,0.0,0.0,9.123745704403068e-05
180.0,647,944.4444444444445,944.4444444444445,137.5,7.075467640655478,0.0,0.0,9.123745515202435e-05
180.0,648,55.55555555555556,55.55555555555556,142.5,7.563789145285321,0.0,0.0,9.742966848268939e-05
180.0,649,166.66666666666669,55.55555555555556,142.5,7.563274195431188,0.0,0.0,9.742966800792203e-05
180.0,650,277.77777777777777,55.55555555555556,142.5,7.562418574351631,0.0,0.0,9.742966694430156e-05
180.0,651,388.8888888888889,55.55555555555556,142.5,7.561571075268792,0.0,0.0,9.742966599467945e-05
180.0,652,500.0,55.55555555555556,142.5,7.56118871607468,0.0,0.0,9.742966557991869e-05
180.0,653,611.1111111111111,55.55555555555556,142.5,7.561571075268779,0.0,0.0,9.742966599467958e-05
180.0,654,722.2222222222223,55.55555555555556,142.5,7.562418574351607,0.0,0.0,9.742966694430158e-05
180.0,655,833.3333333333334,55.55555555555556,142.5,7.563274195431207,0.0,0.0,9.742966800792189e-05
180.0,656,944.4444444444445,55.55555555555556,142.5,7.563789145285506,0.0,0.0,9.742966848268956e-05
180.0,657,55.55555555555556,166.66666666666669,142.5,7.563274195431134,0.0,0.0,9.742966800792195e-05
180.0,658,166.66666666666669,166.66666666666669,142.5,7.562584439153396,0.0,0.0,9.742966713066533e-05
180.0,659,277.77777777777777,166.66666666666669,142.5,7.561379430440736,0.0,0.0,9.742966578188377e-05
180.0,660,388.8888888888889,166.66666666666669,142.5,7.560074754929864,0.0,0.0,9.742966437814796e-05
180.0,661,500.0,166.66666666666669,142.5,7.559393250718551,0.0,0.0,9.742966409323229e-05
180.0,662,611.1111111111111,166.66666666666669,142.5,7.560074754929903,0.0,0.0,9.742966437814796e-05
180.0,663,722.2222222222223,166.66666666666669,142.5,7.561379430440737,0.0,0.0,9.742966578188379e-05
180.0,664,833.3333333333334,166.66666666666669,142.5,7.562584439153396,0.0,0.0,9.742966713066552e-05
180.0,665,944.4444444444445,166.66666666666669,142.5,7.563274195431271,0.0,0.0,9.742966800792195e-05
180.0,666,55.55555555555556,277.77777777777777,142.5,7.562418574351518,0.0,0.0,9.742966694430145e-05
180.0,667,166.66666666666669,277.77777777777777,142.5,7.561379430440682,0.0,0.0,9.742966578188383e-05
180.0,668,277.77777777777777,277.77777777777777,142.5,7.55940993054769,0.0,0.0,9.742966366421665e-05
180.0,669,388.8888888888889,277.77777777777777,142.5,7.556927897078299,0.0,0.0,9.742966240550227e-05
180.0,670,500.0,277.77777777777777,142.5,7.555219455215245,0.0,0.0,9.742967667858565e-05
180.0,671,611.1111111111111,277.77777777777777,142.5,7.556927897078311,0.0,0.0,9.742966240550225e-05
180.0,672,722.2222222222223,277.77777777777777,142.5,7.559409930547661,0.0,0.0,9.742966366421674e-05
180.0,673,833.3333333333334,277.77777777777777,142.5,7.5613794304406765,0.0,0.0,9.742966578188379e-05
180.0,674,944.4444444444445,277.77777777777777,142.5,7.56241857435167,0.0,0.0,9.742966694430156e-05
180.0,675,55.55555555555556,388.8888888888889,142.5,7.561571075268689,0.0,0.0,9.742966599467958e-05
180.0,676,166.66666666666669,388.8888888888889,142.5,7.5600747549297465,0.0,0.0,9.742966437814796e-05
180.0,677,277.77777777777777,388.8888888888889,142.5,7.556927897078275,0.0,0.0,9.742966240550227e-05
180.0,678,388.8888888888889,388.8888888888889,142.5,7.552022476883652,0.0,0.0,9.742968881087885e-05
180.0,679,500.0,388.8888888888889,142.5,7.546982403416684,0.0,0.0,9.742974400068588e-05
180.0,680,611.1111111111111,388.8888888888889,142.5,7.552022476883623,0.0,0.0,9.742968881087895e-05
180.0,681,722.2222222222223,388.8888888888889,142.5,7.556927897078241,0.0,0.0,9.742966240550227e-05
180.0,682,833.3333333333334,388.8888888888889,142.5,7.560074754929801,0.0,0.0,9.7429664378148e-05
180.0,683,944.4444444444445,388.8888888888889,142.5,7.56157107526883,0.0,0.0,9.742966599467956e-05
180.0,684,55.55555555555556,500.0,142.5,7.561188716074558,0.0,0.0,9.742966557991858e-05
180.0,685,166.66666666666669,500.0,142.5,7.559393250718429,0.0,0.0,9.742966409323218e-05
180.0,686,277.77777777777777,500.0,142.5,7.555219455215197,0.0,0.0,9.742967667858566e-05
180.0,687,388.8888888888889,500.0,142.5,7.5469824034166955,0.0,0.0,9.742974400068574e-05
180.0,688,500.0,500.0,142.5,7.535377317098359,0.0,0.0,9.742975709946644e-05
180.0,689,611.1111111111111,500.0,142.5,7.546982403416682,0.0,0.0,9.742974400068579e-05
180.0,690,722.2222222222223,500.0,142.5,7.555219455215248,0.0,0.0,9.742967667858555e-05
180.0,691,833.3333333333334,500.0,142.5,7.559393250718539,0.0,0.0,9.742966409323218e-05
180.0,692,944.4444444444445,500.0,142.5,7.561188716074649,0.0,0.0,9.742966557991869e-05
180.0,693,55.55555555555556,611.1111111111111,142.5,7.561571075268709,0.0,0.0,9.742966599467954e-05
180.0,694,166.66666666666669,611.1111111111111,142.5,7.560074754929722,0.0,0.0,9.742966437814796e-05
180.0,695,277.77777777777777,611.1111111111111,142.5,7.5569278970781735,0.0,0.0,9.742966240550235e-05
180.0,696,388.8888888888889,611.1111111111111,142.5,7.55202247688362,0.0,0.0,9.742968881087889e-05
180.0,697,500.0,611.1111111111111,142.5,7.546982403416673,0.0,0.0,9.742974400068569e-05
180.0,698,611.1111111111111,611.1111111111111,142.5,7.552022476883655,0.0,0.0,9.742968881087877e-05
180.0,699,722.2222222222223,611.1111111111111,142.5,7.556927897078258,0.0,0.0,9.742966240550235e-05
180.0,700,833.3333333333334,611.1111111111111,142.5,7.560074754929884,0.0,0.0,9.742966437814784e-05
180.0,701,944.4444444444445,611.1111111111111,142.5,7.561571075268894,0.0,0.0,9.742966599467966e-05
180.0,702,55.55555555555556,722.2222222222223,142.5,7.562418574351563,0.0,0.0,9.742966694430166e-05
180.0,703,166.66666666666669,722.2222222222223,142.5,7.561379430440624,0.0,0.0,9.74296657818838e-05
180.0,704,277.77777777777777,722.2222222222223,142.5,7.559409930547574,0.0,0.0,9.742966366421658e-05
180.0,705,388.8888888888889,722.2222222222223,142.5,7.556927897078182,0.0,0.0,9.742966240550224e-05
180.0,706,500.0,722.2222222222223,142.5,7.555219455215199,0.0,0.0,9.742967667858555e-05
180.0,707,611.1111111111111,722.2222222222223,142.5,7.556927897078201,0.0,0.0,9.742966240550224e-05
180.0,708,722.2222222222223,722.2222222222223,142.5,7.559409930547673,0.0,0.0,9.742966366421655e-05
180.0,709,833.3333333333334,722.2222222222223,142.5,7.561379430440787,0.0,0.0,9.742966578188387e-05
180.0,710,944.4444444444445,722.2222222222223,142.5,7.562418574351662,0.0,0.0,9.742966694430155e-05
180.0,711,55.55555555555556,833.3333333333334,142.5,7.563274195431167,0.0,0.0,9.742966800792195e-05
180.0,712,166.66666666666669,833.3333333333334,142.5,7.562584439153375,0.0,0.0,9.742966713066555e-05
180.0,713,277.77777777777777,833.3333333333334,142.5,7.56137943044061,0.0,0.0,9.742966578188379e-05
180.0,714,388.8888888888889,833.3333333333334,142.5,7.560074754929715,0.0,0.0,9.742966437814793e-05
180.0,715,500.0,833.3333333333334,142.5,7.559393250718457,0.0,0.0,9.742966409323211e-05
180.0,716,611.1111111111111,833.3333333333334,142.5,7.560074754929805,0.0,0.0,9.742966437814789e-05
180.0,717,722.2222222222223,833.3333333333334,142.5,7.561379430440731,0.0,0.0,9.742966578188387e-05
180.0,718,833.3333333333334,833.3333333333334,142.5,7.562584439153547,0.0,0.0,9.742966713066541e-05
180.0,719,944.4444444444445,833.3333333333334,142.5,7.56327419543132,0.0,0.0,9.742966800792184e-05
180.0,720,55.55555555555556,944.4444444444445,142.5,7.56378914528536,0.0,0.0,9.742966848268937e-05
180.0,721,166.66666666666669,944.4444444444445,142.5,7.5632741954311475,0.0,0.0,9.742966800792189e-05
180.0,722,277.77777777777777,944.4444444444445,142.5,7.562418574351545,0.0,0.0,9.742966694430156e-05
180.0,723,388.8888888888889,944.4444444444445,142.5,7.561571075268714,0.0,0.0,9.742966599467966e-05
180.0,724,500.0,944.4444444444445,142.5,7.561188716074602,0.0,0.0,9.742966557991869e-05
180.0,725,611.1111111111111,944.4444444444445,142.5,7.5615710752687715,0.0,0.0,9.742966599467975e-05
180.0,726,722.2222222222223,944.4444444444445,142.5,7.562418574351623,0.0,0.0,9.742966694430158e-05
180.0,727,833.3333333333334,944.4444444444445,142.5,7.563274195431365,0.0,0.0,9.742966800792196e-05
180.0,728,944.4444444444445,944.4444444444445,142.5,7.563789145285607,0.0,0.0,9.742966848268936e-05
365.0,0,55.55555555555556,55.55555555555556,102.5,5.8831704807630825,0.7499371338973754,0.9727615244288406,7.816348614577144e-05
365.0,1,166.66666666666669,55.55555555555556,102.5,5.879596079838233,0.7499370486458231,0.9727572181571512,7.811573112011435e-05
365.0,2,277.77777777777777,55.55555555555556,102.5,5.873656018773994,0.7499369805504239,0.9727500497355619,7.803636993796107e-05
365.0,3,388.8888888888889,55.55555555555556,102.5,5.867769103948102,0.7499370125847923,0.9727429315526268,7.795771857721864e-05
365.0,4,500.0,55.55555555555556,102.5,5.865110317479692,0.7499370562471539,0.9727397114076382,7.792219607349666e-05
365.0,5,611.1111111111111,55.55555555555556,102.5,5.867769103948102,0.7499370125847915,0.9727429315526313,7.7957718577219e-05
365.0,6,722.2222222222223,55.55555555555556,102.5,5.873656018773995,0.7499369805504245,0.9727500497355644,7.803636993796127e-05
365.0,7,833.3333333333334,55.55555555555556,102.5,5.879596079838233,0.7499370486458232,0.9727572181571518,7.81157311201144e-05
365.0,8,944.4444444444445,55.55555555555556,102.5,5.8831704807630825,0.7499371338973752,0.9727615244288396,7.816348614577136e-05
365.0,9,55.55555555555556,166.66666666666669,102.5,5.879596079838233,0.7499370486458232,0.9727572181571518,7.81157311201144e-05
365.0,10,166.66666666666669,166.66666666666669,102.5,5.874814113756454,0.749936988225125,0.9727514488212695,7.805184252076137e-05
365.0,11,277.77777777777777,166.66666666666669,102.5,5.8664588326133105,0.749937029773911,0.9727413460282733,7.794021289069887e-05
365.0,12,388.8888888888889,166.66666666666669,102.5,5.857406141310994,0.7499372947277217,0.9727303677010508,7.78192650291106e-05
365.0,13,500.0,166.66666666666669,102.5,5.8526639408732075,0.7499375241324406,0.9727246028557167,7.775590690895962e-05
365.0,14,611.1111111111111,166.66666666666669,102.5,5.857406141310993,0.7499372947277225,0.972730367701054,7.781926502911071e-05
365.0,15,722.2222222222223,166.66666666666669,102.5,5.866458832613311,0.7499370297739102,0.9727413460282789,7.794021289069932e-05
365.0,16,833.3333333333334,166.66666666666669,102.5,5.874814113756455,0.7499369882251246,0.9727514488212675,7.805184252076121e-05
365.0,17,944.4444444444445,166.66666666666669,102.5,5.879596079838233,0.7499370486458234,0.9727572181571531,7.81157311201145e-05
365.0,18,55.55555555555556,277.77777777777777,102.5,5.873656018773995,0.7499369805504239,0.9727500497355616,7.803636993796104e-05
365.0,19,166.66666666666669,277.77777777777777,102.5,5.8664588326133105,0.7499370297739109,0.9727413460282724,7.79402128906988e-05
365.0,20,277.77777777777777,277.77777777777777,102.5,5.852814775511393,0.7499375186078711,0.9727247888139844,7.775792233223149e-05
365.0,21,388.8888888888889,277.77777777777777,102.5,5.835592414935087,0.7499367450363842,0.972703780068247,7.752782216929685e-05
365.0,22,500.0,277.77777777777777,102.5,5.823562831602496,0.7499365175282597,0.972689033815603,7.736709916068657e-05
365.0,23,611.1111111111111,277.77777777777777,102.5,5.835592414935088,0.7499367450363841,0.9727037800682464,7.752782216929681e-05
365.0,24,722.2222222222223,277.77777777777777,102.5,5.852814775511394,0.7499375186078705,0.9727247888139819,7.775792233223128e-05
365.0,25,833.3333333333334,277.77777777777777,102.5,5.866458832613311,0.7499370297739102,0.9727413460282789,7.794021289069932e-05
365.0,26,944.4444444444445,277.77777777777777,102.5,5.873656018773995,0.7499369805504239,0.9727500497355615,7.803636993796103e-05
365.0,27,55.55555555555556,388.8888888888889,102.5,5.867769103948102,0.7499370125847921,0.9727429315526336,7.795771857721918e-05
365.0,28,166.66666666666669,388.8888888888889,102.5,5.857406141310992,0.7499372947277223,0.9727303677010531,7.781926502911065e-05
365.0,29,277.77777777777777,388.8888888888889,102.5,5.835592414935087,0.7499367450363832,0.9727037800682413,7.752782216929641e-05
365.0,30,388.8888888888889,388.8888888888889,102.5,5.801195611982909,0.7499371707854219,0.9726614604249905,7.706825634016519e-05
365.0,31,500.0,388.8888888888889,102.5,5.762124363263247,0.7499362757991483,0.9726128144754144,7.654622867391322e-05
365.0,32,611.1111111111111,388.8888888888889,102.5,5.801195611982909,0.7499371707854214,0.972661460424988,7.7068256340165e-05
365.0,33,722.2222222222223,388.8888888888889,102.5,5.835592414935088,0.7499367450363837,0.9727037800682445,7.752782216929667e-05
365.0,34,833.3333333333334,388.8888888888889,102.5,5.857406141310995,0.749937294727722,0.9727303677010513,7.781926502911065e-05
365.0,35,944.4444444444445,388.8888888888889,102.5,5.867769103948103,0.7499370125847918,0.9727429315526331,7.795771857721914e-05
365.0,36,55.55555555555556,500.0,102.5,5.865110317479693,0.7499370562471538,0.9727397114076375,7.792219607349661e-05
365.0,37,166.66666666666669,500.0,102.5,5.8526639408732075,0.7499375241324405,0.9727246028557164,7.77559069089596e-05
365.0,38,277.77777777777777,500.0,102.5,5.823562831602496,0.7499365175282594,0.9726890338156013,7.736709916068644e-05
365.0,39,388.8888888888889,500.0,102.5,5.762124363263247,0.7499362757991491,0.9726128144754187,7.654622867391355e-05
365.0,40,500.0,500.0,102.5,5.600253323318126,0.7499367719197153,0.9724045209498126,7.438339647919227e-05
365.0,41,611.1111111111111,500.0,102.5,5.762124363263247,0.7499362757991489,0.9726128144754168,7.65462286739134e-05
365.0,42,722.2222222222223,500.0,102.5,5.823562831602495,0.74993651752826,0.9726890338156042,7.736709916068667e-05
365.0,43,833.3333333333334,500.0,102.5,5.8526639408732075,0.7499375241324404,0.972724602855724,7.77559069089602e-05
365.0,44,944.4444444444445,500.0,102.5,5.865110317479692,0.7499370562471541,0.9727397114076388,7.792219607349672e-05
365.0,45,55.55555555555556,611.1111111111111,102.5,5.867769103948102,0.7499370125847921,0.9727429315526336,7.795771857721918e-05
365.0,46,166.66666666666669,611.1111111111111,102.5,5.857406141310993,0.7499372947277225,0.9727303677010537,7.781926502911069e-05
365.0,47,277.77777777777777,611.1111111111111,102.5,5.835592414935086,0.7499367450363836,0.9727037800682439,7.752782216929661e-05
365.0,48,388.8888888888889,611.1111111111111,102.5,5.801195611982909,0.7499371707854215,0.9726614604249887,7.706825634016505e-05
365.0,49,500.0,611.1111111111111,102.5,5.762124363263246,0.749936275799149,0.9726128144754178,7.654622867391349e-05
365.0,50,611.1111111111111,611.1111111111111,102.5,5.801195611982909,0.7499371707854211,0.9726614604249864,7.706825634016486e-05
365.0,51,722.2222222222223,611.1111111111111,102.5,5.835592414935086,0.7499367450363833,0.9727037800682425,7.75278221692965e-05
365.0,52,833.3333333333334,611.1111111111111,102.5,5.857406141310993,0.7499372947277222,0.9727303677010518,7.781926502911054e-05
365.0,53,944.4444444444445,611.1111111111111,102.5,5.867769103948102,0.7499370125847922,0.9727429315526345,7.795771857721925e-05
365.0,54,55.55555555555556,722.2222222222223,102.5,5.873656018773994,0.7499369805504239,0.9727500497355622,7.803636993796109e-05
365.0,55,166.66666666666669,722.2222222222223,102.5,5.8664588326133105,0.749937029773911,0.9727413460282731,7.794021289069886e-05
365.0,56,277.77777777777777,722.2222222222223,102.5,5.852814775511393,0.7499375186078712,0.9727247888139678,7.775792233223016e-05
365.0,57,388.8888888888889,722.2222222222223,102.5,5.835592414935086,0.7499367450363836,0.9727037800682439,7.752782216929661e-05
365.0,58,500.0,722.2222222222223,102.5,5.823562831602495,0.7499365175282602,0.972689033815605,7.736709916068673e-05
365.0,59,611.1111111111111,722.2222222222223,102.5,5.835592414935086,0.7499367450363839,0.9727037800682451,7.75278221692967e-05
365.0,60,722.2222222222223,722.2222222222223,102.5,5.852814775511392,0.7499375186078707,0.9727247888139827,7.775792233223121e-05
365.0,61,833.3333333333334,722.2222222222223,102.5,5.8664588326133105,0.7499370297739113,0.9727413460282749,7.7940212890699e-05
365.0,62,944.4444444444445,722.2222222222223,102.5,5.873656018773994,0.7499369805504238,0.9727500497355608,7.803636993796097e-05
365.0,63,55.55555555555556,833.3333333333334,102.5,5.879596079838232,0.7499370486458229,0.9727572181571505,7.81157311201143e-05
365.0,64,166.66666666666669,833.3333333333334,102.5,5.874814113756454,0.7499369882251251,0.9727514488212697,7.805184252076138e-05
365.0,65,277.77777777777777,833.3333333333334,102.5,5.866458832613311,0.749937029773911,0.9727413460282733,7.794021289069887e-05
365.0,66,388.8888888888889,833.3333333333334,102.5,5.857406141310993,0.7499372947277219,0.9727303677010509,7.781926502911047e-05
365.0,67,500.0,833.3333333333334,102.5,5.852663940873206,0.7499375241324407,0.9727246028557167,7.775590690895962e-05
365.0,68,611.1111111111111,833.3333333333334,102.5,5.857406141310993,0.7499372947277224,0.9727303677010531,7.781926502911065e-05
365.0,69,722.2222222222223,833.3333333333334,102.5,5.8664588326133105,0.7499370297739109,0.9727413460282724,7.79402128906988e-05
365.0,70,833.3333333333334,833.3333333333334,102.5,5.874814113756454,0.7499369882251252,0.9727514488212704,7.805184252076144e-05
365.0,71,944.4444444444445,833.3333333333334,102.5,5.879596079838232,0.7499370486458232,0.9727572181571514,7.811573112011437e-05
365.0,72,55.55555555555556,944.4444444444445,102.5,5.883170480763082,0.7499371338973754,0.9727615244288396,7.816348614577136e-05
365.0,73,166.66666666666669,944.4444444444445,102.5,5.879596079838231,0.7499370486458231,0.9727572181571508,7.811573112011431e-05
365.0,74,277.77777777777777,944.4444444444445,102.5,5.873656018773994,0.7499369805504239,0.9727500497355615,7.803636993796103e-05
365.0,75,388.8888888888889,944.4444444444445,102.5,5.867769103948101,0.7499370125847922,0.9727429315526348,7.795771857721928e-05
365.0,76,500.0,944.4444444444445,102.5,5.865110317479691,0.749937056247154,0.9727397114076385,7.792219607349669e-05
365.0,77,611.1111111111111,944.4444444444445,102.5,5.867769103948102,0.7499370125847917,0.9727429315526323,7.795771857721908e-05
365.0,78,722.2222222222223,944.4444444444445,102.5,5.8736560187739935,0.7499369805504241,0.9727500497355622,7.803636993796109e-05
365.0,79,833.3333333333334,944.4444444444445,102.5,5.879596079838231,0.7499370486458236,0.9727572181571532,7.811573112011452e-05
365.0,80,944.4444444444445,944.4444444444445,102.5,5.883170480763082,0.7499371338973755,0.9727615244288409,7.816348614577147e-05
365.0,81,55.55555555555556,55.55555555555556,107.5,5.883459949919264,0.7498977429058189,0.9727618714191437,7.816735341073549e-05
365.0,82,166.66666666666669,55.55555555555556,107.5,5.879885374672413,0.7498976501502829,0.972757564808446,7.811959601961213e-05
365.0,83,277.77777777777777,55.55555555555556,107.5,5.8739450305411856,0.7498975832868111,0.9727503974073387,7.804023112144626e-05
365.0,84,388.8888888888889,55.55555555555556,107.5,5.8680578528371425,0.749897603027723,0.9727432787624566,7.796157619386982e-05
365.0,85,500.0,55.55555555555556,107.5,5.865398983824199,0.7498976455575616,0.9727400589529267,7.792605260270901e-05
365.0,86,611.1111111111111,55.55555555555556,107.5,5.868057852837143,0.7498976030277233,0.9727432787624585,7.796157619386997e-05
365.0,87,722.2222222222223,55.55555555555556,107.5,5.8739450305411856,0.7498975832868114,0.9727503974073309,7.804023112144564e-05
365.0,88,833.3333333333334,55.55555555555556,107.5,5.879885374672413,0.7498976501502823,0.972757564808443,7.811959601961188e-05
365.0,89,944.4444444444445,55.55555555555556,107.5,5.883459949919264,0.7498977429058185,0.9727618714191496,7.816735341073596e-05
365.0,90,55.55555555555556,166.66666666666669,107.5,5.879885374672414,0.7498976501502828,0.972757564808446,7.811959601961226e-05
365.0,91,166.66666666666669,166.66666666666669,107.5,5.8751031802817115,0.7498975851645663,0.972751795717529,7.80557043767934e-05
365.0,92,277.77777777777777,166.66666666666669,107.5,5.866747536301542,0.7498976273551772,0.9727416941968371,7.79440699750457e-05
365.0,93,388.8888888888889,166.66666666666669,107.5,5.857694632443953,0.7498978829698206,0.9727307164817163,7.782311927670776e-05
365.0,94,500.0,166.66666666666669,107.5,5.85295306054461,0.7498981072243733,0.9727249528150508,7.775976955230737e-05
365.0,95,611.1111111111111,166.66666666666669,107.5,5.857694632443953,0.7498978829698206,0.9727307164817163,7.782311927670776e-05
365.0,96,722.2222222222223,166.66666666666669,107.5,5.866747536301543,0.7498976273551773,0.9727416941968379,7.794406997504576e-05
365.0,97,833.3333333333334,166.66666666666669,107.5,5.875103180281713,0.7498975851645663,0.9727517957175299,7.805570437679346e-05
365.0,98,944.4444444444445,166.66666666666669,107.5,5.879885374672414,0.7498976501502828,0.9727575648084456,7.811959601961222e-05
365.0,99,55.55555555555556,277.77777777777777,107.5,5.873945030541186,0.749897583286811,0.9727503974073382,7.804023112144634e-05
365.0,100,166.66666666666669,277.77777777777777,107.5,5.866747536301542,0.7498976273551778,0.9727416941968401,7.794406997504594e-05
365.0,101,277.77777777777777,277.77777777777777,107.5,5.853103244474752,0.7498981000653414,0.9727251377780627,7.776177626663438e-05
365.0,102,388.8888888888889,277.77777777777777,107.5,5.835882412635411,0.7498973557963265,0.9727041333435176,7.753169659590285e-05
365.0,103,500.0,277.77777777777777,107.5,5.823869284194838,0.7498971175666618,0.9726894086306079,7.737119345170843e-05
365.0,104,611.1111111111111,277.77777777777777,107.5,5.835882412635412,0.7498973557963265,0.9727041333435179,7.753169659590288e-05
365.0,105,722.2222222222223,277.77777777777777,107.5,5.853103244474753,0.7498981000653415,0.9727251377780637,7.776177626663446e-05
365.0,106,833.3333333333334,277.77777777777777,107.5,5.866747536301543,0.7498976273551776,0.9727416941968395,7.79440699750459e-05
365.0,107,944.4444444444445,277.77777777777777,107.5,5.873945030541186,0.7498975832868112,0.9727503974073306,7.804023112144561e-05
365.0,108,55.55555555555556,388.8888888888889,107.5,5.868057852837143,0.7498976030277229,0.9727432787624564,7.79615761938698e-05
365.0,109,166.66666666666669,388.8888888888889,107.5,5.857694632443952,0.749897882969821,0.9727307164817177,7.782311927670787e-05
365.0,110,277.77777777777777,388.8888888888889,107.5,5.835882412635412,0.7498973557963263,0.9727041333435168,7.753169659590279e-05
365.0,111,388.8888888888889,388.8888888888889,107.5,5.801521199397691,0.7498977547045753,0.9726618621977555,7.707260637031623e-05
365.0,112,500.0,388.8888888888889,107.5,5.762693456027493,0.7498968596075266,0.9726135264358343,7.655383225307232e-05
365.0,113,611.1111111111111,388.8888888888889,107.5,5.801521199397691,0.7498977547045756,0.972661862197757,7.707260637031634e-05
365.0,114,722.2222222222223,388.8888888888889,107.5,5.835882412635412,0.7498973557963263,0.9727041333435168,7.753169659590279e-05
365.0,115,833.3333333333334,388.8888888888889,107.5,5.857694632443953,0.7498978829698209,0.9727307164817174,7.782311927670784e-05
365.0,116,944.4444444444445,388.8888888888889,107.5,5.868057852837144,0.7498976030277232,0.9727432787624583,7.796157619386995e-05
365.0,117,55.55555555555556,500.0,107.5,5.8653989838242,0.7498976455575616,0.9727400589529184,7.792605260270835e-05
365.0,118,166.66666666666669,500.0,107.5,5.85295306054461,0.7498981072243739,0.9727249528150439,7.775976955230682e-05
365.0,119,277.77777777777777,500.0,107.5,5.8238692841948385,0.7498971175666616,0.972689408630607,7.737119345170836e-05
365.0,120,388.8888888888889,500.0,107.5,5.762693456027492,0.7498968596075267,0.972613526435835,7.655383225307238e-05
365.0,121,500.0,500.0,107.5,5.586906188834887,0.7498977260362051,0.9723868057888628,7.420505038619746e-05
365.0,122,611.1111111111111,500.0,107.5,5.762693456027492,0.7498968596075268,0.9726135264358352,7.655383225307239e-05
365.0,123,722.2222222222223,500.0,107.5,5.823869284194838,0.7498971175666621,0.9726894086306013,7.73711934517079e-05
365.0,124,833.3333333333334,500.0,107.5,5.85295306054461,0.7498981072243736,0.9727249528150514,7.775976955230743e-05
365.0,125,944.4444444444445,500.0,107.5,5.865398983824199,0.7498976455575616,0.9727400589529264,7.792605260270886e-05
365.0,126,55.55555555555556,611.1111111111111,107.5,5.868057852837143,0.7498976030277228,0.972743278762464,7.796157619387042e-05
365.0,127,166.66666666666669,611.1111111111111,107.5,5.857694632443952,0.7498978829698209,0.972730716481717,7.782311927670782e-05
365.0,128,277.77777777777777,611.1111111111111,107.5,5.83588241263541,0.7498973557963261,0.9727041333435243,7.753169659590326e-05
365.0,129,388.8888888888889,611.1111111111111,107.5,5.8015211993976905,0.7498977547045761,0.9726618621977504,7.707260637031583e-05
365.0,130,500.0,611.1111111111111,107.5,5.762693456027492,0.7498968596075269,0.9726135264358362,7.655383225307247e-05
365.0,131,611.1111111111111,611.1111111111111,107.5,5.8015211993976905,0.7498977547045756,0.972661862197757,7.707260637031634e-05
365.0,132,722.2222222222223,611.1111111111111,107.5,5.83588241263541,0.7498973557963264,0.9727041333435176,7.753169659590272e-05
365.0,133,833.3333333333334,611.1111111111111,107.5,5.857694632443952,0.7498978829698209,0.9727307164817172,7.782311927670783e-05
365.0,134,944.4444444444445,611.1111111111111,107.5,5.8680578528371425,0.7498976030277233,0.972743278762458,7.796157619386994e-05
365.0,135,55.55555555555556,722.2222222222223,107.5,5.8739450305411856,0.7498975832868108,0.9727503974073368,7.804023112144623e-05
365.0,136,166.66666666666669,722.2222222222223,107.5,5.866747536301542,0.7498976273551771,0.9727416941968362,7.794406997504576e-05
365.0,137,277.77777777777777,722.2222222222223,107.5,5.853103244474752,0.7498981000653416,0.972725137778064,7.776177626663449e-05
365.0,138,388.8888888888889,722.2222222222223,107.5,5.83588241263541,0.7498973557963265,0.9727041333435179,7.753169659590275e-05
365.0,139,500.0,722.2222222222223,107.5,5.823869284194838,0.7498971175666619,0.9726894086306083,7.737119345170846e-05
365.0,140,611.1111111111111,722.2222222222223,107.5,5.83588241263541,0.7498973557963268,0.9727041333435194,7.753169659590285e-05
365.0,141,722.2222222222223,722.2222222222223,107.5,5.8531032444747515,0.7498981000653419,0.9727251377780649,7.776177626663455e-05
365.0,142,833.3333333333334,722.2222222222223,107.5,5.866747536301542,0.749897627355177,0.9727416941968359,7.79440699750456e-05
365.0,143,944.4444444444445,722.2222222222223,107.5,5.873945030541185,0.7498975832868108,0.9727503974073372,7.804023112144614e-05
365.0,144,55.55555555555556,833.3333333333334,107.5,5.879885374672413,0.749897650150283,0.9727575648084463,7.811959601961215e-05
365.0,145,166.66666666666669,833.3333333333334,107.5,5.875103180281712,0.7498975851645658,0.9727517957175272,7.805570437679324e-05
365.0,146,277.77777777777777,833.3333333333334,107.5,5.866747536301542,0.7498976273551772,0.9727416941968369,7.794406997504568e-05
365.0,147,388.8888888888889,833.3333333333334,107.5,5.857694632443952,0.749897882969821,0.9727307164817177,7.782311927670787e-05
365.0,148,500.0,833.3333333333334,107.5,5.852953060544609,0.7498981072243731,0.9727249528150481,7.775976955230716e-05
365.0,149,611.1111111111111,833.3333333333334,107.5,5.857694632443952,0.7498978829698212,0.9727307164817185,7.782311927670794e-05
365.0,150,722.2222222222223,833.3333333333334,107.5,5.866747536301541,0.7498976273551773,0.9727416941968368,7.794406997504567e-05
365.0,151,833.3333333333334,833.3333333333334,107.5,5.875103180281712,0.749897585164566,0.972751795717528,7.805570437679331e-05
365.0,152,944.4444444444445,833.3333333333334,107.5,5.879885374672413,0.7498976501502821,0.972757564808442,7.81195960196118e-05
365.0,153,55.55555555555556,944.4444444444445,107.5,5.883459949919264,0.7498977429058185,0.9727618714191488,7.81673534107359e-05
365.0,154,166.66666666666669,944.4444444444445,107.5,5.879885374672412,0.7498976501502823,0.972757564808443,7.811959601961188e-05
365.0,155,277.77777777777777,944.4444444444445,107.5,5.8739450305411856,0.7498975832868109,0.9727503974073375,7.804023112144629e-05
365.0,156,388.8888888888889,944.4444444444445,107.5,5.8680578528371425,0.7498976030277236,0.9727432787624596,7.796157619387006e-05
365.0,157,500.0,944.4444444444445,107.5,5.865398983824198,0.7498976455575618,0.972740058952919,7.792605260270828e-05
365.0,158,611.1111111111111,944.4444444444445,107.5,5.8680578528371425,0.7498976030277233,0.9727432787624583,7.796157619386995e-05
365.0,159,722.2222222222223,944.4444444444445,107.5,5.873945030541185,0.7498975832868108,0.9727503974073368,7.804023112144623e-05
365.0,160,833.3333333333334,944.4444444444445,107.5,5.879885374672412,0.7498976501502821,0.972757564808442,7.81195960196118e-05
365.0,161,944.4444444444445,944.4444444444445,107.5,5.8834599499192635,0.749897742905819,0.9727618714191436,7.816735341073548e-05
365.0,162,55.55555555555556,55.55555555555556,112.5,5.88374958471747,0.7498030905086588,0.972762218537643,7.817122288511186e-05
365.0,163,166.66666666666669,55.55555555555556,112.5,5.880174829234631,0.7498029970871166,0.9727579122540844,7.812346310355828e-05
365.0,164,277.77777777777777,55.55555555555556,112.5,5.874234198278118,0.7498029236062036,0.9727507451325287,7.804409438002897e-05
365.0,165,388.8888888888889,55.55555555555556,112.5,5.868346767870241,0.7498029393043013,0.9727436267931793,7.796543608205185e-05
365.0,166,500.0,55.55555555555556,112.5,5.865687844564818,0.7498029810590242,0.9727404074283313,7.79299117868874e-05
365.0,167,611.1111111111111,55.55555555555556,112.5,5.868346767870241,0.7498029393043021,0.9727436267931837,7.79654360820522e-05
365.0,168,722.2222222222223,55.55555555555556,112.5,5.874234198278118,0.7498029236062038,0.9727507451325299,7.804409438002906e-05
365.0,169,833.3333333333334,55.55555555555556,112.5,5.880174829234631,0.7498029970871175,0.9727579122540798,7.812346310355791e-05
365.0,170,944.4444444444445,55.55555555555556,112.5,5.883749584717469,0.749803090508659,0.9727622185376439,7.817122288511193e-05
365.0,171,55.55555555555556,166.66666666666669,112.5,5.880174829234632,0.749802997087117,0.9727579122540774,7.812346310355772e-05
365.0,172,166.66666666666669,166.66666666666669,112.5,5.875392402886499,0.7498029283721649,0.9727521435531186,7.805956838045683e-05
365.0,173,277.77777777777777,166.66666666666669,112.5,5.867036418867885,0.7498029621517887,0.9727420423264811,7.794792943092219e-05
365.0,174,388.8888888888889,166.66666666666669,112.5,5.857983470441569,0.7498032111075301,0.9727310656931376,7.782697816145988e-05
365.0,175,500.0,166.66666666666669,112.5,5.853243087034648,0.7498034318099646,0.972725304119579,7.776364433269642e-05
365.0,176,611.1111111111111,166.66666666666669,112.5,5.857983470441569,0.7498032111075301,0.9727310656931376,7.782697816145988e-05
365.0,177,722.2222222222223,166.66666666666669,112.5,5.867036418867886,0.7498029621517891,0.9727420423264752,7.794792943092172e-05
365.0,178,833.3333333333334,166.66666666666669,112.5,5.875392402886501,0.7498029283721653,0.9727521435531208,7.805956838045714e-05
365.0,179,944.4444444444445,166.66666666666669,112.5,5.880174829234632,0.7498029970871168,0.9727579122540767,7.812346310355767e-05
365.0,180,55.55555555555556,277.77777777777777,112.5,5.874234198278119,0.7498029236062037,0.9727507451325297,7.804409438002905e-05
365.0,181,166.66666666666669,277.77777777777777,112.5,5.867036418867885,0.749802962151789,0.9727420423264832,7.794792943092235e-05
365.0,182,277.77777777777777,277.77777777777777,112.5,5.853392212347802,0.7498034250581601,0.9727254878013405,7.776563690500149e-05
365.0,183,388.8888888888889,277.77777777777777,112.5,5.836174321169772,0.7498027062292614,0.9727044889674206,7.753559655547664e-05
365.0,184,500.0,277.77777777777777,112.5,5.824191404378198,0.7498024583710643,0.9726898027572422,7.73754970805264e-05
365.0,185,611.1111111111111,277.77777777777777,112.5,5.836174321169773,0.7498027062292614,0.9727044889674205,7.753559655547663e-05
365.0,186,722.2222222222223,277.77777777777777,112.5,5.853392212347803,0.7498034250581598,0.9727254878013398,7.776563690500143e-05
365.0,187,833.3333333333334,277.77777777777777,112.5,5.867036418867886,0.7498029621517887,0.9727420423264816,7.794792943092223e-05
365.0,188,944.4444444444445,277.77777777777777,112.5,5.874234198278119,0.749802923606204,0.9727507451325312,7.804409438002917e-05
365.0,189,55.55555555555556,388.8888888888889,112.5,5.868346767870242,0.7498029393043016,0.9727436267931817,7.796543608205217e-05
365.0,190,166.66666666666669,388.8888888888889,112.5,5.857983470441568,0.74980321110753,0.9727310656931369,7.782697816145983e-05
365.0,191,277.77777777777777,388.8888888888889,112.5,5.836174321169773,0.7498027062292612,0.9727044889674191,7.753559655547652e-05
365.0,192,388.8888888888889,388.8888888888889,112.5,5.801878459157418,0.7498030724009688,0.972662302723042,7.707737953769528e-05
365.0,193,500.0,388.8888888888889,112.5,5.763845289377161,0.7498021616119606,0.9726149663241157,7.656922169752097e-05
365.0,194,611.1111111111111,388.8888888888889,112.5,5.801878459157418,0.7498030724009693,0.9726623027230449,7.707737953769551e-05
365.0,195,722.2222222222223,388.8888888888889,112.5,5.836174321169774,0.7498027062292619,0.9727044889674143,7.753559655547614e-05
365.0,196,833.3333333333334,388.8888888888889,112.5,5.85798347044157,0.7498032111075295,0.972731065693135,7.782697816145968e-05
365.0,197,944.4444444444445,388.8888888888889,112.5,5.868346767870242,0.7498029393043016,0.9727436267931817,7.796543608205217e-05
365.0,198,55.55555555555556,500.0,112.5,5.865687844564819,0.7498029810590241,0.9727404074283316,7.792991178688755e-05
365.0,199,166.66666666666669,500.0,112.5,5.853243087034648,0.7498034318099648,0.97272530411958,7.77636443326965e-05
365.0,200,277.77777777777777,500.0,112.5,5.824191404378198,0.7498024583710647,0.972689802757244,7.737549708052654e-05
365.0,201,388.8888888888889,500.0,112.5,5.763845289377162,0.7498021616119604,0.9726149663241145,7.656922169752087e-05
365.0,202,500.0,500.0,112.5,5.619520449864106,0.7498020545944643,0.9724298940198832,7.46408399499295e-05
365.0,203,611.1111111111111,500.0,112.5,5.763845289377161,0.74980216161196,0.9726149663241129,7.656922169752075e-05
365.0,204,722.2222222222223,500.0,112.5,5.824191404378198,0.7498024583710639,0.97268980275724,7.737549708052623e-05
365.0,205,833.3333333333334,500.0,112.5,5.853243087034648,0.7498034318099649,0.9727253041195808,7.776364433269655e-05
365.0,206,944.4444444444445,500.0,112.5,5.865687844564818,0.7498029810590235,0.972740407428329,7.792991178688721e-05
365.0,207,55.55555555555556,611.1111111111111,112.5,5.868346767870241,0.7498029393043014,0.9727436267931805,7.796543608205194e-05
365.0,208,166.66666666666669,611.1111111111111,112.5,5.857983470441569,0.7498032111075305,0.9727310656931393,7.782697816146002e-05
365.0,209,277.77777777777777,611.1111111111111,112.5,5.836174321169772,0.749802706229262,0.9727044889674141,7.753559655547613e-05
365.0,210,388.8888888888889,611.1111111111111,112.5,5.801878459157417,0.7498030724009692,0.9726623027230442,7.707737953769546e-05
365.0,211,500.0,611.1111111111111,112.5,5.763845289377161,0.7498021616119603,0.9726149663241141,7.656922169752085e-05
365.0,212,611.1111111111111,611.1111111111111,112.5,5.801878459157418,0.7498030724009694,0.9726623027230453,7.707737953769555e-05
365.0,213,722.2222222222223,611.1111111111111,112.5,5.836174321169772,0.7498027062292618,0.9727044889674137,7.753559655547609e-05
365.0,214,833.3333333333334,611.1111111111111,112.5,5.857983470441569,0.7498032111075299,0.9727310656931364,7.782697816145979e-05
365.0,215,944.4444444444445,611.1111111111111,112.5,5.868346767870241,0.7498029393043013,0.9727436267931792,7.796543608205183e-05
365.0,216,55.55555555555556,722.2222222222223,112.5,5.874234198278118,0.749802923606204,0.9727507451325312,7.804409438002917e-05
365.0,217,166.66666666666669,722.2222222222223,112.5,5.867036418867885,0.7498029621517889,0.9727420423264821,7.794792943092227e-05
365.0,218,277.77777777777777,722.2222222222223,112.5,5.853392212347801,0.7498034250581599,0.9727254878013398,7.776563690500143e-05
365.0,219,388.8888888888889,722.2222222222223,112.5,5.836174321169772,0.7498027062292614,0.9727044889674206,7.753559655547664e-05
365.0,220,500.0,722.2222222222223,112.5,5.8241914043781975,0.7498024583710639,0.9726898027572397,7.73754970805262e-05
365.0,221,611.1111111111111,722.2222222222223,112.5,5.836174321169772,0.7498027062292613,0.9727044889674191,7.753559655547652e-05
365.0,222,722.2222222222223,722.2222222222223,112.5,5.853392212347801,0.7498034250581601,0.972725487801341,7.776563690500153e-05
365.0,223,833.3333333333334,722.2222222222223,112.5,5.867036418867884,0.7498029621517893,0.9727420423264761,7.794792943092178e-05
365.0,224,944.4444444444445,722.2222222222223,112.5,5.874234198278117,0.7498029236062037,0.972750745132529,7.804409438002899e-05
365.0,225,55.55555555555556,833.3333333333334,112.5,5.880174829234631,0.7498029970871174,0.9727579122540796,7.81234631035579e-05
365.0,226,166.66666666666669,833.3333333333334,112.5,5.875392402886501,0.7498029283721658,0.9727521435531139,7.805956838045658e-05
365.0,227,277.77777777777777,833.3333333333334,112.5,5.867036418867885,0.7498029621517893,0.9727420423264761,7.794792943092178e-05
365.0,228,388.8888888888889,833.3333333333334,112.5,5.857983470441568,0.7498032111075301,0.9727310656931377,7.78269781614599e-05
365.0,229,500.0,833.3333333333334,112.5,5.853243087034647,0.7498034318099648,0.97272530411958,7.77636443326965e-05
365.0,230,611.1111111111111,833.3333333333334,112.5,5.857983470441568,0.7498032111075298,0.9727310656931356,7.782697816145972e-05
365.0,231,722.2222222222223,833.3333333333334,112.5,5.867036418867884,0.7498029621517889,0.972742042326482,7.794792943092226e-05
365.0,232,833.3333333333334,833.3333333333334,112.5,5.8753924028865,0.7498029283721654,0.9727521435531208,7.805956838045714e-05
365.0,233,944.4444444444445,833.3333333333334,112.5,5.880174829234631,0.7498029970871167,0.9727579122540851,7.812346310355835e-05
365.0,234,55.55555555555556,944.4444444444445,112.5,5.883749584717469,0.7498030905086591,0.9727622185376446,7.817122288511199e-05
365.0,235,166.66666666666669,944.4444444444445,112.5,5.8801748292346305,0.7498029970871168,0.972757912254085,7.812346310355833e-05
365.0,236,277.77777777777777,944.4444444444445,112.5,5.874234198278118,0.749802923606204,0.9727507451325307,7.804409438002913e-05
365.0,237,388.8888888888889,944.4444444444445,112.5,5.868346767870241,0.7498029393043014,0.9727436267931796,7.796543608205172e-05
365.0,238,500.0,944.4444444444445,112.5,5.8656878445648175,0.7498029810590238,0.9727404074283295,7.792991178688725e-05
365.0,239,611.1111111111111,944.4444444444445,112.5,5.868346767870241,0.7498029393043019,0.972743626793183,7.796543608205215e-05
365.0,240,722.2222222222223,944.4444444444445,112.5,5.874234198278117,0.7498029236062039,0.9727507451325303,7.80440943800291e-05
365.0,241,833.3333333333334,944.4444444444445,112.5,5.8801748292346305,0.7498029970871173,0.9727579122540791,7.812346310355786e-05
365.0,242,944.4444444444445,944.4444444444445,112.5,5.883749584717469,0.7498030905086592,0.9727622185376453,7.817122288511205e-05
365.0,243,55.55555555555556,55.55555555555556,117.5,5.884039383200373,0.7494674136217706,0.972762565040297,7.817509448316239e-05
365.0,244,166.66666666666669,55.55555555555556,117.5,5.8804644445048,0.7494673098364045,0.972758259378328,7.812733229536929e-05
365.0,245,277.77777777777777,55.55555555555556,117.5,5.874523526952587,0.7494672055212329,0.9727510921269443,7.804795971669855e-05
365.0,246,388.8888888888889,55.55555555555556,117.5,5.868635850347138,0.749467193398378,0.9727439746585047,7.796929817997825e-05
365.0,247,500.0,55.55555555555556,117.5,5.865976877892865,0.7494672240699841,0.9727407554135379,7.793377322301922e-05
365.0,248,611.1111111111111,55.55555555555556,117.5,5.868635850347138,0.7494671933983783,0.9727439746585066,7.79692981799784e-05
365.0,249,722.2222222222223,55.55555555555556,117.5,5.874523526952587,0.7494672055212329,0.9727510921269439,7.804795971669851e-05
365.0,250,833.3333333333334,55.55555555555556,117.5,5.8804644445048,0.7494673098364047,0.9727582593783288,7.812733229536935e-05
365.0,251,944.4444444444445,55.55555555555556,117.5,5.884039383200372,0.7494674136217714,0.9727625650403002,7.817509448316264e-05
365.0,252,55.55555555555556,166.66666666666669,117.5,5.880464444504801,0.7494673098364045,0.9727582593783278,7.812733229536927e-05
365.0,253,166.66666666666669,166.66666666666669,117.5,5.875681786043193,0.7494672180910771,0.9727524908694483,7.806343447405473e-05
365.0,254,277.77777777777777,166.66666666666669,117.5,5.867325479365343,0.7494672034826669,0.9727423898887955,7.795179120343723e-05
365.0,255,388.8888888888889,166.66666666666669,117.5,5.85827258391875,0.749467450705775,0.9727314145639634,7.783084067487011e-05
365.0,256,500.0,166.66666666666669,117.5,5.853533343807088,0.7494676759031109,0.9727256548643621,7.776752212479605e-05
365.0,257,611.1111111111111,166.66666666666669,117.5,5.858272583918749,0.7494674507057745,0.9727314145639598,7.783084067486982e-05
365.0,258,722.2222222222223,166.66666666666669,117.5,5.867325479365344,0.7494672034826674,0.9727423898887984,7.795179120343746e-05
365.0,259,833.3333333333334,166.66666666666669,117.5,5.875681786043194,0.7494672180910771,0.9727524908694495,7.806343447405497e-05
365.0,260,944.4444444444445,166.66666666666669,117.5,5.8804644445048,0.7494673098364044,0.9727582593783275,7.812733229536925e-05
365.0,261,55.55555555555556,277.77777777777777,117.5,5.874523526952588,0.7494672055212325,0.972751092126942,7.804795971669836e-05
365.0,262,166.66666666666669,277.77777777777777,117.5,5.867325479365343,0.749467203482667,0.9727423898887962,7.79517912034373e-05
365.0,263,277.77777777777777,277.77777777777777,117.5,5.853681453595471,0.7494676703109944,0.9727258373455123,7.776950113305313e-05
365.0,264,388.8888888888889,277.77777777777777,117.5,5.836466298009652,0.7494669937648203,0.9727048437076753,7.753949735276412e-05
365.0,265,500.0,277.77777777777777,117.5,5.824514384720414,0.7494667127918596,0.9726901969037767,7.737981212191546e-05
365.0,266,611.1111111111111,277.77777777777777,117.5,5.836466298009653,0.7494669937648203,0.9727048437076767,7.753949735276424e-05
365.0,267,722.2222222222223,277.77777777777777,117.5,5.853681453595471,0.7494676703109947,0.972725837345514,7.776950113305326e-05
365.0,268,833.3333333333334,277.77777777777777,117.5,5.867325479365344,0.7494672034826666,0.9727423898888022,7.795179120343777e-05
365.0,269,944.4444444444445,277.77777777777777,117.5,5.874523526952588,0.7494672055212326,0.9727510921269429,7.804795971669843e-05
365.0,270,55.55555555555556,388.8888888888889,117.5,5.868635850347139,0.7494671933983774,0.9727439746585117,7.796929817997881e-05
365.0,271,166.66666666666669,388.8888888888889,117.5,5.858272583918749,0.7494674507057745,0.97273141456396,7.783084067486984e-05
365.0,272,277.77777777777777,388.8888888888889,117.5,5.836466298009653,0.7494669937648207,0.97270484370767,7.75394973527637e-05
365.0,273,388.8888888888889,388.8888888888889,117.5,5.8022378007921604,0.7494673033220925,0.9726627444696898,7.708218041669618e-05
365.0,274,500.0,388.8888888888889,117.5,5.764993022727103,0.7494662831954648,0.972616398555089,7.658455619832004e-05
365.0,275,611.1111111111111,388.8888888888889,117.5,5.8022378007921604,0.7494673033220928,0.9726627444696911,7.708218041669629e-05
365.0,276,722.2222222222223,388.8888888888889,117.5,5.836466298009653,0.7494669937648197,0.9727048437076735,7.753949735276398e-05
365.0,277,833.3333333333334,388.8888888888889,117.5,5.858272583918751,0.7494674507057745,0.97273141456396,7.783084067486984e-05
365.0,278,944.4444444444445,388.8888888888889,117.5,5.868635850347139,0.7494671933983778,0.9727439746585126,7.796929817997888e-05
365.0,279,55.55555555555556,500.0,117.5,5.865976877892866,0.7494672240699843,0.9727407554135395,7.793377322301936e-05
365.0,280,166.66666666666669,500.0,117.5,5.853533343807088,0.7494676759031113,0.9727256548643644,7.776752212479623e-05
365.0,281,277.77777777777777,500.0,117.5,5.824514384720415,0.7494667127918601,0.9726901969037712,7.737981212191502e-05
365.0,282,388.8888888888889,500.0,117.5,5.764993022727103,0.7494662831954649,0.9726163985550892,7.658455619832005e-05
365.0,283,500.0,500.0,117.5,5.6399414976280005,0.7494613091973957,0.9724566105072217,7.491369981501097e-05
365.0,284,611.1111111111111,500.0,117.5,5.7649930227271025,0.7494662831954649,0.9726163985550892,7.658455619832005e-05
365.0,285,722.2222222222223,500.0,117.5,5.824514384720414,0.7494667127918597,0.9726901969037689,7.737981212191483e-05
365.0,286,833.3333333333334,500.0,117.5,5.853533343807088,0.749467675903111,0.9727256548643626,7.776752212479609e-05
365.0,287,944.4444444444445,500.0,117.5,5.865976877892866,0.7494672240699842,0.972740755413539,7.793377322301932e-05
365.0,288,55.55555555555556,611.1111111111111,117.5,5.868635850347138,0.749467193398378,0.9727439746585047,7.796929817997825e-05
365.0,289,166.66666666666669,611.1111111111111,117.5,5.858272583918749,0.7494674507057749,0.9727314145639632,7.78308406748701e-05
365.0,290,277.77777777777777,611.1111111111111,117.5,5.836466298009652,0.7494669937648205,0.972704843707669,7.753949735276362e-05
365.0,291,388.8888888888889,611.1111111111111,117.5,5.8022378007921604,0.7494673033220924,0.9726627444696895,7.708218041669615e-05
365.0,292,500.0,611.1111111111111,117.5,5.7649930227271025,0.7494662831954652,0.9726163985550905,7.658455619832016e-05
365.0,293,611.1111111111111,611.1111111111111,117.5,5.8022378007921604,0.7494673033220928,0.9726627444696908,7.708218041669626e-05
365.0,294,722.2222222222223,611.1111111111111,117.5,5.836466298009652,0.7494669937648204,0.9727048437076684,7.753949735276358e-05
365.0,295,833.3333333333334,611.1111111111111,117.5,5.85827258391875,0.7494674507057745,0.9727314145639608,7.78308406748699e-05
365.0,296,944.4444444444445,611.1111111111111,117.5,5.868635850347138,0.7494671933983776,0.9727439746585124,7.796929817997886e-05
365.0,297,55.55555555555556,722.2222222222223,117.5,5.874523526952587,0.7494672055212319,0.9727510921269397,7.804795971669817e-05
365.0,298,166.66666666666669,722.2222222222223,117.5,5.867325479365343,0.7494672034826674,0.9727423898887981,7.795179120343744e-05
365.0,299,277.77777777777777,722.2222222222223,117.5,5.85368145359547,0.7494676703109946,0.9727258373455133,7.77695011330532e-05
365.0,300,388.8888888888889,722.2222222222223,117.5,5.836466298009652,0.7494669937648203,0.9727048437076761,7.753949735276419e-05
365.0,301,500.0,722.2222222222223,117.5,5.8245143847204135,0.7494667127918596,0.9726901969037766,7.737981212191544e-05
365.0,302,611.1111111111111,722.2222222222223,117.5,5.836466298009651,0.7494669937648206,0.972704843707669,7.753949735276362e-05
365.0,303,722.2222222222223,722.2222222222223,117.5,5.85368145359547,0.7494676703109944,0.972725837345513,7.776950113305318e-05
365.0,304,833.3333333333334,722.2222222222223,117.5,5.867325479365342,0.7494672034826666,0.9727423898888024,7.795179120343778e-05
365.0,305,944.4444444444445,722.2222222222223,117.5,5.874523526952586,0.7494672055212327,0.9727510921269433,7.804795971669847e-05
365.0,306,55.55555555555556,833.3333333333334,117.5,5.880464444504799,0.7494673098364042,0.9727582593783346,7.812733229536982e-05
365.0,307,166.66666666666669,833.3333333333334,117.5,5.875681786043194,0.7494672180910765,0.9727524908694456,7.806343447405466e-05
365.0,308,277.77777777777777,833.3333333333334,117.5,5.867325479365343,0.749467203482667,0.9727423898887962,7.79517912034373e-05
365.0,309,388.8888888888889,833.3333333333334,117.5,5.858272583918749,0.7494674507057747,0.9727314145639623,7.783084067487003e-05
365.0,310,500.0,833.3333333333334,117.5,5.853533343807087,0.7494676759031107,0.9727256548643609,7.776752212479596e-05
365.0,311,611.1111111111111,833.3333333333334,117.5,5.858272583918749,0.7494674507057741,0.9727314145639584,7.783084067486972e-05
365.0,312,722.2222222222223,833.3333333333334,117.5,5.867325479365342,0.7494672034826674,0.9727423898887971,7.795179120343736e-05
365.0,313,833.3333333333334,833.3333333333334,117.5,5.875681786043193,0.7494672180910767,0.9727524908694477,7.806343447405469e-05
365.0,314,944.4444444444445,833.3333333333334,117.5,5.880464444504799,0.7494673098364046,0.972758259378328,7.812733229536929e-05
365.0,315,55.55555555555556,944.4444444444445,117.5,5.884039383200372,0.7494674136217709,0.9727625650402987,7.817509448316252e-05
365.0,316,166.66666666666669,944.4444444444445,117.5,5.880464444504799,0.7494673098364045,0.9727582593783278,7.812733229536927e-05
365.0,317,277.77777777777777,944.4444444444445,117.5,5.874523526952587,0.7494672055212321,0.9727510921269409,7.804795971669826e-05
365.0,318,388.8888888888889,944.4444444444445,117.5,5.868635850347138,0.7494671933983774,0.9727439746585111,7.796929817997877e-05
365.0,319,500.0,944.4444444444445,117.5,5.865976877892865,0.7494672240699836,0.9727407554135353,7.793377322301902e-05
365.0,320,611.1111111111111,944.4444444444445,117.5,5.868635850347138,0.7494671933983774,0.9727439746585117,7.796929817997881e-05
365.0,321,722.2222222222223,944.4444444444445,117.5,5.874523526952586,0.7494672055212327,0.9727510921269437,7.80479597166985e-05
365.0,322,833.3333333333334,944.4444444444445,117.5,5.880464444504798,0.7494673098364047,0.972758259378329,7.812733229536937e-05
365.0,323,944.4444444444445,944.4444444444445,117.5,5.884039383200372,0.7494674136217712,0.9727625650402987,7.817509448316252e-05
365.0,324,55.55555555555556,55.55555555555556,122.5,5.88432932670797,0.7456942027313256,0.9727629005798882,7.817896712603676e-05
365.0,325,166.66666666666669,55.55555555555556,122.5,5.880754214102605,0.7456941162120626,0.972758594969779,7.813120261017503e-05
365.0,326,277.77777777777777,55.55555555555556,122.5,5.874813030191911,0.7456940448796343,0.972751427009841,7.805182639927558e-05
365.0,327,388.8888888888889,55.55555555555556,122.5,5.868925117411106,0.7456940873513002,0.9727443099366019,7.79731617195863e-05
365.0,328,500.0,55.55555555555556,122.5,5.866266062365949,0.7456941328173201,0.9727410906457947,7.79376356444559e-05
365.0,329,611.1111111111111,55.55555555555556,122.5,5.868925117411106,0.7456940873513002,0.972744309936602,7.797316171958631e-05
365.0,330,722.2222222222223,55.55555555555556,122.5,5.874813030191912,0.7456940448796343,0.972751427009841,7.805182639927558e-05
365.0,331,833.3333333333334,55.55555555555556,122.5,5.880754214102605,0.7456941162120627,0.9727585949697796,7.813120261017507e-05
365.0,332,944.4444444444445,55.55555555555556,122.5,5.884329326707969,0.7456942027313254,0.9727629005798867,7.817896712603664e-05
365.0,333,55.55555555555556,166.66666666666669,122.5,5.880754214102605,0.7456941162120626,0.972758594969779,7.813120261017503e-05
365.0,334,166.66666666666669,166.66666666666669,122.5,5.875971343464117,0.745694056825759,0.9727528263214555,7.80673019292222e-05
365.0,335,277.77777777777777,166.66666666666669,122.5,5.867614746974434,0.745694108860824,0.9727427248904718,7.795565471873782e-05
365.0,336,388.8888888888889,166.66666666666669,122.5,5.858561653468287,0.7456943512127372,0.9727317495448964,7.783470149665218e-05
365.0,337,500.0,166.66666666666669,122.5,5.853823029349773,0.7456945625059743,0.972725990874484,7.777139116490368e-05
365.0,338,611.1111111111111,166.66666666666669,122.5,5.8585616534682865,0.7456943512127371,0.9727317495448958,7.783470149665228e-05
365.0,339,722.2222222222223,166.66666666666669,122.5,5.867614746974434,0.7456941088608241,0.9727427248904724,7.795565471873788e-05
365.0,340,833.3333333333334,166.66666666666669,122.5,5.875971343464119,0.7456940568257593,0.972752826321458,7.806730192922253e-05
365.0,341,944.4444444444445,166.66666666666669,122.5,5.880754214102605,0.7456941162120625,0.9727585949697786,7.813120261017499e-05
365.0,342,55.55555555555556,277.77777777777777,122.5,5.874813030191912,0.7456940448796345,0.9727514270098416,7.805182639927563e-05
365.0,343,166.66666666666669,277.77777777777777,122.5,5.867614746974433,0.7456941088608247,0.972742724890475,7.795565471873808e-05
365.0,344,277.77777777777777,277.77777777777777,122.5,5.853970485176926,0.7456945554309113,0.9727261726074432,7.777336144075375e-05
365.0,345,388.8888888888889,277.77777777777777,122.5,5.836756628065461,0.7456938474002222,0.9727051806555344,7.754337489269016e-05
365.0,346,500.0,277.77777777777777,122.5,5.824824043085777,0.7456935916205204,0.9726905577135222,7.738394782479685e-05
365.0,347,611.1111111111111,277.77777777777777,122.5,5.836756628065462,0.7456938474002225,0.9727051806555362,7.754337489269031e-05
365.0,348,722.2222222222223,277.77777777777777,122.5,5.853970485176926,0.7456945554309116,0.9727261726074445,7.777336144075386e-05
365.0,349,833.3333333333334,277.77777777777777,122.5,5.867614746974434,0.745694108860824,0.9727427248904714,7.79556547187378e-05
365.0,350,944.4444444444445,277.77777777777777,122.5,5.874813030191912,0.7456940448796343,0.9727514270098407,7.805182639927556e-05
365.0,351,55.55555555555556,388.8888888888889,122.5,5.868925117411106,0.7456940873513,0.9727443099366013,7.797316171958626e-05
365.0,352,166.66666666666669,388.8888888888889,122.5,5.8585616534682865,0.7456943512127368,0.9727317495448945,7.783470149665203e-05
365.0,353,277.77777777777777,388.8888888888889,122.5,5.836756628065461,0.7456938474002223,0.9727051806555355,7.754337489269026e-05
365.0,354,388.8888888888889,388.8888888888889,122.5,5.802570020794091,0.7456941741321994,0.9726631340932017,7.708661745988018e-05
365.0,355,500.0,388.8888888888889,122.5,5.765802546590459,0.7450090331256237,0.9726173867676401,7.659537028050188e-05
365.0,356,611.1111111111111,388.8888888888889,122.5,5.802570020794091,0.7456941741321995,0.9726631340932029,7.708661745988028e-05
365.0,357,722.2222222222223,388.8888888888889,122.5,5.836756628065462,0.7456938474002229,0.9727051806555302,7.754337489268983e-05
365.0,358,833.3333333333334,388.8888888888889,122.5,5.858561653468288,0.7456943512127373,0.9727317495448972,7.783470149665239e-05
365.0,359,944.4444444444445,388.8888888888889,122.5,5.868925117411107,0.7456940873513002,0.9727443099366017,7.797316171958628e-05
365.0,360,55.55555555555556,500.0,122.5,5.86626606236595,0.7456941328173197,0.972741090645793,7.793763564445577e-05
365.0,361,166.66666666666669,500.0,122.5,5.853823029349773,0.7456945625059737,0.9727259908744901,7.777139116490416e-05
365.0,362,277.77777777777777,500.0,122.5,5.824824043085778,0.7456935916205203,0.9726905577135222,7.738394782479685e-05
365.0,363,388.8888888888889,500.0,122.5,5.765802546590459,0.7450090331256242,0.9726173867676415,7.659537028050199e-05
365.0,364,500.0,500.0,122.5,5.650200982280725,0.7362357825080718,0.9724699311280423,7.505078053127699e-05
365.0,365,611.1111111111111,500.0,122.5,5.765802546590458,0.7450090331256237,0.9726173867676485,7.659537028050254e-05
365.0,366,722.2222222222223,500.0,122.5,5.824824043085778,0.7456935916205197,0.9726905577135201,7.738394782479669e-05
365.0,367,833.3333333333334,500.0,122.5,5.853823029349773,0.745694562505974,0.9727259908744914,7.777139116490427e-05
365.0,368,944.4444444444445,500.0,122.5,5.86626606236595,0.7456941328173197,0.972741090645793,7.793763564445577e-05
365.0,369,55.55555555555556,611.1111111111111,122.5,5.868925117411106,0.7456940873512998,0.9727443099365994,7.797316171958611e-05
365.0,370,166.66666666666669,611.1111111111111,122.5,5.858561653468287,0.7456943512127371,0.9727317495448964,7.783470149665218e-05
365.0,371,277.77777777777777,611.1111111111111,122.5,5.836756628065461,0.7456938474002228,0.972705180655529,7.754337489268974e-05
365.0,372,388.8888888888889,611.1111111111111,122.5,5.802570020794091,0.7456941741321996,0.9726631340932035,7.708661745988032e-05
365.0,373,500.0,611.1111111111111,122.5,5.765802546590458,0.7450090331256239,0.9726173867676401,7.659537028050188e-05
365.0,374,611.1111111111111,611.1111111111111,122.5,5.802570020794091,0.7456941741321996,0.9726631340932033,7.70866174598803e-05
365.0,375,722.2222222222223,611.1111111111111,122.5,5.836756628065461,0.7456938474002226,0.9727051806555279,7.754337489268965e-05
365.0,376,833.3333333333334,611.1111111111111,122.5,5.858561653468287,0.7456943512127372,0.9727317495448967,7.78347014966522e-05
365.0,377,944.4444444444445,611.1111111111111,122.5,5.868925117411105,0.7456940873513,0.9727443099366001,7.797316171958616e-05
365.0,378,55.55555555555556,722.2222222222223,122.5,5.874813030191912,0.7456940448796344,0.972751427009842,7.805182639927566e-05
365.0,379,166.66666666666669,722.2222222222223,122.5,5.867614746974434,0.7456941088608244,0.9727427248904743,7.795565471873803e-05
365.0,380,277.77777777777777,722.2222222222223,122.5,5.853970485176925,0.7456945554309113,0.9727261726074429,7.777336144075373e-05
365.0,381,388.8888888888889,722.2222222222223,122.5,5.836756628065461,0.7456938474002229,0.9727051806555297,7.75433748926898e-05
365.0,382,500.0,722.2222222222223,122.5,5.824824043085777,0.7456935916205207,0.9726905577135156,7.738394782479634e-05
365.0,383,611.1111111111111,722.2222222222223,122.5,5.83675662806546,0.7456938474002229,0.97270518065553,7.754337489268982e-05
365.0,384,722.2222222222223,722.2222222222223,122.5,5.853970485176925,0.7456945554309113,0.9727261726074427,7.777336144075371e-05
365.0,385,833.3333333333334,722.2222222222223,122.5,5.867614746974432,0.745694108860824,0.9727427248904724,7.795565471873788e-05
365.0,386,944.4444444444445,722.2222222222223,122.5,5.874813030191911,0.7456940448796342,0.9727514270098404,7.805182639927554e-05
365.0,387,55.55555555555556,833.3333333333334,122.5,5.880754214102604,0.7456941162120629,0.9727585949697809,7.813120261017504e-05
365.0,388,166.66666666666669,833.3333333333334,122.5,5.875971343464118,0.7456940568257591,0.9727528263214561,7.806730192922223e-05
365.0,389,277.77777777777777,833.3333333333334,122.5,5.867614746974433,0.745694108860824,0.9727427248904724,7.795565471873788e-05
365.0,390,388.8888888888889,833.3333333333334,122.5,5.8585616534682865,0.745694351212737,0.9727317495448952,7.783470149665208e-05
365.0,391,500.0,833.3333333333334,122.5,5.853823029349771,0.7456945625059744,0.9727259908744843,7.77713911649037e-05
365.0,392,611.1111111111111,833.3333333333334,122.5,5.8585616534682865,0.7456943512127371,0.9727317495448962,7.783470149665216e-05
365.0,393,722.2222222222223,833.3333333333334,122.5,5.867614746974432,0.7456941088608239,0.9727427248904709,7.795565471873776e-05
365.0,394,833.3333333333334,833.3333333333334,122.5,5.875971343464117,0.7456940568257586,0.9727528263214539,7.806730192922221e-05
365.0,395,944.4444444444445,833.3333333333334,122.5,5.880754214102604,0.7456941162120627,0.9727585949697792,7.813120261017491e-05
365.0,396,55.55555555555556,944.4444444444445,122.5,5.884329326707969,0.7456942027313251,0.9727629005798858,7.817896712603657e-05
365.0,397,166.66666666666669,944.4444444444445,122.5,5.880754214102604,0.745694116212063,0.9727585949697807,7.813120261017503e-05
365.0,398,277.77777777777777,944.4444444444445,122.5,5.874813030191912,0.7456940448796342,0.9727514270098401,7.805182639927551e-05
365.0,399,388.8888888888889,944.4444444444445,122.5,5.868925117411105,0.7456940873513002,0.9727443099366019,7.79731617195863e-05
365.0,400,500.0,944.4444444444445,122.5,5.866266062365949,0.7456941328173201,0.9727410906457955,7.793763564445597e-05
365.0,401,611.1111111111111,944.4444444444445,122.5,5.868925117411106,0.7456940873512998,0.9727443099365993,7.79731617195861e-05
365.0,402,722.2222222222223,944.4444444444445,122.5,5.87481303019191,0.7456940448796348,0.9727514270098429,7.805182639927573e-05
365.0,403,833.3333333333334,944.4444444444445,122.5,5.880754214102604,0.745694116212063,0.9727585949697806,7.813120261017502e-05
365.0,404,944.4444444444445,944.4444444444445,122.5,5.884329326707969,0.7456942027313254,0.9727629005798867,7.817896712603664e-05
365.0,405,55.55555555555556,55.55555555555556,127.5,6.048304339810857,0.0,0.0,7.884784519959281e-05
365.0,406,166.66666666666669,55.55555555555556,127.5,6.047775313147014,0.0,0.0,7.884784549452025e-05
365.0,407,277.77777777777777,55.55555555555556,127.5,6.046887999234874,0.0,0.0,7.884784659875315e-05
365.0,408,388.8888888888889,55.55555555555556,127.5,6.0459983856714254,0.0,0.0,7.884784764691057e-05
365.0,409,500.0,55.55555555555556,127.5,6.045591832232939,0.0,0.0,7.88478482306252e-05
365.0,410,611.1111111111111,55.55555555555556,127.5,6.045998385671436,0.0,0.0,7.884784764691071e-05
365.0,411,722.2222222222223,55.55555555555556,127.5,6.0468879992349525,0.0,0.0,7.884784659875315e-05
365.0,412,833.3333333333334,55.55555555555556,127.5,6.047775313147078,0.0,0.0,7.884784549452018e-05
365.0,413,944.4444444444445,55.55555555555556,127.5,6.048304339810983,0.0,0.0,7.884784519959298e-05
365.0,414,55.55555555555556,166.66666666666669,127.5,6.047775313147079,0.0,0.0,7.884784549452023e-05
365.0,415,166.66666666666669,166.66666666666669,127.5,6.047046741092797,0.0,0.0,7.884784658462597e-05
365.0,416,277.77777777777777,166.66666666666669,127.5,6.045760826990612,0.0,0.0,7.884784752283476e-05
365.0,417,388.8888888888889,166.66666666666669,127.5,6.044349311588781,0.0,0.0,7.884784940473904e-05
365.0,418,500.0,166.66666666666669,127.5,6.043596953194068,0.0,0.0,7.884785145894529e-05
365.0,419,611.1111111111111,166.66666666666669,127.5,6.044349311588776,0.0,0.0,7.884784940473895e-05
365.0,420,722.2222222222223,166.66666666666669,127.5,6.045760826990547,0.0,0.0,7.884784752283475e-05
365.0,421,833.3333333333334,166.66666666666669,127.5,6.047046741092812,0.0,0.0,7.88478465846263e-05
365.0,422,944.4444444444445,166.66666666666669,127.5,6.047775313147073,0.0,0.0,7.884784549452025e-05
365.0,423,55.55555555555556,277.77777777777777,127.5,6.046887999234878,0.0,0.0,7.884784659875315e-05
365.0,424,166.66666666666669,277.77777777777777,127.5,6.045760826990681,0.0,0.0,7.884784752283484e-05
365.0,425,277.77777777777777,277.77777777777777,127.5,6.043603300843604,0.0,0.0,7.884785002830779e-05
365.0,426,388.8888888888889,277.77777777777777,127.5,6.040847178758112,0.0,0.0,7.884785782093162e-05
365.0,427,500.0,277.77777777777777,127.5,6.0388640901200485,0.0,0.0,7.88479148401236e-05
365.0,428,611.1111111111111,277.77777777777777,127.5,6.040847178758142,0.0,0.0,7.884785782093135e-05
365.0,429,722.2222222222223,277.77777777777777,127.5,6.043603300843524,0.0,0.0,7.884785002830797e-05
365.0,430,833.3333333333334,277.77777777777777,127.5,6.045760826990594,0.0,0.0,7.88478475228348e-05
365.0,431,944.4444444444445,277.77777777777777,127.5,6.046887999234925,0.0,0.0,7.884784659875308e-05
365.0,432,55.55555555555556,388.8888888888889,127.5,6.045998385671378,0.0,0.0,7.884784764691055e-05
365.0,433,166.66666666666669,388.8888888888889,127.5,6.044349311588791,0.0,0.0,7.884784940473904e-05
365.0,434,277.77777777777777,388.8888888888889,127.5,6.040847178758112,0.0,0.0,7.884785782093143e-05
365.0,435,388.8888888888889,388.8888888888889,127.5,6.035269482150397,0.0,0.0,7.884798678324581e-05
365.0,436,500.0,388.8888888888889,127.5,6.028045204841976,0.0,0.0,7.88515783058399e-05
365.0,437,611.1111111111111,388.8888888888889,127.5,6.035269482150463,0.0,0.0,7.884798678324584e-05
365.0,438,722.2222222222223,388.8888888888889,127.5,6.0408471787581215,0.0,0.0,7.884785782093145e-05
365.0,439,833.3333333333334,388.8888888888889,127.5,6.0443493115887765,0.0,0.0,7.884784940473902e-05
365.0,440,944.4444444444445,388.8888888888889,127.5,6.045998385671431,0.0,0.0,7.884784764691057e-05
365.0,441,55.55555555555556,500.0,127.5,6.045591832232924,0.0,0.0,7.88478482306253e-05
365.0,442,166.66666666666669,500.0,127.5,6.043596953194075,0.0,0.0,7.88478514589454e-05
365.0,443,277.77777777777777,500.0,127.5,6.038864090120046,0.0,0.0,7.88479148401237e-05
365.0,444,388.8888888888889,500.0,127.5,6.028045204841971,0.0,0.0,7.885157830583984e-05
365.0,445,500.0,500.0,127.5,6.014677226660013,0.0,0.0,7.88882311027183e-05
365.0,446,611.1111111111111,500.0,127.5,6.0280452048419795,0.0,0.0,7.885157830584014e-05
365.0,447,722.2222222222223,500.0,127.5,6.038864090120046,0.0,0.0,7.884791484012362e-05
365.0,448,833.3333333333334,500.0,127.5,6.04359695319408,0.0,0.0,7.884785145894518e-05
365.0,449,944.4444444444445,500.0,127.5,6.04559183223302,0.0,0.0,7.884784823062517e-05
365.0,450,55.55555555555556,611.1111111111111,127.5,6.045998385671299,0.0,0.0,7.88478476469107e-05
365.0,451,166.66666666666669,611.1111111111111,127.5,6.04434931158876,0.0,0.0,7.884784940473927e-05
365.0,452,277.77777777777777,611.1111111111111,127.5,6.0408471787581295,0.0,0.0,7.88478578209314e-05
365.0,453,388.8888888888889,611.1111111111111,127.5,6.035269482150408,0.0,0.0,7.884798678324579e-05
365.0,454,500.0,611.1111111111111,127.5,6.0280452048419635,0.0,0.0,7.885157830583987e-05
365.0,455,611.1111111111111,611.1111111111111,127.5,6.03526948215051,0.0,0.0,7.884798678324572e-05
365.0,456,722.2222222222223,611.1111111111111,127.5,6.040847178758137,0.0,0.0,7.884785782093162e-05
365.0,457,833.3333333333334,611.1111111111111,127.5,6.044349311588796,0.0,0.0,7.884784940473916e-05
365.0,458,944.4444444444445,611.1111111111111,127.5,6.045998385671433,0.0,0.0,7.884784764691056e-05
365.0,459,55.55555555555556,722.2222222222223,127.5,6.046887999234784,0.0,0.0,7.884784659875314e-05
365.0,460,166.66666666666669,722.2222222222223,127.5,6.045760826990549,0.0,0.0,7.884784752283476e-05
365.0,461,277.77777777777777,722.2222222222223,127.5,6.043603300843558,0.0,0.0,7.88478500283081e-05
365.0,462,388.8888888888889,722.2222222222223,127.5,6.040847178758166,0.0,0.0,7.884785782093152e-05
365.0,463,500.0,722.2222222222223,127.5,6.0388640901200406,0.0,0.0,7.884791484012354e-05
365.0,464,611.1111111111111,722.2222222222223,127.5,6.040847178758151,0.0,0.0,7.884785782093169e-05
365.0,465,722.2222222222223,722.2222222222223,127.5,6.043603300843539,0.0,0.0,7.884785002830793e-05
365.0,466,833.3333333333334,722.2222222222223,127.5,6.045760826990671,0.0,0.0,7.884784752283479e-05
365.0,467,944.4444444444445,722.2222222222223,127.5,6.046887999234946,0.0,0.0,7.884784659875293e-05
365.0,468,55.55555555555556,833.3333333333334,127.5,6.047775313146968,0.0,0.0,7.884784549452015e-05
365.0,469,166.66666666666669,833.3333333333334,127.5,6.047046741092789,0.0,0.0,7.884784658462598e-05
365.0,470,277.77777777777777,833.3333333333334,127.5,6.04576082699055,0.0,0.0,7.884784752283482e-05
365.0,471,388.8888888888889,833.3333333333334,127.5,6.044349311588772,0.0,0.0,7.884784940473905e-05
365.0,472,500.0,833.3333333333334,127.5,6.043596953194044,0.0,0.0,7.884785145894548e-05
365.0,473,611.1111111111111,833.3333333333334,127.5,6.0443493115887925,0.0,0.0,7.884784940473916e-05
365.0,474,722.2222222222223,833.3333333333334,127.5,6.045760826990603,0.0,0.0,7.88478475228348e-05
365.0,475,833.3333333333334,833.3333333333334,127.5,6.047046741092848,0.0,0.0,7.88478465846261e-05
365.0,476,944.4444444444445,833.3333333333334,127.5,6.0477753131471,0.0,0.0,7.884784549452048e-05
365.0,477,55.55555555555556,944.4444444444445,127.5,6.048304339810779,0.0,0.0,7.884784519959286e-05
365.0,478,166.66666666666669,944.4444444444445,127.5,6.047775313146978,0.0,0.0,7.884784549452015e-05
365.0,479,277.77777777777777,944.4444444444445,127.5,6.046887999234901,0.0,0.0,7.884784659875314e-05
365.0,480,388.8888888888889,944.4444444444445,127.5,6.0459983856713775,0.0,0.0,7.88478476469106e-05
365.0,481,500.0,944.4444444444445,127.5,6.045591832232976,0.0,0.0,7.884784823062518e-05
365.0,482,611.1111111111111,944.4444444444445,127.5,6.045998385671426,0.0,0.0,7.884784764691066e-05
365.0,483,722.2222222222223,944.4444444444445,127.5,6.046887999234884,0.0,0.0,7.884784659875307e-05
365.0,484,833.3333333333334,944.4444444444445,127.5,6.047775313147107,0.0,0.0,7.884784549452025e-05
365.0,485,944.4444444444445,944.4444444444445,127.5,6.048304339810884,0.0,0.0,7.884784519959269e-05
365.0,486,55.55555555555556,55.55555555555556,132.5,6.536603925104958,0.0,0.0,8.504355406542685e-05
365.0,487,166.66666666666669,55.55555555555556,132.5,6.536074446156142,0.0,0.0,8.504355263392642e-05
365.0,488,277.77777777777777,55.55555555555556,132.5,6.53518645989388,0.0,0.0,8.5043551811836e-05
365.0,489,388.8888888888889,55.55555555555556,132.5,6.534296268998664,0.0,0.0,8.504354995886327e-05
365.0,490,500.0,55.55555555555556,132.5,6.533889484384335,0.0,0.0,8.504354910947797e-05
365.0,491,611.1111111111111,55.55555555555556,132.5,6.534296268998667,0.0,0.0,8.504354995886311e-05
365.0,492,722.2222222222223,55.55555555555556,132.5,6.535186459893969,0.0,0.0,8.504355181183581e-05
365.0,493,833.3333333333334,55.55555555555556,132.5,6.536074446156191,0.0,0.0,8.50435526339263e-05
365.0,494,944.4444444444445,55.55555555555556,132.5,6.536603925105083,0.0,0.0,8.504355406542694e-05
365.0,495,55.55555555555556,166.66666666666669,132.5,6.536074446156191,0.0,0.0,8.504355263392665e-05
365.0,496,166.66666666666669,166.66666666666669,132.5,6.535345430586539,0.0,0.0,8.504355196408543e-05
365.0,497,277.77777777777777,166.66666666666669,132.5,6.534058859734089,0.0,0.0,8.50435498582282e-05
365.0,498,388.8888888888889,166.66666666666669,132.5,6.532646831824009,0.0,0.0,8.504354623922389e-05
365.0,499,500.0,166.66666666666669,132.5,6.531894555691649,0.0,0.0,8.504354661728498e-05
365.0,500,611.1111111111111,166.66666666666669,132.5,6.532646831824014,0.0,0.0,8.504354623922371e-05
365.0,501,722.2222222222223,166.66666666666669,132.5,6.534058859734023,0.0,0.0,8.50435498582282e-05
365.0,502,833.3333333333334,166.66666666666669,132.5,6.535345430586543,0.0,0.0,8.504355196408554e-05
365.0,503,944.4444444444445,166.66666666666669,132.5,6.536074446156189,0.0,0.0,8.504355263392627e-05
365.0,504,55.55555555555556,277.77777777777777,132.5,6.535186459893885,0.0,0.0,8.504355181183591e-05
365.0,505,166.66666666666669,277.77777777777777,132.5,6.534058859734156,0.0,0.0,8.504354985822856e-05
365.0,506,277.77777777777777,277.77777777777777,132.5,6.531900815866644,0.0,0.0,8.504354414467815e-05
365.0,507,388.8888888888889,277.77777777777777,132.5,6.5291458805205576,0.0,0.0,8.504354967496244e-05
365.0,508,500.0,277.77777777777777,132.5,6.527177668374277,0.0,0.0,8.50436469228566e-05
365.0,509,611.1111111111111,277.77777777777777,132.5,6.529145880520587,0.0,0.0,8.504354967496244e-05
365.0,510,722.2222222222223,277.77777777777777,132.5,6.531900815866556,0.0,0.0,8.504354414467807e-05
365.0,511,833.3333333333334,277.77777777777777,132.5,6.5340588597340545,0.0,0.0,8.504354985822821e-05
365.0,512,944.4444444444445,277.77777777777777,132.5,6.535186459893952,0.0,0.0,8.50435518118362e-05
365.0,513,55.55555555555556,388.8888888888889,132.5,6.534296268998607,0.0,0.0,8.504354995886356e-05
365.0,514,166.66666666666669,388.8888888888889,132.5,6.532646831824018,0.0,0.0,8.504354623922407e-05
365.0,515,277.77777777777777,388.8888888888889,132.5,6.5291458805205576,0.0,0.0,8.504354967496244e-05
365.0,516,388.8888888888889,388.8888888888889,132.5,6.523609138725346,0.0,0.0,8.50437466118633e-05
365.0,517,500.0,388.8888888888889,132.5,6.517148809605207,0.0,0.0,8.504620843053886e-05
365.0,518,611.1111111111111,388.8888888888889,132.5,6.523609138725422,0.0,0.0,8.504374661186372e-05
365.0,519,722.2222222222223,388.8888888888889,132.5,6.529145880520566,0.0,0.0,8.504354967496262e-05
365.0,520,833.3333333333334,388.8888888888889,132.5,6.532646831823995,0.0,0.0,8.50435462392239e-05
365.0,521,944.4444444444445,388.8888888888889,132.5,6.5342962689986726,0.0,0.0,8.504354995886335e-05
365.0,522,55.55555555555556,500.0,132.5,6.533889484384318,0.0,0.0,8.504354910947799e-05
365.0,523,166.66666666666669,500.0,132.5,6.531894555691655,0.0,0.0,8.504354661728517e-05
365.0,524,277.77777777777777,500.0,132.5,6.527177668374273,0.0,0.0,8.504364692285641e-05
365.0,525,388.8888888888889,500.0,132.5,6.517148809605202,0.0,0.0,8.504620843053879e-05
365.0,526,500.0,500.0,132.5,6.505669776775808,0.0,0.0,8.506817556642276e-05
365.0,527,611.1111111111111,500.0,132.5,6.517148809605212,0.0,0.0,8.504620843053885e-05
365.0,528,722.2222222222223,500.0,132.5,6.527177668374274,0.0,0.0,8.504364692285631e-05
365.0,529,833.3333333333334,500.0,132.5,6.531894555691661,0.0,0.0,8.504354661728517e-05
365.0,530,944.4444444444445,500.0,132.5,6.533889484384434,0.0,0.0,8.504354910947781e-05
365.0,531,55.55555555555556,611.1111111111111,132.5,6.534296268998533,0.0,0.0,8.504354995886356e-05
365.0,532,166.66666666666669,611.1111111111111,132.5,6.532646831823978,0.0,0.0,8.504354623922381e-05
365.0,533,277.77777777777777,611.1111111111111,132.5,6.5291458805205735,0.0,0.0,8.504354967496244e-05
365.0,534,388.8888888888889,611.1111111111111,132.5,6.523609138725356,0.0,0.0,8.50437466118636e-05
365.0,535,500.0,611.1111111111111,132.5,6.517148809605178,0.0,0.0,8.504620843053868e-05
365.0,536,611.1111111111111,611.1111111111111,132.5,6.523609138725448,0.0,0.0,8.504374661186347e-05
365.0,537,722.2222222222223,611.1111111111111,132.5,6.529145880520581,0.0,0.0,8.504354967496253e-05
365.0,538,833.3333333333334,611.1111111111111,132.5,6.532646831824016,0.0,0.0,8.50435462392238e-05
365.0,539,944.4444444444445,611.1111111111111,132.5,6.534296268998674,0.0,0.0,8.504354995886327e-05
365.0,540,55.55555555555556,722.2222222222223,132.5,6.535186459893803,0.0,0.0,8.504355181183592e-05
365.0,541,166.66666666666669,722.2222222222223,132.5,6.534058859734039,0.0,0.0,8.504354985822818e-05
365.0,542,277.77777777777777,722.2222222222223,132.5,6.531900815866603,0.0,0.0,8.504354414467816e-05
365.0,543,388.8888888888889,722.2222222222223,132.5,6.529145880520621,0.0,0.0,8.504354967496233e-05
365.0,544,500.0,722.2222222222223,132.5,6.527177668374268,0.0,0.0,8.504364692285663e-05
365.0,545,611.1111111111111,722.2222222222223,132.5,6.529145880520595,0.0,0.0,8.504354967496244e-05
365.0,546,722.2222222222223,722.2222222222223,132.5,6.531900815866573,0.0,0.0,8.50435441446781e-05
365.0,547,833.3333333333334,722.2222222222223,132.5,6.53405885973416,0.0,0.0,8.504354985822828e-05
365.0,548,944.4444444444445,722.2222222222223,132.5,6.535186459893966,0.0,0.0,8.504355181183569e-05
365.0,549,55.55555555555556,833.3333333333334,132.5,6.5360744461560945,0.0,0.0,8.504355263392649e-05
365.0,550,166.66666666666669,833.3333333333334,132.5,6.535345430586509,0.0,0.0,8.504355196408565e-05
365.0,551,277.77777777777777,833.3333333333334,132.5,6.534058859734042,0.0,0.0,8.504354985822813e-05
365.0,552,388.8888888888889,833.3333333333334,132.5,6.53264683182399,0.0,0.0,8.50435462392239e-05
365.0,553,500.0,833.3333333333334,132.5,6.5318945556916175,0.0,0.0,8.504354661728509e-05
365.0,554,611.1111111111111,833.3333333333334,132.5,6.53264683182401,0.0,0.0,8.50435462392239e-05
365.0,555,722.2222222222223,833.3333333333334,132.5,6.534058859734098,0.0,0.0,8.504354985822839e-05
365.0,556,833.3333333333334,833.3333333333334,132.5,6.535345430586582,0.0,0.0,8.504355196408565e-05
365.0,557,944.4444444444445,833.3333333333334,132.5,6.536074446156234,0.0,0.0,8.504355263392674e-05
365.0,558,55.55555555555556,944.4444444444445,132.5,6.536603925104872,0.0,0.0,8.504355406542685e-05
365.0,559,166.66666666666669,944.4444444444445,132.5,6.536074446156106,0.0,0.0,8.504355263392651e-05
365.0,560,277.77777777777777,944.4444444444445,132.5,6.535186459893918,0.0,0.0,8.504355181183581e-05
365.0,561,388.8888888888889,944.4444444444445,132.5,6.534296268998598,0.0,0.0,8.504354995886356e-05
365.0,562,500.0,944.4444444444445,132.5,6.533889484384376,0.0,0.0,8.50435491094779e-05
365.0,563,611.1111111111111,944.4444444444445,132.5,6.534296268998658,0.0,0.0,8.504354995886334e-05
365.0,564,722.2222222222223,944.4444444444445,132.5,6.535186459893903,0.0,0.0,8.504355181183617e-05
365.0,565,833.3333333333334,944.4444444444445,132.5,6.536074446156232,0.0,0.0,8.504355263392638e-05
365.0,566,944.4444444444445,944.4444444444445,132.5,6.536603925104991,0.0,0.0,8.504355406542691e-05
365.0,567,55.55555555555556,55.55555555555556,137.5,7.024933264886669,0.0,0.0,9.123761192496477e-05
365.0,568,166.66666666666669,55.55555555555556,137.5,7.024403836078228,0.0,0.0,9.123761393085188e-05
365.0,569,277.77777777777777,55.55555555555556,137.5,7.023515923226352,0.0,0.0,9.123761542494933e-05
365.0,570,388.8888888888889,55.55555555555556,137.5,7.022625796716157,0.0,0.0,9.123761790329898e-05
365.0,571,500.0,55.55555555555556,137.5,7.022219053643663,0.0,0.0,9.123761896404119e-05
365.0,572,611.1111111111111,55.55555555555556,137.5,7.022625796716151,0.0,0.0,9.123761790329917e-05
365.0,573,722.2222222222223,55.55555555555556,137.5,7.023515923226427,0.0,0.0,9.123761542494906e-05
365.0,574,833.3333333333334,55.55555555555556,137.5,7.024403836078291,0.0,0.0,9.12376139308518e-05
365.0,575,944.4444444444445,55.55555555555556,137.5,7.024933264886796,0.0,0.0,9.123761192496471e-05
365.0,576,55.55555555555556,166.66666666666669,137.5,7.024403836078265,0.0,0.0,9.123761393085198e-05
365.0,577,166.66666666666669,166.66666666666669,137.5,7.0236748666377204,0.0,0.0,9.123761488953132e-05
365.0,578,277.77777777777777,166.66666666666669,137.5,7.022388367543195,0.0,0.0,9.123761852625399e-05
365.0,579,388.8888888888889,166.66666666666669,137.5,7.020976476718192,0.0,0.0,9.123762381465055e-05
365.0,580,500.0,166.66666666666669,137.5,7.020224757356131,0.0,0.0,9.123762809349665e-05
365.0,581,611.1111111111111,166.66666666666669,137.5,7.0209764767182055,0.0,0.0,9.123762381465055e-05
365.0,582,722.2222222222223,166.66666666666669,137.5,7.02238836754312,0.0,0.0,9.123761852625415e-05
365.0,583,833.3333333333334,166.66666666666669,137.5,7.0236748666377125,0.0,0.0,9.12376148895311e-05
365.0,584,944.4444444444445,166.66666666666669,137.5,7.024403836078289,0.0,0.0,9.12376139308519e-05
365.0,585,55.55555555555556,277.77777777777777,137.5,7.023515923226357,0.0,0.0,9.123761542494914e-05
365.0,586,166.66666666666669,277.77777777777777,137.5,7.022388367543238,0.0,0.0,9.123761852625399e-05
365.0,587,277.77777777777777,277.77777777777777,137.5,7.0202305079980745,0.0,0.0,9.123762733998442e-05
365.0,588,388.8888888888889,277.77777777777777,137.5,7.017477859752224,0.0,0.0,9.123763707930826e-05
365.0,589,500.0,277.77777777777777,137.5,7.015526956008434,0.0,0.0,9.123767588856485e-05
365.0,590,611.1111111111111,277.77777777777777,137.5,7.017477859752254,0.0,0.0,9.12376370793085e-05
365.0,591,722.2222222222223,277.77777777777777,137.5,7.0202305079980025,0.0,0.0,9.123762733998411e-05
365.0,592,833.3333333333334,277.77777777777777,137.5,7.022388367543142,0.0,0.0,9.123761852625426e-05
365.0,593,944.4444444444445,277.77777777777777,137.5,7.023515923226447,0.0,0.0,9.12376154249489e-05
365.0,594,55.55555555555556,388.8888888888889,137.5,7.022625796716114,0.0,0.0,9.12376179032992e-05
365.0,595,166.66666666666669,388.8888888888889,137.5,7.0209764767182,0.0,0.0,9.123762381465051e-05
365.0,596,277.77777777777777,388.8888888888889,137.5,7.017477859752224,0.0,0.0,9.123763707930856e-05
365.0,597,388.8888888888889,388.8888888888889,137.5,7.0119943202098955,0.0,0.0,9.123773645418208e-05
365.0,598,500.0,388.8888888888889,137.5,7.006027347498342,0.0,0.0,9.123910780905662e-05
365.0,599,611.1111111111111,388.8888888888889,137.5,7.011994320209987,0.0,0.0,9.123773645418212e-05
365.0,600,722.2222222222223,388.8888888888889,137.5,7.0174778597522325,0.0,0.0,9.123763707930837e-05
365.0,601,833.3333333333334,388.8888888888889,137.5,7.0209764767181655,0.0,0.0,9.123762381465044e-05
365.0,602,944.4444444444445,388.8888888888889,137.5,7.022625796716166,0.0,0.0,9.123761790329915e-05
365.0,603,55.55555555555556,500.0,137.5,7.022219053643647,0.0,0.0,9.123761896404103e-05
365.0,604,166.66666666666669,500.0,137.5,7.0202247573561385,0.0,0.0,9.123762809349638e-05
365.0,605,277.77777777777777,500.0,137.5,7.015526956008431,0.0,0.0,9.123767588856488e-05
365.0,606,388.8888888888889,500.0,137.5,7.006027347498339,0.0,0.0,9.123910780905671e-05
365.0,607,500.0,500.0,137.5,6.995737359816377,0.0,0.0,9.125050687840066e-05
365.0,608,611.1111111111111,500.0,137.5,7.00602734749835,0.0,0.0,9.123910780905656e-05
365.0,609,722.2222222222223,500.0,137.5,7.015526956008431,0.0,0.0,9.123767588856477e-05
365.0,610,833.3333333333334,500.0,137.5,7.020224757356143,0.0,0.0,9.123762809349659e-05
365.0,611,944.4444444444445,500.0,137.5,7.022219053643758,0.0,0.0,9.123761896404105e-05
365.0,612,55.55555555555556,611.1111111111111,137.5,7.022625796716044,0.0,0.0,9.123761790329919e-05
365.0,613,166.66666666666669,611.1111111111111,137.5,7.02097647671815,0.0,0.0,9.123762381465025e-05
365.0,614,277.77777777777777,611.1111111111111,137.5,7.017477859752239,0.0,0.0,9.123763707930856e-05
365.0,615,388.8888888888889,611.1111111111111,137.5,7.011994320209904,0.0,0.0,9.123773645418211e-05
365.0,616,500.0,611.1111111111111,137.5,7.006027347498325,0.0,0.0,9.123910780905667e-05
365.0,617,611.1111111111111,611.1111111111111,137.5,7.011994320209995,0.0,0.0,9.123773645418229e-05
365.0,618,722.2222222222223,611.1111111111111,137.5,7.017477859752246,0.0,0.0,9.12376370793083e-05
365.0,619,833.3333333333334,611.1111111111111,137.5,7.020976476718187,0.0,0.0,9.123762381465004e-05
365.0,620,944.4444444444445,611.1111111111111,137.5,7.022625796716167,0.0,0.0,9.123761790329898e-05
365.0,621,55.55555555555556,722.2222222222223,137.5,7.023515923226288,0.0,0.0,9.12376154249493e-05
365.0,622,166.66666666666669,722.2222222222223,137.5,7.022388367543158,0.0,0.0,9.12376185262543e-05
365.0,623,277.77777777777777,722.2222222222223,137.5,7.020230507998035,0.0,0.0,9.123762733998437e-05
365.0,624,388.8888888888889,722.2222222222223,137.5,7.0174778597522725,0.0,0.0,9.123763707930867e-05
365.0,625,500.0,722.2222222222223,137.5,7.015526956008425,0.0,0.0,9.123767588856496e-05
365.0,626,611.1111111111111,722.2222222222223,137.5,7.01747785975226,0.0,0.0,9.123763707930848e-05
365.0,627,722.2222222222223,722.2222222222223,137.5,7.0202305079980185,0.0,0.0,9.123762733998398e-05
365.0,628,833.3333333333334,722.2222222222223,137.5,7.022388367543254,0.0,0.0,9.123761852625397e-05
365.0,629,944.4444444444445,722.2222222222223,137.5,7.023515923226425,0.0,0.0,9.123761542494921e-05
365.0,630,55.55555555555556,833.3333333333334,137.5,7.0244038360781795,0.0,0.0,9.123761393085182e-05
365.0,631,166.66666666666669,833.3333333333334,137.5,7.023674866637669,0.0,0.0,9.123761488953102e-05
365.0,632,277.77777777777777,833.3333333333334,137.5,7.02238836754316,0.0,0.0,9.123761852625428e-05
365.0,633,388.8888888888889,833.3333333333334,137.5,7.020976476718162,0.0,0.0,9.12376238146506e-05
365.0,634,500.0,833.3333333333334,137.5,7.020224757356091,0.0,0.0,9.12376280934966e-05
365.0,635,611.1111111111111,833.3333333333334,137.5,7.0209764767181815,0.0,0.0,9.123762381465027e-05
365.0,636,722.2222222222223,833.3333333333334,137.5,7.0223883675431935,0.0,0.0,9.12376185262543e-05
365.0,637,833.3333333333334,833.3333333333334,137.5,7.023674866637752,0.0,0.0,9.123761488953116e-05
365.0,638,944.4444444444445,833.3333333333334,137.5,7.02440383607833,0.0,0.0,9.123761393085199e-05
365.0,639,55.55555555555556,944.4444444444445,137.5,7.024933264886573,0.0,0.0,9.123761192496493e-05
365.0,640,166.66666666666669,944.4444444444445,137.5,7.02440383607819,0.0,0.0,9.123761393085196e-05
365.0,641,277.77777777777777,944.4444444444445,137.5,7.023515923226378,0.0,0.0,9.123761542494913e-05
365.0,642,388.8888888888889,944.4444444444445,137.5,7.022625796716095,0.0,0.0,9.123761790329913e-05
365.0,643,500.0,944.4444444444445,137.5,7.022219053643713,0.0,0.0,9.123761896404099e-05
365.0,644,611.1111111111111,944.4444444444445,137.5,7.022625796716143,0.0,0.0,9.123761790329919e-05
365.0,645,722.2222222222223,944.4444444444445,137.5,7.023515923226387,0.0,0.0,9.123761542494903e-05
365.0,646,833.3333333333334,944.4444444444445,137.5,7.024403836078319,0.0,0.0,9.123761393085196e-05
365.0,647,944.4444444444445,944.4444444444445,137.5,7.024933264886704,0.0,0.0,9.123761192496497e-05
365.0,648,55.55555555555556,55.55555555555556,142.5,7.513263375088004,0.0,0.0,9.742968462793311e-05
365.0,649,166.66666666666669,55.55555555555556,142.5,7.512733772533625,0.0,0.0,9.74296847210135e-05
365.0,650,277.77777777777777,55.55555555555556,142.5,7.511845600047517,0.0,0.0,9.74296846105087e-05
365.0,651,388.8888888888889,55.55555555555556,142.5,7.510955250050956,0.0,0.0,9.742968456232265e-05
365.0,652,500.0,55.55555555555556,142.5,7.510548423092889,0.0,0.0,9.742968463398082e-05
365.0,653,611.1111111111111,55.55555555555556,142.5,7.510955250050931,0.0,0.0,9.742968456232296e-05
365.0,654,722.2222222222223,55.55555555555556,142.5,7.511845600047585,0.0,0.0,9.742968461050845e-05
365.0,655,833.3333333333334,55.55555555555556,142.5,7.512733772533692,0.0,0.0,9.742968472101308e-05
365.0,656,944.4444444444445,55.55555555555556,142.5,7.513263375088131,0.0,0.0,9.74296846279335e-05
365.0,657,55.55555555555556,166.66666666666669,142.5,7.512733772533657,0.0,0.0,9.742968472101352e-05
365.0,658,166.66666666666669,166.66666666666669,142.5,7.512004629893978,0.0,0.0,9.742968474388067e-05
365.0,659,277.77777777777777,166.66666666666669,142.5,7.510717874173136,0.0,0.0,9.742968486038862e-05
365.0,660,388.8888888888889,166.66666666666669,142.5,7.509305813522408,0.0,0.0,9.742968486924819e-05
365.0,661,500.0,166.66666666666669,142.5,7.5085543187728305,0.0,0.0,9.742968592547123e-05
365.0,662,611.1111111111111,166.66666666666669,142.5,7.50930581352245,0.0,0.0,9.742968486924826e-05
365.0,663,722.2222222222223,166.66666666666669,142.5,7.510717874173052,0.0,0.0,9.742968486038848e-05
365.0,664,833.3333333333334,166.66666666666669,142.5,7.512004629893975,0.0,0.0,9.742968474388111e-05
365.0,665,944.4444444444445,166.66666666666669,142.5,7.51273377253369,0.0,0.0,9.742968472101321e-05
365.0,666,55.55555555555556,277.77777777777777,142.5,7.511845600047522,0.0,0.0,9.742968461050848e-05
365.0,667,166.66666666666669,277.77777777777777,142.5,7.510717874173171,0.0,0.0,9.742968486038853e-05
365.0,668,277.77777777777777,277.77777777777777,142.5,7.508559857942398,0.0,0.0,9.742968513390973e-05
365.0,669,388.8888888888889,277.77777777777777,142.5,7.50580868848195,0.0,0.0,9.742968871229044e-05
365.0,670,500.0,277.77777777777777,142.5,7.503868053922873,0.0,0.0,9.742971640066483e-05
365.0,671,611.1111111111111,277.77777777777777,142.5,7.505808688481981,0.0,0.0,9.742968871229019e-05
365.0,672,722.2222222222223,277.77777777777777,142.5,7.50855985794234,0.0,0.0,9.742968513390961e-05
365.0,673,833.3333333333334,277.77777777777777,142.5,7.5107178741730705,0.0,0.0,9.742968486038836e-05
365.0,674,944.4444444444445,277.77777777777777,142.5,7.511845600047608,0.0,0.0,9.742968461050852e-05
365.0,675,55.55555555555556,388.8888888888889,142.5,7.510955250050919,0.0,0.0,9.742968456232269e-05
365.0,676,166.66666666666669,388.8888888888889,142.5,7.509305813522416,0.0,0.0,9.742968486924808e-05
365.0,677,277.77777777777777,388.8888888888889,142.5,7.505808688481951,0.0,0.0,9.742968871229044e-05
365.0,678,388.8888888888889,388.8888888888889,142.5,7.500375065924102,0.0,0.0,9.742973669846718e-05
365.0,679,500.0,388.8888888888889,142.5,7.494650964155346,0.0,0.0,9.74298098338596e-05
365.0,680,611.1111111111111,388.8888888888889,142.5,7.500375065924196,0.0,0.0,9.74297366984671e-05
365.0,681,722.2222222222223,388.8888888888889,142.5,7.505808688481959,0.0,0.0,9.742968871229044e-05
365.0,682,833.3333333333334,388.8888888888889,142.5,7.509305813522387,0.0,0.0,9.742968486924812e-05
365.0,683,944.4444444444445,388.8888888888889,142.5,7.510955250050967,0.0,0.0,9.74296845623227e-05
365.0,684,55.55555555555556,500.0,142.5,7.510548423092873,0.0,0.0,9.742968463398066e-05
365.0,685,166.66666666666669,500.0,142.5,7.508554318772836,0.0,0.0,9.742968592547121e-05
365.0,686,277.77777777777777,500.0,142.5,7.5038680539228695,0.0,0.0,9.742971640066461e-05
365.0,687,388.8888888888889,500.0,142.5,7.494650964155344,0.0,0.0,9.742980983385958e-05
365.0,688,500.0,500.0,142.5,7.484935342650873,0.0,0.0,9.742985935877616e-05
365.0,689,611.1111111111111,500.0,142.5,7.494650964155355,0.0,0.0,9.742980983385958e-05
365.0,690,722.2222222222223,500.0,142.5,7.50386805392287,0.0,0.0,9.742971640066445e-05
365.0,691,833.3333333333334,500.0,142.5,7.508554318772842,0.0,0.0,9.742968592547128e-05
365.0,692,944.4444444444445,500.0,142.5,7.510548423093,0.0,0.0,9.742968463398074e-05
365.0,693,55.55555555555556,611.1111111111111,142.5,7.510955250050832,0.0,0.0,9.74296845623227e-05
365.0,694,166.66666666666669,611.1111111111111,142.5,7.5093058135223725,0.0,0.0,9.742968486924815e-05
365.0,695,277.77777777777777,611.1111111111111,142.5,7.505808688481965,0.0,0.0,9.742968871229038e-05
365.0,696,388.8888888888889,611.1111111111111,142.5,7.50037506592411,0.0,0.0,9.742973669846707e-05
365.0,697,500.0,611.1111111111111,142.5,7.494650964155335,0.0,0.0,9.742980983385958e-05
365.0,698,611.1111111111111,611.1111111111111,142.5,7.500375065924184,0.0,0.0,9.742973669846703e-05
365.0,699,722.2222222222223,611.1111111111111,142.5,7.505808688481973,0.0,0.0,9.742968871229044e-05
365.0,700,833.3333333333334,611.1111111111111,142.5,7.509305813522409,0.0,0.0,9.742968486924785e-05
365.0,701,944.4444444444445,611.1111111111111,142.5,7.5109552500509675,0.0,0.0,9.742968456232285e-05
365.0,702,55.55555555555556,722.2222222222223,142.5,7.511845600047456,0.0,0.0,9.742968461050864e-05
365.0,703,166.66666666666669,722.2222222222223,142.5,7.510717874173102,0.0,0.0,9.742968486038847e-05
365.0,704,277.77777777777777,722.2222222222223,142.5,7.50855985794237,0.0,0.0,9.742968513390963e-05
365.0,705,388.8888888888889,722.2222222222223,142.5,7.505808688481993,0.0,0.0,9.742968871229029e-05
365.0,706,500.0,722.2222222222223,142.5,7.503868053922864,0.0,0.0,9.74297164006645e-05
365.0,707,611.1111111111111,722.2222222222223,142.5,7.505808688481986,0.0,0.0,9.742968871229034e-05
365.0,708,722.2222222222223,722.2222222222223,142.5,7.508559857942358,0.0,0.0,9.742968513390945e-05
365.0,709,833.3333333333334,722.2222222222223,142.5,7.5107178741731895,0.0,0.0,9.742968486038847e-05
365.0,710,944.4444444444445,722.2222222222223,142.5,7.511845600047584,0.0,0.0,9.742968461050848e-05
365.0,711,55.55555555555556,833.3333333333334,142.5,7.512733772533576,0.0,0.0,9.742968472101348e-05
365.0,712,166.66666666666669,833.3333333333334,142.5,7.512004629893929,0.0,0.0,9.742968474388108e-05
365.0,713,277.77777777777777,833.3333333333334,142.5,7.510717874173105,0.0,0.0,9.742968486038842e-05
365.0,714,388.8888888888889,833.3333333333334,142.5,7.509305813522383,0.0,0.0,9.742968486924795e-05
365.0,715,500.0,833.3333333333334,142.5,7.50855431877277,0.0,0.0,9.74296859254712e-05
365.0,716,611.1111111111111,833.3333333333334,142.5,7.509305813522402,0.0,0.0,9.742968486924797e-05
365.0,717,722.2222222222223,833.3333333333334,142.5,7.510717874173114,0.0,0.0,9.74296848603887e-05
365.0,718,833.3333333333334,833.3333333333334,142.5,7.512004629894015,0.0,0.0,9.742968474388105e-05
365.0,719,944.4444444444445,833.3333333333334,142.5,7.512733772533746,0.0,0.0,9.742968472101325e-05
365.0,720,55.55555555555556,944.4444444444445,142.5,7.513263375087915,0.0,0.0,9.74296846279332e-05
365.0,721,166.66666666666669,944.4444444444445,142.5,7.512733772533586,0.0,0.0,9.742968472101317e-05
365.0,722,277.77777777777777,944.4444444444445,142.5,7.511845600047536,0.0,0.0,9.742968461050853e-05
365.0,723,388.8888888888889,944.4444444444445,142.5,7.5109552500508805,0.0,0.0,9.742968456232269e-05
365.0,724,500.0,944.4444444444445,142.5,7.510548423092958,0.0,0.0,9.742968463398075e-05
365.0,725,611.1111111111111,944.4444444444445,142.5,7.510955250050923,0.0,0.0,9.74296845623229e-05
365.0,726,722.2222222222223,944.4444444444445,142.5,7.511845600047553,0.0,0.0,9.742968461050864e-05
365.0,727,833.3333333333334,944.4444444444445,142.5,7.512733772533715,0.0,0.0,9.742968472101337e-05
365.0,728,944.4444444444445,944.4444444444445,142.5,7.51326337508805,0.0,0.0,9.742968462793323e-05
