time_days,dt_days,pressure_mean_bar,pressure_min_bar,pressure_max_bar,free_H2_kg,dissolved_H2_kg,gas_phase_production_kg_day,water_phase_production_kg_day,produced_dry_gas_H2_mole_fraction,bhp_bar,H2_kg,native_H2_kg,H2_rate_kg_day,H2_produced_kg,H2_supplied_kg,H2_balance_residual_kg,H2_physical_balance_residual_kg,N2_kg,native_N2_kg,N2_rate_kg_day,N2_produced_kg,N2_supplied_kg,N2_balance_residual_kg,N2_physical_balance_residual_kg,CH4_kg,native_CH4_kg,CH4_rate_kg_day,CH4_produced_kg,CH4_supplied_kg,CH4_balance_residual_kg,CH4_physical_balance_residual_kg,H2O_kg,native_H2O_kg,H2O_rate_kg_day,H2O_produced_kg,H2O_supplied_kg,H2O_balance_residual_kg,H2O_physical_balance_residual_kg
0.0,0.0,6.434540057784027,5.999557826243381,7.7100319676250875,872958.8128822612,25222.797731826613,0.0,0.0,0.0,6.0,898181.6106140763,898181.4109560957,0.0,0.0,0.0,0.0,0.0,126620.51583094963,126620.48957179357,0.0,0.0,0.0,0.0,0.0,74405.3770680575,74405.36163977478,0.0,0.0,0.0,0.0,0.0,2616886244.923656,2616885752.908214,0.0,0.0,0.0,0.0,0.0
0.0001,0.0001,6.434577586709448,5.999557820780091,7.7101239332856935,872958.8057629546,25222.79767905752,92.52481378486215,6.914113129593217e-09,0.9800016540369257,2.9999999999999996,898181.603441994,898181.4037812043,71.74881945685877,0.007174881945685877,0.0,-9.47402285182003e-09,2.799744108153944e-06,126620.51481418902,126620.48855432733,10.174646297259587,0.0010174646297259587,0.0,-1.6159588140263886e-09,7.040209625247106e-07,74405.37648543317,74405.36105728081,5.824949568089814,0.0005824949568089814,0.0,9.841936424908118e-10,-1.2937186297321945e-07,2616886254.16179,2616885762.907743,4.776398469568083,0.00047763984695680826,10.0,6.524734651236486e-06,-0.7613884528349288
0.00025,0.00015000000000000001,6.434633675461813,5.999557800309133,7.710261872567258,872958.795084017,25222.797599961723,92.52325768172894,7.035839922094306e-09,0.9800016538911044,2.9999999999999996,898181.5926839797,898181.3930190848,71.74759488151777,0.017937021177913542,0.0,1.0325293536839197e-08,6.924580502803979e-06,126620.513289056,126620.48702815534,10.174472572662172,0.0025436355156252845,0.0,-2.711882187561576e-09,1.7418881307108836e-06,74405.37561149725,74405.36018355229,5.824850276483714,0.0014562224982815385,0.0,1.3547539826075372e-12,-3.37748597696412e-07,2616886268.0114775,2616885777.906996,4.776339958101111,0.0011940908406719748,25.0,-2.4228098535417075e-05,-1.9109844255472659
0.00047500000000000005,0.00022500000000000005,6.43471736144838,5.999557742036805,7.710468743966492,872958.7790655945,25222.797481454407,92.52092719382748,7.218930995277517e-09,0.9800016536733299,2.9999999999999996,898181.5765470491,898181.3768763343,71.74576089863592,0.034079817380106625,0.0,5.6019334671031373e-08,1.2790225728032123e-05,126620.5110013949,126620.4847389511,10.17421239398076,0.004832833304270956,0.0,-9.170299542296534e-09,3.278573011833083e-06,74405.37430060365,74405.3588729907,5.824701572446617,0.0027667803520820275,0.0,-3.7247297182338435e-09,-6.734911800190466e-07,2616886288.7703295,2616885800.4058485,4.776252335983092,0.002268747616268171,47.5,-9.684152557554171e-05,-3.6510577637667865
0.0008125000000000001,0.0003375,6.4348419261308845,5.99955759279069,7.710778915926194,872958.7550379876,25222.797304016,92.51743960692401,7.494670201473134e-09,0.9800016533488124,2.9999999999999996,898181.5523419993,898181.352663158,71.74301632266832,0.05829308538900718,0.0,1.476911644648915e-07,2.1008385513276995e-05,126620.50756999094,126620.48130527473,10.173823032825986,0.008266498577849727,0.0,-2.0260504659391776e-08,5.539880784947299e-06,74405.37233429131,74405.35690722107,5.824479034830245,0.0047325420263372355,0.0,-1.1689829640740279e-08,-1.2241554064682664e-06,2616886319.8768477,2616885834.1540728,4.776121224094138,0.0038806885293999425,81.25,-0.0002606421895876565,-6.292927554268445
0.00131875,0.00050625,6.435026731524593,5.999557230410644,7.7112437246241585,872958.7189966931,25222.79703863004,92.51222646712752,7.910714798830928e-09,0.9800016528680752,2.9999999999999996,898181.5160353197,898181.3163455648,71.73891378884466,0.09461091049460979,0.0,3.796115359833152e-07,3.2153893060105077e-05,126620.50242309169,126620.47615501193,10.173241020878026,0.013416701844669227,0.0,-7.979850349948414e-08,8.843901575822377e-06,74405.36938489758,74405.35395872989,5.824146389535922,0.0076810161360397955,0.0,-2.8759394956646978e-08,-2.1437784099931703e-06,2616886366.4762216,2616885884.776285,4.775925275779621,0.006298500700263375,131.875,-0.000630420045581559,-10.316135924653736
0.002078125,0.0007593750000000001,6.435299721655708,5.999446878912916,7.71193954180691,872958.6649351921,25222.79664241202,92.5044475189612,8.54015056839259e-09,0.9800016521581177,2.9999999999999996,898181.4615776008,898181.261873976,71.73279200935006,0.14908299942671,0.0,8.79733661696136e-07,4.6523969458922565e-05,126620.4947034637,126620.46843030264,10.172372541006318,0.0211413472429959,0.0,-1.4368513432533314e-07,1.3861310912098579e-05,74405.36496101938,74405.34953635857,5.823650016198105,0.012103350367090232,0.0,-6.584772324624844e-08,-3.687746664010616e-06,2616886436.270404,2616885960.709343,4.775632960946847,0.009924996979982389,207.8125,-0.001446138731694191,-16.4558271278064
0.0032171875,0.0011390624999999999,6.435700754156747,5.999226983215222,7.712979208727942,872958.5838445873,25222.796052564332,92.49286978369125,9.495033091314655e-09,0.980001651116768,2.9999999999999996,898181.3798971499,898181.1801773336,71.72368058184541,0.23078075433946826,0.0,1.9923165036073165e-06,6.382794450648932e-05,126620.48312524945,126620.45684466488,10.171079918794256,0.03272684296299748,0.0,-2.857321170363081e-07,2.114277796398667e-05,74405.35832579831,74405.34290361816,5.822911228766757,0.018736010188607367,0.0,-1.4643182711868152e-07,-6.248995756862746e-06,2616886540.808057,2616886074.608334,4.775198063779858,0.015364246024506634,321.71875,-0.003265781746506491,-25.818984909401536
0.00492578125,0.0017085937499999996,6.436285934848103,5.998900378201273,7.714527672424018,872958.462211419,25222.795178443164,92.47570369843643,1.094873756244577e-08,0.9800016495646948,2.9999999999999996,898181.2573898698,898181.057653779,71.71017093884133,0.35330430421700415,0.0,1.98759326425213e-06,8.009773401257414e-05,126620.46576122059,126620.43946969639,10.169163330812177,0.05010181187275234,0.0,-2.85313274756005e-07,3.208283190983541e-05,74405.34837475623,74405.33295650117,5.821815821875222,0.02868312831551448,0.0,-1.4530096522843983e-07,-1.0172952989519896e-05,2616886697.4671345,2616886245.4595647,4.774553617856449,0.023522018495016048,492.578125,-0.003252387938061929,-40.01112449258284
0.007488671874999999,0.0025628906249999996,6.437132942777738,5.998417608979952,7.7168221340571295,872958.2797992158,25222.7938913428,92.45039610517202,1.516966785792997e-08,0.9800016470543655,2.9999999999999996,898181.0736905544,898180.8739195038,71.69025315316351,0.5370385819271236,0.0,1.9900191604582673e-06,0.00011506003029937428,126620.43971313557,126620.41341448844,10.16633774238025,0.07615702356328234,0.0,-2.815644258996608e-07,3.9209495880418443e-05,74405.33344705288,74405.31803996084,5.820200889197866,0.043599666610056355,0.0,-1.4733367244973428e-07,-2.1338007250980284e-05,2616886932.4661775,2616886501.7363873,4.77360433560006,0.035756244294184794,748.8671875,-0.0032580951528871083,-61.28890977896026
0.011333007812499999,0.0038443359374999994,6.438346638002037,5.997709010267898,7.720194592564809,872958.0062227697,25222.792014656327,92.41339218417912,2.1726445065813102e-08,0.9800016434216404,2.9999999999999996,898180.7982374419,898180.5984300599,71.66112862636919,0.8125280340272847,0.0,1.9982062193779626e-06,0.00015139969307065293,126620.40065631064,126620.37434755299,10.162206028856554,0.11522395740429475,0.0,-2.8317627892571196e-07,4.93184092089094e-05,74405.31106483832,74405.29567423157,5.817839469483939,0.0659653959611994,0.0,-1.4724884138395122e-07,-3.78232196574374e-05,2616887285.724418,2616886886.151626,4.772218081195902,0.05410225376531349,1133.30078125,-0.0032669784125118895,-92.4459168197211
0.01709951171875,0.00576650390625,6.440061921933918,5.9966794873751565,7.725086553161284,872957.5959529341,25222.789313079495,92.35992974778684,3.1041819049911337e-08,0.9800016383723131,2.9999999999999996,898180.3852660186,898180.1854385221,71.6190472542158,1.2255195497806235,0.0,1.976247043788959e-06,0.00017149208961564355,126620.34210970013,126620.31578157588,10.156236076507287,0.1737899324122712,0.0,-2.8528511636372045e-07,6.868290592804138e-05,74405.27751543051,74405.26214531394,5.814427461831149,0.09949431463245598,0.0,-1.462067401314382e-07,-5.8312351039452315e-05,2616887818.0361943,2616887462.774523,4.770218986274415,0.08160974018333281,1709.951171875,-0.0032534456993289496,-136.75702379710924
0.025749267578125,0.008649755859375,6.4424366781225935,5.995205211249649,7.732028093636425,872956.9808472334,25222.78548639847,92.28399248985724,5.17338992509835e-08,0.9800016308480308,2.9999999999999996,898179.7663336257,898179.5664683214,71.5592689477634,1.8444897556541315,0.0,1.981351879898341e-06,0.00020930504927552107,126620.25434570716,126620.22800596942,10.147755643129763,0.26156554124593856,0.0,-2.8290975717659705e-07,8.029877192927692e-05,74405.2272273469,74405.21189385894,5.809580695039099,0.1497457692898823,0.0,-1.4655189456425077e-07,-9.49413074632921e-05,2616888621.9199157,2616888327.7088494,4.767387255658872,0.12284647603187784,2574.9267578125,-0.003275998638400779,-197.80765164713694
0.0387239013671875,0.012974633789062502,6.445793468200732,5.993135935637067,7.741695413460244,872956.0587528346,25222.7806972571,92.17863732156822,8.556768050661527e-08,0.9800016204508022,2.9999999999999996,898178.8394500887,898178.6390892499,71.47632005080217,2.771868832903115,0.0,1.9871212000310834e-06,0.000704845325222081,126620.12289642543,126620.09649523578,10.13598798314351,0.3930762734175638,0.0,-2.8437946675285986e-07,0.00014174921076992586,74405.15195200017,74405.13660393641,5.802855319698951,0.2250356919938894,0.0,-1.4638144429923727e-07,-8.036532753985526e-05,2616889887.5434885,2616889625.1104097,4.763474053491263,0.1846508074396281,3872.39013671875,-0.003290266931799124,-229.5856533955939
0.05818585205078125,0.01946195068359375,6.450075538284597,5.990307595229049,7.754437023275258,872954.6768723133,25222.774358441544,92.03695239090011,1.3993725625101537e-07,0.9800016061716403,2.9999999999999996,898177.4512307604,898177.2501921351,71.3647433863369,4.160765949235326,0.0,1.988670817354432e-06,0.0013826334094915183,126619.92600468146,126619.89953720366,10.12015894284035,0.5900343076732529,0.0,-2.8224030435008984e-07,0.00020803950019721018,74405.03921498293,74405.02384511108,5.793809033658334,0.3377945176771079,0.0,-1.4602759101922658e-07,-5.855689144873555e-05,2616891805.654175,2616891571.212882,4.7582411680017955,0.27725546239192456,5818.585205078125,-0.0032816660568641964,-257.57743079783177
0.08737877807617188,0.029192926025390628,6.455118886940761,5.986566471620045,7.7698268500900465,872952.6067043805,25222.7660531154,91.85363847896411,2.0539966142976232e-07,0.9800015874566426,2.9999999999999996,898175.3727574834,898175.1710620042,71.22034011740865,6.239896069785997,0.0,1.978285096626564e-06,0.002039476919405203,126619.63120413816,126619.60469820668,10.099672642394037,0.8848733040033235,0.0,-2.828926685127797e-07,0.0002464925312065658,74404.87042516544,74404.85504864827,5.782101512083937,0.5065909793906735,0.0,-1.4712124762894518e-07,-5.1912663841413575e-05,2616894692.7510953,2616894490.3667693,4.751524412477161,0.415966363073208,8737.877807617188,-0.003286032557298313,-289.6344019459484
0.13116816711425783,0.04378938903808595,6.460518999146801,5.981793506941677,7.786470036986351,872949.506850636,25222.755461464643,91.62650756844678,2.3709463171333288e-07,0.9800015634084794,2.9999999999999996,898172.2623121074,898172.0602048667,71.04134604432578,9.350753209510266,0.0,1.980530477396769e-06,0.002451240623749129,126619.19001000488,126619.16355169614,10.074278772792379,1.3260198164632602,0.0,-2.8096951432132755e-07,0.0001988717110652516,74404.61782413366,74404.60248940243,5.767590097581694,0.7591502259858904,0.0,-1.4636656064936915e-07,-9.369785014801124e-05,2616899037.228728,2616898869.0979724,4.743292890841559,0.6236722607918563,13116.816711425781,-0.003280864208136336,-323.8879673342399
0.19685225067138673,0.0656840835571289,6.465619216007453,5.975897815564322,7.802193403497288,872944.8674889752,25222.742156509496,91.35632280860261,1.0834205784827561e-07,0.9800015334281469,2.9999999999999996,898167.6096454781,898167.4079126479,70.82830379418085,14.00304543413695,0.0,1.986399368547609e-06,0.0020768359583627216,126618.53006604304,126618.50381719878,10.044054200920467,1.9857543118488516,0.0,-2.8294003495688003e-07,-1.0594747307912655e-05,74404.23999466831,74404.22478495515,5.7503191985140125,1.1368546727012474,0.0,-1.4693205208082816e-07,-0.00021871648050342252,2616905572.491075,2616905437.195402,4.733645723329337,0.9345974420128664,19685.225067138672,-0.003281643526861444,-356.72305064453394
0.29537837600708006,0.09852612533569333,6.469792380409943,5.968747770349543,7.814929714884866,872937.9278370212,25222.72547356351,91.0439237650358,0.0,0.9800014973114037,2.9999999999999996,898160.6533105847,898160.4537621255,70.58179238489744,20.95719595706924,0.0,1.986854663016402e-06,-0.00010753446822064916,126617.54349937176,126617.51766127664,10.009080508191298,2.9719102324939524,0.0,-2.8444121547011036e-07,-0.00042134537436488984,74403.67519474812,74403.66019713359,5.730336188799688,1.7014424942545847,0.0,-1.4693694905254517e-07,-0.0004308151172918162,2616915417.054957,2616915289.342631,4.722714683147372,1.3999082208093636,29537.837600708004,-0.0032757162589405198,-364.3063915609855
0.4431675640106201,0.14778918800354002,6.472650212349728,5.960062501934118,7.823529706232104,872927.5628916494,25222.703405532637,90.68675635999895,0.0,0.9800014535595298,2.9999999999999996,898150.2662971847,898150.0642307964,70.29967125149221,31.34672728824308,0.0,1.98898715808582e-06,0.002410396732109632,126616.07091220573,126616.04434293682,9.96905362590072,4.445228573029566,0.0,-2.837258543664234e-07,0.0003098291273309073,74402.83210921352,74402.81669501589,5.707468383818439,2.5449446122549886,0.0,-1.4663579017692996e-07,-1.4231725578017773e-05,2616930198.8626723,2616930067.5652575,4.710563098787572,2.0960785162186184,44316.756401062004,-0.003279088756244164,-360.7213062036244
0.6648513460159301,0.22168378200531003,6.474434382498278,5.949382340580068,7.828669611467557,872912.0922278512,25222.672438328373,90.23027940038521,9.224468440579513e-09,0.980001399429903,2.9999999999999996,898134.7646661802,898134.5598004541,69.93939837656853,46.851157631536836,0.0,1.989931689649893e-06,0.005209735522868186,126613.8722932209,126613.84569645999,9.917940127337028,6.643875050159865,0.0,-2.8342253521884686e-07,0.00033732143276843374,74401.57333437979,74401.55791603608,5.678263734767525,3.80372359220185,0.0,-1.465015611046283e-07,-1.0085503317824873e-05,2616952366.1651025,2616952234.9027233,4.694677170936597,3.1368123067658322,66485.134601593,-0.0032800661138026044,-360.75634279118094
0.9973770190238951,0.332525673007965,6.475731961832047,5.936205807614984,7.832123062926738,872889.0550358245,25222.627858649288,89.5729708234484,2.0596675715188937e-07,0.980001333838951,2.9999999999999996,898111.6828944751,898111.4751973862,69.4220174325802,69.93576069987624,0.0,1.990434370213734e-06,0.008041098679072434,126610.59946565246,126610.57213333707,9.844542509866423,9.917438173708717,0.0,-2.8278890340516227e-07,0.001072876532191458,74399.69952004091,74399.68369732745,5.6363128029005685,5.6779423002697715,0.0,-1.4706545492515488e-07,0.0003942836882036005,2616985620.8399787,2616985485.91709,4.6700982840679695,4.689739881688876,99737.7019023895,-0.0032866609399206936,-357.09583979967283
1.4961655285358426,0.49878850951194753,6.477080025666322,5.920049429694807,7.8355289257980845,872854.7824947791,25222.56278865865,88.84430578917144,0.0,0.9800012532503816,2.9999999999999996,898077.3452834367,898077.1347854419,68.84764041021964,104.27617264350422,0.0,1.989747516972784e-06,0.010842003952831192,126605.72975297396,126605.70243293516,9.763056503383384,14.787138575312241,0.0,-2.8310492439231894e-07,0.0010605996384072114,74396.9113759896,74396.89559636705,5.589745770217208,8.466043261547126,0.0,-1.4619061694531865e-07,0.00035119364994606883,2617035497.417685,2617035362.451743,4.643863105351221,7.006045438384536,149616.55285358426,-0.0032791122212074697,-357.0527791007771
2.244348292803764,0.7481827642679213,6.478849801433082,5.900708961951036,7.839967360181479,872803.846020129,25222.468059906187,88.05274901702494,3.446185296639189e-09,0.9800011572558842,2.9999999999999996,898026.314080037,898026.0917040762,68.22274423117275,155.31925400832642,0.0,1.9888111637555994e-06,0.02271996901345119,126598.49368399872,126598.46421331889,9.674400375748538,22.0253581910744,0.0,-2.836080348345149e-07,0.0032112401619706077,74392.7683456843,74392.75134580399,5.539088522433758,12.610293823786332,0.0,-1.4700622230634508e-07,0.0015714505834232284,2617110323.94914,2617110177.2741737,4.616515891116073,10.460043059086546,224434.82928037638,-0.0032776729785837233,-345.3437532322132
2.992531057071685,0.7481827642679213,6.480502986710531,5.884826664233199,7.844134094191286,872753.3699512101,25222.37606336119,87.26965408070876,2.126143433537207e-07,0.9800010801690044,2.9999999999999996,897975.7460145734,897975.5096151768,67.60659469482785,205.90134290984372,0.0,1.990995428968745e-06,0.036743406965456415,126591.32278013181,126591.29139011132,9.58699337881603,29.198181398255237,0.0,-2.8399650631172335e-07,0.005130580435924514,74388.66258076656,74388.64447723432,5.489124804629444,16.717162393525605,0.0,-1.469333525960792e-07,0.00267510258442627,2617185148.1327486,2617184992.1187277,4.586941415049792,13.89191356653351,299253.1057071685,-0.0032800102490000427,-336.00470098498045
4.114805203473567,1.1222741464018822,6.482801188508559,5.865995077927453,7.850023572808242,872678.4080317023,25222.242975302146,86.44587015984177,0.0,0.9800009896472969,2.9999999999999996,897900.651007006,897900.365164124,66.95730387519583,281.0457939617506,0.0,1.99013692281369e-06,0.08618689143867186,126580.67383377234,126580.63552962722,9.494881904759596,39.85404188310599,0.0,-2.832432528521167e-07,0.012044705809557854,74382.56525863889,74382.5432566175,5.436479702247224,22.818383010796268,0.0,-1.46486101471055e-07,0.006573592189695887,2617297405.9429455,2617297214.418941,4.557204677639125,19.006346556109623,411480.52034735674,-0.003273871901910752,-300.49471130705206
5.79821642307639,1.6834112196028226,6.485969618168882,5.84483141910902,7.85819818324922,872567.1701126774,25222.051045157143,85.53473703897241,5.542709013728284e-08,0.9800008909633904,2.9999999999999996,897789.2211578325,897788.8574572194,66.2391372970121,392.55350086435254,0.0,1.9880714603459637e-06,0.16404462063263736,126564.87332337184,126564.82324654158,9.393000890816129,55.66632496844517,0.0,-2.8354867254165583e-07,0.023817390649981007,74373.51821847717,74373.48945476337,5.37824730443095,31.872184864873965,0.0,-1.4653490865157437e-07,0.0133352845470327,2617465798.6580696,2617465547.924554,4.524351602140307,26.62269080458062,579821.642307639,-0.003277055569924414,-241.28520321066026
7.79821642307639,2.0,6.489363114691726,5.82620042470685,7.867046945509871,872436.4093546608,25221.832315852116,84.669598224614,4.0589448024117553e-08,0.9800008086998319,2.9999999999999996,897658.2416705121,897657.7409529408,65.55825213825246,523.6700051408575,0.0,1.985960352612892e-06,0.30106157672935296,126546.29939081562,126546.23041825899,9.296414141669352,74.25915325178387,0.0,-2.828016221201324e-07,0.04271311777149833,74362.88303204828,74362.84339969253,5.323027535501127,42.51823993587622,0.0,-1.4637608813927727e-07,0.024203926661165553,2617665884.942125,2617665538.9407487,4.4919044497805185,35.606499704141655,779821.642307639,-0.0032733355183154345,-146.017339078011
9.79821642307639,2.0,6.492406536750367,5.8118597288797265,7.875100878760902,872306.5601054633,25221.619420818242,84.07758826830354,0.0,0.9800007485003034,2.9999999999999996,897528.1795262833,897527.5579834378,65.09148475076958,653.8529746423967,0.0,1.9845113001792924e-06,0.42188684942925647,126527.8560250613,126527.77001847759,9.23019989039721,92.71955303257829,0.0,-2.8340463131826255e-07,0.059747144239111094,74352.32249007674,74352.27304996284,5.28517486471589,53.08858966530799,0.0,-1.4663699232642102e-07,0.03401168454995229,2617865961.802895,2617865529.9992824,4.4707287624208645,44.547957228983385,979821.642307639,-0.0032821422209963202,-60.215111327706836
11.79821642307639,2.0,6.495161440822033,5.800520467810856,7.882474330514755,872177.3952419534,25221.410782559164,83.62351098010434,3.393062945825725e-09,0.9800007038977613,2.9999999999999996,897398.8060245129,897398.0913330688,64.73332518686942,783.3196250161355,0.0,1.9892551108569023e-06,0.5150354527369245,126509.5104572979,126509.41123177372,9.179393351824276,111.07833973622684,0.0,-2.8362927650960046e-07,0.07296608449752284,74341.81783971998,74341.76079379035,5.256128086256361,63.600845837820714,0.0,-1.4660992064818856e-07,0.0416175003053354,2618066019.341409,2618065521.089959,4.4546643585473475,53.45728594607808,1179821.6423076391,-0.003276640782132745,6.232731526484713
13.79821642307639,2.0,6.497666498748464,5.791437266287871,7.889266685947259,872048.9118452992,25221.206478941676,83.17688785624075,1.1074921348114057e-07,0.9800006716261518,2.9999999999999996,897270.1183242423,897269.3267320851,64.38230048949507,912.0842259951257,0.0,1.9845408587571e-06,0.5919361611684053,126491.2624945769,126491.15202403895,9.129603867398549,129.33754747102392,0.0,-2.8359755788187613e-07,0.08421109829686202,74331.36902235626,74331.30549227954,5.227650755244645,74.05614734831,0.0,-1.4693101491047855e-07,0.048101647072726905,2618266067.0086284,2618265512.2152944,4.437332854851702,62.33195165578148,1379821.6423076391,-0.0032757145818322897,62.7746163981501
15.79821642307639,2.0,6.499953378041728,5.78396128678003,7.895554561793705,871920.9636557784,25221.005593461523,82.8286818106348,1.99615570645674e-07,0.9800006475254667,2.9999999999999996,897141.9692492405,897141.1098790839,64.1084265081887,1040.3010790115031,0.0,1.999763298954349e-06,0.6597141757183635,126473.09068830896,126472.97050792616,9.090757972695414,147.51906341641475,0.0,-4.5099554313310364e-07,0.09392077574480595,74320.96375351504,74320.89462941259,5.205431385511366,84.46701011933274,0.0,-2.4285745325869357e-07,0.05369557687609472,2618466106.9138784,2618465503.367192,4.42406614385491,71.1800839434913,1579821.6423076391,-0.0032459963113069534,111.52799875847995
17.79821642307639,2.0,6.502042337511369,5.777679293122072,7.901395944729499,871793.4487216865,25220.80750116722,82.5494894939554,7.986627730728555e-08,0.9800006293956572,2.9999999999999996,897014.256222854,897013.3325076031,63.888685753423935,1168.078450518351,0.0,2.0257830328773707e-06,0.7240592961134098,126454.98017931031,126454.85132620292,9.059590785784133,165.63824498798303,0.0,-6.026738503805973e-07,0.10259334866086078,74310.59355534517,74310.51942368769,5.187602818587678,94.8422157565081,0.0,-3.3058967119359295e-07,0.05870304418277783,2618666142.0612545,2618665494.539992,4.413610216025948,80.00730437554319,1779821.6423076391,-0.0032255002297461033,155.50259525096044
19.79821642307639,2.0,6.503963149334897,5.772295656205073,7.906847195722899,871666.3056165167,25220.61198302511,82.31987923734489,0.0,0.9800006156041109,2.9999999999999996,896886.9175995425,896885.9167954116,63.70785609431101,1295.494162706973,0.0,2.022914486587979e-06,0.8011481732482935,126436.92324303993,126436.78343987348,9.03394316471502,183.70613131741305,0.0,-6.026744472364953e-07,0.11354340770816407,74300.25400617867,74300.1735630534,5.172930317307094,105.18807639112228,0.0,-3.302656352843769e-07,0.06501451229732425,2618866188.6109185,2618865485.7296934,4.405149661011768,88.81760369756672,1979821.6423076391,-0.0032246210612356663,210.86255859350786
21.79821642307639,2.0,6.50573350179053,5.7676078022921535,7.9119515096694455,871539.4848184319,25220.418795116017,82.12715042197722,0.0,0.9800006052224637,2.9999999999999996,896759.9036135479,896758.8048273914,63.55598402006996,1422.6061307471127,0.0,2.042844243987929e-06,0.8991302187669135,126418.91290764311,126418.75863343329,9.012403134705508,201.73093758682407,0.0,-7.734601297215704e-07,0.12801428030397233,74289.94113714728,74289.85234993514,5.1606065101672085,115.50928941145669,0.0,-4.281829859564823e-07,0.07335850124202636,2619066253.3200088,2619065476.933411,4.3981567570345454,97.61391721163582,2179821.642307639,-0.0031933984719216824,284.36796234035864
23.79821642307639,2.0,6.507369232740652,5.763476899654852,7.91674150157898,871412.9190486304,25220.227219763412,81.96284379553659,0.0,0.9800005975150862,2.9999999999999996,896633.1462683943,896631.9519511283,63.42643813789593,1549.4590070229046,0.0,2.0555476112349425e-06,0.9946613409579186,126400.93820145157,126400.77057313547,8.994030067355725,219.71899772153552,0.0,-9.365714959130855e-07,0.1413682234749558,74279.6486673689,74279.55216282302,5.150093509389563,125.80947643023582,0.0,-5.215270988401244e-07,0.08107574164650089,2619266312.7762833,2619265468.1488705,4.3922820808953755,106.39848137342658,2379821.642307639,-0.0031698900274932384,352.60880101146176
25.79821642307639,2.0,6.508888097028985,5.759799471094604,7.921251104308344,871286.5613729951,25220.03687222399,81.82090489229897,0.0,0.9800005917428297,2.9999999999999996,896506.5982452175,896505.3230108976,63.314470119635374,1676.0879472621755,0.0,2.064117325062398e-06,1.075578403383588,126382.99301851189,126382.81427194786,8.97815050868868,237.6752987389129,0.0,-1.1067957643717818e-06,0.1524863011665616,74269.37308168759,74269.27015025546,5.1410062350427355,136.09148890032128,0.0,-6.190060162225564e-07,0.08750253041552014,2619466360.8273153,2619465459.374339,4.387278028932175,115.17303743129092,2579821.642307639,-0.0031451964750885963,409.4343891358003
27.79821642307639,2.0,6.510301969045909,5.756496619115367,7.925506081996024,871160.3822830137,25219.8476002515,81.69688201457639,0.0,0.9800005879024729,2.9999999999999996,896380.2298832661,896378.8898357445,63.21658757936963,1802.5211224209147,0.0,2.0697575564554427e-06,1.1403916108051817,126365.07405339903,126364.88573407455,8.964268850177673,255.60383643926824,0.0,-1.2797588340163202e-06,0.16205888866741702,74259.11247079674,74259.00402747786,5.133061339277697,146.35761157887669,0.0,-7.180476586654549e-07,0.09301431811968541,2619666401.0605135,2619665450.6084476,4.382964245751382,123.93896592279368,2779821.642307639,-0.0031082569621503353,458.43351579317823
29.79821642307639,2.0,6.511620551942856,5.7535119894609785,7.929527040601175,871034.369165738,25219.65928689265,81.58333936039962,0.0,0.9800005850971958,2.9999999999999996,896254.0284526312,896252.6358310878,63.12700233625612,1928.775127093427,0.0,2.085583446387318e-06,1.1929656483728195,126347.178428192,126346.98260493271,8.951564483035442,273.50696540533914,0.0,-1.4555238863067643e-06,0.16956264770357166,74248.86521623665,74248.75244895529,5.1257892112418135,156.6091900013603,0.0,-8.181336568213737e-07,0.09733818051293497,2619866430.894797,2619865441.8505063,4.378983329866239,132.69693258252616,2979821.642307639,-0.003082843031734228,497.02576580503955
30.0,0.20178357692361004,6.511749890241216,5.753214390378133,7.929925625746591,871021.6569327061,25219.640289404215,81.5704924506903,0.0,0.9800005848007461,2.9999999999999996,896241.2972221102,896239.8998793585,63.11688950467143,1941.511078821972,0.0,2.0847767245868454e-06,1.1976868559252125,126345.37320377333,126345.17661561124,8.950130380916901,275.3129547275332,0.0,-1.4547965747624403e-06,0.1703275512284108,74247.83151397838,74247.71831452611,5.124968268609965,157.64332443022042,0.0,-8.18454537920843e-07,0.09777035110502652,2619886612.175094,2619885619.324685,4.3785042964920065,133.5804428410477,3000000.0,-0.0030861543491482735,500.8318809820339
32.0,2.0,6.512972754283071,5.750544309300038,7.933709495786759,870895.839324623,25219.453136277418,81.4520009563706,3.689907723824914e-09,0.9800005834965383,2.9999999999999996,896115.2924608996,896113.8525576899,63.02366084040501,2067.558400502782,0.0,2.0969937395420857e-06,1.2402473260926854,126327.50507075671,126327.30279570757,8.93690986679386,293.18677446112093,0.0,-1.6248831684606557e-06,0.1760142682015271,74237.59999131625,74237.48351597428,5.117399227459061,167.87812288513854,0.0,-9.153645521564613e-07,0.10104614389459243,2620086632.89749,2620085610.5766497,4.374031025402566,142.32850489185284,3200000.0,-0.0030595343559980392,530.3023389298469
34.0,2.0,6.514119172816333,5.748122266262593,7.937302616746781,870770.2031089404,25219.26712639288,81.3318135297032,1.691533266493409e-08,0.9800005834149463,2.9999999999999996,895989.4702353323,895987.9940242423,62.92926673006375,2193.4169339629098,0.0,2.10951293411199e-06,1.276555218917565,126309.6632085621,126309.45574647641,8.923524530659257,311.03382352243943,0.0,-1.7947254491446074e-06,0.18120113490158474,74227.3835234813,74227.26404655176,5.109734662185085,178.09759220950872,0.0,-1.0135125307897397e-06,0.10404763331388267,2620286651.3089294,2620285601.8381104,4.369287623710438,151.0670801392737,3400000.0,-0.0030235061421990395,557.452353595756
36.0,2.0,6.51519471621064,5.745904399030305,7.940715862800701,870644.729855513,25219.082105609396,81.22335557162879,3.946029256247585e-08,0.9800005840943581,2.9999999999999996,895863.8119611222,895862.3058861718,62.8440690388136,2319.105072040537,0.0,2.1166238184378017e-06,1.306419086486585,126291.84447795278,126291.63285917447,8.911443567123785,328.856710656687,0.0,-1.962417627510149e-06,0.18535765983233432,74217.18031165314,74217.05841393268,5.1028162614013315,188.30322473231138,0.0,-1.1097894230260863e-06,0.10646832795248429,2620486664.4585075,2620485593.108075,4.36502674375036,159.79713362677444,3600000.0,-0.003005323465913534,579.3319851779379
38.0,2.0,6.516205155016357,5.743862412176954,7.943961826615452,870519.405123975,25218.89797464244,81.1248449896951,6.7721285348168e-08,0.9800005854246691,2.9999999999999996,895738.3030986156,895736.7725425111,62.76667183609069,2444.638415712718,0.0,2.1281598492350895e-06,1.3309002520695685,126274.04663207517,126273.83192107365,8.900468963313354,346.65764858331374,0.0,-2.1366068949646433e-06,0.18844970885390921,74206.9890424872,74206.86535228266,5.0965307750720195,198.49628628245543,0.0,-1.2096629973257222e-06,0.10826071215839761,2620686672.0108757,2620685584.385761,4.361173482940334,168.5194805926551,3800000.0,-0.0029727155342698097,595.6067003076896
40.0,2.0,6.517155955675977,5.7419738524575115,7.947052974131878,870394.2176110053,25218.714728048242,81.0348819364202,9.695237959128342e-08,0.980000587335626,2.9999999999999996,895612.9323390522,895611.3805854908,62.695978516360526,2570.0303727454393,0.0,2.14061037695501e-06,1.352097721386599,126256.26890998037,126256.05103058266,8.890445157921857,364.43853889915744,0.0,-2.3117539171835233e-06,0.19161792989297055,74196.80928785935,74196.68377371732,5.090789232808914,208.67786474807326,0.0,-1.309390427195467e-06,0.1100845499222487,2620886679.8379855,2620885575.6704493,4.35766912628128,177.23481884521766,4000000.0,-0.002945990301668644,612.1491483738646
42.0,2.0,6.5180517622648155,5.740220017805092,7.949998331410327,870269.1543895523,25218.532217795568,80.95232086848434,1.286506449120564e-07,0.980000589369005,2.9999999999999996,895487.6866073502,895486.1184028715,62.631091311875814,2695.2925553691907,0.0,2.145055532309925e-06,1.36854864318002,126238.50859426883,126238.28854045748,8.881244980259176,382.2010288596758,0.0,-2.4764194108684023e-06,0.1937921788740482,74186.63950199966,74186.51273582528,5.085518898863861,218.848902545801,0.0,-1.4037024413937615e-06,0.11133648796098328,2621086682.6442633,2621085566.961547,4.354465806136123,185.9437504574899,4200000.0,-0.002916736528277397,623.6643577385694
44.0,2.0,6.5188967385607715,5.738585652187204,7.952808586598215,870144.2071356513,25218.350424965603,80.87623428530861,1.5473313325124947e-07,0.9800005919148954,2.9999999999999996,895362.557560619,895360.9758354669,62.57128370871044,2820.435122786612,0.0,2.1578143787337467e-06,1.3820693293218937,126220.76486623495,126220.54300993975,8.872765180124256,399.94655921992427,0.0,-2.633899100601411e-06,0.1955945052444008,74176.47921711375,74176.35141431435,5.080660710407245,229.01022396661548,0.0,-1.4938125616481557e-06,0.11237302287165107,2621286683.4852757,2621285558.258527,4.351524840799818,194.64680013908952,4400000.0,-0.0028871512040495872,633.2084198975936
46.0,2.0,6.519694714477323,5.737057760751409,7.955491017286717,870019.3644210306,25218.16927834847,80.80584500985096,1.721427161091173e-07,0.9800005949696455,2.9999999999999996,895237.533699376,895235.943942144,62.515946666291555,2945.467016119195,0.0,2.167570983147016e-06,1.3901014189809757,126203.03651111723,126202.8131711312,8.864919323615224,417.6763978671547,0.0,-2.795216005324619e-06,0.19707803475057517,74166.32773724834,74166.19908370764,5.076165257260347,239.16255448113617,0.0,-1.5860020425861876e-06,0.11322367198255279,2621486682.71794,2621485549.5609245,4.348813934826536,203.3444280087426,4600000.0,-0.002861553803086281,641.1387118753046
48.0,2.0,6.520448703776755,5.735626533239604,7.9580541251272825,869894.6244989341,25217.988769336374,80.74055745051773,1.8580982465674916e-07,0.980000597943805,2.9999999999999996,895112.6132682727,895111.0147128686,62.464613185853935,3070.3962424909028,0.0,-7.361609277722891e-07,1.398896687364413,126185.32245045666,126185.09788917896,8.857641433989333,435.3916807351334,0.0,-1.8794826246448793e-06,0.19830024216116726,74156.18444559013,74156.0550946655,5.071994785334734,249.30654405180564,0.0,-1.0574786983852391e-06,0.1139215844394812,2621686680.6705694,2621685540.874215,4.34630823114956,212.03704447104172,4800000.0,0.0030455049127340317,647.7839579042047
50.0,2.0,6.521162086032535,5.734281780948758,7.960504436397093,869769.9765229471,25217.808810748313,80.67978414689482,1.8897421695552992e-07,0.9800006013645657,2.9999999999999996,894987.7853336938,894986.1810668504,62.416823014105866,3195.2298885191144,0.0,-7.261237442435231e-07,1.4046081367000625,126167.62143249165,126167.39615707572,8.850865968038015,453.0934126712094,0.0,-2.0466392243179143e-06,0.1990142132275423,74146.04862519688,74145.91887095157,5.068111809255233,259.44276767031613,0.0,-1.152893787548237e-06,0.11432480970313463,2621886676.0051947,2621885532.1862855,4.343983544469931,220.7250115599816,5000000.0,0.003082963638007641,651.8065502373502
52.0,2.0,6.521837768885037,5.733015540898864,7.962848485818614,869645.4133892873,25217.629370569764,80.62306307811285,1.8484322807805625e-07,0.9800006048345749,2.9999999999999996,894863.0427598566,894861.4366393612,62.37221374909771,3319.97431601731,0.0,-7.171615834522527e-07,1.4064617976114278,126149.93278509918,126149.7070735271,8.844541689960918,470.78249605113126,0.0,-2.2153438976602047e-06,0.19945020068155372,74135.91990117583,74135.78989681379,5.06448702033058,269.5717417109773,0.0,-1.2500167372309079e-06,0.11457482931297136,2622086669.96236,2622085523.502665,4.341820803566881,229.40865316711535,5200000.0,0.003104117698967457,654.4473570855334
54.0,2.0,6.522478191462748,5.731821257847024,7.965092202444532,869520.9330049797,25217.450450533946,80.57001223141296,1.7205402102605138e-07,0.9800006085475613,2.9999999999999996,894738.3834555174,894736.775667262,62.33048605353858,3444.635288124387,0.0,-7.092535270203371e-07,1.4081295654827954,126132.2559502209,126132.02982128967,8.838626041792315,488.4597481347159,0.0,-2.3691823685112468e-06,0.19986740598727692,74125.79794723356,74125.6677045729,5.061096076419678,279.69393386381665,0.0,-1.3380650329963828e-06,0.11481303987778801,2622286663.914362,2622285514.82308,4.339804231716401,238.08826163054815,5400000.0,0.003127600997686386,657.0789675973356
56.0,2.0,6.523085655447546,5.7306922225566215,7.967240933486012,869396.5291334374,25217.271974398896,80.52025829103067,1.5213033773252085e-07,0.9800006122854878,2.9999999999999996,894613.801107835,894612.1929732213,62.291347027241386,3569.2179821788695,0.0,-6.954987838980742e-07,1.4084759376373768,126114.58964181885,126114.36366598756,8.833077566117922,506.1259032669517,0.0,-2.539057845751813e-06,0.19971413616838163,74115.68203660219,74115.5518739489,5.0579152633535385,289.80976439052375,0.0,-1.4353537949318707e-06,0.11473293521322603,2622486654.900579,2622485506.1472745,4.33791858644818,246.7640988034445,5600000.0,0.0031592054292559624,656.7410217924044
58.0,2.0,6.523662403674079,5.729622813104254,7.9692998843853795,869272.1971552124,25217.093962769748,80.47348822985735,1.2454087840032642e-07,0.9800006162855934,2.9999999999999996,894489.2911179827,894487.6838706126,62.25455130879097,3693.7270847964514,0.0,-6.865761861263309e-07,1.407588702900739,126096.93400733764,126096.70794313637,8.827861342601468,523.7816259521546,0.0,-2.7050505195802543e-06,0.1998023401588398,74105.57224429431,74105.44202463652,5.054924608737052,299.91961360799786,0.0,-1.5302660472116258e-06,0.11478984480953613,2622686647.211431,2622685497.475006,4.336151094268745,255.436400991982,5800000.0,0.003193003125488758,657.7241760315374
60.0,2.0,6.524210220368841,5.728608229895904,7.971273588699921,869147.9336711649,25216.916354416167,80.42943647983395,9.140352048956808e-08,0.9800006201321079,2.9999999999999996,894364.8500255841,894363.244083598,62.21989037935401,3818.1668655551593,0.0,-6.9424886532942764e-06,1.406277063008929,126079.28783348727,126079.06204931426,8.822947977424372,541.4275219070033,0.0,-5.723057938666898e-07,0.19952444463626762,74095.46786907777,74095.33781127511,5.052107295646961,310.02382819929176,0.0,-3.0038222575967666e-07,0.11462921956103855,2622886637.5901427,2622885488.818697,4.334490918812146,264.1053828296063,6000000.0,0.015865713357925415,656.7718695700169
62.0,2.0,6.524730900113559,5.727644215524061,7.973166551234528,869023.7397406659,25216.739229557388,80.38786843289722,5.214396314230346e-08,0.9800006243325807,2.9999999999999996,894240.4789702247,894238.8697225982,62.18718050535467,3942.541226565869,0.0,-6.9315701693994924e-06,1.4095827143482893,126061.65179427911,126061.42542678924,8.81831117783527,559.0641442626738,0.0,-7.416592779918574e-07,0.20010759215165308,74085.36930986517,74085.23891461636,5.0494482802597105,320.12272475981115,0.0,-3.9860935885371873e-07,0.11496656748602163,2623086632.293847,2623085480.152872,4.332928521591523,272.77123987278935,6200000.0,0.01589786633849144,660.1414309702814
64.0,2.0,6.525226069410771,5.726726951392346,7.97498277405678,868899.6106752681,25216.56251752094,80.34857719732953,8.384428406089315e-09,0.9800006283318011,2.9999999999999996,894116.1731927926,894114.5572044592,62.156259074288016,4066.853744714445,0.0,-6.922014563315315e-06,1.416323430760258,126044.02471331123,126043.7975703892,8.813928121134026,576.6920005049419,0.0,-8.994297786557581e-07,0.20088286653708565,74075.27587965842,74075.14504550687,5.046934509616743,330.2165937790446,0.0,-4.888684088655282e-07,0.11540537997234424,2623286627.922149,2623285471.4899864,4.331455500675181,281.43415087413973,6400000.0,0.015923201106488705,664.4326440682635
66.0,2.0,6.5256972128059,5.725852986032665,7.976726109083708,868775.5408504282,25216.38619458011,80.31137675522929,0.0,0.9800006324833457,2.9999999999999996,893991.9270450085,893990.3032437789,62.12698034455878,4191.107705403562,0.0,-6.913230208738241e-06,1.424136335822368,126026.40631341554,126026.17801430517,8.809777964194769,594.3115564333315,0.0,-1.05506808267819e-06,0.20203889924266605,74065.18742519582,74065.05593728067,5.044554068628793,340.3057019163022,0.0,-5.778059062322427e-07,0.11605905462755572,2623486625.5543714,2623485462.8298826,4.330064377846937,290.0942796298336,6600000.0,0.015948159620165825,670.7249950002879
68.0,2.0,6.526145395510915,5.725019191891659,7.978400215636513,868651.5292437699,25216.210246269555,80.27610050907926,0.0,0.9800006368597304,2.9999999999999996,893867.7394900386,893866.1048165236,62.099213634050244,4315.306132671662,0.0,-6.900395419506822e-06,1.4350086340045891,126008.79603475492,126008.56632987737,8.805842137061758,611.923240707455,0.0,-1.2087449476894108e-06,0.20344451274547737,74055.10363395207,74054.9713445301,5.042296331129107,350.39029457856043,0.0,-6.661201723545673e-07,0.11686047312934988,2623686624.532097,2623685454.1724076,4.3287484068381445,298.75177644350987,6800000.0,0.015969978645443916,678.3602173198014
70.0,2.0,6.52657211321836,5.724222698163161,7.980008347943794,868527.5680624308,25216.03459605068,80.24259821801344,0.0,0.980000640898764,2.9999999999999996,893743.6026584769,893741.959135093,62.07284071822716,4439.451814108117,0.0,-6.894526450196281e-06,1.443858508773701,125991.19306077367,125990.96212145755,8.802104125894887,629.5274489592448,0.0,-1.3767821656074375e-06,0.2046787832841801,74045.02403963477,74044.89104074794,5.04015184315996,360.4705982648803,0.0,-7.61960905037995e-07,0.11756984214946442,2623886622.7572484,2623885445.5174346,4.327501530731426,307.40677950497275,7000000.0,0.016000010073184967,685.2403719201684
72.0,2.0,6.526978517150013,5.723460888812285,7.981553878367527,868403.6549264775,25215.859224176857,80.21073304436011,0.0,0.9800006451260592,2.9999999999999996,893619.5141506548,893617.8636261137,62.04775449476134,4563.5473230976395,0.0,-6.884288268338423e-06,1.450859676163418,125973.5969900125,125973.36502431036,8.798548496725513,647.1245459526958,0.0,-1.5305145097954664e-06,0.2057050155685829,74034.94839821885,74034.8148171018,5.038111778893474,370.54682182266725,0.0,-8.503190542796801e-07,0.11815198402501892,2624086619.8810935,2624085436.8648295,4.326318273979782,316.0594160529323,7200000.0,0.01603150088340044,691.0168535681441
74.0,2.0,6.527365570194781,5.722731369001708,7.983039474464288,868279.7896869235,25215.68414785433,80.18038165238781,0.0,0.9800006495114884,2.9999999999999996,893495.4738347791,893493.8159098604,62.023858131297395,4687.595039360234,0.0,-6.875014150864445e-06,1.4582600630910747,125956.00775064122,125955.77470109369,8.795161526101483,664.7148690048988,0.0,-1.6949862811088678e-06,0.20678869648588716,74024.87668071683,74024.74248043454,5.036168286888826,380.6191583964449,0.0,-9.438023766961123e-07,0.11877105577724478,2624286617.411149,2624285428.214468,4.325193708100106,324.7098034691325,7400000.0,0.01605737954378128,697.1972965076566
76.0,2.0,6.527734397799182,5.722031416737071,7.984468345560445,868155.968177191,25215.509321045374,80.1514107915045,0.0,0.9800006536379833,2.9999999999999996,893371.4774982338,893369.813814019,62.001046730020434,4811.597132820275,0.0,-9.256426892534364e-06,1.4640169778022027,125938.424756288,125938.19084476437,8.79192852151354,682.2987260479258,0.0,-9.812811185838655e-07,0.2076513862975844,74014.80854720433,74014.67385492745,5.034312959567111,390.6877843155791,0.0,-5.317586442288302e-07,0.11926346241415331,2624486613.8090534,2624485419.571074,4.324122580403416,333.35804862993933,7600000.0,0.02090854663401842,702.2434460641816
78.0,2.0,6.5280859312646005,5.721358916017872,7.985842637328435,868032.1887318847,25215.334728809532,80.12371438678632,0.0,0.9800006578081711,2.9999999999999996,893247.5234606942,893245.8553397076,61.979237163620816,4935.555607147517,0.0,-9.240580766345374e-06,1.468453765499362,125920.84765287336,125920.61316950413,8.788837552307045,699.8764011525399,0.0,-1.1369066896804725e-06,0.20822307626610836,74004.74379185628,74004.60877683583,5.032538973415054,400.7528622624092,0.0,-6.765470175196242e-07,0.11958606119213755,2624686608.732489,2624685410.9248996,4.323100697443392,342.0042500248261,7800000.0,0.02093551028519869,705.8130831466988
80.0,2.0,6.528421007625915,5.720712318527051,7.987165276439728,867908.4497503006,25215.16035746484,80.0972123324447,0.0,0.9800006620884429,2.9999999999999996,893123.6101077696,893121.9386065269,61.95836659151152,5059.47234033054,0.0,-9.238196071237326e-06,1.4718340238905512,125903.27614238868,125903.04141001038,8.785879674467546,717.448160501475,0.0,-1.2817166634704336e-06,0.20847194052623763,73994.68225109759,73994.54709433111,5.0308412107097915,410.8145446838288,0.0,-7.598456477353466e-07,0.11972772392334718,2624886601.924524,2624885402.2806745,4.322124855755829,350.6484997363377,8000000.0,0.02096010185778141,707.6493675801903
82.0,2.0,6.52874046961401,5.720089823536057,7.988438429742839,867784.7485860984,25214.98621437809,80.0718162748516,0.0,0.9800006663975416,2.9999999999999996,892999.7348004789,892998.0618753976,61.93836557012449,5183.349071470789,0.0,-9.227310329151805e-06,1.4732578734410708,125885.71035633591,125885.47531970743,8.783045073531794,735.0142506485386,0.0,-1.4376023500517476e-06,0.20877603481812912,73984.62399733893,73984.48866613026,5.029214055690115,420.872972795209,0.0,-8.493148584420851e-07,0.11990207664388208,2625086595.467917,2625085393.6383243,4.321191575505195,359.2908828873481,8200000.0,0.020993055775761604,709.8351438660175
84.0,2.0,6.5290450156766875,5.719489346554667,7.98966430250615,867661.0845946058,25214.812275827135,80.0474285113291,0.0,0.9800006704345919,2.9999999999999996,892875.8968704366,892874.2235611199,61.91915714372895,5307.187385758247,0.0,-9.217554179485887e-06,1.4736421186025837,125868.14976907683,125867.91467362508,8.780322968058861,752.5748965846562,0.0,-1.5838320450711763e-06,0.2088347118535694,73974.5687403176,73974.43336336847,5.027651338986941,430.9282754731829,0.0,-9.331271257906337e-07,0.11994773328467545,2625286587.733813,2625285384.9977546,4.320297060554347,367.9314770084568,8400000.0,0.021017489954829216,710.741633830592
86.0,2.0,6.529335379993377,5.718909553898891,7.990845217781065,867537.4558687956,25214.638542022323,80.02398288754779,0.0,0.9800006745466733,2.9999999999999996,892752.0944108166,892750.4221820264,61.90068954967452,5430.988764857596,0.0,-9.211639735440258e-06,1.4725615978959468,125850.5943585897,125850.35926175509,8.777705857787481,770.1303083002313,0.0,-1.73825173988007e-06,0.20883594030237873,73964.51645400822,73964.38106573811,5.02614877111519,440.9805730154133,0.0,-1.021258583477902e-06,0.1199589661358118,2625486579.786,2625485376.3588967,4.319438708970587,376.57035442639796,8600000.0,0.021037066355347633,711.4326982144266
88.0,2.0,6.529612189220246,5.718349410692581,7.991982820377114,867413.8619204019,25214.464990412147,80.00142701214465,0.0,0.9800006787223149,2.9999999999999996,892628.3269108142,892626.6563349128,61.88292164691708,5554.75460815143,0.0,-1.3031487469561398e-05,1.4709048893273575,125833.04363511123,125832.80888714557,8.775187912801483,787.6806841258342,0.0,-5.221688752499176e-07,0.2084882874307823,73954.46685605023,73954.33166040889,5.024703015093001,451.0299790455993,0.0,-3.202930543011462e-07,0.11976703833539659,2625686570.0255666,2625685367.7295327,4.318614437333084,385.2075833010641,8800000.0,0.028901927173137665,710.3094938918948
90.0,2.0,6.529876066139597,5.717807853569057,7.993079350680252,867290.300681437,25214.291627445273,79.97970841749603,0.0,0.9800006829506052,2.9999999999999996,892504.59230888,892502.9247104776,61.86581222108709,5678.486232593605,0.0,-1.302448072237894e-05,1.467927397294261,125815.49772981484,125815.26336040838,8.772763292254224,805.2262107103427,0.0,-6.748475698259426e-07,0.20810957555409004,73944.42002069202,73944.28503886584,5.023310727999395,461.0766005015981,0.0,-4.0734397543928935e-07,0.11955313612321561,2625886560.1181874,2625885359.093909,4.317822176155312,393.84322765337475,9000000.0,0.028922347351908684,709.0377590935677
92.0,2.0,6.530127590068606,5.717283626997389,7.9941364324112625,867166.7723024018,25214.11845778591,79.9587683311722,0.0,0.9800006868986455,2.9999999999999996,892380.8907601923,892379.2260806967,61.84931489543291,5802.184862384471,0.0,-1.3014519936405122e-05,1.46500850051234,125797.95653721347,125797.72250911868,8.770425568545368,822.7670618474334,0.0,-8.274543006336899e-07,0.20776811126813755,73934.37589206855,73934.24110231851,5.021968229555914,471.1205369607099,0.0,-4.9556064141143e-07,0.11936097176413796,2626086550.403519,2626085350.4598184,4.317059637638013,402.4773469286508,9200000.0,0.02895119972527027,707.9572100955993
94.0,2.0,6.5303672893606475,5.716775582603688,7.995155713966245,867043.2760834756,25213.945470620438,79.93855265427871,0.0,0.9800006908571718,2.9999999999999996,892257.221554095,892255.5593060794,61.83338731421813,5925.851637012907,0.0,-1.3003358617424965e-05,1.46257703169249,125780.41981877672,125780.18617176972,8.768168601369084,840.3033990501716,0.0,-9.736833135320921e-07,0.20738687725668115,73924.33432429201,73924.19975821838,5.020672008288219,481.16188097728633,0.0,-5.79113418552879e-07,0.11913721179922732,2626286540.3592873,2626285341.8271904,4.3163247304032835,411.10999638945736,9400000.0,0.028972696512937546,706.5456276647747
96.0,2.0,6.530595715035456,5.716282172693516,7.996139037502449,866919.811623156,25213.772692494877,79.91899273629319,0.0,0.9800006948563756,2.9999999999999996,892133.5843156534,892131.9233550988,61.81797549391814,6049.487588000744,0.0,-1.2996113582630642e-05,1.4612895779118844,125762.8878556007,125762.65420217605,8.765984722565216,857.8353684953021,0.0,-1.1222160765100853e-06,0.20739314636591644,73914.29550064853,73914.16092278772,5.019417672909792,491.2007163231059,0.0,-6.639571665800759e-07,0.1191489141377815,2626486532.4541655,2626485333.1959896,4.315614846900037,419.74122608325746,9600000.0,0.029001599177718163,707.271735554561
98.0,2.0,6.530813296450441,5.715802916120425,7.9970876801437285,866796.3764331707,25213.600064834325,79.90006311427534,0.0,0.9800006988840477,2.9999999999999996,892009.9764980031,892008.3172362101,61.80305944789109,6173.093706896526,0.0,-1.2989042261324357e-05,1.4595908233868613,125745.35984383045,125745.12645982964,8.763871101229833,875.3631106977617,0.0,-1.2661704431593535e-06,0.20712357857598818,73904.25894243698,73904.12451549523,5.0182036049183205,501.2371235329425,0.0,-7.466063607353135e-07,0.11899791242615265,2626686523.096976,2626685324.566152,4.314928960236086,428.3710840037296,9800000.0,0.029022008180618286,706.5444038212299
100.0,2.0,6.531020487927326,5.715337215963695,7.9980032141096915,866672.969136972,25213.42758585948,79.88173424953526,0.0,0.980000702933156,2.9999999999999996,891886.3967228314,891884.7400042705,61.788615973445744,6296.670938843417,0.0,-1.298179995501414e-05,1.457047598574718,125727.83576646031,125727.60281079423,8.761824449851455,892.8867595974647,0.0,-1.4018820593264536e-06,0.20669510814184378,73894.22463379124,73894.09045957308,5.01702792234554,511.2711793776336,0.0,-8.240666033998423e-07,0.11874511137392574,2626886512.9052687,2626885315.9376464,4.314265903892513,436.9996158115146,10000000.0,0.02904810756444931,704.981228493154
102.0,2.0,6.5312177251595465,5.714884244009053,7.998887128925471,866549.5905516458,25213.25527335734,79.86396834703346,0.0,0.9800007066942086,2.9999999999999996,891762.8458250014,891761.1907739094,61.77461518380305,6420.220169211024,0.0,-1.2975201570952777e-05,1.45538013613168,125710.31572993442,125710.08312930353,8.759840669534034,910.4064409365327,0.0,-1.55350983277458e-06,0.20633992131649848,73884.19263482477,73884.05868293178,5.015888277183136,521.3029559319998,0.0,-9.110067367146257e-07,0.11852269926885128,2627086502.94621,2627085307.3104243,4.313624216513252,445.62686424454114,10200000.0,0.02907448075711727,703.6494181659073
104.0,2.0,6.531405395035897,5.7144433350311505,7.999740541139457,866426.2385088672,25213.08310381434,79.84673398876033,0.0,0.9800007104730919,2.9999999999999996,891639.3216126782,891637.668708806,61.761032557196685,6543.7422343254175,0.0,-1.2964211236976553e-05,1.4532329273961295,125692.79944574513,125692.567296872,8.75791614301088,927.9222732225545,0.0,-1.6990151152640465e-06,0.20588801804944978,73874.16279914978,73874.02911764572,5.0147826018396,531.332521135679,0.0,-9.933788760463358e-07,0.11825222796358048,2627286492.429189,2627285298.684448,4.31300268671317,454.25286961796746,10400000.0,0.029103290289640427,701.7584028355777
106.0,2.0,6.531583883566051,5.714013872429748,8.000564784563597,866302.9116544811,25212.911072222647,79.83000246968268,0.0,0.9800007142711411,2.9999999999999996,891515.8227267026,891514.1730177455,61.74784553192537,6667.237925389269,0.0,-1.2960914318682626e-05,1.4500380155623134,125675.28682767278,125675.05520139755,8.756047668032245,945.434368558619,0.0,-1.8373995089859818e-06,0.2053652817684224,73864.13508195478,73864.00169943487,5.013709065343047,541.3599392663651,0.0,-1.0735478781498387e-06,0.11795316364953123,2627486481.673868,2627485290.0596733,4.312400204382015,462.8776700267315,10600000.0,0.02912924438714981,699.627882219851
108.0,2.0,6.53175353110726,5.713595252512925,8.001361139717144,866179.6095973003,25212.73917117776,79.81374592625605,0.0,0.9800007180773221,2.9999999999999996,891392.3487684769,891390.7029533628,61.73503219690275,6790.7079897830745,0.0,-1.2949759366165381e-05,1.4461441836801896,125657.77772023182,125657.54673696347,8.754232144761732,962.9428328481424,0.0,-1.981958348551416e-06,0.20472213033440312,73854.1093811143,73853.97636757196,5.0126658900649605,551.3852710464951,0.0,-1.156329062723671e-06,0.11758410329161961,2627686470.280242,2627685281.436062,4.311815694526596,471.50130141578467,10800000.0,0.02914918214082718,696.8578873947263
110.0,2.0,6.531914702773177,5.713186849103995,8.002130661545154,866056.3328888209,25212.567427237955,79.79793609698312,0.0,0.9800007218870891,2.9999999999999996,891268.9003160588,891267.25781272,61.72257032543921,6914.153130433953,0.0,-1.2941693057655357e-05,1.442832416470992,125640.2723795567,125640.04180397464,8.752466422772375,980.4477656936872,0.0,-2.1252415081107756e-06,0.2043143007542767,73844.0858485133,73843.95306494478,5.011651272773004,561.4085735920411,0.0,-1.2379574627630063e-06,0.11735404785156334,2627886460.185092,2627885272.813594,4.311248075998531,480.1237975677817,11000000.0,0.029177339747548103,695.3852335531265
112.0,2.0,6.532067704074688,5.712788096144083,8.00287433454609,865933.0791789693,25212.39581066092,79.7825475115063,0.0,0.9800007256164882,2.9999999999999996,891145.4749896297,891143.8369330426,61.71043984114949,7037.574010116252,0.0,-1.2936798157170415e-05,1.4383856696949806,125622.77050768973,125622.54030845388,8.750747692718477,997.9492610791242,0.0,-2.260563405798166e-06,0.2039378192168897,73834.0642884579,73833.9317376577,5.010663604728914,571.4299008014989,0.0,-1.3155893157090759e-06,0.11712120190190944,2628086450.1821365,2628085264.19222,4.31069637290942,488.7451903136006,11200000.0,0.02919643186032772,694.0036708619446
114.0,2.0,6.5322128268147495,5.712398360986237,8.003593337289013,865809.8486748979,25212.22430437276,79.76755251611903,0.0,0.9800007291586907,2.9999999999999996,891022.0729792715,891020.4396951929,61.69861892879943,7160.971247973851,0.0,-1.2928970136272255e-05,1.4336131691225091,125605.27170025968,125605.04216249449,8.749072908614679,1015.4474068963535,0.0,-2.4027323206610163e-06,0.20327620639716315,73824.04451043409,73823.91233529279,5.009701141981245,581.4493030854613,0.0,-1.3965360494694323e-06,0.11674546205574643,2628286438.7064395,2628285255.5719376,4.310159536723679,497.36550938704795,11400000.0,0.029232855886220932,691.1482928954065
116.0,2.0,6.532350372287387,5.7120171436855465,8.004288644780297,865686.6407645525,25212.052924500727,79.75292864858253,0.0,0.9800007327005598,2.9999999999999996,890898.6936890534,890897.0655151458,61.68709002617447,7284.345428026199,0.0,-1.2923695976496674e-05,1.4285030033552175,125587.77616271081,125587.54728336324,8.747439495065933,1032.9422858864855,0.0,-2.543849404901266e-06,0.2026176476647379,73814.02661045025,73813.89481038811,5.008762411630802,591.466827908723,0.0,-1.4779477623960702e-06,0.11637030147835503,2628486427.4373116,2628485246.952683,4.309636715711338,505.98478281847065,11600000.0,0.029251698404550552,688.4984384812415
118.0,2.0,6.5324805999554885,5.711644102100206,8.004961089671832,865563.4559580246,25211.8816692071,79.73865994253251,0.0,0.9800007362387716,2.9999999999999996,890775.3376272294,890773.7138339953,61.67584058175343,7407.697109189707,0.0,-1.291068474529311e-05,1.424122342847113,125570.28375831059,125570.05559187241,8.745845674042826,1050.433977234571,0.0,-2.6865882318816148e-06,0.20190459552486573,73804.01049895228,73803.87911751652,5.007846395172127,601.4825206990672,0.0,-1.5591913324897178e-06,0.11595159385160514,2628686415.9534273,2628685238.334455,4.309127291564118,514.6030374015988,11800000.0,0.02927832305431366,685.6328087300062
120.0,2.0,6.532603787864136,5.711278800518906,8.005611561570996,865440.2930239958,25211.71053728933,79.7247270821001,0.0,0.9800007397705253,2.9999999999999996,890652.0035612878,890650.3841231997,61.664855400374186,7531.026819990455,0.0,-1.2905480616609566e-05,1.419767201967261,125552.79457327299,125552.56701315023,8.74428929190213,1067.9225558183753,0.0,-2.824970579240471e-06,0.20129814172832994,73793.9962298044,73793.8652137185,5.00695185960115,611.4964244182695,0.0,-1.6380151919292985e-06,0.11558616517072551,2628886404.8686624,2628885229.7172155,4.308630530222646,523.2202984620442,12000000.0,0.029299907386302948,683.1653048321605
122.0,2.0,6.532720177265238,5.710920807479761,8.006240988703485,865317.1508858543,25211.5395079263,79.71111115828059,0.0,0.9800007432932732,2.9999999999999996,890528.6903937809,890527.0758839812,61.65411960450615,7654.335059199468,0.0,-1.291501394007355e-05,1.414838904151111,125535.30828916951,125535.08147653905,8.742768239852351,1085.40809229808,0.0,-2.956439175250125e-06,0.20055051795566214,73783.98364500495,73783.85305844752,5.006077597684107,621.5085796136377,0.0,-1.7136221686087083e-06,0.11515656108940675,2629086393.0008,2629085221.10094,4.308145716237976,531.8365898945201,12200000.0,0.02931603044271469,679.9137340411544
124.0,2.0,6.532830015789139,5.710569725278655,8.00685017580625,865194.0297366449,25211.36859650731,79.69779477464928,0.0,0.9800007468041606,2.9999999999999996,890405.398333156,890403.7886449753,61.64361950600614,7777.62229821148,0.0,-1.2908907592645846e-05,1.410017291238546,125517.82504781436,125517.5989152487,8.74128057803166,1102.8906534541434,0.0,-3.090727204835275e-06,0.19987031887058038,73773.97281762087,73773.84261337336,5.005222498763861,631.5190246111655,0.0,-1.7902581248563365e-06,0.11477417454295846,2629286381.538251,2629285212.485616,4.307672191847637,540.4519342782154,12400000.0,0.029336392879486084,677.0665292143822
126.0,2.0,6.532933514860427,5.7102252254403885,8.007439860021327,865070.9282913631,25211.197786216977,79.68476349910544,0.0,0.9800007501301781,2.9999999999999996,890282.1260775797,890280.5219576698,61.63334365617238,7900.888985523824,0.0,-1.2902090929856058e-05,1.4044490272508483,125500.34463799946,125500.11926558708,8.739824761391914,1120.3703029769272,0.0,-3.2295615710609127e-06,0.19911002675098644,73763.96362070154,73763.83384193986,5.004385676676028,641.5277959645175,0.0,-1.8704010926740011e-06,0.11434860856411433,2629486369.8007073,2629485203.871223,4.307209404865135,549.0663530879457,12600000.0,0.029361968860030174,673.9434044416994
128.0,2.0,6.533030886985135,5.709886910644593,8.008010672627524,864947.8467263808,25211.02707919559,79.67200024415693,0.0,0.9800007533868405,2.9999999999999996,890158.8738055737,890157.2754003332,61.62327867149723,8024.1355428668185,0.0,-1.2895629879494663e-05,1.398734364237498,125482.8670642347,125482.64246776875,8.738398839562903,1137.847100656053,0.0,-3.368772922840435e-06,0.19833394111901725,73753.95603567844,73753.82670982895,5.003566015771724,651.5349279960609,0.0,-1.949771217368834e-06,0.11389561699968453,2629686357.8702545,2629685195.2577333,4.306756717325066,557.6798665225958,12800000.0,0.029385775327682495,670.6264650523663
130.0,2.0,6.533122344545506,5.709554431764038,8.008563412677372,864824.7865873736,25210.856492837807,79.6594899768224,0.0,0.9800007566310796,2.9999999999999996,890035.6430802114,890034.0485748348,61.61341275323663,8147.362368373292,0.0,-1.2887549928564113e-05,1.3948345083963432,125465.39235717313,125465.16846541308,8.73700111363366,1155.3211028833205,0.0,-3.4971715194842545e-06,0.19762910681606627,73743.95012322748,73743.82118466773,5.002762543718832,661.5404530834986,0.0,-2.0235546571711893e-06,0.11350825348029048,2629886346.3503456,2629885186.6451364,4.306313566233266,566.2924936550623,13000000.0,0.0294159185141325,667.7191832792014
132.0,2.0,6.533208080124372,5.7092274691914975,8.009098854256456,864701.7448497805,25210.686003626135,79.64721899019499,0.0,0.9800007598611868,2.9999999999999996,889912.4308534091,889910.8411046183,61.603735113290355,8270.569838599873,0.0,-1.287752456846647e-05,1.3900779327268538,125447.9204064243,125447.69720517426,8.73563005461846,1172.7923629925574,0.0,-3.6267517771193525e-06,0.19693846721952468,73733.94577408163,73733.8172357977,5.001974384958893,671.5444018534164,0.0,-2.123664557984739e-06,0.11310787754894136,2630086334.908835,2630085178.033399,4.305879437327274,574.9042525297169,13200000.0,0.029437541961669922,664.889431476593
134.0,2.0,6.533288286767914,5.708905720766673,8.009617614291006,864578.7230652254,25210.51562979997,79.63517438192764,0.0,0.9800007630758125,2.9999999999999996,889789.2386950244,889787.6526334322,61.59423559622978,8393.758309792333,0.0,-1.2871156286564656e-05,1.3863907404720521,125430.45134204022,125430.22863660149,8.734284223135518,1190.2609314388285,0.0,-3.7532552141783526e-06,0.19644252941748164,73723.94307413422,73723.81483429474,5.001200715185333,681.5468032837871,0.0,-2.196256900788285e-06,0.1128093605129834,2630286324.2365904,2630285169.422513,4.305453847377008,583.515160224471,13400000.0,0.029459141194820404,662.8280946239829
136.0,2.0,6.533363144917112,5.708588903925641,8.01012029717134,864455.7198607636,25210.345364659508,79.62334412112415,0.0,0.9800007662737436,2.9999999999999996,889666.0652254221,889664.4828239732,61.584904732128656,8516.92811925659,0.0,-1.2865908502135426e-05,1.382730602483207,125412.98508799232,125412.76271191049,8.732962276994428,1207.7268559928173,0.0,-3.890267862516339e-06,0.1961130355023215,73713.94200745746,73713.81395268542,5.000440765690921,691.547684815169,0.0,-2.274192752338422e-06,0.11262421513185927,2630486314.5263925,2630485160.812469,4.305036346310139,592.1252329170912,13600000.0,0.02948782965540886,661.7279693894088
138.0,2.0,6.533432803222904,5.708276760076463,8.010607467798481,864332.734617085,25210.175183621854,79.6117171975051,0.0,0.9800007694537695,2.9999999999999996,889542.9098007092,889541.3313521122,61.57573385435779,8640.079586965307,0.0,-1.7018131984514184e-05,1.3787735982750746,125395.52131003772,125395.2993872086,8.73166298793825,1225.1901819686937,0.0,-2.616285200929269e-06,0.19566105677586165,73703.94235860647,73703.81456575442,4.999693832979665,701.5470724811283,0.0,-1.5392316754514468e-06,0.11236303009798121,2630686304.0579095,2630685152.2117705,4.304626522229404,600.73448596155,13800000.0,0.038042403757572174,659.8687394633889
140.0,2.0,6.533497434733588,5.707969037165861,8.01107965677871,864209.7689780141,25210.00510175007,79.6002830005438,0.0,0.98000077255755,2.9999999999999996,889419.7740797632,889418.1979229613,61.5667145781066,8763.21301612152,0.0,-1.701283144939225e-05,1.3764818084764556,125378.06001473976,125377.83861669044,8.73038519348882,1242.6509523556713,0.0,-2.747462758634356e-06,0.19513614580205285,73693.94414800647,73693.81664717787,4.998959250798991,711.5449909827263,0.0,-1.6141888181664399e-06,0.11207093170071403,2630886293.2000313,2630885143.603354,4.3042239781493965,609.3429339178489,14000000.0,0.03807380236685276,657.6193092111498
142.0,2.0,6.533557188115514,5.707665495876441,8.01153741966778,864086.8206716309,25209.835110263466,79.58903152733846,0.0,0.9800007754921612,2.9999999999999996,889296.655781894,889295.0822450152,61.55783897706708,8886.328694075653,0.0,-1.700482789601665e-05,1.3738618933875841,125360.60125341035,125360.3803609453,8.729127811783501,1260.1092079792384,0.0,-2.8690315048152115e-06,0.1946304399557448,73683.94738694916,73683.82017431081,4.998236398816905,721.5414637803601,0.0,-1.683615209913114e-06,0.1117826720269477,2631086282.45271,2631085134.9957166,4.303828339670984,617.9505905971909,14200000.0,0.038093077018857,655.4796447623521
144.0,2.0,6.533612220141567,5.707365911954892,8.011981287057097,863963.8900710377,25209.66521731875,79.57795325003278,0.0,0.9800007784137128,2.9999999999999996,889173.5552883575,889171.9840457476,61.54909963740283,9009.426893350459,0.0,-1.699766107776668e-05,1.3715676317460748,125343.14503165499,125342.92458137855,8.72788972113132,1277.564987421501,0.0,-2.993518592120381e-06,0.19418812685717057,73673.95209978709,73673.82512496761,4.997524635702259,731.5365130517646,0.0,-1.7554077658132883e-06,0.11154478135426871,2631286272.266745,2631285126.3888636,4.303439255796369,626.5574691087836,14400000.0,0.03811858035624027,653.900558212772
146.0,2.0,6.5336626976156404,5.707070074282999,8.012411746258241,863840.9785118075,25209.4954453674,79.56703933726637,0.0,0.9800007813168503,2.9999999999999996,889050.4739571759,889048.9030665474,61.54048960322018,9132.5078725569,0.0,-1.6991416487144306e-05,1.3712156564979523,125325.69162174211,125325.47124137483,8.72666993780786,1295.0183272971167,0.0,-3.121620920865098e-06,0.194118089593303,73663.958400665,73663.83147809857,4.996823397868018,741.5301598475006,0.0,-1.8287147440787521e-06,0.11149245500098459,2631486263.820958,2631485117.7827687,4.3030563983703205,635.1635819055242,14600000.0,0.03813653998076916,654.0608840566128
148.0,2.0,6.533708743327205,5.706777783635091,8.012829262307456,863718.0839663352,25209.325764266378,79.55628147983198,0.0,0.9800007842010899,2.9999999999999996,888927.4097306026,888925.8390618899,61.53200233208265,9255.571877221066,0.0,-1.6984691683319397e-05,1.370993747446846,125308.240702328,125308.02030617782,8.725467534483965,1312.4692623660846,0.0,-3.2496720905328402e-06,0.19413374444752662,73653.96614220535,73653.83921371706,4.996132154093827,751.5224241556882,0.0,-1.9020351373910671e-06,0.11149830353883772,2631686255.6976285,2631685109.177436,4.30267945917154,643.7689408238673,14800000.0,0.038162605836987495,654.5429133344442
150.0,2.0,6.533750489248645,5.706488852020463,8.01323428031297,863595.2072217469,25209.156184720698,79.54567186115052,0.0,0.9800007870659426,2.9999999999999996,888804.3634064689,888802.7917985581,61.52363166909288,9378.61914055925,0.0,-1.6978334315354005e-05,1.3719329518753511,125290.79231424516,125290.5717427705,8.724281638836386,1329.9178256437574,0.0,-3.3793201055232203e-06,0.19430893928642945,73643.97535226325,73643.84831283402,4.995450404599543,761.5133249648873,0.0,-1.9758797407121165e-06,0.11160917064376008,2631886248.3736005,2631885100.572846,4.30230814862172,652.3735571211107,15000000.0,0.03818896412849426,655.8235016167164
152.0,2.0,6.533788052621087,5.706203101629916,8.013627225621235,863472.3463075185,25208.986683384566,79.53520311195032,0.0,0.9800007899108215,2.9999999999999996,888681.3329909011,888679.7610549417,61.51537181118137,9501.649884181614,0.0,-1.697237166808918e-05,1.3722610064360197,125273.34623037845,125273.12551978909,8.723111428511254,1347.36404850078,0.0,-3.5037064662901685e-06,0.19444792959438928,73633.98588734986,73633.858757406,4.994777678176971,771.5028803212412,0.0,-2.0475487190196873e-06,0.11169961360462821,2632086240.9702687,2632085091.9689803,4.301942194080728,660.9774415092721,15200000.0,0.038207730278372765,657.0240542497486
154.0,2.0,6.533821557067731,5.705920360382827,8.014008505311525,863349.5025085462,25208.81728283685,79.52486814154432,0.0,0.9800007927351532,2.9999999999999996,888558.3197913845,888556.7466206017,61.50721717412502,9624.664318529864,0.0,-1.696406616247259e-05,1.3734958381137403,125255.90267240116,125255.68160743728,8.72195611217663,1364.8079607251332,0.0,-3.631162826422951e-06,0.19480217666409771,73623.99786110218,73623.87053029017,4.994113521387718,781.4911073640166,0.0,-2.120600925081817e-06,0.11190040870008033,2632286234.648196,2632285083.3658423,4.3015813338549505,669.580604176982,15400000.0,0.03823242709040642,659.3051444105804
156.0,2.0,6.533851118166548,5.705640467312536,8.014378507581053,863226.6767815853,25208.64798049747,79.51466033169515,0.0,0.980000795534127,2.9999999999999996,888435.3247620824,888433.7482955212,61.499162543234014,9747.662643616331,0.0,-1.6958092601271346e-05,1.3767916225006047,125238.46141019373,125238.23997740149,8.720814952840962,1382.2495906308152,0.0,-3.761265134016867e-06,0.19516987491556392,73614.01117660548,73613.88361519229,4.993457511846906,791.4780223877103,0.0,-2.19478465623979e-06,0.11213093569017474,2632486228.6753836,2632485074.763411,4.301225323773276,678.1830548245285,15600000.0,0.03825177811086178,661.9347824063152
158.0,2.0,6.53387684419028,5.705363803753788,8.01473760094076,863103.8672515049,25208.47875667127,79.50401481931567,0.0,0.9800007981420276,2.9999999999999996,888312.3460081737,888310.7667532043,61.490771162647704,9870.644185941626,0.0,-1.6949761629803106e-05,1.3795800390253135,125221.02251885766,125220.80072508189,8.719626094311408,1399.688842819438,0.0,-3.892242602887563e-06,0.19553072746384714,73604.02582539583,73603.89806666333,4.992774227009534,801.4635708417294,0.0,-2.269724632242287e-06,0.11232818006408252,2632686222.473046,2632685066.161751,4.300843335347026,686.7847414952226,15800000.0,0.03827819600701332,664.334131333977
160.0,2.0,6.533898841679496,5.7050900195586545,8.015086034299333,862981.0738691541,25208.309616077742,79.49343942979317,0.0,0.9800008007222046,2.9999999999999996,888189.3834852354,888187.8018818295,61.48243568998464,9993.609057321595,0.0,-1.694456659606658e-05,1.381928480728675,125203.58605095485,125203.36383467255,8.718445142502299,1417.1257331044426,0.0,-4.016580533061642e-06,0.1959531096608771,73594.04187967196,73593.91387557499,4.992095508291036,811.4477618583114,0.0,-2.3414831957779825e-06,0.11257347277569352,2632886216.4660926,2632885057.5608525,4.300463089015189,695.385667673253,16000000.0,0.03830610774457455,666.9281042721123
162.0,2.0,6.533917218997618,5.704818874131669,8.015424142011874,862858.2982881094,25208.140570500775,79.48297221334022,0.0,0.9800008032890872,2.9999999999999996,888066.4388586102,888064.8535109858,61.474185423403945,10116.557428168404,0.0,-1.694141792540904e-05,1.385672702375814,125186.15194956372,125185.92928205991,8.717276246449613,1434.5602855973418,0.0,-4.136323013881338e-06,0.1964042114275344,73584.05931020241,73583.93102804592,4.991423730390913,821.4306093190933,0.0,-2.4097719233395765e-06,0.11285146401110069,2633086210.727277,2633085048.9606996,4.300086813095755,703.9858412994445,16200000.0,0.03832676634192467,669.7894621156156
164.0,2.0,6.533932062702608,5.704550187807358,8.015752273351314,862735.53853832,25207.971599874556,79.47260591766253,0.0,0.980000805838562,2.9999999999999996,887943.5101381916,887941.9214816977,61.46601464791914,10239.489457464242,0.0,-1.6933725419221446e-05,1.3889815796173934,125168.7201108594,125168.49704474672,8.716118597352095,1451.992522792046,0.0,-4.254806071912753e-06,0.19680270181493142,73574.07802023515,73573.94951111733,4.990758430445546,831.4121261799844,0.0,-2.477467432981939e-06,0.11307835763341245,2633286204.647974,2633285040.361292,4.299714241945754,712.585269783336,16400000.0,0.038347575813531876,672.3095878101885
166.0,2.0,6.533943470178618,5.704283808594806,8.01607074847707,862612.7942803329,25207.80270663887,79.46233437994668,0.0,0.9800008083681379,2.9999999999999996,887820.5969869696,887819.0056446852,61.457918508137546,10362.405294480517,0.0,-1.6929914636421017e-05,1.3916673738440295,125151.29056820282,125151.06710161454,8.714971507125952,1469.4224658062979,0.0,-4.372739340396947e-06,0.19720305948635541,73564.09806278964,73563.96931261991,4.990099215233394,841.3923246104512,0.0,-2.5444189759582514e-06,0.11331934259010268,2633486198.6244817,2633485031.7626305,4.299345149449784,721.1839600822356,16600000.0,0.0383764524012804,674.8847857732326
168.0,2.0,6.5339515333786,5.70401960373299,8.016379871139817,862490.065590939,25207.633887129407,79.45215220249393,0.0,0.9800008108775575,2.9999999999999996,887697.6994780696,887696.1058591877,61.44989275240527,10485.305079985328,0.0,-1.6922678696573712e-05,1.3939439786245202,125133.86321418187,125133.63943275038,8.713834373257079,1486.850134552812,0.0,-4.490379978960846e-06,0.19751778504632966,73554.11935658354,73553.99042107273,4.9894457394405975,851.3712160893324,0.0,-2.612724983919179e-06,0.11350461537813317,2633686192.302966,2633685023.164685,4.298979337390988,729.7819187570175,16800000.0,0.03838943690061569,677.1612288877368
170.0,2.0,6.533956341649289,5.703757449977602,8.01667993197049,862367.3541181835,25207.465171271335,79.44205437297299,0.0,0.9800008133666199,2.9999999999999996,887574.8192894561,887573.2219923261,61.44193343265169,10608.18894685063,0.0,-1.6918955225264654e-05,1.3976222304954717,125116.43836532824,125116.21401935762,8.712706636275945,1504.275547825364,0.0,-4.610588803188875e-06,0.198082203973172,73544.14206762318,73544.01282564034,4.988797682377358,861.3488114540871,0.0,-2.6803552373166895e-06,0.11381101977008257,2633886187.2173157,2633885014.567473,4.298616621667998,738.3791520003534,17000000.0,0.038410842418670654,680.6728116869926
172.0,2.0,6.533957974550057,5.703497234666468,8.01697121033952,862244.6580169969,25207.296525504407,79.43203630350578,0.0,0.9800008158351594,2.9999999999999996,887451.9545425029,887450.3539184653,61.43403693521065,10731.057020721051,0.0,-1.6909300029510632e-05,1.4009491476717812,125099.01566570059,125098.79084367327,8.71158778414258,1521.698723393649,0.0,-4.726654651676654e-06,0.1985581446026572,73534.16604277946,73534.03651607223,4.988154750482573,871.3251209550523,0.0,-2.74750198059337e-06,0.1140956770119601,2634086181.6614513,2634085005.970984,4.298256833669972,746.9756656676934,17200000.0,0.03843555599451065,683.7134610190988
174.0,2.0,6.533956517500115,5.70323885196354,8.01725397440011,862121.9770633052,25207.127951448172,79.4220936864209,0.0,0.9800008182779908,2.9999999999999996,887329.1050147531,887327.501518006,61.42619986434374,10853.909420449738,0.0,-1.7639962607063353e-05,1.4038211265433347,125081.59511256202,125081.36988912763,8.710477337998729,1539.1196780696466,0.0,-4.59629677607154e-06,0.19895968203331904,73524.19124959239,73524.06148280964,4.9875166691402075,881.3001542933328,0.0,-2.671805987120024e-06,0.1143358282263307,2634286175.8703527,2634284997.3766947,4.297899814938217,755.5714652975698,17400000.0,0.03994588553905487,686.5181620568037
176.0,2.0,6.533952057224814,5.702983013758236,8.017528477224431,861999.3125999507,25206.95945429676,79.41137368118872,0.0,0.9800008205646172,2.9999999999999996,887206.2720542462,887204.6659920978,61.417762956975764,10976.74494636369,0.0,-1.763416912581306e-05,1.4063865335938317,125064.17688146676,125063.95132525434,8.709281874463468,1556.5382418185736,0.0,-4.72065858048154e-06,0.19929233570019278,73514.21777536318,73514.08782285861,4.986829939806486,891.2738141729458,0.0,-2.743229060797603e-06,0.11452147863360551,2634486169.540712,2634484988.7817197,4.297498909943007,764.1664631174558,17600000.0,0.03996871039271355,688.7835190109909
178.0,2.0,6.533944674799527,5.702729428460422,8.017794969392508,861876.6646467258,25206.791038291507,79.40053698434112,0.0,0.9800008228052467,2.9999999999999996,887083.4556850154,887081.8475179038,61.40923710048248,11099.563420564655,0.0,-1.762723877618555e-05,1.408491503816549,125046.76097905196,125046.5351775492,8.708073789037503,1573.9543893966486,0.0,-4.847722038903157e-06,0.19953749897945272,73504.24565574582,73504.11555075223,4.986136016851899,901.2460862066496,0.0,-2.815898824337637e-06,0.114673894974203,2634686163.004567,2634684980.187561,4.297090077969236,772.7606432733943,17800000.0,0.03999021649360657,690.8415544331074
180.0,2.0,6.533934440238849,5.702477777160852,8.018053688673533,861754.032997526,25206.62270364466,79.38978355225832,1.1762570144577845e-08,0.9800008250337746,2.9999999999999996,886960.6557011695,886959.0459643492,61.40077677976782,11222.36497412419,0.0,-1.762230385793373e-05,1.4100612174443086,125029.34750317164,125029.12142747999,8.7068749715393,1591.3681393397271,0.0,-4.973859404344694e-06,0.19981156173139425,73494.27489891228,73494.14465580838,4.98544743605315,911.2169810787559,0.0,-2.887642494897591e-06,0.11481193353711205,2634886156.4030185,2634884971.594218,4.296684376660623,781.3540120267155,18000000.0,0.04001571238040924,692.8333745151758
182.0,2.0,6.533921424515631,5.702227870589056,8.018304862083914,861631.4178185763,25206.454444840463,79.37910528990159,3.940794155230436e-08,0.9800008272487465,2.9999999999999996,886837.8722634169,886836.2612131074,61.39237562442246,11345.149725373034,0.0,-1.7615253455005586e-05,1.411374713658006,125011.93629446943,125011.71005832127,8.705684518871996,1608.779508377471,0.0,-5.094827201901353e-06,0.19997189726768738,73484.30546456405,73484.1751283772,4.984763680752876,921.1865084402616,0.0,-2.957318429253064e-06,0.11490494681675045,2635086149.173039,2635084963.0016713,4.2962815052621925,789.9465750372399,18200000.0,0.04003226011991501,694.1959580108523
184.0,2.0,6.5339056989001065,5.701979568405442,8.018548708334386,861508.8188965374,25206.286268492542,79.36849616568148,5.575306323085558e-08,0.9800008294450651,2.9999999999999996,886715.105165033,886713.4931553418,61.38402888550112,11467.917783144036,0.0,-1.760980740073137e-05,1.4123341007980343,124994.52741622737,124994.30105468212,8.704501761114923,1626.1885118997009,0.0,-5.211754569245386e-06,0.20009717743891997,73474.33737665793,73474.20695957843,4.9840843659426906,931.154677172147,0.0,-3.02420892239752e-06,0.11498577258237219,2635286141.981618,2635284954.4099374,4.295881208875821,798.5383374549915,18400000.0,0.04006074368953705,695.5962993949652
186.0,2.0,6.533887334033437,5.7017327523619405,8.018785410683781,861386.236932156,25206.118181883892,79.35795111539541,6.048233486304694e-08,0.9800008316225843,2.9999999999999996,886592.3551140404,886590.7416901893,61.37573257800057,11590.669248300037,0.0,-1.7606289475224912e-05,1.4137482642108807,124977.12096920722,124976.89440230186,8.703326133392885,1643.5951641664867,0.0,-5.32522994944884e-06,0.20030242406915022,73464.3706673249,73464.24014117719,4.983409168004543,941.121495508156,0.0,-3.0894406108927797e-06,0.11509477555603098,2635486135.0611115,2635484945.8189907,4.2954832964797465,807.129304047951,18600000.0,0.040080662816762924,697.2667595110834
188.0,2.0,6.533866390475036,5.701487323196732,8.019015179967553,861263.670965028,25205.950179232404,79.34746588730995,5.3277374703002546e-08,0.9800008337812941,2.9999999999999996,886469.6211442585,886468.0067234825,61.367483356250105,11713.404215012537,0.0,-1.7600623323232867e-05,1.4147451948138041,124959.71686978173,124959.49008787003,8.702157161516284,1660.9994784895193,0.0,-5.434024842543295e-06,0.20051732161164182,73454.40532089137,73454.2746654849,4.982737815147457,951.086971138451,0.0,-3.1514284728473285e-06,0.11522397232306503,2635686128.4333305,2635684937.2288356,4.295087607673476,815.7194792632979,18800000.0,0.04010075330734253,699.2291538119316
190.0,2.0,6.533842932071558,5.701243193639219,8.019238214320964,861141.1218366813,25205.782261845754,79.33703674300442,3.381878090095106e-08,0.9800008359212263,2.9999999999999996,886346.9040985287,886345.2881669331,61.35927827849647,11836.12277156953,0.0,-1.7593030861462466e-05,1.4162560219428997,124942.31513877271,124942.08809889642,8.700994428583346,1678.401467346686,0.0,-5.5504663123429054e-06,0.200775169765393,73444.44130694955,73444.31052528178,4.982070068349455,961.0511112751499,0.0,-3.2178561468754197e-06,0.11535016720313251,2635886121.721929,2635884928.639467,4.2946940013939345,824.3088672660857,19000000.0,0.04011993482708931,701.1071403510869
192.0,2.0,6.533817016316139,5.7010002876425245,8.019454676652325,861018.5884243009,25205.614423850115,79.32666042549747,1.7872179307642033e-09,0.9800008380398124,2.9999999999999996,886224.2028481481,886222.5859373772,61.35111478036508,11958.825001130259,0.0,-1.758823054842651e-05,1.4172352020686958,124924.91571635108,124924.68842364568,8.69983757240908,1695.8011424915044,0.0,-5.656385383190354e-06,0.20102789295424373,73434.47864813394,73434.34771378218,4.981405719863135,971.0139227148761,0.0,-3.2777311389509123e-06,0.1155027913196136,2636086115.102274,2636084920.05089,4.294302354647378,832.8974719753804,19200000.0,0.04014785215258598,703.0760899297893
194.0,2.0,6.533788717492493,5.7007602462383,8.01966476478047,860896.0742619312,25205.446686301686,79.31478380255963,2.2047438815182994e-09,0.9800008401638116,2.9999999999999996,886101.5209482292,886099.9023521525,61.34179261558804,12081.508586361435,0.0,-1.7581727661308832e-05,1.4189205144193693,124907.51890895792,124907.29139072986,8.698516406478317,1713.198175304461,0.0,-5.759246960224118e-06,0.20125331274994096,73424.51747314812,73424.38641913324,4.980647294458526,980.9752173037932,0.0,-3.3377500585629605e-06,0.115622394420825,2636286108.371836,2636284911.46325,4.293827488239489,841.4851269518595,19400000.0,0.04016302153468132,704.9333071522415
196.0,2.0,6.533758087898019,5.700521921105522,8.019868653572,860773.5790539616,25205.279033900857,79.3030079193205,3.154791493749999e-09,0.9800008421108052,2.9999999999999996,885978.8580878595,885977.2372535804,61.33254928697215,12204.17368493538,0.0,-1.7579932318767533e-05,1.4211587185891403,124890.12452751091,124889.89697767145,8.697206472616735,1730.5925882496945,0.0,-5.872426754649496e-06,0.2012848109720835,73414.55770313546,73414.42662840917,4.979895330214121,990.9350079642214,0.0,-3.401389562895929e-06,0.11564304218757115,2636486100.3796816,2636484902.876557,4.293356832672292,850.0718406172041,19600000.0,0.04018339887261391,705.5278662182391
198.0,2.0,6.533725184851068,5.700285063484136,8.020066518851488,860651.1011559026,25205.111480249187,79.29132174344502,4.133498476985264e-09,0.9800008440447717,2.9999999999999996,885856.21263615,885854.5905011751,61.32337620870355,12326.820437352788,0.0,-1.756773781380616e-05,1.4224594264851476,124872.73285518964,124872.5051645978,8.695906478969478,1747.9844012076335,0.0,-5.988144266666495e-06,0.2014254476359838,73404.59948107274,73404.46833016335,4.9791490892160475,1000.8933061426535,0.0,-3.468780732873711e-06,0.11571915789977538,2636686093.1674166,2636684894.290802,4.292889970689457,858.657620558583,19800000.0,0.040208470076322556,706.9013811461627
200.0,2.0,6.533690063117095,5.700049493940733,8.020258525308906,860528.641223862,25204.94402598044,79.27971611410871,5.136590607225634e-09,0.9800008459650953,2.9999999999999996,885733.5852498414,885731.9619687899,61.31426619228345,12449.448969737356,0.0,-1.7568390831002034e-05,1.4236055025448877,124855.34388495311,124855.1159336767,8.694615406294677,1765.3736320202229,0.0,-6.096648121456383e-06,0.2016860236985849,73394.64280184911,73394.51151412596,4.978407988034136,1010.8501221187217,0.0,-3.5301017078381847e-06,0.11585591033883702,2636886086.427768,2636884885.7059608,4.292426532633029,867.242473623849,20000000.0,0.04022028297185898,708.746585868299
202.0,2.0,6.533652770814965,5.699815077838856,8.020444828986442,860406.1992725855,25204.776669548566,79.26818412884448,6.162632082086657e-09,0.9800008478701617,2.9999999999999996,885610.9759421353,885609.3515411498,61.30521382092608,12572.059397379207,0.0,-1.7566684618941508e-05,1.4247254382735264,124837.95749661842,124837.72926859697,8.693332487224522,1782.760296994672,0.0,-6.201927135407459e-06,0.2019626634546512,73384.68763569176,73384.55617089088,4.9776715872346955,1020.8054652931911,0.0,-3.590712708501087e-06,0.11603292745860472,2637086080.0200663,2637084877.12205,4.291966239621826,875.8264061030927,20200000.0,0.04024181887507439,710.9228163771331
204.0,2.0,6.5336133538186925,5.699581709812906,8.020625553898979,860283.7745323615,25204.60940533091,79.25672036224145,7.21018151385146e-09,0.9800008497587367,2.9999999999999996,885488.3839376916,885486.7591114893,61.2962148371718,12694.65182705355,0.0,-1.755283483362291e-05,1.4251506688651716,124820.57372300213,124820.34515425889,8.692057118733807,1800.1444112321396,0.0,-6.302544534264598e-06,0.20230328464003833,73374.73393304598,73374.60229166753,4.9769395413534925,1030.759344375898,0.0,-3.731356400749064e-06,0.11620936438180252,2637286073.900293,2637284868.539067,4.291508872192523,884.4094238474778,20400000.0,0.04027654603123665,713.3860607333481
206.0,2.0,6.533571859054187,5.69934930480143,8.020800851766504,860161.3685424104,25204.442226866955,79.24532041549205,8.277808140551838e-09,0.980000851629883,2.9999999999999996,885365.8107692768,885364.184579915,61.28726578933182,12817.226358632215,0.0,-1.754843833623454e-05,1.4265138327682507,124803.19229494102,124802.96357653737,8.690788812001195,1817.525988856142,0.0,-6.40006260255177e-06,0.20245284753104897,73364.78160655324,73364.64986847142,4.976211570232898,1040.7117675163638,0.0,-3.787002015087637e-06,0.11630601210640634,2637486066.6752763,2637484859.956968,4.291054252203946,892.9915323518857,20600000.0,0.04028609022498131,714.7431526444852
208.0,2.0,6.533528342105102,5.6991177936898785,8.020970875075275,860038.9817219239,25204.275153389885,79.23398069521103,9.364094661277211e-09,0.9800008534838061,2.9999999999999996,885243.256875316,885241.6278522065,61.27836385839741,12939.78308634901,0.0,-1.7540192857268266e-05,1.429347588784367,124785.81346105276,124785.5845220854,8.689527167444798,1834.9050431910316,0.0,-6.5171454934898065e-06,0.20267329416196844,73354.83074142176,73354.69889351471,4.975487444778754,1050.6627424059213,0.0,-3.854152282656287e-06,0.11641577018122007,2637686059.6684365,2637684851.375795,4.290602233954168,901.572736819794,20800000.0,0.04031761363148689,716.3175173588097
210.0,2.0,6.533482846593038,5.698887118230366,8.0211357582383,859916.6129507548,25204.10818516043,79.22269815966895,1.0467648201966298e-08,0.980000855320716,2.9999999999999996,885120.7211359137,885119.0888388964,61.26950665824013,13062.32209966549,0.0,-1.7533815480419435e-05,1.4326215029777813,124768.43726733519,124768.20797828311,8.688271846914619,1852.2815868848609,0.0,-6.625598189202719e-06,0.20302327041804347,73344.88142086305,73344.74935951072,4.974766971015251,1060.6122763479518,0.0,-3.916108425983111e-06,0.11662915350575531,2637886053.5756106,2637884842.7955103,4.290152693966587,910.1530422077273,21000000.0,0.04033840820193291,718.8049968592823
212.0,2.0,6.533435416260683,5.6986572259298836,8.021295639836953,859794.2624388674,25203.941322712926,79.2114700662302,1.158711570053883e-08,0.9800008571383623,2.9999999999999996,884998.2037615799,884996.5674542462,61.26069203602178,13184.843483737535,0.0,-1.8111913959728554e-05,1.4366312412130355,124751.06370247857,124750.83393327262,8.687022546467498,1869.6556319777958,0.0,-6.543159315697267e-06,0.2035035067312947,73334.93359264596,73334.80125960981,4.974049974513168,1070.5603762969781,0.0,-3.867992290906841e-06,0.11690088544264654,2638086048.319531,2638084834.217295,4.289705520814881,918.732453249357,21200000.0,0.04153432697057724,722.1283282265067
214.0,2.0,6.5333860859212525,5.698428069512382,8.02145059600594,859671.928681819,25203.77455018964,79.20029394180148,1.2721180012315121e-08,0.9800008589349232,2.9999999999999996,884875.7032320095,884874.0636181484,61.25191805060526,13307.347319838746,0.0,-1.8108481526724063e-05,1.439937772034682,124733.69269527141,124733.46237518659,8.685778991995955,1887.0271899617876,0.0,-6.645197345278575e-06,0.204054283567757,73324.98724119678,73324.85458695558,4.9733362979200955,1080.5070488928184,0.0,-3.926382532881689e-06,0.11722203210297266,2638286043.350907,2638284825.638794,4.289260614001329,927.3109744773597,21400000.0,0.04155433177947998,725.7382253408432
216.0,2.0,6.5333348989408115,5.698199606349427,8.021600786745774,859549.6133245816,25203.60786942249,79.18916774105536,1.4533815678585299e-08,0.9800008606203414,2.9999999999999996,884753.221194003,884751.5772520602,61.243183046321214,13429.833685931388,0.0,-1.810410867619794e-05,1.4442658581410797,124716.32413615663,124716.09329309751,8.684540989546822,1904.3962719408812,0.0,-6.755180720574572e-06,0.20457714788085468,73315.0422785253,73314.90933523451,4.972625829118475,1090.4523005510553,0.0,-3.989219521827181e-06,0.1175110188621602,2638486037.966029,2638484817.0611796,4.288817890602663,935.888610258565,21600000.0,0.041575804352760315,728.9309834390879
218.0,2.0,6.533281902509673,5.69797179845268,8.021746345694181,859427.3155874949,25203.441293352545,79.17808939857139,1.6767910561572067e-08,0.9800008622317038,2.9999999999999996,884630.7568808526,884629.108277002,61.23448542387652,13552.30265677914,0.0,-2.2314530724543147e-05,1.4489235555101914,124698.9582472577,124698.72667773545,8.683308295984482,1921.7628885328502,0.0,-5.525269671124988e-06,0.2053048409195526,73305.09885830706,73304.96549908696,4.971918428773115,1100.3961374086016,0.0,-3.2792208912724163e-06,0.1179276581628983,2638686033.593317,2638684808.49304,4.288377266705193,944.4653647919754,21800000.0,0.05019078403711319,733.1350258365273
220.0,2.0,6.533227130065917,5.697744609732987,8.021887382338758,859305.0350206718,25203.274814109867,79.16705689581293,1.897894406304915e-08,0.9800008638321882,2.9999999999999996,884508.3098347842,884506.6566297369,61.225823635532734,13674.754304050206,0.0,-2.2308580810204148e-05,1.4535247581952717,124681.5948643875,124681.36251630475,8.68208066376528,1939.1270498603808,0.0,-5.628437065752223e-06,0.20608329824972316,73295.15688837525,73295.02307111744,4.971213955220229,1110.3385653190421,0.0,-3.3383034860889893e-06,0.11838563679384606,2638886029.8898764,2638884799.917181,4.287938660273628,953.0412421125227,22000000.0,0.050209034234285355,738.00746249035
222.0,2.0,6.5331706167744015,5.697518007420497,8.022023964515553,859182.7721851196,25203.108419347023,79.15606851222621,2.1166184980070518e-08,0.980000865420123,2.9999999999999996,884385.8806044664,884384.2222370779,61.21719633060039,13797.188696711406,0.0,-2.2306374376057647e-05,1.4586871015726501,124664.23381696461,124664.00080040176,8.680857902475534,1956.4887656653318,0.0,-5.726482413592748e-06,0.2067516803090257,73285.2162463856,73285.08204646365,4.970512298993769,1120.2795899170296,0.0,-3.3941041692742147e-06,0.1187682451263754,2639086025.343395,2639084791.3421926,4.287502001322702,961.6162461151681,22200000.0,0.0502246730029583,742.0359853617847
224.0,2.0,6.533112407989293,5.6972919613931,8.022156241214223,859060.5285199585,25202.942135658155,79.14512266416011,2.3328904027449217e-08,0.9800008669955471,2.9999999999999996,884263.4706556197,884261.8050325483,61.20860226672553,13919.605901244857,0.0,-2.2302552679320797e-05,1.4659427883489116,124646.87537304393,124646.64152062107,8.679639836304457,1973.8480453379407,0.0,-5.834565854456741e-06,0.20758743224268983,73275.27709613566,73275.14241968414,4.9698133589911775,1130.219216635012,0.0,-3.4556310311018024e-06,0.11924471317388452,2639286021.5796824,2639284782.768079,4.287067225467855,970.1903805661038,22400000.0,0.05024527758359909,746.8464069291949
226.0,2.0,6.533052525325775,5.697066443833161,8.022284331167262,858938.3009982784,25202.775943077,79.1342178883639,2.5466376158779934e-08,0.9800008685575627,2.9999999999999996,884141.0769413532,884139.4049519637,61.20004029549719,14042.005981835851,0.0,-2.2296129827736877e-05,1.472309112747098,124629.51954021087,124629.28466791128,8.678426303167615,1991.204897944276,0.0,-5.93801200921007e-06,0.20860720550876977,73265.33944330152,73265.20418554056,4.969117041980661,1140.1574507189732,0.0,-3.5152545478922548e-06,0.11982596299708348,2639486018.676543,2639484774.194833,4.286634273184802,978.7636491124734,22600000.0,0.05026782304048538,752.5165363624692
228.0,2.0,6.532991004430804,5.696841428866431,8.022408278875165,858816.0900393896,25202.609842660844,79.12335282318573,2.757788308997459e-08,0.9800008701056514,2.9999999999999996,884018.6998820476,884017.021933272,61.19150934841705,14164.389000532685,0.0,-2.229097117378842e-05,1.478268504028165,124612.16617776187,124611.9302335101,8.677217152119939,2008.5593322485158,0.0,-6.034961870682309e-06,0.20967906075497922,73255.40322493832,73255.267338963,4.968423261136733,1150.0942972412467,0.0,-3.570528861018829e-06,0.12045412206680339,2639686016.4048166,2639684765.6224437,4.2862030890898914,987.3360552906532,22800000.0,0.05028487369418144,758.8172159306705
230.0,2.0,6.532927873496075,5.696616892336622,8.022528194198314,858693.8970313946,25202.443813973743,79.11252619681007,2.9662714595204507e-08,0.9800008716401416,2.9999999999999996,883896.3408453686,883894.6559164178,61.183008427921116,14286.755017388527,0.0,-2.2289312255452387e-05,1.4852486808395042,124594.81496809438,124594.57820892367,8.676012241888923,2025.9113567322936,0.0,-6.137604259492946e-06,0.21049387703601496,73245.46822664542,73245.33187503407,4.967731935185297,1160.0297611116173,0.0,-3.629095999713172e-06,0.12091969953939952,2639886012.242113,2639884757.0509176,4.285773621477448,995.9076025336082,23000000.0,0.05030606687068939,763.2260596603155
232.0,2.0,6.532863183462997,5.6963928116308855,8.022644199435627,858571.721748038,25202.27790862177,79.10173681886279,3.1720169373609696e-08,0.9800008731606346,2.9999999999999996,883773.9996566582,883772.3068432283,61.17453659992934,14409.104090588386,0.0,-2.227899676654488e-05,1.4931331702828174,124577.46647172206,124577.22858594233,8.674811440528687,2043.260979613351,0.0,-6.2378931033890694e-06,0.21162038577676867,73235.53479524107,73235.39778899992,4.9670429881897045,1169.9638470879968,0.0,-3.686863692564657e-06,0.12157427156716949,2640086010.549258,2640084748.4802475,4.285345821935234,1004.4782941774786,23200000.0,0.05032758414745331,770.1038964241743
234.0,2.0,6.532796947624072,5.696169166209458,8.022756341926112,858449.5629209261,25202.1120875426,79.09098360628165,3.374954956424665e-08,0.9800008746635683,2.9999999999999996,883651.6750084689,883649.974657203,61.16609301282839,14531.436276614042,0.0,-2.227867480542045e-05,1.5006710066973028,124560.12040822498,124559.88135659155,8.67361462921102,2060.608208871773,0.0,-6.3302513808594085e-06,0.21278614711536648,73225.60274672908,73225.46507624348,4.966356351697049,1179.896559791391,0.0,-3.7399161101348e-06,0.12223846297888485,2640286008.8783293,2640284739.9104238,4.284919646294741,1013.048133470068,23400000.0,0.05034313350915909,777.0028067603707
236.0,2.0,6.532729196743901,5.695945987080314,8.022864716689897,858327.4225588383,25201.946342714647,79.08026795393667,3.5749718834376676e-08,0.9800008761497752,2.9999999999999996,883529.3689015527,883527.6592996813,61.15767876313726,14653.751634140317,0.0,-2.227404183940962e-05,1.5099216168091516,124542.77643892476,124542.53651255724,8.672421963609322,2077.953052798992,0.0,-6.437338015530258e-06,0.21366077411948936,73215.67191602255,73215.53373195375,4.965672114207905,1189.8279040198067,0.0,-3.8012258301023394e-06,0.1227519848580414,2640486005.4009237,2640484731.3414583,4.284495148731888,1021.6171237675318,23600000.0,0.05036799609661102,782.0943915098906
238.0,2.0,6.532659981831289,5.695723204247689,8.022969440182322,858205.2973198419,25201.780701623353,79.06958666099678,3.901683860316969e-08,0.9800008774929622,2.9999999999999996,883407.0780214649,883405.3607171518,61.14929126654075,14776.050216673399,0.0,-2.22704929910833e-05,1.5176240620112367,124525.43522671836,124525.19404618951,8.671233134048371,2095.2955190670887,0.0,-6.5369699768780265e-06,0.21491483581257853,73205.74265926419,73205.60375170216,4.964990097354037,1199.757884214515,0.0,-3.85810653824592e-06,0.12347542120460275,2640686004.1929245,2640684722.773335,4.284072202070457,1030.1852681716728,23800000.0,0.05038905888795853,789.4545366838574
240.0,2.0,6.53258933548887,5.695500773981033,8.023070543587554,858083.188450856,25201.615140235757,79.0589373318063,4.2410207294241065e-08,0.9800008788073993,2.9999999999999996,883284.80359109,883283.078859752,61.140928707213575,14898.332074087826,0.0,-2.2255801013670862e-05,1.5250511015910888,124508.0962832087,124507.85395043723,8.670047831920886,2112.6356147309302,0.0,-6.62541106066783e-06,0.21606698999266882,73195.81470310726,73195.67513134053,4.9643101250501624,1209.6865044646152,0.0,-3.969641966250492e-06,0.12413951437747528,2640886002.5007563,2640884714.2060556,4.283650710031893,1038.7525695917366,24000000.0,0.05041114240884781,796.3296698704362
242.0,2.0,6.532517274957089,5.695278680391739,8.02316812835776,857961.096419928,25201.449647998157,79.04831909076479,4.572073432993549e-08,0.9800008801144284,2.9999999999999996,883162.5460679228,883160.813678933,61.13259041024885,15020.597254908324,0.0,-2.225438947789371e-05,1.5327087549085263,124490.75947726892,124490.51621842856,8.668865952216366,2129.9733466353628,0.0,-6.729651431669481e-06,0.2169929546489584,73185.88797448548,73185.74786700674,4.963632137008954,1219.613768738633,0.0,-4.029413958051009e-06,0.12467516661536138,2641085999.2816586,2641084705.6396017,4.283230637011355,1047.3190308657593,24200000.0,0.05041848123073578,801.6770335286856
244.0,2.0,6.532443838243338,5.695056912879942,8.02326229381873,857839.0202519061,25201.284267951218,79.03773136050567,4.894834998972231e-08,0.9800008814124013,2.9999999999999996,883040.3045198576,883038.5651270909,61.124275921897926,15142.845806752119,0.0,-2.2252652343013324e-05,1.5397125334911834,124473.425397091,124473.18084347084,8.667687431650707,2147.308721498664,0.0,-6.82407198837609e-06,0.21828764003794277,73175.96281458568,73175.82195475954,4.962956096614311,1229.5396809318618,0.0,-4.083384737896267e-06,0.1254274600496501,2641285998.6387086,2641284697.0740023,4.282811959291081,1055.8846547843414,24400000.0,0.050442956387996674,809.5997073873878
246.0,2.0,6.532369033459676,5.694835461127783,8.023353058259739,857716.9617572358,25201.118945290098,79.02717357933452,5.2092993022992924e-08,0.9800008827015544,2.9999999999999996,882918.0807025235,882916.333157493,61.115984801718106,15265.077776355554,0.0,-2.2247082597459666e-05,1.5478648027656163,124456.09322066435,124455.84781895885,8.666512207996378,2164.641745914657,0.0,-6.920065970916767e-06,0.21913562937243114,73166.03874483005,73165.89739076867,4.96228196785113,1239.464244867564,0.0,-4.138544682064094e-06,0.1259216401140293,2641485995.041384,2641484688.5092335,4.282394653861898,1064.449444092065,24600000.0,0.0504634752869606,814.5671723261476
248.0,2.0,6.532292898466983,5.694614314415373,8.023440548003881,857594.9181494347,25200.95372242541,79.01664516959869,5.515462004308476e-08,0.9800008839814417,2.9999999999999996,882795.8718718566,882794.1177243021,61.10771659633369,15387.293209548221,0.0,-2.2245341824600473e-05,1.5544673285876343,124438.76368341742,124438.51713842913,8.66534021748764,2181.9724263496323,0.0,-7.0148084887478035e-06,0.22027881741860256,73156.11616997806,73155.97417128689,4.961609713830402,1249.3874642952248,0.0,-4.192672577119083e-06,0.12656621579276361,2641685993.585796,2641684679.9452972,4.281978697101567,1073.013401486268,24800000.0,0.050484634935855865,821.6755413785577
250.0,2.0,6.532215448093617,5.6943934624792245,8.023524797041441,857472.891388027,25200.788564159964,79.00614557854321,5.813319284769629e-08,0.980000885251084,2.9999999999999996,882673.6799521829,882671.918782564,61.09947087160222,15509.492151291426,0.0,-2.2240248654270545e-05,1.5614893980928173,124421.43619111796,124421.18879554009,8.664171399319121,2199.300769148271,0.0,-7.1052127168513834e-06,0.22112931659648893,73146.194789253,73146.05229263619,4.96093929936137,1259.3093428939476,0.0,-4.24464701609395e-06,0.12706408945200565,2641885990.209112,2641884671.3821826,4.28156406639369,1081.5765296190555,25000000.0,0.050498124212026596,826.8619857989252
252.0,2.0,6.5321366983551625,5.694172895751288,8.023605880179986,857350.8799805215,25200.62349437512,78.99567428878424,6.102867567083998e-08,0.9800008865107239,2.9999999999999996,882551.5034748964,882549.7362881255,61.09124722180434,15631.674645735035,0.0,-2.223512638011016e-05,1.5675065552022716,124404.11120564981,124403.86278403363,8.663005696160715,2216.6267805405923,0.0,-7.219353392429184e-06,0.22215524076909787,73136.27483097205,73136.13175118828,4.960270691260044,1269.2298842764676,0.0,-4.310034455556888e-06,0.1276471910196051,2642085987.845798,2642084662.819909,4.281150740587809,1090.138831100231,25200000.0,0.050526104867458344,833.0609731301665
254.0,2.0,6.532056671203318,5.693952603300411,8.023683874785478,857228.8846547471,25200.458499843797,78.98523072205114,6.384106195844088e-08,0.9800008877580103,2.9999999999999996,882429.3431545894,882427.5701977446,61.08304519195507,15753.840736118944,0.0,-2.2232083210838027e-05,1.5732766320998053,124386.78841108631,124386.53909785721,8.661843044848466,2233.950466630289,0.0,-7.306072802748531e-06,0.22304676696512615,73126.35616072445,73126.2125434329,4.959603852995626,1279.149091982459,0.0,-4.359417516752728e-06,0.12818464941096863,2642285984.94695,2642284654.258447,4.280738696093039,1098.7003084924172,25400000.0,0.05054157227277756,838.7236024662852
256.0,2.0,6.531975393292117,5.6937325743516745,8.023758807355591,857106.9057251113,25200.293574725587,78.97481431013547,6.657035286510952e-08,0.9800008889914598,2.9999999999999996,882307.199299838,882305.4204690777,61.07486433542048,15875.990464789786,0.0,-2.222823241027072e-05,1.579150551573548,124369.46774251202,124369.2177309953,8.660683383004084,2251.2718333962976,0.0,-7.401978109555785e-06,0.22374495868189115,73116.43868397456,73116.29466588091,4.958938748503736,1289.0669694794665,0.0,-4.4144076127849985e-06,0.12858539652688705,2642485980.7978997,2642484645.697818,4.2803279097775295,1107.2609643119722,25600000.0,0.05056802183389664,843.1352080479264
258.0,2.0,6.531892937639707,5.693512798675828,8.023830790820638,856984.9425573323,25200.128732797046,78.96442451275351,6.921655253634124e-08,0.9800008902116436,2.9999999999999996,882185.0712901284,882183.2870606252,61.06670422859761,15998.123873246981,0.0,-2.222353759862017e-05,1.5845492991229548,124352.1493200821,124351.8986775919,8.659526650585576,2268.5908866974687,0.0,-7.504199857066851e-06,0.22437582993461547,73106.52250070688,73106.37811513594,4.958275343082229,1298.983520165631,0.0,-4.473208264244022e-06,0.1289528150150545,2642685976.58807,2642684637.137995,4.279918359704644,1115.8208010313815,25800000.0,0.05058170482516289,847.48521495983
260.0,2.0,6.531809317005517,5.693293266361596,8.023899826659301,856862.9953451277,25199.96396796927,78.95406105938491,7.334076760052198e-08,0.980000891287534,2.9999999999999996,882062.9593130966,882061.169931458,61.05856458526123,16120.241002417504,0.0,-2.2220207029022276e-05,1.58970143784245,124334.83316654002,124334.58193176656,8.658372866014531,2285.907632429498,0.0,-7.597515377710806e-06,0.224968019883363,73096.60761158582,73096.46288779078,4.957613645987394,1308.8987474576059,0.0,-4.526395287030027e-06,0.129290985925536,2642885971.831502,2642884628.5789948,4.279510035462517,1124.3798211023066,26000000.0,0.050601761788129807,851.2876670770347
262.0,2.0,6.531724543834586,5.693073968290189,8.023966036839994,856741.0634280081,25199.79928972339,78.94372323837982,7.74719034499718e-08,0.9800008923480645,2.9999999999999996,881940.86271773,881939.0690416198,61.050444919282256,16242.341892256069,0.0,-2.2219826860236935e-05,1.5939959098050167,124317.51939964016,124317.26748786955,8.657221903849775,2303.2220762371976,0.0,-7.686820481467294e-06,0.2256449277297179,73086.69409820846,73086.54898056964,4.956953584853424,1318.8126546273127,0.0,-4.577828576657339e-06,0.12968477827985225,2643085967.7870407,2643084620.0208054,4.2791029078662515,1132.938026918039,26200000.0,0.05061818286776543,855.801411639899
264.0,2.0,6.531638635065577,5.6928548963314345,8.02402941518021,856619.1471425793,25199.63469087355,78.93341058983012,8.145277540528684e-08,0.9800008934058134,2.9999999999999996,881818.7818334564,881816.9843518712,61.04234487712957,16364.426582010328,0.0,-2.2214157070266083e-05,1.5978013904350519,124300.20794058345,124299.95534036688,8.656073708043113,2320.534223653284,0.0,-7.773405286570778e-06,0.22633328710298883,73076.7819117737,73076.63639026422,4.9562951279979774,1328.7252448833087,0.0,-4.627255293598864e-06,0.13008859950696205,2643285963.6939483,2643284611.4634237,4.278696958112224,1141.4954208342635,26400000.0,0.05063047260046005,860.2657131180167
266.0,2.0,6.531551610475379,5.692636042698021,8.024090074109889,856497.2468047595,25199.470165125633,78.92312269811123,8.528393848337777e-08,0.9800008944576037,2.9999999999999996,881696.7169698854,881694.915823612,61.03426413117584,16486.49511027268,0.0,-2.2210977476788685e-05,1.6014660818218545,124282.8986351889,124282.6454838076,8.654928233254141,2337.844080119792,0.0,-7.866177838877775e-06,0.22688435906275117,73066.8709430013,73066.7251137118,4.955638249784393,1338.6365213828776,0.0,-4.680105121224187e-06,0.13039632667823753,2643485958.8608174,2643484602.9068575,4.2782921691808005,1150.052005172625,26600000.0,0.05064857006072998,863.9891666173935
268.0,2.0,6.531463488472391,5.692417399045615,8.024148015411066,856375.3622104591,25199.305714999286,78.91285912435337,8.896626463245108e-08,0.9800008955035613,2.9999999999999996,881574.6679254574,881572.8634189419,61.02620233710744,16608.547514946895,0.0,-2.2206924768397585e-05,1.6048263279917592,124265.59153990612,124265.3379128588,8.653785430865115,2355.1516509815224,0.0,-7.953251497383462e-06,0.2273599380091582,73056.96127078631,73056.81514781756,4.95498292207233,1348.5464872270222,0.0,-4.730203727376647e-06,0.13068995583853393,2643685953.5975223,2643684594.3511033,4.277888523274755,1158.6077822191746,26800000.0,0.05067143216729164,867.2816484905779
270.0,2.0,6.531374281338417,5.692198957207926,8.024203353338647,856253.4941395639,25199.14135659908,78.90261944029109,9.25006244340436e-08,0.9800008965438306,2.9999999999999996,881452.6354961612,881450.8270941178,61.01815915892931,16730.583833264755,0.0,-2.871315518859774e-05,1.608715349677368,124248.28682550203,124248.03262422292,8.652645253423728,2372.45694148837,0.0,-6.0822821978945285e-06,0.22793604076650809,73047.05294011743,73046.90649066302,4.954329117395448,1358.4551454618131,0.0,-3.649946847872343e-06,0.1310175217449796,2643885948.948044,2643884585.809453,4.27748600304323,1167.162754225261,27000000.0,0.06399314478039742,871.1871420629323
272.0,2.0,6.531283994533782,5.691980709068623,8.024256096025674,856131.6431344376,25198.977072699327,78.89240322291788,9.588788960022426e-08,0.9800008975767975,2.9999999999999996,881330.6202071356,881328.8068255989,61.01013426379284,16852.60410179234,0.0,-2.8704394935630262e-05,1.6136948516505072,124230.98419912218,124230.72960882631,8.651507654708908,2389.7599567977877,0.0,-6.169474545458797e-06,0.22832497033141408,73037.1458177273,73036.99913699483,4.953676808982345,1368.3624990797778,0.0,-3.700179377119639e-06,0.13124874958316468,2644085943.161457,2644084577.2552977,4.277084591321674,1175.7169234079045,27200000.0,0.0640069767832756,873.954724483192
274.0,2.0,6.531192663362113,5.691762647058455,8.024306349564903,856009.807228389,25198.81289756441,78.88221007625785,9.912892587222804e-08,0.9800008986026602,2.9999999999999996,881208.6201259536,881206.8025709154,61.002127341054326,16974.60835647445,0.0,-2.8705788281513378e-05,1.6178683517682657,124213.68433361767,124213.42886355154,8.650372590830248,2407.0607019794484,0.0,-6.26258361080545e-06,0.22920464748358427,73027.24026354162,73027.09308499862,4.953025971416855,1378.2685510226115,0.0,-3.7535533010668587e-06,0.13174650673727228,2644285940.101547,2644284568.70195,4.2766842720853555,1184.2702919520752,27400000.0,0.06402793154120445,879.4481827281415
276.0,2.0,6.531100300641516,5.691544764938836,8.024354104293533,855887.9889657914,25198.64879378237,78.87203966996401,1.0222458384685197e-07,0.9800008996178827,2.9999999999999996,881086.6377595771,881084.8142946578,60.994138129560376,17096.596632733574,0.0,-2.87043112621177e-05,1.6237782344505831,124196.38647764685,124196.13038341016,8.649240026591604,2424.3591820326315,0.0,-6.350784587993985e-06,0.22982872985312497,73017.3358671026,73017.18833178,4.952376584228147,1388.1733041910677,0.0,-3.803720346695627e-06,0.1321032361786365,2644485935.168174,2644484560.149387,4.276285031808481,1192.8228620156922,27600000.0,0.06403480470180511,883.0673798173666
278.0,2.0,6.531006928512394,5.691327056323804,8.024399449689897,855766.1847224444,25198.484791755818,78.8618916671772,1.0517572300558771e-07,0.9800009006222612,2.9999999999999996,880964.6695141996,880962.8419535339,60.98616636485117,17218.568965463277,0.0,-3.7098459870321676e-05,1.6278655866226472,124179.09125515223,124178.83416600135,8.648109924824597,2441.655401882281,0.0,-3.9099377318052575e-06,0.23082608488221013,73007.43299096503,73007.28487593666,4.951728625853418,1398.0767614427746,0.0,-2.3953475647431333e-06,0.13268435030431647,2644685932.9466815,2644684551.6148357,4.275886856823734,1201.3746357293396,27800000.0,0.08125737681984901,889.3976612426341
280.0,2.0,6.530912561986378,5.69110951434685,8.024442395800245,855644.3988482022,25198.320855337013,78.85176571011952,1.0798321543405086e-07,0.9800009016163042,2.9999999999999996,880842.7197035367,880840.8855300033,60.97821176640834,17340.525388996095,0.0,-3.709622978931293e-05,1.634478456551733,124161.7979138027,124161.54020141625,8.646982245755137,2458.9493663737912,0.0,-4.003527465101797e-06,0.23144922685878555,72997.53117489026,72997.38271173714,4.951082073253723,1407.978925589282,0.0,-2.4483606466674246e-06,0.13303242204619892,2644885927.9544024,2644884543.063876,4.275489732685532,1209.9256151947106,28000000.0,0.08127725496888161,892.9563616551459
282.0,2.0,6.5308172232377215,5.690892132935214,8.02448302472741,855522.6277575877,25198.15702226065,78.841661694702,1.1209219893008064e-07,0.9800009024832673,2.9999999999999996,880720.7847798511,880718.9449816343,60.97027418680477,17462.465937369703,0.0,-3.70917005056981e-05,1.6401031445384433,124144.5071710113,124144.2484872877,8.645857020960785,2476.241080415713,0.0,-4.090163656655932e-06,0.23242047737721805,72987.63086859476,72987.48183780063,4.950436943381107,1417.8797994760441,0.0,-2.498107505743974e-06,0.13360001330670457,2645085925.3664455,2645084534.513698,4.275093655647521,1218.4758025060057,28200000.0,0.08128651604056358,898.9185920618474
284.0,2.0,6.530720916665415,5.6906749069044675,8.024521328885253,855400.8727715462,25197.99325226423,78.8315791728186,1.1630714266233906e-07,0.9800009033215115,2.9999999999999996,880598.8660238092,880597.0202749762,60.96235332969138,17584.390644029085,0.0,-3.709043448907323e-05,1.6460537620114337,124127.21841697276,124126.95901887286,8.644734164597153,2493.5305487449073,0.0,-4.175803496764274e-06,0.2331347680296858,72977.7316971567,72977.58225137592,4.949793187556726,1427.7793858511575,0.0,-2.5477058898104588e-06,0.13401495036646338,2645285921.0715694,2645284525.9643216,4.274698607280481,1227.0251997205667,28400000.0,0.08130723983049393,903.1731131747365
286.0,2.0,6.530623697859396,5.690457816709172,8.024557376169353,855279.1337820085,25197.829571044425,78.8215171898164,1.2030279237081308e-07,0.9800009041621245,2.9999999999999996,880476.9633530499,880475.1113780579,60.954448462853094,17706.29954095479,0.0,-3.708302028826438e-05,1.6522799284757639,124109.93192294762,124109.67179167373,8.643613557528882,2510.817775859965,0.0,-4.2598821892170236e-06,0.23386785795628384,72967.83382245254,72967.68394984269,4.949150739385378,1437.6776873299282,0.0,-2.6021693884104025e-06,0.13444172496792817,2645485917.0234017,2645484517.4157276,4.274304550351846,1235.5738088212704,28600000.0,0.08132234588265419,907.6735545732081
288.0,2.0,6.530525629476,5.6902408011976595,8.024591205570234,855157.410637806,25197.665997345182,78.81147285369289,1.240810811583383e-07,0.9800009049994222,2.9999999999999996,880355.0766351501,880353.2182634338,60.94655731122989,17828.19265557725,0.0,-3.7084639188833535e-05,1.6586766511172755,124092.64796696561,124092.38680182357,8.642494881268032,2528.102765622501,0.0,-4.347505182522582e-06,0.23490163847918666,72957.93739979021,72957.78693096321,4.948509414653299,1447.5747061592347,0.0,-2.6523402993916534e-06,0.13503789195328864,2645685914.5978827,2645684508.867927,4.273911370622756,1244.1216315625159,28800000.0,0.08134454488754272,913.7958583235741
290.0,2.0,6.530426680103027,5.690023882649967,8.024622814850382,855035.7034660619,25197.502488467657,78.80144717465114,1.276432570263481e-07,0.9800009058333106,2.9999999999999996,880233.2059545253,880231.3409005803,60.938680668490406,17950.070016914233,0.0,-3.8601156120421365e-05,1.665357363246585,124075.36600830941,124075.10404569191,8.64137824876353,2545.385522120028,0.0,-3.981630015914561e-06,0.2356994798096821,72948.04212321976,72947.89119262015,4.947869277617386,1457.4704447144695,0.0,-2.4401588234468363e-06,0.13549987672831776,2645885910.549849,2645884500.324013,4.273519107423095,1252.668669777362,29000000.0,0.08446891978383064,918.2948628254235
292.0,2.0,6.530326861977124,5.689807071700982,8.024652275317386,854914.0108393217,25197.339066798773,78.79144062033292,1.30990871035158e-07,0.9800009066640393,2.9999999999999996,880111.3499061237,880109.4792627791,60.93081890228757,18071.931654718806,0.0,-3.859774733427912e-05,1.6709467662585666,124058.08642436263,124057.82351818448,8.640263712322081,2562.666049544672,0.0,-4.0644208638696e-06,0.23664295766684518,72938.14822480606,72937.99673185627,4.94723035790344,1467.3649054302764,0.0,-2.488236077624606e-06,0.13606217884398575,2646085907.707883,2646084491.7777815,4.273127778810715,1261.2149253349835,29200000.0,0.08449272811412811,923.9991522282362
294.0,2.0,6.530226186405879,5.689590370872216,8.02467958562579,854792.3334783701,25197.17571698722,78.78145328217644,1.341256543589716e-07,0.9800009074910769,2.9999999999999996,879989.509195355,879987.633318613,60.92297208430354,18193.777598887413,0.0,-3.859520802507177e-05,1.676180166155973,124040.80904551054,124040.54521553472,8.639151282596227,2579.9443521098647,0.0,-4.148992047703359e-06,0.23756667077304883,72928.2555613994,72928.1035464857,4.94659266131983,1477.2580907529161,0.0,-2.536168949518469e-06,0.13658409482445677,2646285904.554736,2646284483.232325,4.272737388082502,1269.7604001111486,29400000.0,0.08451109752058983,929.3914802633226
296.0,2.0,6.530124685336291,5.689373742946832,8.024704859063855,854670.6738501128,25197.012463472387,78.77148342324116,1.3704989195066364e-07,0.9800009083131458,2.9999999999999996,879867.6863135869,879865.8030409203,60.91513884929122,18315.607876585997,0.0,-3.8589383621001616e-05,1.683576096631441,124023.53385409519,124023.26913391988,8.638040766614543,2597.2204336430937,0.0,-4.2305996430513915e-06,0.23845678865336595,72918.36416059201,72918.21163428435,4.945956077301302,1487.1500029075187,0.0,-2.582913111837115e-06,0.13709544203538826,2646485901.3670764,2646484474.687642,4.272347867084006,1278.3050958453166,29600000.0,0.08452384918928146,934.748516254127
298.0,2.0,6.53002233127098,5.6891571638545475,8.024728064510402,854549.0291457229,25196.849288641442,78.76152992139684,1.3976559092103991e-07,0.9800009091260324,2.9999999999999996,879745.8784343633,879743.9884042949,60.90731831335238,18437.422513212703,0.0,-3.858802665490657e-05,1.6903334997332422,124006.26087539335,124005.99526974553,8.636932041035669,2614.494297725165,0.0,-4.322877430240624e-06,0.2393421688775561,72908.47404966774,72908.32099316121,4.9453205350607865,1497.0406439776402,0.0,-2.635935288708424e-06,0.13762558788448587,2646685898.606372,2646684466.1437397,4.271959171713602,1286.8490141887437,29800000.0,0.08453979715704918,940.531730081886
300.0,2.0,6.529919132479947,5.688940649693134,8.02474921367831,854427.3994856329,25196.686188633503,78.751593501405,1.422742437740586e-07,0.9800009099304269,2.9999999999999996,879624.0856742646,879622.1893822063,60.899511046341146,18559.221535305387,0.0,-3.858398486045189e-05,1.6965954937149945,123988.9901298547,123988.72361928898,8.635825186642867,2631.7659480984507,0.0,-4.406138486956479e-06,0.24024700352265427,72898.58518904768,72898.43162095257,4.94468608053082,1506.9300161387018,0.0,-2.6835095923161134e-06,0.13813712888259033,2646885895.8334146,2646884457.600621,4.27157133016442,1295.3921568490725,30000000.0,0.0845639817416668,946.3019154183567
302.0,2.0,6.529815111590207,5.688724215344502,8.02476838551564,854305.7850218246,25196.523161424157,78.74167482814697,1.4457744278079674e-07,0.9800009107270193,2.9999999999999996,879502.3081832506,879500.4059470663,60.89171757110851,18681.004970447604,0.0,-3.8581805711146444e-05,1.7025396219469258,123971.72158597487,123971.45417865514,8.634720277544222,2649.035388653539,0.0,-4.484891633182997e-06,0.24114367877473342,72888.69760060763,72888.54351539603,4.94405275583348,1516.8181216503688,0.0,-2.7283861072646687e-06,0.13865420050183275,2647085892.665423,2647084449.0582643,4.271184368238194,1303.934525585549,30200000.0,0.08457574993371964,951.6762925162911
304.0,2.0,6.529710284050669,5.6885078708274275,8.024785592988225,854184.1854426041,25196.360212293595,78.73177450053443,1.4774954880525578e-07,0.9800009114248501,2.9999999999999996,879380.5456548969,879378.6380704539,60.88393830711621,18802.772847061835,0.0,-3.857994670397602e-05,1.707887882457726,123954.4552335225,123954.18694374712,8.633617414125341,2666.30262348179,0.0,-4.564664777717553e-06,0.24202605465870874,72878.81127189328,72878.65667411557,4.943420617489136,1526.704962885347,0.0,-2.773866526695201e-06,0.13916672113327877,2647285889.7143807,2647284440.516684,4.2707983095532915,1312.4761222046554,30400000.0,0.08459216728806496,957.2668469585478
306.0,2.0,6.5296046601379825,5.688291621060651,8.02480086070659,854062.601336524,25196.197330311952,78.72189264750742,1.512479230983186e-07,0.9800009120696378,2.9999999999999996,879258.7986668363,879256.885723694,60.876173381478395,18924.525193824793,0.0,-3.857688352582045e-05,1.7132465848808351,123937.1908620509,123936.92191047702,8.632516594179076,2683.567656670148,0.0,-4.6464078877761494e-06,0.24268777142106046,72868.9260688525,72868.77109473958,4.9427896643239055,1536.5905422139947,0.0,-2.8212054985488066e-06,0.1395430089939964,2647485885.7209344,2647484431.975874,4.270413158773962,1321.0169485222034,30600000.0,0.08460837602615356,961.8142269253731
308.0,2.0,6.529498261315834,5.688075471871559,8.024814257766351,853941.0339892647,25196.03454937785,78.71202942104374,1.544575969615595e-07,0.9800009127157311,2.9999999999999996,879137.0685386426,879135.1488778088,60.86842294429625,19046.262039713387,0.0,-3.8573460187762976e-05,1.7199642797349952,123919.92895738716,123919.65907475958,8.631417814917064,2700.8304922999823,0.0,-4.734013600682374e-06,0.24361873751422536,72859.04228590756,72858.88677489992,4.942159894889256,1546.4748620037733,0.0,-2.8710912829410518e-06,0.14007985383955202,2647685882.8645043,2647684423.435835,4.27002892139876,1329.557006365001,30800000.0,0.08462715893983841,967.4978547170758
310.0,2.0,6.529391080923844,5.6878594081339,8.024825825849419,853819.4830886468,25195.871845620375,78.70218410926994,1.5738190121614524e-07,0.9800009133619502,2.9999999999999996,879015.3549342665,879013.4275049397,60.860686435667795,19167.983412584723,0.0,-3.8571222830796614e-05,1.7277327750016411,123902.66916998176,123902.3984326843,8.630320997610335,2718.091134295203,0.0,-4.81406368635362e-06,0.24447332733052463,72849.15971148976,72849.00371232616,4.941531263937004,1556.3579245316473,0.0,-2.9169782465032768e-06,0.14056796391059834,2647885879.3702893,2647884414.896566,4.2696455694366975,1338.0962975038742,31000000.0,0.08464932441711426,972.5429308414459
312.0,2.0,6.529283148669002,5.68764343276353,8.02483556859904,853697.9481238332,25195.709249103536,78.69235682465174,1.600239020883352e-07,0.9800009140075394,2.9999999999999996,878893.6573729409,878891.7215770589,60.85296394365867,19289.68934047204,0.0,-3.856473631458357e-05,1.7360993366964976,123885.41191302144,123885.13998029815,8.62922615529466,2735.3495866057924,0.0,-4.889633146376582e-06,0.2456686775981325,72839.27858562872,72839.12190472573,4.940903778684822,1566.239732089017,0.0,-2.960033043564181e-06,0.1412496602436022,2648085877.90142,2648084406.3580503,4.269263107037496,1346.6348237179493,31200000.0,0.08465997129678726,979.6125878468156
314.0,2.0,6.52917446158814,5.687427554347644,8.02484357298726,853576.4283363912,25195.54675815394,78.6825479361265,1.6238664721610778e-07,0.9800009146526202,2.9999999999999996,878771.9750945496,878770.0310655407,60.845255758367216,19411.379851988775,0.0,-3.856615876429714e-05,1.7443324621090142,123868.1572769775,123867.88371354593,8.62813332927926,2752.605853264351,0.0,-4.983288818039e-06,0.24729929221211933,72829.39897396721,72829.24134974714,4.940277462526974,1576.120287014071,0.0,-3.013569312315667e-06,0.1421929237853874,2648285878.8607626,2648284397.8203063,4.268881548339698,1355.1725868146286,31400000.0,0.0846790224313736,989.1096934229136
316.0,2.0,6.529065026955206,5.687211767684561,8.024849818561204,853454.9247857282,25195.3843259735,78.67275718506588,1.644733783241857e-07,0.9800009152973511,2.9999999999999996,878650.3091117039,878648.3559419232,60.83756167677381,19533.054975342322,0.0,-3.883013050653972e-05,1.7534729699509626,123850.90445335062,123850.62962855918,8.627042490852856,2769.8599382460566,0.0,-4.988334239897085e-06,0.24856064704772507,72819.52039526496,72819.36204514657,4.9396522988546145,1585.9995916117803,0.0,-3.0164339932525763e-06,0.14291881924486916,2648485877.6185675,2648484389.283878,4.268500883057967,1363.7095885807446,31600000.0,0.08525233715772629,996.4045000597835
318.0,2.0,6.528954872379213,5.686996070635746,8.024854311790998,853333.4387128243,25195.22198370512,78.66298445386802,1.6628731108962398e-07,0.9800009159395362,2.9999999999999996,878528.6606965314,878526.6961787181,60.8298816053835,19654.714738553088,0.0,-3.882446253555827e-05,1.7648210082443256,123833.65378913218,123833.37772108117,8.625953627907487,2787.1118455018714,0.0,-5.21053334523458e-06,0.24980368441720202,72809.6430437954,72809.48398854594,4.939028280524419,1595.8776481728291,0.0,-3.0560167942894623e-06,0.1436239107297297,2648685876.0641737,2648684380.7476616,4.268121106339908,1372.2458307934244,31800000.0,0.08527829125523567,1003.3863485045731
320.0,2.0,6.5288440040514955,5.686780551685544,8.024857135970674,853211.9677698718,25195.059736365187,78.65323372404038,1.678310759224491e-07,0.9800009165760268,2.9999999999999996,878407.0275062377,878405.0517413842,60.82221867149171,19776.359175896072,0.0,-3.8815396692370996e-05,1.7760680575484002,123816.40558251548,123816.12798663494,8.624867186094349,2804.36157987406,0.0,-5.284576218400616e-06,0.25133143990660756,72799.76711733514,72799.60717717977,4.9384056617883925,1605.7544594964058,0.0,-3.098604565821006e-06,0.14450877405056417,2648885875.9163613,2648884372.21219,4.267742372496999,1380.7813155384183,32000000.0,0.08529159799218178,1011.774020884186
322.0,2.0,6.528732427857852,5.6865650748226155,8.024858265530403,853090.5104516601,25194.897584044702,78.64349881546863,1.6910897020894583e-07,0.9800009172067299,2.9999999999999996,878285.4080357028,878283.4226053456,60.81456801846699,19897.988311933004,0.0,-3.881705924868584e-05,1.7857335595181212,123799.1598190171,123798.88042160172,8.623782476326578,2821.6091448267134,0.0,-5.365142897062469e-06,0.2531328941868196,72789.89258307914,72789.73160903716,4.937784048588153,1615.630027593582,0.0,-3.144040192637476e-06,0.1455426152272139,2649085878.0332675,2649084363.6774797,4.267364441195885,1389.3160444208102,32200000.0,0.08531007170677185,1022.4256559312344
324.0,2.0,6.528620154222628,5.686349650934608,8.024857701051257,852969.0702645996,25194.7355149598,78.63378020695878,1.7012403621322503e-07,0.9800009178321444,2.9999999999999996,878163.8057795626,878161.8087453044,60.806930022901916,20019.602171978808,0.0,-3.8812508137198165e-05,1.797337465115561,123781.916212134,123781.63502241173,8.622699551990717,2838.854543930695,0.0,-5.451143351820065e-06,0.25492511506718074,72780.01926477106,72779.85728204472,4.937163471257231,1625.5043545360966,0.0,-3.193970997017459e-06,0.1465512496649808,2649285879.511216,2649284355.1435184,4.266987330932941,1397.850019082676,32400000.0,0.08532343804836273,1032.4375792592764
326.0,2.0,6.5285071853117955,5.6861342931264,8.024855464984173,852847.6469717593,25194.573516929064,78.62407857168833,1.7147600704815027e-07,0.9800009183945617,2.9999999999999996,878042.2204886898,878040.2101349444,60.79930518149126,20141.20078234179,0.0,-3.8809466786915436e-05,1.810656955374725,123764.67458972546,123764.39178531752,8.621618509500783,2856.0977809496967,0.0,-5.526353106688475e-06,0.25653972552254345,72770.14712499914,72769.98419403342,4.936543984318104,1635.3774425047327,0.0,-3.2366347113566007e-06,0.14749944638106172,2649485879.4798427,2649484346.610312,4.266611067854193,1406.3832412183845,32600000.0,0.08533911034464836,1040.9394278936088
328.0,2.0,6.5283935282214145,5.68591900494823,8.02485153037304,852726.2383699697,25194.41159304238,78.6143940927888,1.7336483702549803e-07,0.9800009188720591,2.9999999999999996,877920.6499630073,877918.6267476975,60.79169362588941,20262.78416959357,0.0,-3.88046246371232e-05,1.8235185246230685,123747.43504276699,123747.1507064948,8.620539377502197,2873.338859704701,0.0,-5.594076810666593e-06,0.25807152205334205,72760.27614826085,72760.11234278731,4.935925603778207,1645.249293712289,0.0,-3.2751838716649218e-06,0.14837391564037716,2649685879.412203,2649684338.077854,4.266235658983828,1414.9157125363522,32800000.0,0.08535259962081909,1049.4042593836784
330.0,2.0,6.528279195846683,5.685703788457736,8.024845935229036,852604.8434345401,25194.24976000141,78.60472670241384,1.749057487835129e-07,0.9800009193533842,2.9999999999999996,877799.093194537,877797.0585569984,60.78409535263984,20384.35236029885,0.0,-3.879844007315114e-05,1.8349407595742377,123730.19796192601,123729.91178218629,8.619462116039456,2890.5777839367797,0.0,-5.6705034694459755e-06,0.25991491315608073,72750.40656086667,72750.24172612891,4.935308307242043,1655.1199103267732,0.0,-3.3191013244504575e-06,0.14940313594843246,2649885881.2656474,2649884329.546151,4.265861101398254,1423.4474347391488,33000000.0,0.08537180721759796,1059.789426162839
332.0,2.0,6.528164202147017,5.685488644080912,8.024838703809122,852483.4643544428,25194.08801321615,78.59507640231195,1.761034399221596e-07,0.9800009198378171,2.9999999999999996,877677.5523676585,877675.5055362673,60.77651036281485,20505.90538102448,0.0,-3.8803889765404165e-05,1.8471346066944534,123712.96301453693,123712.67500865487,8.618386725734961,2907.81455738825,0.0,-5.750451691710623e-06,0.26174097554712716,72740.5382664015,72740.37234189306,4.934692094890466,1664.989294516554,0.0,-3.3651683679636335e-06,0.15049286056296296,2650085883.3659253,2650084321.0151925,4.265487394975111,1431.978409529099,33200000.0,0.0853879451751709,1070.4206788539886
334.0,2.0,6.528048582037827,5.685273572973641,8.024829917343725,852362.1019318298,25193.926358292796,78.58544322702274,1.7696263442012987e-07,0.9800009203241054,2.9999999999999996,877556.028290127,877553.967658908,60.76893868297146,20627.443258390424,0.0,-3.8797257730038837e-05,1.860934441221616,123695.73019902718,123695.44038215687,8.617313211064534,2925.049183810379,0.0,-5.826323103974573e-06,0.26355188792695117,72730.671143922,72730.5041879117,4.934076969104397,1674.8574484547628,0.0,-3.4083147966157412e-06,0.15152431926094323,2650285885.5007777,2650284312.4849772,4.265114540844981,1440.508638610789,33400000.0,0.0854017622768879,1081.0857603438199
336.0,2.0,6.5279323589768135,5.68505857634288,8.024819584438621,852240.754621118,25193.764788442768,78.57582721260485,1.774880892604952e-07,0.9800009208121948,2.9999999999999996,877434.5194095636,877432.4448982278,60.7613803415191,20748.96601907346,0.0,-3.879439827869646e-05,1.874814560829691,123678.49963060963,123678.20789893184,8.616241576228331,2942.2816669628355,0.0,-5.898897143197246e-06,0.2654666228318092,72720.80528797698,72720.63726200574,4.933462932119498,1684.7243743190018,0.0,-3.450043777775136e-06,0.1525942384876089,2650485887.8822722,2650484303.955505,4.264742540226012,1449.038123691241,33600000.0,0.08541449159383774,1091.9967399463058
338.0,2.0,6.527815516184578,5.684843653448627,8.024807641033783,852119.4216951635,25193.603295667766,78.56622830783735,1.7768459495363247e-07,0.980000921302209,2.9999999999999996,877313.0249908305,877310.9372276305,60.75383529835924,20870.47368967018,0.0,-3.8794969441369176e-05,1.8880664243770298,123661.271139013,123660.97755522776,8.615171815637684,2959.512010594111,0.0,-5.971704467810923e-06,0.2673186574770625,72710.94068888412,72710.77156200224,4.932849980562402,1694.5900742801266,0.0,-3.4924207739095436e-06,0.15369510674895537,2650685890.5410476,2650684295.426782,4.2643713909626095,1457.5668664731663,33800000.0,0.08543451130390167,1103.1842580586672
340.0,2.0,6.527698086630711,5.684628244367294,8.024794147016022,851998.1029601773,25193.44188902603,78.55662153720687,1.7755624821047726e-07,0.9800009217898503,2.9999999999999996,877191.5448492054,877189.4446597986,60.74628391962558,20991.96625750943,0.0,-3.8787602534284815e-05,1.9004926385860017,123644.0448856031,123643.74935279242,8.614101144709352,2976.7402128835297,0.0,-6.117619250289863e-06,0.2692675369967219,72701.0773296866,72700.90708883302,4.932236522678729,1704.454547325484,0.0,-3.6162816741125425e-06,0.15480895458335908,2650885893.8998313,2650884286.898811,4.264000127749437,1466.0948667286652,34000000.0,0.0854635015130043,1115.0710420385003
342.0,2.0,6.52758008245107,5.684412579811834,8.024779127591133,851876.7989628951,25193.280557442806,78.54701726170964,1.771060361947642e-07,0.9800009222716615,2.9999999999999996,877070.079520335,877067.9671911072,60.7387343465761,21113.443726202582,0.0,-3.878586721839383e-05,1.9126324612807366,123626.82083737904,123626.52329127937,8.613030720648073,2993.966274324826,0.0,-6.189373834786238e-06,0.27128075423343034,72691.21522201553,72691.04384235221,4.931623219662432,1714.317793764809,0.0,-3.6577600894815987e-06,0.15594772283861857,2651085896.789235,2651084278.3715653,4.263629151929059,1474.6221250325234,34200000.0,0.08547627925872803,1126.4877041578293
344.0,2.0,6.527461589196121,5.684196940111931,8.024762622377146,851755.510519331,25193.119296672656,78.53742798599004,1.7633860008384724e-07,0.9800009227497247,2.9999999999999996,876948.6298159998,876946.5047982907,60.731196409217794,21234.90611902102,0.0,-3.878398274537176e-05,1.9253209445305401,123609.59841613109,123609.29936732954,8.611961937855604,3011.190198200537,0.0,-6.263493105507223e-06,0.2727833819958505,72681.35408472642,72681.181820573,4.931010868337979,1724.179815501485,0.0,-3.700303523146431e-06,0.1568321704119171,2651285897.7282534,2651284269.845069,4.263258946917268,1483.148642926358,34400000.0,0.08549776673316956,1135.9532403051853
346.0,2.0,6.527342538644778,5.683981505183614,8.024744658702497,851634.2366918995,25192.958116188463,78.52786168607692,1.7525969552997308e-07,0.9800009232253455,2.9999999999999996,876827.1948080868,876825.0574455332,60.72367637808419,21356.353471777187,0.0,-3.878525967593305e-05,1.9376657877764956,123592.37821990908,123592.07757588783,8.610895685870457,3028.411989572278,0.0,-6.333464625640772e-06,0.2743785317234142,72671.49418935555,72671.32102057859,4.930399976978367,1734.0406154554419,0.0,-3.740753754755133e-06,0.15773675349714722,2651485899.078902,2651484261.3193,4.262889820403589,1491.6744225671653,34600000.0,0.08550865203142166,1145.8296683505177
348.0,2.0,6.527222929888401,5.68376623603881,8.024725254795406,851512.9773013366,25192.797008991034,78.51831662401213,1.7404287077057663e-07,0.9800009236777768,2.9999999999999996,876705.774310328,876703.6250997883,60.7161728757432,21477.785817528675,0.0,-3.877869312418625e-05,1.9495137803678517,123575.16025933834,123574.8579122601,8.60983177854122,3045.6316531293605,0.0,-6.404118721548002e-06,0.276081518070896,72661.63559915137,72661.46143966072,4.929790438927261,1743.9001963332964,0.0,-3.7807651551702293e-06,0.1587274271703336,2651685900.3971353,2651684252.79428,4.262521704843314,1500.1994659768518,34800000.0,0.08553193509578705,1155.6729452461004
350.0,2.0,6.527102767689383,5.683551098808784,8.024704429820867,851391.7322517703,25192.635977216203,78.50879142309347,1.73441641244975e-07,0.9800009240081807,2.9999999999999996,876584.3682289884,876582.2077299951,60.708684764903246,21599.20318705848,0.0,-3.904205732396804e-05,1.9608019705956394,123557.94423359851,123557.64037205822,8.608770098587756,3062.849193326536,0.0,-6.4088198996614665e-06,0.2775959754108044,72651.77812757413,72651.60307528592,4.929182186365016,1753.7585607060264,0.0,-3.7828340282430872e-06,0.15962022265921405,2651885901.908885,2651884244.2705474,4.262154546679093,1508.72377507021,35000000.0,0.08610837161540985,1165.7090040892363
352.0,2.0,6.526982164146787,5.6833360799653985,8.0246822101264,851270.5018432355,25192.475026655648,78.49928525952203,1.724458668594917e-07,0.9800009243447804,2.9999999999999996,876462.9768698924,876460.8053070493,60.70121146992375,21720.60560999833,0.0,-3.90480381611269e-05,1.971865814517514,123540.73037961195,123540.42495080143,8.607710507281476,3080.064614341099,0.0,-6.651040621363791e-06,0.2791630034184891,72641.92184651298,72641.74592486543,4.92857514073628,1763.615710987499,0.0,-3.9218498386617284e-06,0.1604894429842716,2652085902.818857,2652084235.747031,4.261788314026378,1517.2473516982627,35200000.0,0.0861688181757927,1175.1425529047847
354.0,2.0,6.526861034538924,5.6831212281291705,8.024658605680054,851149.2858879829,25192.3141458604,78.4898002520799,1.710628268827583e-07,0.9800009246876376,2.9999999999999996,876341.6000338446,876339.4177977422,60.69375465672295,21841.993119311774,0.0,-3.904171899193898e-05,1.982539080105198,123523.51858946308,123523.2116442479,8.606653241166383,3097.277920823432,0.0,-6.722238595102681e-06,0.2806793368840772,72632.0668202971,72631.88998595021,4.927969437096293,1773.4716498616915,0.0,-3.962878736274433e-06,0.1614021012944704,2652285903.499305,2652284227.2242007,4.26142308815709,1525.770197874577,35400000.0,0.08618450909852982,1184.3458466604352
356.0,2.0,6.526739381481183,5.682906655579469,8.024633625892953,851028.0843486632,25192.153335228013,78.48034131254525,1.6930073512773292e-07,0.980000925035377,2.9999999999999996,876220.2376838876,876218.0451613684,60.68631818634129,21963.365755684456,0.0,-3.9042774005793035e-05,1.9928254957922036,123506.30874523446,123506.00044647789,8.605598848974898,3114.489118521382,0.0,-6.794300134060904e-06,0.28203280621164595,72622.21287474316,72622.035255131,4.927365388932984,1783.3263806395576,0.0,-4.0042191358224954e-06,0.1621873252174737,2652485904.010399,2652484218.7020965,4.261059057596811,1534.2923159897707,35600000.0,0.0861983597278595,1193.379058867693
358.0,2.0,6.526617215309264,5.682692211561847,8.024607299209434,850906.8969460508,25191.992598978715,78.47090175114369,1.671657605848933e-07,0.9800009253870926,2.9999999999999996,876098.8895450328,876096.6873677737,60.678896799458954,22084.723549283375,0.0,-3.903856486431323e-05,2.002480239872966,123489.10122745248,123488.79135323848,8.604546584765322,3131.6982116909126,0.0,-6.864175247756066e-06,0.28360819376348445,72612.36023893021,72612.18172995152,4.926762569761013,1793.1799057790795,0.0,-4.044179149786942e-06,0.16307665179374453,2652685904.757911,2652684210.1807203,4.260695964324157,1542.813707918419,35800000.0,0.08621415495872498,1202.6479631364346
360.0,2.0,6.526494533813638,5.682477838848743,8.024579640064179,850785.7242385255,25191.83192708995,78.46147902542734,1.6466419939040472e-07,0.9800009257424445,2.9999999999999996,875977.5561656182,875975.3443907821,60.67148849724718,22206.06652627787,0.0,-3.903573815478012e-05,2.012077819854312,123471.8955326105,123471.58436084093,8.603496165115777,3148.905204021144,0.0,-6.931494226591894e-06,0.2849056820173246,72602.50871349461,72602.329408278,4.926160817446745,1803.032227413973,0.0,-4.082804935023887e-06,0.16387285108476135,2652885904.624313,2652884201.66006,4.260333710281828,1551.3343753389827,36000000.0,0.08622117340564728,1211.0350322276354
362.0,2.0,6.526371297863728,5.682263522143697,8.024550663076607,850664.566070219,25191.671316396965,78.4520724475298,1.6180257252874316e-07,0.9800009260999707,2.9999999999999996,875856.2373866113,875854.016205309,60.66409273819973,22327.39471175427,0.0,-3.9032442145980895e-05,2.021484289303771,123454.69182500667,123454.37946568769,8.60244751394704,3166.110099049038,0.0,-7.056848971842555e-06,0.28609310607180305,72592.65825186147,72592.47828795099,4.925560088352653,1812.8833475906783,0.0,-4.2331168970122235e-06,0.164531394656251,2653085903.8916097,2653084193.140154,4.259972268832954,1559.8543198766486,36200000.0,0.08625967055559158,1218.8222735598683
364.0,2.0,6.526247544316277,5.68204925839786,8.024520389103698,850543.4219015421,25191.510780121247,78.4426818708767,1.5858751877375797e-07,0.9800009264560442,2.9999999999999996,875734.9326816628,875732.7027865008,60.65670940516841,22448.708130564606,0.0,-3.9030266634654254e-05,2.0301981511947815,123437.49040959352,123437.17666438587,8.601400616375303,3183.3129002817886,0.0,-7.1259119067690335e-06,0.287478925675714,72582.80912805136,72582.6283671639,4.9249603738004915,1822.7332683382792,0.0,-4.27260783908423e-06,0.1653283321447816,2653285903.5169463,2653284184.620952,4.2596116341200165,1568.3735431448886,36400000.0,0.0862811803817749,1226.966833472252
365.0,1.0,6.526185470581675,5.681942135175814,8.024504791408384,850482.8529458038,25191.430516587374,78.43799208757352,1.5684936362452742e-07,0.9800009266351062,2.9999999999999996,875674.2834623943,875672.0497644921,60.65302200936751,22509.361152573973,0.0,-3.9029615436447784e-05,2.0340008919774846,123428.8901913786,123428.57578661128,8.600877770446445,3191.913778052235,0.0,-7.1300537456409074e-06,0.28813848119807517,72577.88484607598,72577.70370629664,4.924660864356692,1827.6579292026358,0.0,-4.27550594395143e-06,0.16570722111600844,2653385904.131612,2653384180.361513,4.259431600252235,1572.6329747451407,36500000.0,0.08627378940582275,1231.8409305810928
