time_days,cell,x_m,y_m,depth_m,pressure_bar,gas_saturation,gas_H2_mole_fraction,aqueous_H2_mole_fraction
0.0,0,55.55555555555556,55.55555555555556,102.5,5.999557826243381,0.7499389048457202,0.9728989537725385,7.971840295705841e-05
0.0,1,166.66666666666669,55.55555555555556,102.5,5.999557826243381,0.7499389048457202,0.9728989537725385,7.971840295705841e-05
0.0,2,277.77777777777777,55.55555555555556,102.5,5.999557826243381,0.7499389048457202,0.9728989537725385,7.971840295705841e-05
0.0,3,388.8888888888889,55.55555555555556,102.5,5.999557826243381,0.7499389048457202,0.9728989537725385,7.971840295705841e-05
0.0,4,500.0,55.55555555555556,102.5,5.999557826243381,0.7499389048457202,0.9728989537725385,7.971840295705841e-05
0.0,5,611.1111111111111,55.55555555555556,102.5,5.999557826243381,0.7499389048457202,0.9728989537725385,7.971840295705841e-05
0.0,6,722.2222222222223,55.55555555555556,102.5,5.999557826243381,0.7499389048457202,0.9728989537725385,7.971840295705841e-05
0.0,7,833.3333333333334,55.55555555555556,102.5,5.999557826243381,0.7499389048457202,0.9728989537725385,7.971840295705841e-05
0.0,8,944.4444444444445,55.55555555555556,102.5,5.999557826243381,0.7499389048457202,0.9728989537725385,7.971840295705841e-05
0.0,9,55.55555555555556,166.66666666666669,102.5,5.999557826243381,0.7499389048457202,0.9728989537725385,7.971840295705841e-05
0.0,10,166.66666666666669,166.66666666666669,102.5,5.999557826243381,0.7499389048457202,0.9728989537725385,7.971840295705841e-05
0.0,11,277.77777777777777,166.66666666666669,102.5,5.999557826243381,0.7499389048457202,0.9728989537725385,7.971840295705841e-05
0.0,12,388.8888888888889,166.66666666666669,102.5,5.999557826243381,0.7499389048457202,0.9728989537725385,7.971840295705841e-05
0.0,13,500.0,166.66666666666669,102.5,5.999557826243381,0.7499389048457202,0.9728989537725385,7.971840295705841e-05
0.0,14,611.1111111111111,166.66666666666669,102.5,5.999557826243381,0.7499389048457202,0.9728989537725385,7.971840295705841e-05
0.0,15,722.2222222222223,166.66666666666669,102.5,5.999557826243381,0.7499389048457202,0.9728989537725385,7.971840295705841e-05
0.0,16,833.3333333333334,166.66666666666669,102.5,5.999557826243381,0.7499389048457202,0.9728989537725385,7.971840295705841e-05
0.0,17,944.4444444444445,166.66666666666669,102.5,5.999557826243381,0.7499389048457202,0.9728989537725385,7.971840295705841e-05
0.0,18,55.55555555555556,277.77777777777777,102.5,5.999557826243381,0.7499389048457202,0.9728989537725385,7.971840295705841e-05
0.0,19,166.66666666666669,277.77777777777777,102.5,5.999557826243381,0.7499389048457202,0.9728989537725385,7.971840295705841e-05
0.0,20,277.77777777777777,277.77777777777777,102.5,5.999557826243381,0.7499389048457202,0.9728989537725385,7.971840295705841e-05
0.0,21,388.8888888888889,277.77777777777777,102.5,5.999557826243381,0.7499389048457202,0.9728989537725385,7.971840295705841e-05
0.0,22,500.0,277.77777777777777,102.5,5.999557826243381,0.7499389048457202,0.9728989537725385,7.971840295705841e-05
0.0,23,611.1111111111111,277.77777777777777,102.5,5.999557826243381,0.7499389048457202,0.9728989537725385,7.971840295705841e-05
0.0,24,722.2222222222223,277.77777777777777,102.5,5.999557826243381,0.7499389048457202,0.9728989537725385,7.971840295705841e-05
0.0,25,833.3333333333334,277.77777777777777,102.5,5.999557826243381,0.7499389048457202,0.9728989537725385,7.971840295705841e-05
0.0,26,944.4444444444445,277.77777777777777,102.5,5.999557826243381,0.7499389048457202,0.9728989537725385,7.971840295705841e-05
0.0,27,55.55555555555556,388.8888888888889,102.5,5.999557826243381,0.7499389048457202,0.9728989537725385,7.971840295705841e-05
0.0,28,166.66666666666669,388.8888888888889,102.5,5.999557826243381,0.7499389048457202,0.9728989537725385,7.971840295705841e-05
0.0,29,277.77777777777777,388.8888888888889,102.5,5.999557826243381,0.7499389048457202,0.9728989537725385,7.971840295705841e-05
0.0,30,388.8888888888889,388.8888888888889,102.5,5.999557826243381,0.7499389048457202,0.9728989537725385,7.971840295705841e-05
0.0,31,500.0,388.8888888888889,102.5,5.999557826243381,0.7499389048457202,0.9728989537725385,7.971840295705841e-05
0.0,32,611.1111111111111,388.8888888888889,102.5,5.999557826243381,0.7499389048457202,0.9728989537725385,7.971840295705841e-05
0.0,33,722.2222222222223,388.8888888888889,102.5,5.999557826243381,0.7499389048457202,0.9728989537725385,7.971840295705841e-05
0.0,34,833.3333333333334,388.8888888888889,102.5,5.999557826243381,0.7499389048457202,0.9728989537725385,7.971840295705841e-05
0.0,35,944.4444444444445,388.8888888888889,102.5,5.999557826243381,0.7499389048457202,0.9728989537725385,7.971840295705841e-05
0.0,36,55.55555555555556,500.0,102.5,5.999557826243381,0.7499389048457202,0.9728989537725385,7.971840295705841e-05
0.0,37,166.66666666666669,500.0,102.5,5.999557826243381,0.7499389048457202,0.9728989537725385,7.971840295705841e-05
0.0,38,277.77777777777777,500.0,102.5,5.999557826243381,0.7499389048457202,0.9728989537725385,7.971840295705841e-05
0.0,39,388.8888888888889,500.0,102.5,5.999557826243381,0.7499389048457202,0.9728989537725385,7.971840295705841e-05
0.0,40,500.0,500.0,102.5,5.999557826243381,0.7499389048457202,0.9728989537725385,7.971840295705841e-05
0.0,41,611.1111111111111,500.0,102.5,5.999557826243381,0.7499389048457202,0.9728989537725385,7.971840295705841e-05
0.0,42,722.2222222222223,500.0,102.5,5.999557826243381,0.7499389048457202,0.9728989537725385,7.971840295705841e-05
0.0,43,833.3333333333334,500.0,102.5,5.999557826243381,0.7499389048457202,0.9728989537725385,7.971840295705841e-05
0.0,44,944.4444444444445,500.0,102.5,5.999557826243381,0.7499389048457202,0.9728989537725385,7.971840295705841e-05
0.0,45,55.55555555555556,611.1111111111111,102.5,5.999557826243381,0.7499389048457202,0.9728989537725385,7.971840295705841e-05
0.0,46,166.66666666666669,611.1111111111111,102.5,5.999557826243381,0.7499389048457202,0.9728989537725385,7.971840295705841e-05
0.0,47,277.77777777777777,611.1111111111111,102.5,5.999557826243381,0.7499389048457202,0.9728989537725385,7.971840295705841e-05
0.0,48,388.8888888888889,611.1111111111111,102.5,5.999557826243381,0.7499389048457202,0.9728989537725385,7.971840295705841e-05
0.0,49,500.0,611.1111111111111,102.5,5.999557826243381,0.7499389048457202,0.9728989537725385,7.971840295705841e-05
0.0,50,611.1111111111111,611.1111111111111,102.5,5.999557826243381,0.7499389048457202,0.9728989537725385,7.971840295705841e-05
0.0,51,722.2222222222223,611.1111111111111,102.5,5.999557826243381,0.7499389048457202,0.9728989537725385,7.971840295705841e-05
0.0,52,833.3333333333334,611.1111111111111,102.5,5.999557826243381,0.7499389048457202,0.9728989537725385,7.971840295705841e-05
0.0,53,944.4444444444445,611.1111111111111,102.5,5.999557826243381,0.7499389048457202,0.9728989537725385,7.971840295705841e-05
0.0,54,55.55555555555556,722.2222222222223,102.5,5.999557826243381,0.7499389048457202,0.9728989537725385,7.971840295705841e-05
0.0,55,166.66666666666669,722.2222222222223,102.5,5.999557826243381,0.7499389048457202,0.9728989537725385,7.971840295705841e-05
0.0,56,277.77777777777777,722.2222222222223,102.5,5.999557826243381,0.7499389048457202,0.9728989537725385,7.971840295705841e-05
0.0,57,388.8888888888889,722.2222222222223,102.5,5.999557826243381,0.7499389048457202,0.9728989537725385,7.971840295705841e-05
0.0,58,500.0,722.2222222222223,102.5,5.999557826243381,0.7499389048457202,0.9728989537725385,7.971840295705841e-05
0.0,59,611.1111111111111,722.2222222222223,102.5,5.999557826243381,0.7499389048457202,0.9728989537725385,7.971840295705841e-05
0.0,60,722.2222222222223,722.2222222222223,102.5,5.999557826243381,0.7499389048457202,0.9728989537725385,7.971840295705841e-05
0.0,61,833.3333333333334,722.2222222222223,102.5,5.999557826243381,0.7499389048457202,0.9728989537725385,7.971840295705841e-05
0.0,62,944.4444444444445,722.2222222222223,102.5,5.999557826243381,0.7499389048457202,0.9728989537725385,7.971840295705841e-05
0.0,63,55.55555555555556,833.3333333333334,102.5,5.999557826243381,0.7499389048457202,0.9728989537725385,7.971840295705841e-05
0.0,64,166.66666666666669,833.3333333333334,102.5,5.999557826243381,0.7499389048457202,0.9728989537725385,7.971840295705841e-05
0.0,65,277.77777777777777,833.3333333333334,102.5,5.999557826243381,0.7499389048457202,0.9728989537725385,7.971840295705841e-05
0.0,66,388.8888888888889,833.3333333333334,102.5,5.999557826243381,0.7499389048457202,0.9728989537725385,7.971840295705841e-05
0.0,67,500.0,833.3333333333334,102.5,5.999557826243381,0.7499389048457202,0.9728989537725385,7.971840295705841e-05
0.0,68,611.1111111111111,833.3333333333334,102.5,5.999557826243381,0.7499389048457202,0.9728989537725385,7.971840295705841e-05
0.0,69,722.2222222222223,833.3333333333334,102.5,5.999557826243381,0.7499389048457202,0.9728989537725385,7.971840295705841e-05
0.0,70,833.3333333333334,833.3333333333334,102.5,5.999557826243381,0.7499389048457202,0.9728989537725385,7.971840295705841e-05
0.0,71,944.4444444444445,833.3333333333334,102.5,5.999557826243381,0.7499389048457202,0.9728989537725385,7.971840295705841e-05
0.0,72,55.55555555555556,944.4444444444445,102.5,5.999557826243381,0.7499389048457202,0.9728989537725385,7.971840295705841e-05
0.0,73,166.66666666666669,944.4444444444445,102.5,5.999557826243381,0.7499389048457202,0.9728989537725385,7.971840295705841e-05
0.0,74,277.77777777777777,944.4444444444445,102.5,5.999557826243381,0.7499389048457202,0.9728989537725385,7.971840295705841e-05
0.0,75,388.8888888888889,944.4444444444445,102.5,5.999557826243381,0.7499389048457202,0.9728989537725385,7.971840295705841e-05
0.0,76,500.0,944.4444444444445,102.5,5.999557826243381,0.7499389048457202,0.9728989537725385,7.971840295705841e-05
0.0,77,611.1111111111111,944.4444444444445,102.5,5.999557826243381,0.7499389048457202,0.9728989537725385,7.971840295705841e-05
0.0,78,722.2222222222223,944.4444444444445,102.5,5.999557826243381,0.7499389048457202,0.9728989537725385,7.971840295705841e-05
0.0,79,833.3333333333334,944.4444444444445,102.5,5.999557826243381,0.7499389048457202,0.9728989537725385,7.971840295705841e-05
0.0,80,944.4444444444445,944.4444444444445,102.5,5.999557826243381,0.7499389048457202,0.9728989537725385,7.971840295705841e-05
0.0,81,55.55555555555556,55.55555555555556,107.5,5.999852605290406,0.7498995277421171,0.9728992936851246,7.972234091504035e-05
0.0,82,166.66666666666669,55.55555555555556,107.5,5.999852605290406,0.7498995277421171,0.9728992936851246,7.972234091504035e-05
0.0,83,277.77777777777777,55.55555555555556,107.5,5.999852605290406,0.7498995277421171,0.9728992936851246,7.972234091504035e-05
0.0,84,388.8888888888889,55.55555555555556,107.5,5.999852605290406,0.7498995277421171,0.9728992936851246,7.972234091504035e-05
0.0,85,500.0,55.55555555555556,107.5,5.999852605290406,0.7498995277421171,0.9728992936851246,7.972234091504035e-05
0.0,86,611.1111111111111,55.55555555555556,107.5,5.999852605290406,0.7498995277421171,0.9728992936851246,7.972234091504035e-05
0.0,87,722.2222222222223,55.55555555555556,107.5,5.999852605290406,0.7498995277421171,0.9728992936851246,7.972234091504035e-05
0.0,88,833.3333333333334,55.55555555555556,107.5,5.999852605290406,0.7498995277421171,0.9728992936851246,7.972234091504035e-05
0.0,89,944.4444444444445,55.55555555555556,107.5,5.999852605290406,0.7498995277421171,0.9728992936851246,7.972234091504035e-05
0.0,90,55.55555555555556,166.66666666666669,107.5,5.999852605290406,0.7498995277421171,0.9728992936851246,7.972234091504035e-05
0.0,91,166.66666666666669,166.66666666666669,107.5,5.999852605290406,0.7498995277421171,0.9728992936851246,7.972234091504035e-05
0.0,92,277.77777777777777,166.66666666666669,107.5,5.999852605290406,0.7498995277421171,0.9728992936851246,7.972234091504035e-05
0.0,93,388.8888888888889,166.66666666666669,107.5,5.999852605290406,0.7498995277421171,0.9728992936851246,7.972234091504035e-05
0.0,94,500.0,166.66666666666669,107.5,5.999852605290406,0.7498995277421171,0.9728992936851246,7.972234091504035e-05
0.0,95,611.1111111111111,166.66666666666669,107.5,5.999852605290406,0.7498995277421171,0.9728992936851246,7.972234091504035e-05
0.0,96,722.2222222222223,166.66666666666669,107.5,5.999852605290406,0.7498995277421171,0.9728992936851246,7.972234091504035e-05
0.0,97,833.3333333333334,166.66666666666669,107.5,5.999852605290406,0.7498995277421171,0.9728992936851246,7.972234091504035e-05
0.0,98,944.4444444444445,166.66666666666669,107.5,5.999852605290406,0.7498995277421171,0.9728992936851246,7.972234091504035e-05
0.0,99,55.55555555555556,277.77777777777777,107.5,5.999852605290406,0.7498995277421171,0.9728992936851246,7.972234091504035e-05
0.0,100,166.66666666666669,277.77777777777777,107.5,5.999852605290406,0.7498995277421171,0.9728992936851246,7.972234091504035e-05
0.0,101,277.77777777777777,277.77777777777777,107.5,5.999852605290406,0.7498995277421171,0.9728992936851246,7.972234091504035e-05
0.0,102,388.8888888888889,277.77777777777777,107.5,5.999852605290406,0.7498995277421171,0.9728992936851246,7.972234091504035e-05
0.0,103,500.0,277.77777777777777,107.5,5.999852605290406,0.7498995277421171,0.9728992936851246,7.972234091504035e-05
0.0,104,611.1111111111111,277.77777777777777,107.5,5.999852605290406,0.7498995277421171,0.9728992936851246,7.972234091504035e-05
0.0,105,722.2222222222223,277.77777777777777,107.5,5.999852605290406,0.7498995277421171,0.9728992936851246,7.972234091504035e-05
0.0,106,833.3333333333334,277.77777777777777,107.5,5.999852605290406,0.7498995277421171,0.9728992936851246,7.972234091504035e-05
0.0,107,944.4444444444445,277.77777777777777,107.5,5.999852605290406,0.7498995277421171,0.9728992936851246,7.972234091504035e-05
0.0,108,55.55555555555556,388.8888888888889,107.5,5.999852605290406,0.7498995277421171,0.9728992936851246,7.972234091504035e-05
0.0,109,166.66666666666669,388.8888888888889,107.5,5.999852605290406,0.7498995277421171,0.9728992936851246,7.972234091504035e-05
0.0,110,277.77777777777777,388.8888888888889,107.5,5.999852605290406,0.7498995277421171,0.9728992936851246,7.972234091504035e-05
0.0,111,388.8888888888889,388.8888888888889,107.5,5.999852605290406,0.7498995277421171,0.9728992936851246,7.972234091504035e-05
0.0,112,500.0,388.8888888888889,107.5,5.999852605290406,0.7498995277421171,0.9728992936851246,7.972234091504035e-05
0.0,113,611.1111111111111,388.8888888888889,107.5,5.999852605290406,0.7498995277421171,0.9728992936851246,7.972234091504035e-05
0.0,114,722.2222222222223,388.8888888888889,107.5,5.999852605290406,0.7498995277421171,0.9728992936851246,7.972234091504035e-05
0.0,115,833.3333333333334,388.8888888888889,107.5,5.999852605290406,0.7498995277421171,0.9728992936851246,7.972234091504035e-05
0.0,116,944.4444444444445,388.8888888888889,107.5,5.999852605290406,0.7498995277421171,0.9728992936851246,7.972234091504035e-05
0.0,117,55.55555555555556,500.0,107.5,5.999852605290406,0.7498995277421171,0.9728992936851246,7.972234091504035e-05
0.0,118,166.66666666666669,500.0,107.5,5.999852605290406,0.7498995277421171,0.9728992936851246,7.972234091504035e-05
0.0,119,277.77777777777777,500.0,107.5,5.999852605290406,0.7498995277421171,0.9728992936851246,7.972234091504035e-05
0.0,120,388.8888888888889,500.0,107.5,5.999852605290406,0.7498995277421171,0.9728992936851246,7.972234091504035e-05
0.0,121,500.0,500.0,107.5,5.999852605290406,0.7498995277421171,0.9728992936851246,7.972234091504035e-05
0.0,122,611.1111111111111,500.0,107.5,5.999852605290406,0.7498995277421171,0.9728992936851246,7.972234091504035e-05
0.0,123,722.2222222222223,500.0,107.5,5.999852605290406,0.7498995277421171,0.9728992936851246,7.972234091504035e-05
0.0,124,833.3333333333334,500.0,107.5,5.999852605290406,0.7498995277421171,0.9728992936851246,7.972234091504035e-05
0.0,125,944.4444444444445,500.0,107.5,5.999852605290406,0.7498995277421171,0.9728992936851246,7.972234091504035e-05
0.0,126,55.55555555555556,611.1111111111111,107.5,5.999852605290406,0.7498995277421171,0.9728992936851246,7.972234091504035e-05
0.0,127,166.66666666666669,611.1111111111111,107.5,5.999852605290406,0.7498995277421171,0.9728992936851246,7.972234091504035e-05
0.0,128,277.77777777777777,611.1111111111111,107.5,5.999852605290406,0.7498995277421171,0.9728992936851246,7.972234091504035e-05
0.0,129,388.8888888888889,611.1111111111111,107.5,5.999852605290406,0.7498995277421171,0.9728992936851246,7.972234091504035e-05
0.0,130,500.0,611.1111111111111,107.5,5.999852605290406,0.7498995277421171,0.9728992936851246,7.972234091504035e-05
0.0,131,611.1111111111111,611.1111111111111,107.5,5.999852605290406,0.7498995277421171,0.9728992936851246,7.972234091504035e-05
0.0,132,722.2222222222223,611.1111111111111,107.5,5.999852605290406,0.7498995277421171,0.9728992936851246,7.972234091504035e-05
0.0,133,833.3333333333334,611.1111111111111,107.5,5.999852605290406,0.7498995277421171,0.9728992936851246,7.972234091504035e-05
0.0,134,944.4444444444445,611.1111111111111,107.5,5.999852605290406,0.7498995277421171,0.9728992936851246,7.972234091504035e-05
0.0,135,55.55555555555556,722.2222222222223,107.5,5.999852605290406,0.7498995277421171,0.9728992936851246,7.972234091504035e-05
0.0,136,166.66666666666669,722.2222222222223,107.5,5.999852605290406,0.7498995277421171,0.9728992936851246,7.972234091504035e-05
0.0,137,277.77777777777777,722.2222222222223,107.5,5.999852605290406,0.7498995277421171,0.9728992936851246,7.972234091504035e-05
0.0,138,388.8888888888889,722.2222222222223,107.5,5.999852605290406,0.7498995277421171,0.9728992936851246,7.972234091504035e-05
0.0,139,500.0,722.2222222222223,107.5,5.999852605290406,0.7498995277421171,0.9728992936851246,7.972234091504035e-05
0.0,140,611.1111111111111,722.2222222222223,107.5,5.999852605290406,0.7498995277421171,0.9728992936851246,7.972234091504035e-05
0.0,141,722.2222222222223,722.2222222222223,107.5,5.999852605290406,0.7498995277421171,0.9728992936851246,7.972234091504035e-05
0.0,142,833.3333333333334,722.2222222222223,107.5,5.999852605290406,0.7498995277421171,0.9728992936851246,7.972234091504035e-05
0.0,143,944.4444444444445,722.2222222222223,107.5,5.999852605290406,0.7498995277421171,0.9728992936851246,7.972234091504035e-05
0.0,144,55.55555555555556,833.3333333333334,107.5,5.999852605290406,0.7498995277421171,0.9728992936851246,7.972234091504035e-05
0.0,145,166.66666666666669,833.3333333333334,107.5,5.999852605290406,0.7498995277421171,0.9728992936851246,7.972234091504035e-05
0.0,146,277.77777777777777,833.3333333333334,107.5,5.999852605290406,0.7498995277421171,0.9728992936851246,7.972234091504035e-05
0.0,147,388.8888888888889,833.3333333333334,107.5,5.999852605290406,0.7498995277421171,0.9728992936851246,7.972234091504035e-05
0.0,148,500.0,833.3333333333334,107.5,5.999852605290406,0.7498995277421171,0.9728992936851246,7.972234091504035e-05
0.0,149,611.1111111111111,833.3333333333334,107.5,5.999852605290406,0.7498995277421171,0.9728992936851246,7.972234091504035e-05
0.0,150,722.2222222222223,833.3333333333334,107.5,5.999852605290406,0.7498995277421171,0.9728992936851246,7.972234091504035e-05
0.0,151,833.3333333333334,833.3333333333334,107.5,5.999852605290406,0.7498995277421171,0.9728992936851246,7.972234091504035e-05
0.0,152,944.4444444444445,833.3333333333334,107.5,5.999852605290406,0.7498995277421171,0.9728992936851246,7.972234091504035e-05
0.0,153,55.55555555555556,944.4444444444445,107.5,5.999852605290406,0.7498995277421171,0.9728992936851246,7.972234091504035e-05
0.0,154,166.66666666666669,944.4444444444445,107.5,5.999852605290406,0.7498995277421171,0.9728992936851246,7.972234091504035e-05
0.0,155,277.77777777777777,944.4444444444445,107.5,5.999852605290406,0.7498995277421171,0.9728992936851246,7.972234091504035e-05
0.0,156,388.8888888888889,944.4444444444445,107.5,5.999852605290406,0.7498995277421171,0.9728992936851246,7.972234091504035e-05
0.0,157,500.0,944.4444444444445,107.5,5.999852605290406,0.7498995277421171,0.9728992936851246,7.972234091504035e-05
0.0,158,611.1111111111111,944.4444444444445,107.5,5.999852605290406,0.7498995277421171,0.9728992936851246,7.972234091504035e-05
0.0,159,722.2222222222223,944.4444444444445,107.5,5.999852605290406,0.7498995277421171,0.9728992936851246,7.972234091504035e-05
0.0,160,833.3333333333334,944.4444444444445,107.5,5.999852605290406,0.7498995277421171,0.9728992936851246,7.972234091504035e-05
0.0,161,944.4444444444445,944.4444444444445,107.5,5.999852605290406,0.7498995277421171,0.9728992936851246,7.972234091504035e-05
0.0,162,55.55555555555556,55.55555555555556,112.5,6.000147398167091,0.749804890468588,0.9728996335802645,7.972627905711708e-05
0.0,163,166.66666666666669,55.55555555555556,112.5,6.000147398167091,0.749804890468588,0.9728996335802645,7.972627905711708e-05
0.0,164,277.77777777777777,55.55555555555556,112.5,6.000147398167091,0.749804890468588,0.9728996335802645,7.972627905711708e-05
0.0,165,388.8888888888889,55.55555555555556,112.5,6.000147398167091,0.749804890468588,0.9728996335802645,7.972627905711708e-05
0.0,166,500.0,55.55555555555556,112.5,6.000147398167091,0.749804890468588,0.9728996335802645,7.972627905711708e-05
0.0,167,611.1111111111111,55.55555555555556,112.5,6.000147398167091,0.749804890468588,0.9728996335802645,7.972627905711708e-05
0.0,168,722.2222222222223,55.55555555555556,112.5,6.000147398167091,0.749804890468588,0.9728996335802645,7.972627905711708e-05
0.0,169,833.3333333333334,55.55555555555556,112.5,6.000147398167091,0.749804890468588,0.9728996335802645,7.972627905711708e-05
0.0,170,944.4444444444445,55.55555555555556,112.5,6.000147398167091,0.749804890468588,0.9728996335802645,7.972627905711708e-05
0.0,171,55.55555555555556,166.66666666666669,112.5,6.000147398167091,0.749804890468588,0.9728996335802645,7.972627905711708e-05
0.0,172,166.66666666666669,166.66666666666669,112.5,6.000147398167091,0.749804890468588,0.9728996335802645,7.972627905711708e-05
0.0,173,277.77777777777777,166.66666666666669,112.5,6.000147398167091,0.749804890468588,0.9728996335802645,7.972627905711708e-05
0.0,174,388.8888888888889,166.66666666666669,112.5,6.000147398167091,0.749804890468588,0.9728996335802645,7.972627905711708e-05
0.0,175,500.0,166.66666666666669,112.5,6.000147398167091,0.749804890468588,0.9728996335802645,7.972627905711708e-05
0.0,176,611.1111111111111,166.66666666666669,112.5,6.000147398167091,0.749804890468588,0.9728996335802645,7.972627905711708e-05
0.0,177,722.2222222222223,166.66666666666669,112.5,6.000147398167091,0.749804890468588,0.9728996335802645,7.972627905711708e-05
0.0,178,833.3333333333334,166.66666666666669,112.5,6.000147398167091,0.749804890468588,0.9728996335802645,7.972627905711708e-05
0.0,179,944.4444444444445,166.66666666666669,112.5,6.000147398167091,0.749804890468588,0.9728996335802645,7.972627905711708e-05
0.0,180,55.55555555555556,277.77777777777777,112.5,6.000147398167091,0.749804890468588,0.9728996335802645,7.972627905711708e-05
0.0,181,166.66666666666669,277.77777777777777,112.5,6.000147398167091,0.749804890468588,0.9728996335802645,7.972627905711708e-05
0.0,182,277.77777777777777,277.77777777777777,112.5,6.000147398167091,0.749804890468588,0.9728996335802645,7.972627905711708e-05
0.0,183,388.8888888888889,277.77777777777777,112.5,6.000147398167091,0.749804890468588,0.9728996335802645,7.972627905711708e-05
0.0,184,500.0,277.77777777777777,112.5,6.000147398167091,0.749804890468588,0.9728996335802645,7.972627905711708e-05
0.0,185,611.1111111111111,277.77777777777777,112.5,6.000147398167091,0.749804890468588,0.9728996335802645,7.972627905711708e-05
0.0,186,722.2222222222223,277.77777777777777,112.5,6.000147398167091,0.749804890468588,0.9728996335802645,7.972627905711708e-05
0.0,187,833.3333333333334,277.77777777777777,112.5,6.000147398167091,0.749804890468588,0.9728996335802645,7.972627905711708e-05
0.0,188,944.4444444444445,277.77777777777777,112.5,6.000147398167091,0.749804890468588,0.9728996335802645,7.972627905711708e-05
0.0,189,55.55555555555556,388.8888888888889,112.5,6.000147398167091,0.749804890468588,0.9728996335802645,7.972627905711708e-05
0.0,190,166.66666666666669,388.8888888888889,112.5,6.000147398167091,0.749804890468588,0.9728996335802645,7.972627905711708e-05
0.0,191,277.77777777777777,388.8888888888889,112.5,6.000147398167091,0.749804890468588,0.9728996335802645,7.972627905711708e-05
0.0,192,388.8888888888889,388.8888888888889,112.5,6.000147398167091,0.749804890468588,0.9728996335802645,7.972627905711708e-05
0.0,193,500.0,388.8888888888889,112.5,6.000147398167091,0.749804890468588,0.9728996335802645,7.972627905711708e-05
0.0,194,611.1111111111111,388.8888888888889,112.5,6.000147398167091,0.749804890468588,0.9728996335802645,7.972627905711708e-05
0.0,195,722.2222222222223,388.8888888888889,112.5,6.000147398167091,0.749804890468588,0.9728996335802645,7.972627905711708e-05
0.0,196,833.3333333333334,388.8888888888889,112.5,6.000147398167091,0.749804890468588,0.9728996335802645,7.972627905711708e-05
0.0,197,944.4444444444445,388.8888888888889,112.5,6.000147398167091,0.749804890468588,0.9728996335802645,7.972627905711708e-05
0.0,198,55.55555555555556,500.0,112.5,6.000147398167091,0.749804890468588,0.9728996335802645,7.972627905711708e-05
0.0,199,166.66666666666669,500.0,112.5,6.000147398167091,0.749804890468588,0.9728996335802645,7.972627905711708e-05
0.0,200,277.77777777777777,500.0,112.5,6.000147398167091,0.749804890468588,0.9728996335802645,7.972627905711708e-05
0.0,201,388.8888888888889,500.0,112.5,6.000147398167091,0.749804890468588,0.9728996335802645,7.972627905711708e-05
0.0,202,500.0,500.0,112.5,6.000147398167091,0.749804890468588,0.9728996335802645,7.972627905711708e-05
0.0,203,611.1111111111111,500.0,112.5,6.000147398167091,0.749804890468588,0.9728996335802645,7.972627905711708e-05
0.0,204,722.2222222222223,500.0,112.5,6.000147398167091,0.749804890468588,0.9728996335802645,7.972627905711708e-05
0.0,205,833.3333333333334,500.0,112.5,6.000147398167091,0.749804890468588,0.9728996335802645,7.972627905711708e-05
0.0,206,944.4444444444445,500.0,112.5,6.000147398167091,0.749804890468588,0.9728996335802645,7.972627905711708e-05
0.0,207,55.55555555555556,611.1111111111111,112.5,6.000147398167091,0.749804890468588,0.9728996335802645,7.972627905711708e-05
0.0,208,166.66666666666669,611.1111111111111,112.5,6.000147398167091,0.749804890468588,0.9728996335802645,7.972627905711708e-05
0.0,209,277.77777777777777,611.1111111111111,112.5,6.000147398167091,0.749804890468588,0.9728996335802645,7.972627905711708e-05
0.0,210,388.8888888888889,611.1111111111111,112.5,6.000147398167091,0.749804890468588,0.9728996335802645,7.972627905711708e-05
0.0,211,500.0,611.1111111111111,112.5,6.000147398167091,0.749804890468588,0.9728996335802645,7.972627905711708e-05
0.0,212,611.1111111111111,611.1111111111111,112.5,6.000147398167091,0.749804890468588,0.9728996335802645,7.972627905711708e-05
0.0,213,722.2222222222223,611.1111111111111,112.5,6.000147398167091,0.749804890468588,0.9728996335802645,7.972627905711708e-05
0.0,214,833.3333333333334,611.1111111111111,112.5,6.000147398167091,0.749804890468588,0.9728996335802645,7.972627905711708e-05
0.0,215,944.4444444444445,611.1111111111111,112.5,6.000147398167091,0.749804890468588,0.9728996335802645,7.972627905711708e-05
0.0,216,55.55555555555556,722.2222222222223,112.5,6.000147398167091,0.749804890468588,0.9728996335802645,7.972627905711708e-05
0.0,217,166.66666666666669,722.2222222222223,112.5,6.000147398167091,0.749804890468588,0.9728996335802645,7.972627905711708e-05
0.0,218,277.77777777777777,722.2222222222223,112.5,6.000147398167091,0.749804890468588,0.9728996335802645,7.972627905711708e-05
0.0,219,388.8888888888889,722.2222222222223,112.5,6.000147398167091,0.749804890468588,0.9728996335802645,7.972627905711708e-05
0.0,220,500.0,722.2222222222223,112.5,6.000147398167091,0.749804890468588,0.9728996335802645,7.972627905711708e-05
0.0,221,611.1111111111111,722.2222222222223,112.5,6.000147398167091,0.749804890468588,0.9728996335802645,7.972627905711708e-05
0.0,222,722.2222222222223,722.2222222222223,112.5,6.000147398167091,0.749804890468588,0.9728996335802645,7.972627905711708e-05
0.0,223,833.3333333333334,722.2222222222223,112.5,6.000147398167091,0.749804890468588,0.9728996335802645,7.972627905711708e-05
0.0,224,944.4444444444445,722.2222222222223,112.5,6.000147398167091,0.749804890468588,0.9728996335802645,7.972627905711708e-05
0.0,225,55.55555555555556,833.3333333333334,112.5,6.000147398167091,0.749804890468588,0.9728996335802645,7.972627905711708e-05
0.0,226,166.66666666666669,833.3333333333334,112.5,6.000147398167091,0.749804890468588,0.9728996335802645,7.972627905711708e-05
0.0,227,277.77777777777777,833.3333333333334,112.5,6.000147398167091,0.749804890468588,0.9728996335802645,7.972627905711708e-05
0.0,228,388.8888888888889,833.3333333333334,112.5,6.000147398167091,0.749804890468588,0.9728996335802645,7.972627905711708e-05
0.0,229,500.0,833.3333333333334,112.5,6.000147398167091,0.749804890468588,0.9728996335802645,7.972627905711708e-05
0.0,230,611.1111111111111,833.3333333333334,112.5,6.000147398167091,0.749804890468588,0.9728996335802645,7.972627905711708e-05
0.0,231,722.2222222222223,833.3333333333334,112.5,6.000147398167091,0.749804890468588,0.9728996335802645,7.972627905711708e-05
0.0,232,833.3333333333334,833.3333333333334,112.5,6.000147398167091,0.749804890468588,0.9728996335802645,7.972627905711708e-05
0.0,233,944.4444444444445,833.3333333333334,112.5,6.000147398167091,0.749804890468588,0.9728996335802645,7.972627905711708e-05
0.0,234,55.55555555555556,944.4444444444445,112.5,6.000147398167091,0.749804890468588,0.9728996335802645,7.972627905711708e-05
0.0,235,166.66666666666669,944.4444444444445,112.5,6.000147398167091,0.749804890468588,0.9728996335802645,7.972627905711708e-05
0.0,236,277.77777777777777,944.4444444444445,112.5,6.000147398167091,0.749804890468588,0.9728996335802645,7.972627905711708e-05
0.0,237,388.8888888888889,944.4444444444445,112.5,6.000147398167091,0.749804890468588,0.9728996335802645,7.972627905711708e-05
0.0,238,500.0,944.4444444444445,112.5,6.000147398167091,0.749804890468588,0.9728996335802645,7.972627905711708e-05
0.0,239,611.1111111111111,944.4444444444445,112.5,6.000147398167091,0.749804890468588,0.9728996335802645,7.972627905711708e-05
0.0,240,722.2222222222223,944.4444444444445,112.5,6.000147398167091,0.749804890468588,0.9728996335802645,7.972627905711708e-05
0.0,241,833.3333333333334,944.4444444444445,112.5,6.000147398167091,0.749804890468588,0.9728996335802645,7.972627905711708e-05
0.0,242,944.4444444444445,944.4444444444445,112.5,6.000147398167091,0.749804890468588,0.9728996335802645,7.972627905711708e-05
0.0,243,55.55555555555556,55.55555555555556,117.5,6.000442204874086,0.749469512259529,0.9728999734578776,7.97302173832935e-05
0.0,244,166.66666666666669,55.55555555555556,117.5,6.000442204874086,0.749469512259529,0.9728999734578776,7.97302173832935e-05
0.0,245,277.77777777777777,55.55555555555556,117.5,6.000442204874086,0.749469512259529,0.9728999734578776,7.97302173832935e-05
0.0,246,388.8888888888889,55.55555555555556,117.5,6.000442204874086,0.749469512259529,0.9728999734578776,7.97302173832935e-05
0.0,247,500.0,55.55555555555556,117.5,6.000442204874086,0.749469512259529,0.9728999734578776,7.97302173832935e-05
0.0,248,611.1111111111111,55.55555555555556,117.5,6.000442204874086,0.749469512259529,0.9728999734578776,7.97302173832935e-05
0.0,249,722.2222222222223,55.55555555555556,117.5,6.000442204874086,0.749469512259529,0.9728999734578776,7.97302173832935e-05
0.0,250,833.3333333333334,55.55555555555556,117.5,6.000442204874086,0.749469512259529,0.9728999734578776,7.97302173832935e-05
0.0,251,944.4444444444445,55.55555555555556,117.5,6.000442204874086,0.749469512259529,0.9728999734578776,7.97302173832935e-05
0.0,252,55.55555555555556,166.66666666666669,117.5,6.000442204874086,0.749469512259529,0.9728999734578776,7.97302173832935e-05
0.0,253,166.66666666666669,166.66666666666669,117.5,6.000442204874086,0.749469512259529,0.9728999734578776,7.97302173832935e-05
0.0,254,277.77777777777777,166.66666666666669,117.5,6.000442204874086,0.749469512259529,0.9728999734578776,7.97302173832935e-05
0.0,255,388.8888888888889,166.66666666666669,117.5,6.000442204874086,0.749469512259529,0.9728999734578776,7.97302173832935e-05
0.0,256,500.0,166.66666666666669,117.5,6.000442204874086,0.749469512259529,0.9728999734578776,7.97302173832935e-05
0.0,257,611.1111111111111,166.66666666666669,117.5,6.000442204874086,0.749469512259529,0.9728999734578776,7.97302173832935e-05
0.0,258,722.2222222222223,166.66666666666669,117.5,6.000442204874086,0.749469512259529,0.9728999734578776,7.97302173832935e-05
0.0,259,833.3333333333334,166.66666666666669,117.5,6.000442204874086,0.749469512259529,0.9728999734578776,7.97302173832935e-05
0.0,260,944.4444444444445,166.66666666666669,117.5,6.000442204874086,0.749469512259529,0.9728999734578776,7.97302173832935e-05
0.0,261,55.55555555555556,277.77777777777777,117.5,6.000442204874086,0.749469512259529,0.9728999734578776,7.97302173832935e-05
0.0,262,166.66666666666669,277.77777777777777,117.5,6.000442204874086,0.749469512259529,0.9728999734578776,7.97302173832935e-05
0.0,263,277.77777777777777,277.77777777777777,117.5,6.000442204874086,0.749469512259529,0.9728999734578776,7.97302173832935e-05
0.0,264,388.8888888888889,277.77777777777777,117.5,6.000442204874086,0.749469512259529,0.9728999734578776,7.97302173832935e-05
0.0,265,500.0,277.77777777777777,117.5,6.000442204874086,0.749469512259529,0.9728999734578776,7.97302173832935e-05
0.0,266,611.1111111111111,277.77777777777777,117.5,6.000442204874086,0.749469512259529,0.9728999734578776,7.97302173832935e-05
0.0,267,722.2222222222223,277.77777777777777,117.5,6.000442204874086,0.749469512259529,0.9728999734578776,7.97302173832935e-05
0.0,268,833.3333333333334,277.77777777777777,117.5,6.000442204874086,0.749469512259529,0.9728999734578776,7.97302173832935e-05
0.0,269,944.4444444444445,277.77777777777777,117.5,6.000442204874086,0.749469512259529,0.9728999734578776,7.97302173832935e-05
0.0,270,55.55555555555556,388.8888888888889,117.5,6.000442204874086,0.749469512259529,0.9728999734578776,7.97302173832935e-05
0.0,271,166.66666666666669,388.8888888888889,117.5,6.000442204874086,0.749469512259529,0.9728999734578776,7.97302173832935e-05
0.0,272,277.77777777777777,388.8888888888889,117.5,6.000442204874086,0.749469512259529,0.9728999734578776,7.97302173832935e-05
0.0,273,388.8888888888889,388.8888888888889,117.5,6.000442204874086,0.749469512259529,0.9728999734578776,7.97302173832935e-05
0.0,274,500.0,388.8888888888889,117.5,6.000442204874086,0.749469512259529,0.9728999734578776,7.97302173832935e-05
0.0,275,611.1111111111111,388.8888888888889,117.5,6.000442204874086,0.749469512259529,0.9728999734578776,7.97302173832935e-05
0.0,276,722.2222222222223,388.8888888888889,117.5,6.000442204874086,0.749469512259529,0.9728999734578776,7.97302173832935e-05
0.0,277,833.3333333333334,388.8888888888889,117.5,6.000442204874086,0.749469512259529,0.9728999734578776,7.97302173832935e-05
0.0,278,944.4444444444445,388.8888888888889,117.5,6.000442204874086,0.749469512259529,0.9728999734578776,7.97302173832935e-05
0.0,279,55.55555555555556,500.0,117.5,6.000442204874086,0.749469512259529,0.9728999734578776,7.97302173832935e-05
0.0,280,166.66666666666669,500.0,117.5,6.000442204874086,0.749469512259529,0.9728999734578776,7.97302173832935e-05
0.0,281,277.77777777777777,500.0,117.5,6.000442204874086,0.749469512259529,0.9728999734578776,7.97302173832935e-05
0.0,282,388.8888888888889,500.0,117.5,6.000442204874086,0.749469512259529,0.9728999734578776,7.97302173832935e-05
0.0,283,500.0,500.0,117.5,6.000442204874086,0.749469512259529,0.9728999734578776,7.97302173832935e-05
0.0,284,611.1111111111111,500.0,117.5,6.000442204874086,0.749469512259529,0.9728999734578776,7.97302173832935e-05
0.0,285,722.2222222222223,500.0,117.5,6.000442204874086,0.749469512259529,0.9728999734578776,7.97302173832935e-05
0.0,286,833.3333333333334,500.0,117.5,6.000442204874086,0.749469512259529,0.9728999734578776,7.97302173832935e-05
0.0,287,944.4444444444445,500.0,117.5,6.000442204874086,0.749469512259529,0.9728999734578776,7.97302173832935e-05
0.0,288,55.55555555555556,611.1111111111111,117.5,6.000442204874086,0.749469512259529,0.9728999734578776,7.97302173832935e-05
0.0,289,166.66666666666669,611.1111111111111,117.5,6.000442204874086,0.749469512259529,0.9728999734578776,7.97302173832935e-05
0.0,290,277.77777777777777,611.1111111111111,117.5,6.000442204874086,0.749469512259529,0.9728999734578776,7.97302173832935e-05
0.0,291,388.8888888888889,611.1111111111111,117.5,6.000442204874086,0.749469512259529,0.9728999734578776,7.97302173832935e-05
0.0,292,500.0,611.1111111111111,117.5,6.000442204874086,0.749469512259529,0.9728999734578776,7.97302173832935e-05
0.0,293,611.1111111111111,611.1111111111111,117.5,6.000442204874086,0.749469512259529,0.9728999734578776,7.97302173832935e-05
0.0,294,722.2222222222223,611.1111111111111,117.5,6.000442204874086,0.749469512259529,0.9728999734578776,7.97302173832935e-05
0.0,295,833.3333333333334,611.1111111111111,117.5,6.000442204874086,0.749469512259529,0.9728999734578776,7.97302173832935e-05
0.0,296,944.4444444444445,611.1111111111111,117.5,6.000442204874086,0.749469512259529,0.9728999734578776,7.97302173832935e-05
0.0,297,55.55555555555556,722.2222222222223,117.5,6.000442204874086,0.749469512259529,0.9728999734578776,7.97302173832935e-05
0.0,298,166.66666666666669,722.2222222222223,117.5,6.000442204874086,0.749469512259529,0.9728999734578776,7.97302173832935e-05
0.0,299,277.77777777777777,722.2222222222223,117.5,6.000442204874086,0.749469512259529,0.9728999734578776,7.97302173832935e-05
0.0,300,388.8888888888889,722.2222222222223,117.5,6.000442204874086,0.749469512259529,0.9728999734578776,7.97302173832935e-05
0.0,301,500.0,722.2222222222223,117.5,6.000442204874086,0.749469512259529,0.9728999734578776,7.97302173832935e-05
0.0,302,611.1111111111111,722.2222222222223,117.5,6.000442204874086,0.749469512259529,0.9728999734578776,7.97302173832935e-05
0.0,303,722.2222222222223,722.2222222222223,117.5,6.000442204874086,0.749469512259529,0.9728999734578776,7.97302173832935e-05
0.0,304,833.3333333333334,722.2222222222223,117.5,6.000442204874086,0.749469512259529,0.9728999734578776,7.97302173832935e-05
0.0,305,944.4444444444445,722.2222222222223,117.5,6.000442204874086,0.749469512259529,0.9728999734578776,7.97302173832935e-05
0.0,306,55.55555555555556,833.3333333333334,117.5,6.000442204874086,0.749469512259529,0.9728999734578776,7.97302173832935e-05
0.0,307,166.66666666666669,833.3333333333334,117.5,6.000442204874086,0.749469512259529,0.9728999734578776,7.97302173832935e-05
0.0,308,277.77777777777777,833.3333333333334,117.5,6.000442204874086,0.749469512259529,0.9728999734578776,7.97302173832935e-05
0.0,309,388.8888888888889,833.3333333333334,117.5,6.000442204874086,0.749469512259529,0.9728999734578776,7.97302173832935e-05
0.0,310,500.0,833.3333333333334,117.5,6.000442204874086,0.749469512259529,0.9728999734578776,7.97302173832935e-05
0.0,311,611.1111111111111,833.3333333333334,117.5,6.000442204874086,0.749469512259529,0.9728999734578776,7.97302173832935e-05
0.0,312,722.2222222222223,833.3333333333334,117.5,6.000442204874086,0.749469512259529,0.9728999734578776,7.97302173832935e-05
0.0,313,833.3333333333334,833.3333333333334,117.5,6.000442204874086,0.749469512259529,0.9728999734578776,7.97302173832935e-05
0.0,314,944.4444444444445,833.3333333333334,117.5,6.000442204874086,0.749469512259529,0.9728999734578776,7.97302173832935e-05
0.0,315,55.55555555555556,944.4444444444445,117.5,6.000442204874086,0.749469512259529,0.9728999734578776,7.97302173832935e-05
0.0,316,166.66666666666669,944.4444444444445,117.5,6.000442204874086,0.749469512259529,0.9728999734578776,7.97302173832935e-05
0.0,317,277.77777777777777,944.4444444444445,117.5,6.000442204874086,0.749469512259529,0.9728999734578776,7.97302173832935e-05
0.0,318,388.8888888888889,944.4444444444445,117.5,6.000442204874086,0.749469512259529,0.9728999734578776,7.97302173832935e-05
0.0,319,500.0,944.4444444444445,117.5,6.000442204874086,0.749469512259529,0.9728999734578776,7.97302173832935e-05
0.0,320,611.1111111111111,944.4444444444445,117.5,6.000442204874086,0.749469512259529,0.9728999734578776,7.97302173832935e-05
0.0,321,722.2222222222223,944.4444444444445,117.5,6.000442204874086,0.749469512259529,0.9728999734578776,7.97302173832935e-05
0.0,322,833.3333333333334,944.4444444444445,117.5,6.000442204874086,0.749469512259529,0.9728999734578776,7.97302173832935e-05
0.0,323,944.4444444444445,944.4444444444445,117.5,6.000442204874086,0.749469512259529,0.9728999734578776,7.97302173832935e-05
0.0,324,55.55555555555556,55.55555555555556,122.5,6.000737025412036,0.7456957828946722,0.9729003133174152,7.973415589359035e-05
0.0,325,166.66666666666669,55.55555555555556,122.5,6.000737025412036,0.7456957828946722,0.9729003133174152,7.973415589359035e-05
0.0,326,277.77777777777777,55.55555555555556,122.5,6.000737025412036,0.7456957828946722,0.9729003133174152,7.973415589359035e-05
0.0,327,388.8888888888889,55.55555555555556,122.5,6.000737025412036,0.7456957828946722,0.9729003133174152,7.973415589359035e-05
0.0,328,500.0,55.55555555555556,122.5,6.000737025412036,0.7456957828946722,0.9729003133174152,7.973415589359035e-05
0.0,329,611.1111111111111,55.55555555555556,122.5,6.000737025412036,0.7456957828946722,0.9729003133174152,7.973415589359035e-05
0.0,330,722.2222222222223,55.55555555555556,122.5,6.000737025412036,0.7456957828946722,0.9729003133174152,7.973415589359035e-05
0.0,331,833.3333333333334,55.55555555555556,122.5,6.000737025412036,0.7456957828946722,0.9729003133174152,7.973415589359035e-05
0.0,332,944.4444444444445,55.55555555555556,122.5,6.000737025412036,0.7456957828946722,0.9729003133174152,7.973415589359035e-05
0.0,333,55.55555555555556,166.66666666666669,122.5,6.000737025412036,0.7456957828946722,0.9729003133174152,7.973415589359035e-05
0.0,334,166.66666666666669,166.66666666666669,122.5,6.000737025412036,0.7456957828946722,0.9729003133174152,7.973415589359035e-05
0.0,335,277.77777777777777,166.66666666666669,122.5,6.000737025412036,0.7456957828946722,0.9729003133174152,7.973415589359035e-05
0.0,336,388.8888888888889,166.66666666666669,122.5,6.000737025412036,0.7456957828946722,0.9729003133174152,7.973415589359035e-05
0.0,337,500.0,166.66666666666669,122.5,6.000737025412036,0.7456957828946722,0.9729003133174152,7.973415589359035e-05
0.0,338,611.1111111111111,166.66666666666669,122.5,6.000737025412036,0.7456957828946722,0.9729003133174152,7.973415589359035e-05
0.0,339,722.2222222222223,166.66666666666669,122.5,6.000737025412036,0.7456957828946722,0.9729003133174152,7.973415589359035e-05
0.0,340,833.3333333333334,166.66666666666669,122.5,6.000737025412036,0.7456957828946722,0.9729003133174152,7.973415589359035e-05
0.0,341,944.4444444444445,166.66666666666669,122.5,6.000737025412036,0.7456957828946722,0.9729003133174152,7.973415589359035e-05
0.0,342,55.55555555555556,277.77777777777777,122.5,6.000737025412036,0.7456957828946722,0.9729003133174152,7.973415589359035e-05
0.0,343,166.66666666666669,277.77777777777777,122.5,6.000737025412036,0.7456957828946722,0.9729003133174152,7.973415589359035e-05
0.0,344,277.77777777777777,277.77777777777777,122.5,6.000737025412036,0.7456957828946722,0.9729003133174152,7.973415589359035e-05
0.0,345,388.8888888888889,277.77777777777777,122.5,6.000737025412036,0.7456957828946722,0.9729003133174152,7.973415589359035e-05
0.0,346,500.0,277.77777777777777,122.5,6.000737025412036,0.7456957828946722,0.9729003133174152,7.973415589359035e-05
0.0,347,611.1111111111111,277.77777777777777,122.5,6.000737025412036,0.7456957828946722,0.9729003133174152,7.973415589359035e-05
0.0,348,722.2222222222223,277.77777777777777,122.5,6.000737025412036,0.7456957828946722,0.9729003133174152,7.973415589359035e-05
0.0,349,833.3333333333334,277.77777777777777,122.5,6.000737025412036,0.7456957828946722,0.9729003133174152,7.973415589359035e-05
0.0,350,944.4444444444445,277.77777777777777,122.5,6.000737025412036,0.7456957828946722,0.9729003133174152,7.973415589359035e-05
0.0,351,55.55555555555556,388.8888888888889,122.5,6.000737025412036,0.7456957828946722,0.9729003133174152,7.973415589359035e-05
0.0,352,166.66666666666669,388.8888888888889,122.5,6.000737025412036,0.7456957828946722,0.9729003133174152,7.973415589359035e-05
0.0,353,277.77777777777777,388.8888888888889,122.5,6.000737025412036,0.7456957828946722,0.9729003133174152,7.973415589359035e-05
0.0,354,388.8888888888889,388.8888888888889,122.5,6.000737025412036,0.7456957828946722,0.9729003133174152,7.973415589359035e-05
0.0,355,500.0,388.8888888888889,122.5,6.000737025412036,0.7456957828946722,0.9729003133174152,7.973415589359035e-05
0.0,356,611.1111111111111,388.8888888888889,122.5,6.000737025412036,0.7456957828946722,0.9729003133174152,7.973415589359035e-05
0.0,357,722.2222222222223,388.8888888888889,122.5,6.000737025412036,0.7456957828946722,0.9729003133174152,7.973415589359035e-05
0.0,358,833.3333333333334,388.8888888888889,122.5,6.000737025412036,0.7456957828946722,0.9729003133174152,7.973415589359035e-05
0.0,359,944.4444444444445,388.8888888888889,122.5,6.000737025412036,0.7456957828946722,0.9729003133174152,7.973415589359035e-05
0.0,360,55.55555555555556,500.0,122.5,6.000737025412036,0.7456957828946722,0.9729003133174152,7.973415589359035e-05
0.0,361,166.66666666666669,500.0,122.5,6.000737025412036,0.7456957828946722,0.9729003133174152,7.973415589359035e-05
0.0,362,277.77777777777777,500.0,122.5,6.000737025412036,0.7456957828946722,0.9729003133174152,7.973415589359035e-05
0.0,363,388.8888888888889,500.0,122.5,6.000737025412036,0.7456957828946722,0.9729003133174152,7.973415589359035e-05
0.0,364,500.0,500.0,122.5,6.000737025412036,0.7456957828946722,0.9729003133174152,7.973415589359035e-05
0.0,365,611.1111111111111,500.0,122.5,6.000737025412036,0.7456957828946722,0.9729003133174152,7.973415589359035e-05
0.0,366,722.2222222222223,500.0,122.5,6.000737025412036,0.7456957828946722,0.9729003133174152,7.973415589359035e-05
0.0,367,833.3333333333334,500.0,122.5,6.000737025412036,0.7456957828946722,0.9729003133174152,7.973415589359035e-05
0.0,368,944.4444444444445,500.0,122.5,6.000737025412036,0.7456957828946722,0.9729003133174152,7.973415589359035e-05
0.0,369,55.55555555555556,611.1111111111111,122.5,6.000737025412036,0.7456957828946722,0.9729003133174152,7.973415589359035e-05
0.0,370,166.66666666666669,611.1111111111111,122.5,6.000737025412036,0.7456957828946722,0.9729003133174152,7.973415589359035e-05
0.0,371,277.77777777777777,611.1111111111111,122.5,6.000737025412036,0.7456957828946722,0.9729003133174152,7.973415589359035e-05
0.0,372,388.8888888888889,611.1111111111111,122.5,6.000737025412036,0.7456957828946722,0.9729003133174152,7.973415589359035e-05
0.0,373,500.0,611.1111111111111,122.5,6.000737025412036,0.7456957828946722,0.9729003133174152,7.973415589359035e-05
0.0,374,611.1111111111111,611.1111111111111,122.5,6.000737025412036,0.7456957828946722,0.9729003133174152,7.973415589359035e-05
0.0,375,722.2222222222223,611.1111111111111,122.5,6.000737025412036,0.7456957828946722,0.9729003133174152,7.973415589359035e-05
0.0,376,833.3333333333334,611.1111111111111,122.5,6.000737025412036,0.7456957828946722,0.9729003133174152,7.973415589359035e-05
0.0,377,944.4444444444445,611.1111111111111,122.5,6.000737025412036,0.7456957828946722,0.9729003133174152,7.973415589359035e-05
0.0,378,55.55555555555556,722.2222222222223,122.5,6.000737025412036,0.7456957828946722,0.9729003133174152,7.973415589359035e-05
0.0,379,166.66666666666669,722.2222222222223,122.5,6.000737025412036,0.7456957828946722,0.9729003133174152,7.973415589359035e-05
0.0,380,277.77777777777777,722.2222222222223,122.5,6.000737025412036,0.7456957828946722,0.9729003133174152,7.973415589359035e-05
0.0,381,388.8888888888889,722.2222222222223,122.5,6.000737025412036,0.7456957828946722,0.9729003133174152,7.973415589359035e-05
0.0,382,500.0,722.2222222222223,122.5,6.000737025412036,0.7456957828946722,0.9729003133174152,7.973415589359035e-05
0.0,383,611.1111111111111,722.2222222222223,122.5,6.000737025412036,0.7456957828946722,0.9729003133174152,7.973415589359035e-05
0.0,384,722.2222222222223,722.2222222222223,122.5,6.000737025412036,0.7456957828946722,0.9729003133174152,7.973415589359035e-05
0.0,385,833.3333333333334,722.2222222222223,122.5,6.000737025412036,0.7456957828946722,0.9729003133174152,7.973415589359035e-05
0.0,386,944.4444444444445,722.2222222222223,122.5,6.000737025412036,0.7456957828946722,0.9729003133174152,7.973415589359035e-05
0.0,387,55.55555555555556,833.3333333333334,122.5,6.000737025412036,0.7456957828946722,0.9729003133174152,7.973415589359035e-05
0.0,388,166.66666666666669,833.3333333333334,122.5,6.000737025412036,0.7456957828946722,0.9729003133174152,7.973415589359035e-05
0.0,389,277.77777777777777,833.3333333333334,122.5,6.000737025412036,0.7456957828946722,0.9729003133174152,7.973415589359035e-05
0.0,390,388.8888888888889,833.3333333333334,122.5,6.000737025412036,0.7456957828946722,0.9729003133174152,7.973415589359035e-05
0.0,391,500.0,833.3333333333334,122.5,6.000737025412036,0.7456957828946722,0.9729003133174152,7.973415589359035e-05
0.0,392,611.1111111111111,833.3333333333334,122.5,6.000737025412036,0.7456957828946722,0.9729003133174152,7.973415589359035e-05
0.0,393,722.2222222222223,833.3333333333334,122.5,6.000737025412036,0.7456957828946722,0.9729003133174152,7.973415589359035e-05
0.0,394,833.3333333333334,833.3333333333334,122.5,6.000737025412036,0.7456957828946722,0.9729003133174152,7.973415589359035e-05
0.0,395,944.4444444444445,833.3333333333334,122.5,6.000737025412036,0.7456957828946722,0.9729003133174152,7.973415589359035e-05
0.0,396,55.55555555555556,944.4444444444445,122.5,6.000737025412036,0.7456957828946722,0.9729003133174152,7.973415589359035e-05
0.0,397,166.66666666666669,944.4444444444445,122.5,6.000737025412036,0.7456957828946722,0.9729003133174152,7.973415589359035e-05
0.0,398,277.77777777777777,944.4444444444445,122.5,6.000737025412036,0.7456957828946722,0.9729003133174152,7.973415589359035e-05
0.0,399,388.8888888888889,944.4444444444445,122.5,6.000737025412036,0.7456957828946722,0.9729003133174152,7.973415589359035e-05
0.0,400,500.0,944.4444444444445,122.5,6.000737025412036,0.7456957828946722,0.9729003133174152,7.973415589359035e-05
0.0,401,611.1111111111111,944.4444444444445,122.5,6.000737025412036,0.7456957828946722,0.9729003133174152,7.973415589359035e-05
0.0,402,722.2222222222223,944.4444444444445,122.5,6.000737025412036,0.7456957828946722,0.9729003133174152,7.973415589359035e-05
0.0,403,833.3333333333334,944.4444444444445,122.5,6.000737025412036,0.7456957828946722,0.9729003133174152,7.973415589359035e-05
0.0,404,944.4444444444445,944.4444444444445,122.5,6.000737025412036,0.7456957828946722,0.9729003133174152,7.973415589359035e-05
0.0,405,55.55555555555556,55.55555555555556,127.5,6.24504039695399,0.0,0.0,7.884770186366967e-05
0.0,406,166.66666666666669,55.55555555555556,127.5,6.24504039695399,0.0,0.0,7.884770186366967e-05
0.0,407,277.77777777777777,55.55555555555556,127.5,6.24504039695399,0.0,0.0,7.884770186366967e-05
0.0,408,388.8888888888889,55.55555555555556,127.5,6.24504039695399,0.0,0.0,7.884770186366967e-05
0.0,409,500.0,55.55555555555556,127.5,6.24504039695399,0.0,0.0,7.884770186366967e-05
0.0,410,611.1111111111111,55.55555555555556,127.5,6.24504039695399,0.0,0.0,7.884770186366967e-05
0.0,411,722.2222222222223,55.55555555555556,127.5,6.24504039695399,0.0,0.0,7.884770186366967e-05
0.0,412,833.3333333333334,55.55555555555556,127.5,6.24504039695399,0.0,0.0,7.884770186366967e-05
0.0,413,944.4444444444445,55.55555555555556,127.5,6.24504039695399,0.0,0.0,7.884770186366967e-05
0.0,414,55.55555555555556,166.66666666666669,127.5,6.24504039695399,0.0,0.0,7.884770186366967e-05
0.0,415,166.66666666666669,166.66666666666669,127.5,6.24504039695399,0.0,0.0,7.884770186366967e-05
0.0,416,277.77777777777777,166.66666666666669,127.5,6.24504039695399,0.0,0.0,7.884770186366967e-05
0.0,417,388.8888888888889,166.66666666666669,127.5,6.24504039695399,0.0,0.0,7.884770186366967e-05
0.0,418,500.0,166.66666666666669,127.5,6.24504039695399,0.0,0.0,7.884770186366967e-05
0.0,419,611.1111111111111,166.66666666666669,127.5,6.24504039695399,0.0,0.0,7.884770186366967e-05
0.0,420,722.2222222222223,166.66666666666669,127.5,6.24504039695399,0.0,0.0,7.884770186366967e-05
0.0,421,833.3333333333334,166.66666666666669,127.5,6.24504039695399,0.0,0.0,7.884770186366967e-05
0.0,422,944.4444444444445,166.66666666666669,127.5,6.24504039695399,0.0,0.0,7.884770186366967e-05
0.0,423,55.55555555555556,277.77777777777777,127.5,6.24504039695399,0.0,0.0,7.884770186366967e-05
0.0,424,166.66666666666669,277.77777777777777,127.5,6.24504039695399,0.0,0.0,7.884770186366967e-05
0.0,425,277.77777777777777,277.77777777777777,127.5,6.24504039695399,0.0,0.0,7.884770186366967e-05
0.0,426,388.8888888888889,277.77777777777777,127.5,6.24504039695399,0.0,0.0,7.884770186366967e-05
0.0,427,500.0,277.77777777777777,127.5,6.24504039695399,0.0,0.0,7.884770186366967e-05
0.0,428,611.1111111111111,277.77777777777777,127.5,6.24504039695399,0.0,0.0,7.884770186366967e-05
0.0,429,722.2222222222223,277.77777777777777,127.5,6.24504039695399,0.0,0.0,7.884770186366967e-05
0.0,430,833.3333333333334,277.77777777777777,127.5,6.24504039695399,0.0,0.0,7.884770186366967e-05
0.0,431,944.4444444444445,277.77777777777777,127.5,6.24504039695399,0.0,0.0,7.884770186366967e-05
0.0,432,55.55555555555556,388.8888888888889,127.5,6.24504039695399,0.0,0.0,7.884770186366967e-05
0.0,433,166.66666666666669,388.8888888888889,127.5,6.24504039695399,0.0,0.0,7.884770186366967e-05
0.0,434,277.77777777777777,388.8888888888889,127.5,6.24504039695399,0.0,0.0,7.884770186366967e-05
0.0,435,388.8888888888889,388.8888888888889,127.5,6.24504039695399,0.0,0.0,7.884770186366967e-05
0.0,436,500.0,388.8888888888889,127.5,6.24504039695399,0.0,0.0,7.884770186366967e-05
0.0,437,611.1111111111111,388.8888888888889,127.5,6.24504039695399,0.0,0.0,7.884770186366967e-05
0.0,438,722.2222222222223,388.8888888888889,127.5,6.24504039695399,0.0,0.0,7.884770186366967e-05
0.0,439,833.3333333333334,388.8888888888889,127.5,6.24504039695399,0.0,0.0,7.884770186366967e-05
0.0,440,944.4444444444445,388.8888888888889,127.5,6.24504039695399,0.0,0.0,7.884770186366967e-05
0.0,441,55.55555555555556,500.0,127.5,6.24504039695399,0.0,0.0,7.884770186366967e-05
0.0,442,166.66666666666669,500.0,127.5,6.24504039695399,0.0,0.0,7.884770186366967e-05
0.0,443,277.77777777777777,500.0,127.5,6.24504039695399,0.0,0.0,7.884770186366967e-05
0.0,444,388.8888888888889,500.0,127.5,6.24504039695399,0.0,0.0,7.884770186366967e-05
0.0,445,500.0,500.0,127.5,6.24504039695399,0.0,0.0,7.884770186366967e-05
0.0,446,611.1111111111111,500.0,127.5,6.24504039695399,0.0,0.0,7.884770186366967e-05
0.0,447,722.2222222222223,500.0,127.5,6.24504039695399,0.0,0.0,7.884770186366967e-05
0.0,448,833.3333333333334,500.0,127.5,6.24504039695399,0.0,0.0,7.884770186366967e-05
0.0,449,944.4444444444445,500.0,127.5,6.24504039695399,0.0,0.0,7.884770186366967e-05
0.0,450,55.55555555555556,611.1111111111111,127.5,6.24504039695399,0.0,0.0,7.884770186366967e-05
0.0,451,166.66666666666669,611.1111111111111,127.5,6.24504039695399,0.0,0.0,7.884770186366967e-05
0.0,452,277.77777777777777,611.1111111111111,127.5,6.24504039695399,0.0,0.0,7.884770186366967e-05
0.0,453,388.8888888888889,611.1111111111111,127.5,6.24504039695399,0.0,0.0,7.884770186366967e-05
0.0,454,500.0,611.1111111111111,127.5,6.24504039695399,0.0,0.0,7.884770186366967e-05
0.0,455,611.1111111111111,611.1111111111111,127.5,6.24504039695399,0.0,0.0,7.884770186366967e-05
0.0,456,722.2222222222223,611.1111111111111,127.5,6.24504039695399,0.0,0.0,7.884770186366967e-05
0.0,457,833.3333333333334,611.1111111111111,127.5,6.24504039695399,0.0,0.0,7.884770186366967e-05
0.0,458,944.4444444444445,611.1111111111111,127.5,6.24504039695399,0.0,0.0,7.884770186366967e-05
0.0,459,55.55555555555556,722.2222222222223,127.5,6.24504039695399,0.0,0.0,7.884770186366967e-05
0.0,460,166.66666666666669,722.2222222222223,127.5,6.24504039695399,0.0,0.0,7.884770186366967e-05
0.0,461,277.77777777777777,722.2222222222223,127.5,6.24504039695399,0.0,0.0,7.884770186366967e-05
0.0,462,388.8888888888889,722.2222222222223,127.5,6.24504039695399,0.0,0.0,7.884770186366967e-05
0.0,463,500.0,722.2222222222223,127.5,6.24504039695399,0.0,0.0,7.884770186366967e-05
0.0,464,611.1111111111111,722.2222222222223,127.5,6.24504039695399,0.0,0.0,7.884770186366967e-05
0.0,465,722.2222222222223,722.2222222222223,127.5,6.24504039695399,0.0,0.0,7.884770186366967e-05
0.0,466,833.3333333333334,722.2222222222223,127.5,6.24504039695399,0.0,0.0,7.884770186366967e-05
0.0,467,944.4444444444445,722.2222222222223,127.5,6.24504039695399,0.0,0.0,7.884770186366967e-05
0.0,468,55.55555555555556,833.3333333333334,127.5,6.24504039695399,0.0,0.0,7.884770186366967e-05
0.0,469,166.66666666666669,833.3333333333334,127.5,6.24504039695399,0.0,0.0,7.884770186366967e-05
0.0,470,277.77777777777777,833.3333333333334,127.5,6.24504039695399,0.0,0.0,7.884770186366967e-05
0.0,471,388.8888888888889,833.3333333333334,127.5,6.24504039695399,0.0,0.0,7.884770186366967e-05
0.0,472,500.0,833.3333333333334,127.5,6.24504039695399,0.0,0.0,7.884770186366967e-05
0.0,473,611.1111111111111,833.3333333333334,127.5,6.24504039695399,0.0,0.0,7.884770186366967e-05
0.0,474,722.2222222222223,833.3333333333334,127.5,6.24504039695399,0.0,0.0,7.884770186366967e-05
0.0,475,833.3333333333334,833.3333333333334,127.5,6.24504039695399,0.0,0.0,7.884770186366967e-05
0.0,476,944.4444444444445,833.3333333333334,127.5,6.24504039695399,0.0,0.0,7.884770186366967e-05
0.0,477,55.55555555555556,944.4444444444445,127.5,6.24504039695399,0.0,0.0,7.884770186366967e-05
0.0,478,166.66666666666669,944.4444444444445,127.5,6.24504039695399,0.0,0.0,7.884770186366967e-05
0.0,479,277.77777777777777,944.4444444444445,127.5,6.24504039695399,0.0,0.0,7.884770186366967e-05
0.0,480,388.8888888888889,944.4444444444445,127.5,6.24504039695399,0.0,0.0,7.884770186366967e-05
0.0,481,500.0,944.4444444444445,127.5,6.24504039695399,0.0,0.0,7.884770186366967e-05
0.0,482,611.1111111111111,944.4444444444445,127.5,6.24504039695399,0.0,0.0,7.884770186366967e-05
0.0,483,722.2222222222223,944.4444444444445,127.5,6.24504039695399,0.0,0.0,7.884770186366967e-05
0.0,484,833.3333333333334,944.4444444444445,127.5,6.24504039695399,0.0,0.0,7.884770186366967e-05
0.0,485,944.4444444444445,944.4444444444445,127.5,6.24504039695399,0.0,0.0,7.884770186366967e-05
0.0,486,55.55555555555556,55.55555555555556,132.5,6.733360285833439,0.0,0.0,8.5043285424629e-05
0.0,487,166.66666666666669,55.55555555555556,132.5,6.733360285833439,0.0,0.0,8.5043285424629e-05
0.0,488,277.77777777777777,55.55555555555556,132.5,6.733360285833439,0.0,0.0,8.5043285424629e-05
0.0,489,388.8888888888889,55.55555555555556,132.5,6.733360285833439,0.0,0.0,8.5043285424629e-05
0.0,490,500.0,55.55555555555556,132.5,6.733360285833439,0.0,0.0,8.5043285424629e-05
0.0,491,611.1111111111111,55.55555555555556,132.5,6.733360285833439,0.0,0.0,8.5043285424629e-05
0.0,492,722.2222222222223,55.55555555555556,132.5,6.733360285833439,0.0,0.0,8.5043285424629e-05
0.0,493,833.3333333333334,55.55555555555556,132.5,6.733360285833439,0.0,0.0,8.5043285424629e-05
0.0,494,944.4444444444445,55.55555555555556,132.5,6.733360285833439,0.0,0.0,8.5043285424629e-05
0.0,495,55.55555555555556,166.66666666666669,132.5,6.733360285833439,0.0,0.0,8.5043285424629e-05
0.0,496,166.66666666666669,166.66666666666669,132.5,6.733360285833439,0.0,0.0,8.5043285424629e-05
0.0,497,277.77777777777777,166.66666666666669,132.5,6.733360285833439,0.0,0.0,8.5043285424629e-05
0.0,498,388.8888888888889,166.66666666666669,132.5,6.733360285833439,0.0,0.0,8.5043285424629e-05
0.0,499,500.0,166.66666666666669,132.5,6.733360285833439,0.0,0.0,8.5043285424629e-05
0.0,500,611.1111111111111,166.66666666666669,132.5,6.733360285833439,0.0,0.0,8.5043285424629e-05
0.0,501,722.2222222222223,166.66666666666669,132.5,6.733360285833439,0.0,0.0,8.5043285424629e-05
0.0,502,833.3333333333334,166.66666666666669,132.5,6.733360285833439,0.0,0.0,8.5043285424629e-05
0.0,503,944.4444444444445,166.66666666666669,132.5,6.733360285833439,0.0,0.0,8.5043285424629e-05
0.0,504,55.55555555555556,277.77777777777777,132.5,6.733360285833439,0.0,0.0,8.5043285424629e-05
0.0,505,166.66666666666669,277.77777777777777,132.5,6.733360285833439,0.0,0.0,8.5043285424629e-05
0.0,506,277.77777777777777,277.77777777777777,132.5,6.733360285833439,0.0,0.0,8.5043285424629e-05
0.0,507,388.8888888888889,277.77777777777777,132.5,6.733360285833439,0.0,0.0,8.5043285424629e-05
0.0,508,500.0,277.77777777777777,132.5,6.733360285833439,0.0,0.0,8.5043285424629e-05
0.0,509,611.1111111111111,277.77777777777777,132.5,6.733360285833439,0.0,0.0,8.5043285424629e-05
0.0,510,722.2222222222223,277.77777777777777,132.5,6.733360285833439,0.0,0.0,8.5043285424629e-05
0.0,511,833.3333333333334,277.77777777777777,132.5,6.733360285833439,0.0,0.0,8.5043285424629e-05
0.0,512,944.4444444444445,277.77777777777777,132.5,6.733360285833439,0.0,0.0,8.5043285424629e-05
0.0,513,55.55555555555556,388.8888888888889,132.5,6.733360285833439,0.0,0.0,8.5043285424629e-05
0.0,514,166.66666666666669,388.8888888888889,132.5,6.733360285833439,0.0,0.0,8.5043285424629e-05
0.0,515,277.77777777777777,388.8888888888889,132.5,6.733360285833439,0.0,0.0,8.5043285424629e-05
0.0,516,388.8888888888889,388.8888888888889,132.5,6.733360285833439,0.0,0.0,8.5043285424629e-05
0.0,517,500.0,388.8888888888889,132.5,6.733360285833439,0.0,0.0,8.5043285424629e-05
0.0,518,611.1111111111111,388.8888888888889,132.5,6.733360285833439,0.0,0.0,8.5043285424629e-05
0.0,519,722.2222222222223,388.8888888888889,132.5,6.733360285833439,0.0,0.0,8.5043285424629e-05
0.0,520,833.3333333333334,388.8888888888889,132.5,6.733360285833439,0.0,0.0,8.5043285424629e-05
0.0,521,944.4444444444445,388.8888888888889,132.5,6.733360285833439,0.0,0.0,8.5043285424629e-05
0.0,522,55.55555555555556,500.0,132.5,6.733360285833439,0.0,0.0,8.5043285424629e-05
0.0,523,166.66666666666669,500.0,132.5,6.733360285833439,0.0,0.0,8.5043285424629e-05
0.0,524,277.77777777777777,500.0,132.5,6.733360285833439,0.0,0.0,8.5043285424629e-05
0.0,525,388.8888888888889,500.0,132.5,6.733360285833439,0.0,0.0,8.5043285424629e-05
0.0,526,500.0,500.0,132.5,6.733360285833439,0.0,0.0,8.5043285424629e-05
0.0,527,611.1111111111111,500.0,132.5,6.733360285833439,0.0,0.0,8.5043285424629e-05
0.0,528,722.2222222222223,500.0,132.5,6.733360285833439,0.0,0.0,8.5043285424629e-05
0.0,529,833.3333333333334,500.0,132.5,6.733360285833439,0.0,0.0,8.5043285424629e-05
0.0,530,944.4444444444445,500.0,132.5,6.733360285833439,0.0,0.0,8.5043285424629e-05
0.0,531,55.55555555555556,611.1111111111111,132.5,6.733360285833439,0.0,0.0,8.5043285424629e-05
0.0,532,166.66666666666669,611.1111111111111,132.5,6.733360285833439,0.0,0.0,8.5043285424629e-05
0.0,533,277.77777777777777,611.1111111111111,132.5,6.733360285833439,0.0,0.0,8.5043285424629e-05
0.0,534,388.8888888888889,611.1111111111111,132.5,6.733360285833439,0.0,0.0,8.5043285424629e-05
0.0,535,500.0,611.1111111111111,132.5,6.733360285833439,0.0,0.0,8.5043285424629e-05
0.0,536,611.1111111111111,611.1111111111111,132.5,6.733360285833439,0.0,0.0,8.5043285424629e-05
0.0,537,722.2222222222223,611.1111111111111,132.5,6.733360285833439,0.0,0.0,8.5043285424629e-05
0.0,538,833.3333333333334,611.1111111111111,132.5,6.733360285833439,0.0,0.0,8.5043285424629e-05
0.0,539,944.4444444444445,611.1111111111111,132.5,6.733360285833439,0.0,0.0,8.5043285424629e-05
0.0,540,55.55555555555556,722.2222222222223,132.5,6.733360285833439,0.0,0.0,8.5043285424629e-05
0.0,541,166.66666666666669,722.2222222222223,132.5,6.733360285833439,0.0,0.0,8.5043285424629e-05
0.0,542,277.77777777777777,722.2222222222223,132.5,6.733360285833439,0.0,0.0,8.5043285424629e-05
0.0,543,388.8888888888889,722.2222222222223,132.5,6.733360285833439,0.0,0.0,8.5043285424629e-05
0.0,544,500.0,722.2222222222223,132.5,6.733360285833439,0.0,0.0,8.5043285424629e-05
0.0,545,611.1111111111111,722.2222222222223,132.5,6.733360285833439,0.0,0.0,8.5043285424629e-05
0.0,546,722.2222222222223,722.2222222222223,132.5,6.733360285833439,0.0,0.0,8.5043285424629e-05
0.0,547,833.3333333333334,722.2222222222223,132.5,6.733360285833439,0.0,0.0,8.5043285424629e-05
0.0,548,944.4444444444445,722.2222222222223,132.5,6.733360285833439,0.0,0.0,8.5043285424629e-05
0.0,549,55.55555555555556,833.3333333333334,132.5,6.733360285833439,0.0,0.0,8.5043285424629e-05
0.0,550,166.66666666666669,833.3333333333334,132.5,6.733360285833439,0.0,0.0,8.5043285424629e-05
0.0,551,277.77777777777777,833.3333333333334,132.5,6.733360285833439,0.0,0.0,8.5043285424629e-05
0.0,552,388.8888888888889,833.3333333333334,132.5,6.733360285833439,0.0,0.0,8.5043285424629e-05
0.0,553,500.0,833.3333333333334,132.5,6.733360285833439,0.0,0.0,8.5043285424629e-05
0.0,554,611.1111111111111,833.3333333333334,132.5,6.733360285833439,0.0,0.0,8.5043285424629e-05
0.0,555,722.2222222222223,833.3333333333334,132.5,6.733360285833439,0.0,0.0,8.5043285424629e-05
0.0,556,833.3333333333334,833.3333333333334,132.5,6.733360285833439,0.0,0.0,8.5043285424629e-05
0.0,557,944.4444444444445,833.3333333333334,132.5,6.733360285833439,0.0,0.0,8.5043285424629e-05
0.0,558,55.55555555555556,944.4444444444445,132.5,6.733360285833439,0.0,0.0,8.5043285424629e-05
0.0,559,166.66666666666669,944.4444444444445,132.5,6.733360285833439,0.0,0.0,8.5043285424629e-05
0.0,560,277.77777777777777,944.4444444444445,132.5,6.733360285833439,0.0,0.0,8.5043285424629e-05
0.0,561,388.8888888888889,944.4444444444445,132.5,6.733360285833439,0.0,0.0,8.5043285424629e-05
0.0,562,500.0,944.4444444444445,132.5,6.733360285833439,0.0,0.0,8.5043285424629e-05
0.0,563,611.1111111111111,944.4444444444445,132.5,6.733360285833439,0.0,0.0,8.5043285424629e-05
0.0,564,722.2222222222223,944.4444444444445,132.5,6.733360285833439,0.0,0.0,8.5043285424629e-05
0.0,565,833.3333333333334,944.4444444444445,132.5,6.733360285833439,0.0,0.0,8.5043285424629e-05
0.0,566,944.4444444444445,944.4444444444445,132.5,6.733360285833439,0.0,0.0,8.5043285424629e-05
0.0,567,55.55555555555556,55.55555555555556,137.5,7.221690809656721,0.0,0.0,9.123729671153857e-05
0.0,568,166.66666666666669,55.55555555555556,137.5,7.221690809656721,0.0,0.0,9.123729671153857e-05
0.0,569,277.77777777777777,55.55555555555556,137.5,7.221690809656721,0.0,0.0,9.123729671153857e-05
0.0,570,388.8888888888889,55.55555555555556,137.5,7.221690809656721,0.0,0.0,9.123729671153857e-05
0.0,571,500.0,55.55555555555556,137.5,7.221690809656721,0.0,0.0,9.123729671153857e-05
0.0,572,611.1111111111111,55.55555555555556,137.5,7.221690809656721,0.0,0.0,9.123729671153857e-05
0.0,573,722.2222222222223,55.55555555555556,137.5,7.221690809656721,0.0,0.0,9.123729671153857e-05
0.0,574,833.3333333333334,55.55555555555556,137.5,7.221690809656721,0.0,0.0,9.123729671153857e-05
0.0,575,944.4444444444445,55.55555555555556,137.5,7.221690809656721,0.0,0.0,9.123729671153857e-05
0.0,576,55.55555555555556,166.66666666666669,137.5,7.221690809656721,0.0,0.0,9.123729671153857e-05
0.0,577,166.66666666666669,166.66666666666669,137.5,7.221690809656721,0.0,0.0,9.123729671153857e-05
0.0,578,277.77777777777777,166.66666666666669,137.5,7.221690809656721,0.0,0.0,9.123729671153857e-05
0.0,579,388.8888888888889,166.66666666666669,137.5,7.221690809656721,0.0,0.0,9.123729671153857e-05
0.0,580,500.0,166.66666666666669,137.5,7.221690809656721,0.0,0.0,9.123729671153857e-05
0.0,581,611.1111111111111,166.66666666666669,137.5,7.221690809656721,0.0,0.0,9.123729671153857e-05
0.0,582,722.2222222222223,166.66666666666669,137.5,7.221690809656721,0.0,0.0,9.123729671153857e-05
0.0,583,833.3333333333334,166.66666666666669,137.5,7.221690809656721,0.0,0.0,9.123729671153857e-05
0.0,584,944.4444444444445,166.66666666666669,137.5,7.221690809656721,0.0,0.0,9.123729671153857e-05
0.0,585,55.55555555555556,277.77777777777777,137.5,7.221690809656721,0.0,0.0,9.123729671153857e-05
0.0,586,166.66666666666669,277.77777777777777,137.5,7.221690809656721,0.0,0.0,9.123729671153857e-05
0.0,587,277.77777777777777,277.77777777777777,137.5,7.221690809656721,0.0,0.0,9.123729671153857e-05
0.0,588,388.8888888888889,277.77777777777777,137.5,7.221690809656721,0.0,0.0,9.123729671153857e-05
0.0,589,500.0,277.77777777777777,137.5,7.221690809656721,0.0,0.0,9.123729671153857e-05
0.0,590,611.1111111111111,277.77777777777777,137.5,7.221690809656721,0.0,0.0,9.123729671153857e-05
0.0,591,722.2222222222223,277.77777777777777,137.5,7.221690809656721,0.0,0.0,9.123729671153857e-05
0.0,592,833.3333333333334,277.77777777777777,137.5,7.221690809656721,0.0,0.0,9.123729671153857e-05
0.0,593,944.4444444444445,277.77777777777777,137.5,7.221690809656721,0.0,0.0,9.123729671153857e-05
0.0,594,55.55555555555556,388.8888888888889,137.5,7.221690809656721,0.0,0.0,9.123729671153857e-05
0.0,595,166.66666666666669,388.8888888888889,137.5,7.221690809656721,0.0,0.0,9.123729671153857e-05
0.0,596,277.77777777777777,388.8888888888889,137.5,7.221690809656721,0.0,0.0,9.123729671153857e-05
0.0,597,388.8888888888889,388.8888888888889,137.5,7.221690809656721,0.0,0.0,9.123729671153857e-05
0.0,598,500.0,388.8888888888889,137.5,7.221690809656721,0.0,0.0,9.123729671153857e-05
0.0,599,611.1111111111111,388.8888888888889,137.5,7.221690809656721,0.0,0.0,9.123729671153857e-05
0.0,600,722.2222222222223,388.8888888888889,137.5,7.221690809656721,0.0,0.0,9.123729671153857e-05
0.0,601,833.3333333333334,388.8888888888889,137.5,7.221690809656721,0.0,0.0,9.123729671153857e-05
0.0,602,944.4444444444445,388.8888888888889,137.5,7.221690809656721,0.0,0.0,9.123729671153857e-05
0.0,603,55.55555555555556,500.0,137.5,7.221690809656721,0.0,0.0,9.123729671153857e-05
0.0,604,166.66666666666669,500.0,137.5,7.221690809656721,0.0,0.0,9.123729671153857e-05
0.0,605,277.77777777777777,500.0,137.5,7.221690809656721,0.0,0.0,9.123729671153857e-05
0.0,606,388.8888888888889,500.0,137.5,7.221690809656721,0.0,0.0,9.123729671153857e-05
0.0,607,500.0,500.0,137.5,7.221690809656721,0.0,0.0,9.123729671153857e-05
0.0,608,611.1111111111111,500.0,137.5,7.221690809656721,0.0,0.0,9.123729671153857e-05
0.0,609,722.2222222222223,500.0,137.5,7.221690809656721,0.0,0.0,9.123729671153857e-05
0.0,610,833.3333333333334,500.0,137.5,7.221690809656721,0.0,0.0,9.123729671153857e-05
0.0,611,944.4444444444445,500.0,137.5,7.221690809656721,0.0,0.0,9.123729671153857e-05
0.0,612,55.55555555555556,611.1111111111111,137.5,7.221690809656721,0.0,0.0,9.123729671153857e-05
0.0,613,166.66666666666669,611.1111111111111,137.5,7.221690809656721,0.0,0.0,9.123729671153857e-05
0.0,614,277.77777777777777,611.1111111111111,137.5,7.221690809656721,0.0,0.0,9.123729671153857e-05
0.0,615,388.8888888888889,611.1111111111111,137.5,7.221690809656721,0.0,0.0,9.123729671153857e-05
0.0,616,500.0,611.1111111111111,137.5,7.221690809656721,0.0,0.0,9.123729671153857e-05
0.0,617,611.1111111111111,611.1111111111111,137.5,7.221690809656721,0.0,0.0,9.123729671153857e-05
0.0,618,722.2222222222223,611.1111111111111,137.5,7.221690809656721,0.0,0.0,9.123729671153857e-05
0.0,619,833.3333333333334,611.1111111111111,137.5,7.221690809656721,0.0,0.0,9.123729671153857e-05
0.0,620,944.4444444444445,611.1111111111111,137.5,7.221690809656721,0.0,0.0,9.123729671153857e-05
0.0,621,55.55555555555556,722.2222222222223,137.5,7.221690809656721,0.0,0.0,9.123729671153857e-05
0.0,622,166.66666666666669,722.2222222222223,137.5,7.221690809656721,0.0,0.0,9.123729671153857e-05
0.0,623,277.77777777777777,722.2222222222223,137.5,7.221690809656721,0.0,0.0,9.123729671153857e-05
0.0,624,388.8888888888889,722.2222222222223,137.5,7.221690809656721,0.0,0.0,9.123729671153857e-05
0.0,625,500.0,722.2222222222223,137.5,7.221690809656721,0.0,0.0,9.123729671153857e-05
0.0,626,611.1111111111111,722.2222222222223,137.5,7.221690809656721,0.0,0.0,9.123729671153857e-05
0.0,627,722.2222222222223,722.2222222222223,137.5,7.221690809656721,0.0,0.0,9.123729671153857e-05
0.0,628,833.3333333333334,722.2222222222223,137.5,7.221690809656721,0.0,0.0,9.123729671153857e-05
0.0,629,944.4444444444445,722.2222222222223,137.5,7.221690809656721,0.0,0.0,9.123729671153857e-05
0.0,630,55.55555555555556,833.3333333333334,137.5,7.221690809656721,0.0,0.0,9.123729671153857e-05
0.0,631,166.66666666666669,833.3333333333334,137.5,7.221690809656721,0.0,0.0,9.123729671153857e-05
0.0,632,277.77777777777777,833.3333333333334,137.5,7.221690809656721,0.0,0.0,9.123729671153857e-05
0.0,633,388.8888888888889,833.3333333333334,137.5,7.221690809656721,0.0,0.0,9.123729671153857e-05
0.0,634,500.0,833.3333333333334,137.5,7.221690809656721,0.0,0.0,9.123729671153857e-05
0.0,635,611.1111111111111,833.3333333333334,137.5,7.221690809656721,0.0,0.0,9.123729671153857e-05
0.0,636,722.2222222222223,833.3333333333334,137.5,7.221690809656721,0.0,0.0,9.123729671153857e-05
0.0,637,833.3333333333334,833.3333333333334,137.5,7.221690809656721,0.0,0.0,9.123729671153857e-05
0.0,638,944.4444444444445,833.3333333333334,137.5,7.221690809656721,0.0,0.0,9.123729671153857e-05
0.0,639,55.55555555555556,944.4444444444445,137.5,7.221690809656721,0.0,0.0,9.123729671153857e-05
0.0,640,166.66666666666669,944.4444444444445,137.5,7.221690809656721,0.0,0.0,9.123729671153857e-05
0.0,641,277.77777777777777,944.4444444444445,137.5,7.221690809656721,0.0,0.0,9.123729671153857e-05
0.0,642,388.8888888888889,944.4444444444445,137.5,7.221690809656721,0.0,0.0,9.123729671153857e-05
0.0,643,500.0,944.4444444444445,137.5,7.221690809656721,0.0,0.0,9.123729671153857e-05
0.0,644,611.1111111111111,944.4444444444445,137.5,7.221690809656721,0.0,0.0,9.123729671153857e-05
0.0,645,722.2222222222223,944.4444444444445,137.5,7.221690809656721,0.0,0.0,9.123729671153857e-05
0.0,646,833.3333333333334,944.4444444444445,137.5,7.221690809656721,0.0,0.0,9.123729671153857e-05
0.0,647,944.4444444444445,944.4444444444445,137.5,7.221690809656721,0.0,0.0,9.123729671153857e-05
0.0,648,55.55555555555556,55.55555555555556,142.5,7.7100319676250875,0.0,0.0,9.742974047468082e-05
0.0,649,166.66666666666669,55.55555555555556,142.5,7.7100319676250875,0.0,0.0,9.742974047468082e-05
0.0,650,277.77777777777777,55.55555555555556,142.5,7.7100319676250875,0.0,0.0,9.742974047468082e-05
0.0,651,388.8888888888889,55.55555555555556,142.5,7.7100319676250875,0.0,0.0,9.742974047468082e-05
0.0,652,500.0,55.55555555555556,142.5,7.7100319676250875,0.0,0.0,9.742974047468082e-05
0.0,653,611.1111111111111,55.55555555555556,142.5,7.7100319676250875,0.0,0.0,9.742974047468082e-05
0.0,654,722.2222222222223,55.55555555555556,142.5,7.7100319676250875,0.0,0.0,9.742974047468082e-05
0.0,655,833.3333333333334,55.55555555555556,142.5,7.7100319676250875,0.0,0.0,9.742974047468082e-05
0.0,656,944.4444444444445,55.55555555555556,142.5,7.7100319676250875,0.0,0.0,9.742974047468082e-05
0.0,657,55.55555555555556,166.66666666666669,142.5,7.7100319676250875,0.0,0.0,9.742974047468082e-05
0.0,658,166.66666666666669,166.66666666666669,142.5,7.7100319676250875,0.0,0.0,9.742974047468082e-05
0.0,659,277.77777777777777,166.66666666666669,142.5,7.7100319676250875,0.0,0.0,9.742974047468082e-05
0.0,660,388.8888888888889,166.66666666666669,142.5,7.7100319676250875,0.0,0.0,9.742974047468082e-05
0.0,661,500.0,166.66666666666669,142.5,7.7100319676250875,0.0,0.0,9.742974047468082e-05
0.0,662,611.1111111111111,166.66666666666669,142.5,7.7100319676250875,0.0,0.0,9.742974047468082e-05
0.0,663,722.2222222222223,166.66666666666669,142.5,7.7100319676250875,0.0,0.0,9.742974047468082e-05
0.0,664,833.3333333333334,166.66666666666669,142.5,7.7100319676250875,0.0,0.0,9.742974047468082e-05
0.0,665,944.4444444444445,166.66666666666669,142.5,7.7100319676250875,0.0,0.0,9.742974047468082e-05
0.0,666,55.55555555555556,277.77777777777777,142.5,7.7100319676250875,0.0,0.0,9.742974047468082e-05
0.0,667,166.66666666666669,277.77777777777777,142.5,7.7100319676250875,0.0,0.0,9.742974047468082e-05
0.0,668,277.77777777777777,277.77777777777777,142.5,7.7100319676250875,0.0,0.0,9.742974047468082e-05
0.0,669,388.8888888888889,277.77777777777777,142.5,7.7100319676250875,0.0,0.0,9.742974047468082e-05
0.0,670,500.0,277.77777777777777,142.5,7.7100319676250875,0.0,0.0,9.742974047468082e-05
0.0,671,611.1111111111111,277.77777777777777,142.5,7.7100319676250875,0.0,0.0,9.742974047468082e-05
0.0,672,722.2222222222223,277.77777777777777,142.5,7.7100319676250875,0.0,0.0,9.742974047468082e-05
0.0,673,833.3333333333334,277.77777777777777,142.5,7.7100319676250875,0.0,0.0,9.742974047468082e-05
0.0,674,944.4444444444445,277.77777777777777,142.5,7.7100319676250875,0.0,0.0,9.742974047468082e-05
0.0,675,55.55555555555556,388.8888888888889,142.5,7.7100319676250875,0.0,0.0,9.742974047468082e-05
0.0,676,166.66666666666669,388.8888888888889,142.5,7.7100319676250875,0.0,0.0,9.742974047468082e-05
0.0,677,277.77777777777777,388.8888888888889,142.5,7.7100319676250875,0.0,0.0,9.742974047468082e-05
0.0,678,388.8888888888889,388.8888888888889,142.5,7.7100319676250875,0.0,0.0,9.742974047468082e-05
0.0,679,500.0,388.8888888888889,142.5,7.7100319676250875,0.0,0.0,9.742974047468082e-05
0.0,680,611.1111111111111,388.8888888888889,142.5,7.7100319676250875,0.0,0.0,9.742974047468082e-05
0.0,681,722.2222222222223,388.8888888888889,142.5,7.7100319676250875,0.0,0.0,9.742974047468082e-05
0.0,682,833.3333333333334,388.8888888888889,142.5,7.7100319676250875,0.0,0.0,9.742974047468082e-05
0.0,683,944.4444444444445,388.8888888888889,142.5,7.7100319676250875,0.0,0.0,9.742974047468082e-05
0.0,684,55.55555555555556,500.0,142.5,7.7100319676250875,0.0,0.0,9.742974047468082e-05
0.0,685,166.66666666666669,500.0,142.5,7.7100319676250875,0.0,0.0,9.742974047468082e-05
0.0,686,277.77777777777777,500.0,142.5,7.7100319676250875,0.0,0.0,9.742974047468082e-05
0.0,687,388.8888888888889,500.0,142.5,7.7100319676250875,0.0,0.0,9.742974047468082e-05
0.0,688,500.0,500.0,142.5,7.7100319676250875,0.0,0.0,9.742974047468082e-05
0.0,689,611.1111111111111,500.0,142.5,7.7100319676250875,0.0,0.0,9.742974047468082e-05
0.0,690,722.2222222222223,500.0,142.5,7.7100319676250875,0.0,0.0,9.742974047468082e-05
0.0,691,833.3333333333334,500.0,142.5,7.7100319676250875,0.0,0.0,9.742974047468082e-05
0.0,692,944.4444444444445,500.0,142.5,7.7100319676250875,0.0,0.0,9.742974047468082e-05
0.0,693,55.55555555555556,611.1111111111111,142.5,7.7100319676250875,0.0,0.0,9.742974047468082e-05
0.0,694,166.66666666666669,611.1111111111111,142.5,7.7100319676250875,0.0,0.0,9.742974047468082e-05
0.0,695,277.77777777777777,611.1111111111111,142.5,7.7100319676250875,0.0,0.0,9.742974047468082e-05
0.0,696,388.8888888888889,611.1111111111111,142.5,7.7100319676250875,0.0,0.0,9.742974047468082e-05
0.0,697,500.0,611.1111111111111,142.5,7.7100319676250875,0.0,0.0,9.742974047468082e-05
0.0,698,611.1111111111111,611.1111111111111,142.5,7.7100319676250875,0.0,0.0,9.742974047468082e-05
0.0,699,722.2222222222223,611.1111111111111,142.5,7.7100319676250875,0.0,0.0,9.742974047468082e-05
0.0,700,833.3333333333334,611.1111111111111,142.5,7.7100319676250875,0.0,0.0,9.742974047468082e-05
0.0,701,944.4444444444445,611.1111111111111,142.5,7.7100319676250875,0.0,0.0,9.742974047468082e-05
0.0,702,55.55555555555556,722.2222222222223,142.5,7.7100319676250875,0.0,0.0,9.742974047468082e-05
0.0,703,166.66666666666669,722.2222222222223,142.5,7.7100319676250875,0.0,0.0,9.742974047468082e-05
0.0,704,277.77777777777777,722.2222222222223,142.5,7.7100319676250875,0.0,0.0,9.742974047468082e-05
0.0,705,388.8888888888889,722.2222222222223,142.5,7.7100319676250875,0.0,0.0,9.742974047468082e-05
0.0,706,500.0,722.2222222222223,142.5,7.7100319676250875,0.0,0.0,9.742974047468082e-05
0.0,707,611.1111111111111,722.2222222222223,142.5,7.7100319676250875,0.0,0.0,9.742974047468082e-05
0.0,708,722.2222222222223,722.2222222222223,142.5,7.7100319676250875,0.0,0.0,9.742974047468082e-05
0.0,709,833.3333333333334,722.2222222222223,142.5,7.7100319676250875,0.0,0.0,9.742974047468082e-05
0.0,710,944.4444444444445,722.2222222222223,142.5,7.7100319676250875,0.0,0.0,9.742974047468082e-05
0.0,711,55.55555555555556,833.3333333333334,142.5,7.7100319676250875,0.0,0.0,9.742974047468082e-05
0.0,712,166.66666666666669,833.3333333333334,142.5,7.7100319676250875,0.0,0.0,9.742974047468082e-05
0.0,713,277.77777777777777,833.3333333333334,142.5,7.7100319676250875,0.0,0.0,9.742974047468082e-05
0.0,714,388.8888888888889,833.3333333333334,142.5,7.7100319676250875,0.0,0.0,9.742974047468082e-05
0.0,715,500.0,833.3333333333334,142.5,7.7100319676250875,0.0,0.0,9.742974047468082e-05
0.0,716,611.1111111111111,833.3333333333334,142.5,7.7100319676250875,0.0,0.0,9.742974047468082e-05
0.0,717,722.2222222222223,833.3333333333334,142.5,7.7100319676250875,0.0,0.0,9.742974047468082e-05
0.0,718,833.3333333333334,833.3333333333334,142.5,7.7100319676250875,0.0,0.0,9.742974047468082e-05
0.0,719,944.4444444444445,833.3333333333334,142.5,7.7100319676250875,0.0,0.0,9.742974047468082e-05
0.0,720,55.55555555555556,944.4444444444445,142.5,7.7100319676250875,0.0,0.0,9.742974047468082e-05
0.0,721,166.66666666666669,944.4444444444445,142.5,7.7100319676250875,0.0,0.0,9.742974047468082e-05
0.0,722,277.77777777777777,944.4444444444445,142.5,7.7100319676250875,0.0,0.0,9.742974047468082e-05
0.0,723,388.8888888888889,944.4444444444445,142.5,7.7100319676250875,0.0,0.0,9.742974047468082e-05
0.0,724,500.0,944.4444444444445,142.5,7.7100319676250875,0.0,0.0,9.742974047468082e-05
0.0,725,611.1111111111111,944.4444444444445,142.5,7.7100319676250875,0.0,0.0,9.742974047468082e-05
0.0,726,722.2222222222223,944.4444444444445,142.5,7.7100319676250875,0.0,0.0,9.742974047468082e-05
0.0,727,833.3333333333334,944.4444444444445,142.5,7.7100319676250875,0.0,0.0,9.742974047468082e-05
0.0,728,944.4444444444445,944.4444444444445,142.5,7.7100319676250875,0.0,0.0,9.742974047468082e-05
30.0,0,55.55555555555556,55.55555555555556,102.5,6.008354256744897,0.7499386724764899,0.9729091246504579,7.983591777326254e-05
30.0,1,166.66666666666669,55.55555555555556,102.5,6.008082293267952,0.7499386819013923,0.9729088105736224,7.983228451454669e-05
30.0,2,277.77777777777777,55.55555555555556,102.5,6.007455910463051,0.7499387022325642,0.9729080868708664,7.982391641958151e-05
30.0,3,388.8888888888889,55.55555555555556,102.5,6.00653553203638,0.7499387425554098,0.9729070241168237,7.98116207892215e-05
30.0,4,500.0,55.55555555555556,102.5,6.005927379309009,0.749938768821925,0.9729063215468593,7.980349626524595e-05
30.0,5,611.1111111111111,55.55555555555556,102.5,6.006535532036349,0.7499387425554096,0.9729070241168175,7.981162078922058e-05
30.0,6,722.2222222222223,55.55555555555556,102.5,6.0074559104630065,0.7499387022325641,0.9729080868708675,7.982391641958088e-05
30.0,7,833.3333333333334,55.55555555555556,102.5,6.008082293267896,0.7499386819013925,0.9729088105736307,7.983228451454665e-05
30.0,8,944.4444444444445,55.55555555555556,102.5,6.008354256744839,0.7499386724764898,0.972909124650473,7.983591777326306e-05
30.0,9,55.55555555555556,166.66666666666669,102.5,6.00808229326795,0.7499386819013926,0.9729088105736222,7.983228451454668e-05
30.0,10,166.66666666666669,166.66666666666669,102.5,6.007425437044103,0.7499387031727215,0.9729080516514249,7.982350931246065e-05
30.0,11,277.77777777777777,166.66666666666669,102.5,6.0057959008657456,0.7499387742640895,0.9729061696012724,7.980173979562914e-05
30.0,12,388.8888888888889,166.66666666666669,102.5,6.003122403886903,0.7499388985066394,0.9729030788750903,7.976602355527215e-05
30.0,13,500.0,166.66666666666669,102.5,6.001021981576612,0.7499390108515296,0.9729006489291412,7.973796321117369e-05
30.0,14,611.1111111111111,166.66666666666669,102.5,6.003122403886892,0.7499388985066395,0.9729030788750891,7.97660235552719e-05
30.0,15,722.2222222222223,166.66666666666669,102.5,6.00579590086569,0.7499387742640895,0.9729061696012716,7.980173979562852e-05
30.0,16,833.3333333333334,166.66666666666669,102.5,6.007425437044035,0.7499387031727215,0.9729080516514312,7.982350931246018e-05
30.0,17,944.4444444444445,166.66666666666669,102.5,6.0080822932679245,0.7499386819013923,0.9729088105736259,7.983228451454656e-05
30.0,18,55.55555555555556,277.77777777777777,102.5,6.0074559104630385,0.7499387022325642,0.9729080868708646,7.982391641958106e-05
30.0,19,166.66666666666669,277.77777777777777,102.5,6.005795900865739,0.7499387742640896,0.9729061696012712,7.980173979562918e-05
30.0,20,277.77777777777777,277.77777777777777,102.5,6.001302877144757,0.7499389954087298,0.9729009740179382,7.974171580649354e-05
30.0,21,388.8888888888889,277.77777777777777,102.5,5.992833053614018,0.7499384826774265,0.9728911579617315,7.962856378850074e-05
30.0,22,500.0,277.77777777777777,102.5,5.984297509868896,0.749938124857781,0.9728812388758794,7.951453333840099e-05
30.0,23,611.1111111111111,277.77777777777777,102.5,5.992833053613995,0.7499384826774262,0.9728911579617274,7.962856378850013e-05
30.0,24,722.2222222222223,277.77777777777777,102.5,6.001302877144709,0.7499389954087295,0.9729009740179382,7.97417158064927e-05
30.0,25,833.3333333333334,277.77777777777777,102.5,6.005795900865709,0.7499387742640896,0.9729061696012753,7.980173979562908e-05
30.0,26,944.4444444444445,277.77777777777777,102.5,6.007455910463045,0.749938702232564,0.9729080868708642,7.982391641958118e-05
30.0,27,55.55555555555556,388.8888888888889,102.5,6.006535532036373,0.7499387425554096,0.9729070241168217,7.981162078922134e-05
30.0,28,166.66666666666669,388.8888888888889,102.5,6.00312240388688,0.7499388985066394,0.9729030788750951,7.976602355527227e-05
30.0,29,277.77777777777777,388.8888888888889,102.5,5.9928330536140075,0.7499384826774266,0.9728911579617301,7.96285637885005e-05
30.0,30,388.8888888888889,388.8888888888889,102.5,5.969224470003554,0.7499379505580298,0.9728636525137799,7.931316390675819e-05
30.0,31,500.0,388.8888888888889,102.5,5.9333214203298486,0.7499376201444556,0.9728214065381421,7.883350772133861e-05
30.0,32,611.1111111111111,388.8888888888889,102.5,5.9692244700035415,0.7499379505580298,0.972863652513778,7.93131639067579e-05
30.0,33,722.2222222222223,388.8888888888889,102.5,5.992833053613992,0.7499384826774262,0.9728911579617274,7.962856378850013e-05
30.0,34,833.3333333333334,388.8888888888889,102.5,6.003122403886881,0.7499388985066395,0.972903078875096,7.976602355527234e-05
30.0,35,944.4444444444445,388.8888888888889,102.5,6.006535532036388,0.7499387425554095,0.9729070241168234,7.981162078922162e-05
30.0,36,55.55555555555556,500.0,102.5,6.005927379308974,0.7499387688219251,0.9729063215468545,7.980349626524498e-05
30.0,37,166.66666666666669,500.0,102.5,6.001021981576584,0.7499390108515296,0.9729006489291452,7.97379632111736e-05
30.0,38,277.77777777777777,500.0,102.5,5.984297509868892,0.749938124857781,0.9728812388758781,7.951453333840088e-05
30.0,39,388.8888888888889,500.0,102.5,5.933321420329862,0.7499376201444553,0.9728214065381428,7.883350772133909e-05
30.0,40,500.0,500.0,102.5,5.767321591876292,0.7499361643539162,0.9726193521177817,7.661567134242849e-05
30.0,41,611.1111111111111,500.0,102.5,5.933321420329846,0.7499376201444554,0.9728214065381494,7.883350772133921e-05
30.0,42,722.2222222222223,500.0,102.5,5.984297509868886,0.7499381248577812,0.9728812388758783,7.951453333840074e-05
30.0,43,833.3333333333334,500.0,102.5,6.001021981576622,0.7499390108515296,0.9729006489291427,7.973796321117396e-05
30.0,44,944.4444444444445,500.0,102.5,6.005927379309043,0.749938768821925,0.9729063215468562,7.980349626524611e-05
30.0,45,55.55555555555556,611.1111111111111,102.5,6.006535532036336,0.7499387425554096,0.972907024116824,7.981162078922096e-05
30.0,46,166.66666666666669,611.1111111111111,102.5,6.003122403886874,0.7499388985066393,0.9729030788750939,7.976602355527201e-05
30.0,47,277.77777777777777,611.1111111111111,102.5,5.992833053613996,0.7499384826774264,0.9728911579617274,7.962856378850013e-05
30.0,48,388.8888888888889,611.1111111111111,102.5,5.9692244700035655,0.7499379505580299,0.972863652513782,7.931316390675852e-05
30.0,49,500.0,611.1111111111111,102.5,5.933321420329871,0.7499376201444556,0.9728214065381453,7.883350772133929e-05
30.0,50,611.1111111111111,611.1111111111111,102.5,5.969224470003576,0.7499379505580301,0.9728636525137759,7.931316390675815e-05
30.0,51,722.2222222222223,611.1111111111111,102.5,5.992833053614015,0.7499384826774262,0.9728911579617303,7.962856378850064e-05
30.0,52,833.3333333333334,611.1111111111111,102.5,6.0031224038869055,0.7499388985066395,0.9729030788750916,7.976602355527226e-05
30.0,53,944.4444444444445,611.1111111111111,102.5,6.0065355320363905,0.7499387425554097,0.9729070241168168,7.981162078922108e-05
30.0,54,55.55555555555556,722.2222222222223,102.5,6.0074559104630145,0.7499387022325641,0.972908086870869,7.982391641958116e-05
30.0,55,166.66666666666669,722.2222222222223,102.5,6.005795900865682,0.7499387742640895,0.9729061696012704,7.980173979562826e-05
30.0,56,277.77777777777777,722.2222222222223,102.5,6.001302877144721,0.7499389954087298,0.9729009740179405,7.974171580649316e-05
30.0,57,388.8888888888889,722.2222222222223,102.5,5.992833053614016,0.7499384826774262,0.9728911579617305,7.962856378850066e-05
30.0,58,500.0,722.2222222222223,102.5,5.984297509868901,0.7499381248577809,0.9728812388758801,7.951453333840104e-05
30.0,59,611.1111111111111,722.2222222222223,102.5,5.992833053614007,0.7499384826774264,0.9728911579617288,7.962856378850039e-05
30.0,60,722.2222222222223,722.2222222222223,102.5,6.001302877144738,0.7499389954087295,0.9729009740179427,7.974171580649364e-05
30.0,61,833.3333333333334,722.2222222222223,102.5,6.005795900865714,0.7499387742640893,0.972906169601275,7.980173979562906e-05
30.0,62,944.4444444444445,722.2222222222223,102.5,6.007455910463017,0.749938702232564,0.972908086870869,7.982391641958116e-05
30.0,63,55.55555555555556,833.3333333333334,102.5,6.008082293267885,0.7499386819013923,0.9729088105736283,7.983228451454619e-05
30.0,64,166.66666666666669,833.3333333333334,102.5,6.007425437044044,0.7499387031727215,0.9729080516514234,7.982350931245968e-05
30.0,65,277.77777777777777,833.3333333333334,102.5,6.005795900865703,0.7499387742640895,0.9729061696012741,7.980173979562885e-05
30.0,66,388.8888888888889,833.3333333333334,102.5,6.003122403886883,0.7499388985066393,0.9729030788750954,7.97660235552723e-05
30.0,67,500.0,833.3333333333334,102.5,6.0010219815765975,0.7499390108515296,0.9729006489291466,7.973796321117399e-05
30.0,68,611.1111111111111,833.3333333333334,102.5,6.003122403886884,0.7499388985066394,0.9729030788750961,7.976602355527235e-05
30.0,69,722.2222222222223,833.3333333333334,102.5,6.005795900865699,0.7499387742640894,0.9729061696012727,7.980173979562875e-05
30.0,70,833.3333333333334,833.3333333333334,102.5,6.007425437044023,0.7499387031727214,0.9729080516514287,7.982350931245981e-05
30.0,71,944.4444444444445,833.3333333333334,102.5,6.008082293267885,0.7499386819013923,0.972908810573628,7.983228451454616e-05
30.0,72,55.55555555555556,944.4444444444445,102.5,6.008354256744856,0.7499386724764899,0.9729091246504764,7.98359177732635e-05
30.0,73,166.66666666666669,944.4444444444445,102.5,6.008082293267893,0.7499386819013923,0.9729088105736299,7.983228451454645e-05
30.0,74,277.77777777777777,944.4444444444445,102.5,6.007455910463009,0.7499387022325641,0.9729080868708683,7.982391641958109e-05
30.0,75,388.8888888888889,944.4444444444445,102.5,6.00653553203636,0.7499387425554095,0.9729070241168192,7.981162078922098e-05
30.0,76,500.0,944.4444444444445,102.5,6.005927379308998,0.7499387688219247,0.9729063215468567,7.980349626524546e-05
30.0,77,611.1111111111111,944.4444444444445,102.5,6.006535532036353,0.7499387425554096,0.9729070241168186,7.98116207892208e-05
30.0,78,722.2222222222223,944.4444444444445,102.5,6.007455910463003,0.7499387022325641,0.9729080868708675,7.982391641958088e-05
30.0,79,833.3333333333334,944.4444444444445,102.5,6.008082293267879,0.7499386819013925,0.9729088105736275,7.983228451454612e-05
30.0,80,944.4444444444445,944.4444444444445,102.5,6.008354256744824,0.7499386724764898,0.9729091246504794,7.983591777326332e-05
30.0,81,55.55555555555556,55.55555555555556,107.5,6.008763379931012,0.7498992537859849,0.9729095949737454,7.984138322501772e-05
30.0,82,166.66666666666669,55.55555555555556,107.5,6.008491325623106,0.7498992622363218,0.9729092807651023,7.983774874799038e-05
30.0,83,277.77777777777777,55.55555555555556,107.5,6.007864767058977,0.7498992893777604,0.9729085577362294,7.982937837080808e-05
30.0,84,388.8888888888889,55.55555555555556,107.5,6.006944192850918,0.7498993257742967,0.9729074946003755,7.98170801031639e-05
30.0,85,500.0,55.55555555555556,107.5,6.006335982852796,0.749899347546255,0.9729067916647833,7.980895478357911e-05
30.0,86,611.1111111111111,55.55555555555556,107.5,6.006944192850885,0.7498993257742967,0.9729074946003786,7.981708010316374e-05
30.0,87,722.2222222222223,55.55555555555556,107.5,6.00786476705893,0.7498992893777606,0.9729085577362306,7.982937837080761e-05
30.0,88,833.3333333333334,55.55555555555556,107.5,6.00849132562305,0.7498992622363218,0.9729092807651015,7.983774874798946e-05
30.0,89,944.4444444444445,55.55555555555556,107.5,6.008763379930953,0.7498992537859849,0.9729095949737439,7.984138322501689e-05
30.0,90,55.55555555555556,166.66666666666669,107.5,6.008491325623104,0.749899262236322,0.9729092807651027,7.983774874799027e-05
30.0,91,166.66666666666669,166.66666666666669,107.5,6.0078342992325915,0.7498992906484911,0.9729085225658912,7.982897134160057e-05
30.0,92,277.77777777777777,166.66666666666669,107.5,6.006204442439115,0.7498993520171409,0.972906639582794,7.980719747947729e-05
30.0,93,388.8888888888889,166.66666666666669,107.5,6.003530728344947,0.7498994747879736,0.9729035491817051,7.977147835969579e-05
30.0,94,500.0,166.66666666666669,107.5,6.001431019917432,0.7498995841283281,0.9729011203176059,7.974342755304959e-05
30.0,95,611.1111111111111,166.66666666666669,107.5,6.003530728344936,0.7498994747879737,0.972903549181712,7.977147835969622e-05
30.0,96,722.2222222222223,166.66666666666669,107.5,6.006204442439058,0.7498993520171405,0.9729066395827923,7.980719747947643e-05
30.0,97,833.3333333333334,166.66666666666669,107.5,6.007834299232524,0.7498992906484911,0.9729085225658881,7.982897134159946e-05
30.0,98,944.4444444444445,166.66666666666669,107.5,6.008491325623076,0.749899262236322,0.9729092807650976,7.983774874798958e-05
30.0,99,55.55555555555556,277.77777777777777,107.5,6.007864767058961,0.7498992893777605,0.9729085577362272,7.982937837080762e-05
30.0,100,166.66666666666669,277.77777777777777,107.5,6.006204442439109,0.7498993520171405,0.9729066395827923,7.980719747947715e-05
30.0,101,277.77777777777777,277.77777777777777,107.5,6.001711042212219,0.7498995707892568,0.9729014445336205,7.974716849600725e-05
30.0,102,388.8888888888889,277.77777777777777,107.5,5.993243435350251,0.7498991087289042,0.9728916330019799,7.963404616832431e-05
30.0,103,500.0,277.77777777777777,107.5,5.984726342869058,0.7498987357601015,0.9728817360393588,7.952026218707945e-05
30.0,104,611.1111111111111,277.77777777777777,107.5,5.993243435350226,0.7498991087289044,0.9728916330019759,7.963404616832355e-05
30.0,105,722.2222222222223,277.77777777777777,107.5,6.001711042212171,0.7498995707892568,0.972901444533621,7.974716849600672e-05
30.0,106,833.3333333333334,277.77777777777777,107.5,6.00620444243908,0.7498993520171409,0.9729066395827887,7.980719747947642e-05
30.0,107,944.4444444444445,277.77777777777777,107.5,6.00786476705897,0.7498992893777605,0.9729085577362284,7.982937837080787e-05
30.0,108,55.55555555555556,388.8888888888889,107.5,6.006944192850911,0.7498993257742967,0.9729074946003744,7.981708010316367e-05
30.0,109,166.66666666666669,388.8888888888889,107.5,6.003530728344924,0.7498994747879737,0.9729035491817104,7.977147835969595e-05
30.0,110,277.77777777777777,388.8888888888889,107.5,5.99324343535024,0.7498991087289044,0.9728916330019789,7.963404616832408e-05
30.0,111,388.8888888888889,388.8888888888889,107.5,5.969674080784124,0.7498985428220458,0.9728641763576188,7.931917037656583e-05
30.0,112,500.0,388.8888888888889,107.5,5.93403355365677,0.7498982397429823,0.9728222477201266,7.884302160737398e-05
30.0,113,611.1111111111111,388.8888888888889,107.5,5.96967408078411,0.7498985428220458,0.9728641763576255,7.931917037656609e-05
30.0,114,722.2222222222223,388.8888888888889,107.5,5.993243435350225,0.7498991087289044,0.9728916330019767,7.963404616832362e-05
30.0,115,833.3333333333334,388.8888888888889,107.5,6.003530728344925,0.7498994747879739,0.9729035491817115,7.977147835969604e-05
30.0,116,944.4444444444445,388.8888888888889,107.5,6.006944192850925,0.7498993257742967,0.9729074946003763,7.98170801031641e-05
30.0,117,55.55555555555556,500.0,107.5,6.006335982852764,0.7498993475462551,0.9729067916647787,7.980895478357831e-05
30.0,118,166.66666666666669,500.0,107.5,6.001431019917407,0.749899584128328,0.972901120317601,7.974342755304875e-05
30.0,119,277.77777777777777,500.0,107.5,5.984726342869053,0.7498987357601016,0.9728817360393577,7.952026218707935e-05
30.0,120,388.8888888888889,500.0,107.5,5.934033553656783,0.7498982397429824,0.9728222477201204,7.884302160737362e-05
30.0,121,500.0,500.0,107.5,5.753214390378133,0.7498973670389404,0.972601718428563,7.642718871864739e-05
30.0,122,611.1111111111111,500.0,107.5,5.934033553656766,0.7498982397429824,0.9728222477201264,7.884302160737383e-05
30.0,123,722.2222222222223,500.0,107.5,5.984726342869049,0.7498987357601012,0.9728817360393646,7.952026218707977e-05
30.0,124,833.3333333333334,500.0,107.5,6.001431019917443,0.7498995841283279,0.972901120317607,7.974342755304981e-05
30.0,125,944.4444444444445,500.0,107.5,6.006335982852828,0.7498993475462549,0.9729067916647798,7.980895478357924e-05
30.0,126,55.55555555555556,611.1111111111111,107.5,6.006944192850874,0.7498993257742966,0.9729074946003767,7.981708010316344e-05
30.0,127,166.66666666666669,611.1111111111111,107.5,6.003530728344917,0.7498994747879739,0.9729035491817103,7.97714783596958e-05
30.0,128,277.77777777777777,611.1111111111111,107.5,5.9932434353502275,0.7498991087289043,0.9728916330019766,7.963404616832375e-05
30.0,129,388.8888888888889,611.1111111111111,107.5,5.969674080784135,0.7498985428220457,0.9728641763576202,7.931917037656609e-05
30.0,130,500.0,611.1111111111111,107.5,5.934033553656792,0.7498982397429824,0.9728222477201217,7.884302160737387e-05
30.0,131,611.1111111111111,611.1111111111111,107.5,5.969674080784147,0.7498985428220459,0.972864176357623,7.931917037656646e-05
30.0,132,722.2222222222223,611.1111111111111,107.5,5.993243435350245,0.7498991087289043,0.9728916330019793,7.963404616832412e-05
30.0,133,833.3333333333334,611.1111111111111,107.5,6.003530728344949,0.7498994747879739,0.9729035491817064,7.97714783596959e-05
30.0,134,944.4444444444445,611.1111111111111,107.5,6.006944192850929,0.7498993257742967,0.9729074946003774,7.98170801031642e-05
30.0,135,55.55555555555556,722.2222222222223,107.5,6.0078647670589405,0.7498992893777604,0.9729085577362231,7.982937837080699e-05
30.0,136,166.66666666666669,722.2222222222223,107.5,6.006204442439051,0.7498993520171409,0.9729066395827923,7.980719747947616e-05
30.0,137,277.77777777777777,722.2222222222223,107.5,6.001711042212184,0.7498995707892571,0.9729014445336158,7.974716849600643e-05
30.0,138,388.8888888888889,722.2222222222223,107.5,5.993243435350248,0.7498991087289044,0.97289163300198,7.963404616832417e-05
30.0,139,500.0,722.2222222222223,107.5,5.984726342869065,0.7498987357601014,0.972881736039359,7.952026218707961e-05
30.0,140,611.1111111111111,722.2222222222223,107.5,5.993243435350238,0.7498991087289044,0.9728916330019787,7.963404616832406e-05
30.0,141,722.2222222222223,722.2222222222223,107.5,6.0017110422122,0.749899570789257,0.9729014445336172,7.974716849600683e-05
30.0,142,833.3333333333334,722.2222222222223,107.5,6.006204442439084,0.7498993520171405,0.9729066395827964,7.980719747947719e-05
30.0,143,944.4444444444445,722.2222222222223,107.5,6.0078647670589405,0.7498992893777604,0.9729085577362232,7.9829378370807e-05
30.0,144,55.55555555555556,833.3333333333334,107.5,6.008491325623036,0.7498992622363219,0.9729092807650994,7.983774874798916e-05
30.0,145,166.66666666666669,833.3333333333334,107.5,6.007834299232531,0.7498992906484913,0.9729085225658898,7.98289713415996e-05
30.0,146,277.77777777777777,833.3333333333334,107.5,6.006204442439073,0.7498993520171406,0.9729066395827948,7.980719747947692e-05
30.0,147,388.8888888888889,833.3333333333334,107.5,6.003530728344928,0.7498994747879737,0.9729035491817105,7.977147835969596e-05
30.0,148,500.0,833.3333333333334,107.5,6.001431019917419,0.7498995841283282,0.9729011203176041,7.974342755304929e-05
30.0,149,611.1111111111111,833.3333333333334,107.5,6.003530728344928,0.7498994747879737,0.9729035491817105,7.977147835969596e-05
30.0,150,722.2222222222223,833.3333333333334,107.5,6.00620444243907,0.7498993520171408,0.9729066395827949,7.980719747947679e-05
30.0,151,833.3333333333334,833.3333333333334,107.5,6.007834299232511,0.7498992906484909,0.972908522565894,7.98289713415998e-05
30.0,152,944.4444444444445,833.3333333333334,107.5,6.0084913256230355,0.749899262236322,0.9729092807650996,7.983774874798918e-05
30.0,153,55.55555555555556,944.4444444444445,107.5,6.0087633799309685,0.7498992537859849,0.9729095949737466,7.984138322501724e-05
30.0,154,166.66666666666669,944.4444444444445,107.5,6.008491325623045,0.7498992622363219,0.9729092807651009,7.98377487479894e-05
30.0,155,277.77777777777777,944.4444444444445,107.5,6.007864767058933,0.7498992893777606,0.9729085577362232,7.9829378370807e-05
30.0,156,388.8888888888889,944.4444444444445,107.5,6.006944192850899,0.7498993257742966,0.9729074946003808,7.981708010316406e-05
30.0,157,500.0,944.4444444444445,107.5,6.006335982852785,0.7498993475462549,0.9729067916647814,7.980895478357881e-05
30.0,158,611.1111111111111,944.4444444444445,107.5,6.006944192850891,0.7498993257742967,0.97290749460038,7.981708010316385e-05
30.0,159,722.2222222222223,944.4444444444445,107.5,6.007864767058927,0.7498992893777605,0.97290855773623,7.982937837080742e-05
30.0,160,833.3333333333334,944.4444444444445,107.5,6.00849132562303,0.7498992622363219,0.9729092807650985,7.983774874798895e-05
30.0,161,944.4444444444445,944.4444444444445,107.5,6.008763379930937,0.749899253785985,0.9729095949737417,7.984138322501643e-05
30.0,162,55.55555555555556,55.55555555555556,112.5,6.009286461271103,0.7498045768179906,0.9729101974690897,7.98483711383976e-05
30.0,163,166.66666666666669,55.55555555555556,112.5,6.009014238555843,0.7498045857046713,0.9729098832068808,7.984473441970992e-05
30.0,164,277.77777777777777,55.55555555555556,112.5,6.0083873594901815,0.7498046118219973,0.9729091599209233,7.983635976226792e-05
30.0,165,388.8888888888889,55.55555555555556,112.5,6.0074664359340675,0.7498046467238442,0.9729080965470561,7.982405682961796e-05
30.0,166,500.0,55.55555555555556,112.5,6.006858126736211,0.7498046675252916,0.9729073936060408,7.981593018613535e-05
30.0,167,611.1111111111111,55.55555555555556,112.5,6.007466435934034,0.7498046467238444,0.9729080965470597,7.982405682961782e-05
30.0,168,722.2222222222223,55.55555555555556,112.5,6.008387359490134,0.7498046118219972,0.9729091599209226,7.983635976226716e-05
30.0,169,833.3333333333334,55.55555555555556,112.5,6.009014238555788,0.7498045857046715,0.9729098832068804,7.984473441970904e-05
30.0,170,944.4444444444445,55.55555555555556,112.5,6.0092864612710475,0.7498045768179905,0.9729101974690894,7.984837113839686e-05
30.0,171,55.55555555555556,166.66666666666669,112.5,6.009014238555842,0.7498045857046715,0.9729098832068807,7.984473441970977e-05
30.0,172,166.66666666666669,166.66666666666669,112.5,6.008356904141511,0.7498046130435273,0.9729091247704708,7.983595289982297e-05
30.0,173,277.77777777777777,166.66666666666669,112.5,6.006726479932882,0.7498046717865945,0.9729072414246571,7.981417146101876e-05
30.0,174,388.8888888888889,166.66666666666669,112.5,6.0040524219064375,0.7498047920285418,0.9729041512782178,7.977844776655938e-05
30.0,175,500.0,166.66666666666669,112.5,6.001953930793898,0.7498048976086459,0.9729017240748012,7.975041321689581e-05
30.0,176,611.1111111111111,166.66666666666669,112.5,6.004052421906427,0.7498047920285417,0.9729041512782244,7.977844776655979e-05
30.0,177,722.2222222222223,166.66666666666669,112.5,6.006726479932826,0.7498046717865945,0.9729072414246568,7.981417146101804e-05
30.0,178,833.3333333333334,166.66666666666669,112.5,6.008356904141445,0.7498046130435272,0.972909124770468,7.983595289982191e-05
30.0,179,944.4444444444445,166.66666666666669,112.5,6.009014238555814,0.7498045857046712,0.972909883206884,7.984473441970977e-05
30.0,180,55.55555555555556,277.77777777777777,112.5,6.008387359490166,0.7498046118219973,0.9729091599209205,7.983635976226741e-05
30.0,181,166.66666666666669,277.77777777777777,112.5,6.006726479932877,0.7498046717865945,0.9729072414246569,7.981417146101874e-05
30.0,182,277.77777777777777,277.77777777777777,112.5,6.0022324490890835,0.7498048848376201,0.9729020465250733,7.97541340687444e-05
30.0,183,388.8888888888889,277.77777777777777,112.5,5.993768711951291,0.7498044797853649,0.9728922412535195,7.964106347732034e-05
30.0,184,500.0,277.77777777777777,112.5,5.9852854276243095,0.749804095932239,0.972882385256918,7.952773118210205e-05
30.0,185,611.1111111111111,277.77777777777777,112.5,5.993768711951267,0.7498044797853649,0.9728922412535155,7.964106347731972e-05
30.0,186,722.2222222222223,277.77777777777777,112.5,6.002232449089036,0.7498048848376202,0.9729020465250746,7.975413406874379e-05
30.0,187,833.3333333333334,277.77777777777777,112.5,6.0067264799328495,0.7498046717865944,0.97290724142466,7.981417146101858e-05
30.0,188,944.4444444444445,277.77777777777777,112.5,6.008387359490175,0.7498046118219974,0.9729091599209222,7.983635976226769e-05
30.0,189,55.55555555555556,388.8888888888889,112.5,6.00746643593406,0.7498046467238441,0.9729080965470548,7.982405682961785e-05
30.0,190,166.66666666666669,388.8888888888889,112.5,6.004052421906418,0.7498047920285414,0.9729041512782226,7.97784477665595e-05
30.0,191,277.77777777777777,388.8888888888889,112.5,5.993768711951281,0.7498044797853649,0.9728922412535179,7.964106347732007e-05
30.0,192,388.8888888888889,388.8888888888889,112.5,5.970270977777945,0.7498038800689218,0.9728648730466052,7.93271445907731e-05
30.0,193,500.0,388.8888888888889,112.5,5.935482766985358,0.7498036293616979,0.9728239610862267,7.886238282253728e-05
30.0,194,611.1111111111111,388.8888888888889,112.5,5.970270977777932,0.7498038800689218,0.9728648730466031,7.93271445907728e-05
30.0,195,722.2222222222223,388.8888888888889,112.5,5.993768711951265,0.7498044797853646,0.9728922412535227,7.964106347732032e-05
30.0,196,833.3333333333334,388.8888888888889,112.5,6.004052421906418,0.7498047920285414,0.9729041512782226,7.97784477665595e-05
30.0,197,944.4444444444445,388.8888888888889,112.5,6.007466435934074,0.7498046467238443,0.9729080965470575,7.982405682961821e-05
30.0,198,55.55555555555556,500.0,112.5,6.006858126736181,0.7498046675252914,0.9729073936060351,7.981593018613459e-05
30.0,199,166.66666666666669,500.0,112.5,6.001953930793872,0.7498048976086458,0.9729017240747967,7.975041321689501e-05
30.0,200,277.77777777777777,500.0,112.5,5.985285427624302,0.749804095932239,0.9728823852569248,7.952773118210247e-05
30.0,201,388.8888888888889,500.0,112.5,5.935482766985371,0.749803629361698,0.972823961086229,7.88623828225376e-05
30.0,202,500.0,500.0,112.5,5.7882007385830745,0.7498024080321173,0.972645410659336,7.689463869656146e-05
30.0,203,611.1111111111111,500.0,112.5,5.935482766985354,0.749803629361698,0.9728239610862265,7.886238282253727e-05
30.0,204,722.2222222222223,500.0,112.5,5.9852854276243015,0.749804095932239,0.9728823852569248,7.952773118210247e-05
30.0,205,833.3333333333334,500.0,112.5,6.001953930793909,0.7498048976086457,0.9729017240748021,7.975041321689603e-05
30.0,206,944.4444444444445,500.0,112.5,6.006858126736242,0.7498046675252915,0.9729073936060366,7.981593018613543e-05
30.0,207,55.55555555555556,611.1111111111111,112.5,6.007466435934022,0.7498046467238441,0.9729080965470568,7.982405682961744e-05
30.0,208,166.66666666666669,611.1111111111111,112.5,6.004052421906407,0.7498047920285417,0.9729041512782214,7.977844776655926e-05
30.0,209,277.77777777777777,611.1111111111111,112.5,5.993768711951267,0.7498044797853649,0.9728922412535151,7.964106347731969e-05
30.0,210,388.8888888888889,611.1111111111111,112.5,5.970270977777957,0.749803880068922,0.9728648730466074,7.932714459077342e-05
30.0,211,500.0,611.1111111111111,112.5,5.93548276698538,0.749803629361698,0.9728239610862308,7.886238282253789e-05
30.0,212,611.1111111111111,611.1111111111111,112.5,5.970270977777971,0.7498038800689218,0.9728648730466093,7.932714459077373e-05
30.0,213,722.2222222222223,611.1111111111111,112.5,5.993768711951286,0.7498044797853649,0.9728922412535178,7.964106347732021e-05
30.0,214,833.3333333333334,611.1111111111111,112.5,6.00405242190644,0.7498047920285416,0.9729041512782175,7.977844776655935e-05
30.0,215,944.4444444444445,611.1111111111111,112.5,6.007466435934078,0.7498046467238442,0.9729080965470577,7.982405682961838e-05
30.0,216,55.55555555555556,722.2222222222223,112.5,6.008387359490147,0.7498046118219974,0.9729091599209265,7.983635976226762e-05
30.0,217,166.66666666666669,722.2222222222223,112.5,6.006726479932819,0.7498046717865945,0.9729072414246556,7.981417146101779e-05
30.0,218,277.77777777777777,722.2222222222223,112.5,6.002232449089053,0.74980488483762,0.972902046525077,7.975413406874426e-05
30.0,219,388.8888888888889,722.2222222222223,112.5,5.993768711951288,0.7498044797853649,0.9728922412535183,7.964106347732025e-05
30.0,220,500.0,722.2222222222223,112.5,5.9852854276243175,0.749804095932239,0.9728823852569192,7.952773118210228e-05
30.0,221,611.1111111111111,722.2222222222223,112.5,5.993768711951279,0.749804479785365,0.9728922412535173,7.964106347732002e-05
30.0,222,722.2222222222223,722.2222222222223,112.5,6.0022324490890675,0.7498048848376202,0.9729020465250796,7.975413406874461e-05
30.0,223,833.3333333333334,722.2222222222223,112.5,6.006726479932852,0.7498046717865944,0.9729072414246613,7.981417146101869e-05
30.0,224,944.4444444444445,722.2222222222223,112.5,6.008387359490146,0.7498046118219973,0.9729091599209253,7.983635976226753e-05
30.0,225,55.55555555555556,833.3333333333334,112.5,6.009014238555771,0.7498045857046715,0.9729098832068859,7.984473441970935e-05
30.0,226,166.66666666666669,833.3333333333334,112.5,6.00835690414145,0.7498046130435272,0.972909124770468,7.983595289982191e-05
30.0,227,277.77777777777777,833.3333333333334,112.5,6.006726479932842,0.7498046717865945,0.9729072414246595,7.981417146101839e-05
30.0,228,388.8888888888889,833.3333333333334,112.5,6.00405242190642,0.7498047920285416,0.9729041512782226,7.97784477665595e-05
30.0,229,500.0,833.3333333333334,112.5,6.001953930793887,0.7498048976086458,0.9729017240747992,7.97504132168955e-05
30.0,230,611.1111111111111,833.3333333333334,112.5,6.004052421906419,0.7498047920285416,0.9729041512782226,7.97784477665595e-05
30.0,231,722.2222222222223,833.3333333333334,112.5,6.006726479932839,0.7498046717865944,0.9729072414246585,7.981417146101831e-05
30.0,232,833.3333333333334,833.3333333333334,112.5,6.00835690414143,0.7498046130435271,0.9729091247704732,7.983595289982218e-05
30.0,233,944.4444444444445,833.3333333333334,112.5,6.009014238555771,0.7498045857046712,0.972909883206885,7.984473441970928e-05
30.0,234,55.55555555555556,944.4444444444445,112.5,6.009286461271059,0.7498045768179905,0.9729101974690906,7.984837113839711e-05
30.0,235,166.66666666666669,944.4444444444445,112.5,6.009014238555783,0.7498045857046716,0.9729098832068803,7.984473441970902e-05
30.0,236,277.77777777777777,944.4444444444445,112.5,6.00838735949014,0.7498046118219972,0.9729091599209243,7.983635976226745e-05
30.0,237,388.8888888888889,944.4444444444445,112.5,6.007466435934049,0.7498046467238443,0.9729080965470532,7.982405682961758e-05
30.0,238,500.0,944.4444444444445,112.5,6.0068581267362,0.7498046675252914,0.9729073936060384,7.981593018613514e-05
30.0,239,611.1111111111111,944.4444444444445,112.5,6.007466435934041,0.7498046467238443,0.972908096547052,7.982405682961735e-05
30.0,240,722.2222222222223,944.4444444444445,112.5,6.008387359490133,0.7498046118219973,0.9729091599209233,7.983635976226722e-05
30.0,241,833.3333333333334,944.4444444444445,112.5,6.009014238555766,0.7498045857046712,0.972909883206885,7.984473441970913e-05
30.0,242,944.4444444444445,944.4444444444445,112.5,6.009286461271028,0.7498045768179906,0.9729101974690864,7.984837113839634e-05
30.0,243,55.55555555555556,55.55555555555556,117.5,6.0099237440088205,0.7494691236385067,0.9729109319225326,7.985688472667368e-05
30.0,244,166.66666666666669,55.55555555555556,117.5,6.009651281526134,0.7494691352984727,0.9729106177039344,7.985324482698755e-05
30.0,245,277.77777777777777,55.55555555555556,117.5,6.0090239482943115,0.7494691608773051,0.9729098939034384,7.984486409342686e-05
30.0,246,388.8888888888889,55.55555555555556,117.5,6.008102531189825,0.7494691950575297,0.972908829973388,7.983255455438103e-05
30.0,247,500.0,55.55555555555556,117.5,6.007494066136262,0.7494692169720685,0.9729081270373074,7.98244258346691e-05
30.0,248,611.1111111111111,55.55555555555556,117.5,6.00810253118979,0.7494691950575296,0.9729088299733908,7.983255455438083e-05
30.0,249,722.2222222222223,55.55555555555556,117.5,6.009023948294263,0.7494691608773053,0.9729098939034398,7.984486409342626e-05
30.0,250,833.3333333333334,55.55555555555556,117.5,6.00965128152608,0.7494691352984728,0.9729106177039345,7.985324482698685e-05
30.0,251,944.4444444444445,55.55555555555556,117.5,6.0099237440087645,0.7494691236385068,0.9729109319225323,7.985688472667295e-05
30.0,252,55.55555555555556,166.66666666666669,117.5,6.009651281526132,0.7494691352984728,0.9729106177039338,7.985324482698751e-05
30.0,253,166.66666666666669,166.66666666666669,117.5,6.008993512383246,0.7494691621057202,0.9729098587758515,7.984445749022617e-05
30.0,254,277.77777777777777,166.66666666666669,117.5,6.007362287337028,0.749469223393313,0.9729079749551387,7.982266536481139e-05
30.0,255,388.8888888888889,166.66666666666669,117.5,6.004687595863903,0.7494693454452676,0.9729048846935504,7.978693321775731e-05
30.0,256,500.0,166.66666666666669,117.5,6.002590277815994,0.7494694504715044,0.9729024592426982,7.975891433996204e-05
30.0,257,611.1111111111111,166.66666666666669,117.5,6.004687595863892,0.7494693454452677,0.9729048846935481,7.978693321775712e-05
30.0,258,722.2222222222223,166.66666666666669,117.5,6.007362287336973,0.749469223393313,0.9729079749551383,7.982266536481065e-05
30.0,259,833.3333333333334,166.66666666666669,117.5,6.008993512383182,0.7494691621057201,0.9729098587758493,7.984445749022514e-05
30.0,260,944.4444444444445,166.66666666666669,117.5,6.009651281526102,0.7494691352984726,0.9729106177039369,7.985324482698735e-05
30.0,261,55.55555555555556,277.77777777777777,117.5,6.009023948294295,0.7494691608773051,0.972909893903435,7.984486409342644e-05
30.0,262,166.66666666666669,277.77777777777777,117.5,6.007362287337021,0.749469223393313,0.9729079749551378,7.982266536481133e-05
30.0,263,277.77777777777777,277.77777777777777,117.5,6.002867132034878,0.7494694353363189,0.9729027795056678,7.97626129435146e-05
30.0,264,388.8888888888889,277.77777777777777,117.5,5.9944071469743605,0.7494690712191486,0.9728929807636723,7.964959252696819e-05
30.0,265,500.0,277.77777777777777,117.5,5.985959090415505,0.749468594616288,0.9728831676256388,7.95367308806795e-05
30.0,266,611.1111111111111,277.77777777777777,117.5,5.994407146974336,0.7494690712191487,0.972892980763677,7.964959252696815e-05
30.0,267,722.2222222222223,277.77777777777777,117.5,6.002867132034831,0.7494694353363189,0.9729027795056687,7.976261294351411e-05
30.0,268,833.3333333333334,277.77777777777777,117.5,6.0073622873369965,0.7494692233933129,0.9729079749551424,7.982266536481127e-05
30.0,269,944.4444444444445,277.77777777777777,117.5,6.009023948294305,0.749469160877305,0.9729098939034366,7.984486409342658e-05
30.0,270,55.55555555555556,388.8888888888889,117.5,6.008102531189818,0.7494691950575297,0.972908829973387,7.983255455438095e-05
30.0,271,166.66666666666669,388.8888888888889,117.5,6.004687595863885,0.7494693454452676,0.9729048846935472,7.978693321775706e-05
30.0,272,277.77777777777777,388.8888888888889,117.5,5.99440714697435,0.7494690712191486,0.9728929807636795,7.964959252696862e-05
30.0,273,388.8888888888889,388.8888888888889,117.5,5.970983797940783,0.7494682078004752,0.9728657051761058,7.933666749700267e-05
30.0,274,500.0,388.8888888888889,117.5,5.937043692633553,0.749468153815803,0.9728258048098838,7.8883236411975e-05
30.0,275,611.1111111111111,388.8888888888889,117.5,5.970983797940769,0.749468207800475,0.9728657051761113,7.933666749700312e-05
30.0,276,722.2222222222223,388.8888888888889,117.5,5.994407146974334,0.7494690712191492,0.9728929807636789,7.964959252696831e-05
30.0,277,833.3333333333334,388.8888888888889,117.5,6.004687595863887,0.7494693454452678,0.9729048846935487,7.978693321775718e-05
30.0,278,944.4444444444445,388.8888888888889,117.5,6.008102531189831,0.7494691950575297,0.972908829973389,7.983255455438125e-05
30.0,279,55.55555555555556,500.0,117.5,6.007494066136234,0.7494692169720685,0.9729081270373021,7.982442583466838e-05
30.0,280,166.66666666666669,500.0,117.5,6.002590277815966,0.7494694504715042,0.9729024592426938,7.975891433996139e-05
30.0,281,277.77777777777777,500.0,117.5,5.985959090415495,0.7494685946162882,0.9728831676256381,7.95367308806793e-05
30.0,282,388.8888888888889,500.0,117.5,5.937043692633566,0.7494681538158031,0.9728258048098861,7.888323641197532e-05
30.0,283,500.0,500.0,117.5,5.810315355959324,0.7494669725790462,0.9726727651976278,7.719010632491728e-05
30.0,284,611.1111111111111,500.0,117.5,5.93704369263355,0.7494681538158029,0.972825804809883,7.888323641197479e-05
30.0,285,722.2222222222223,500.0,117.5,5.985959090415498,0.7494685946162881,0.9728831676256379,7.953673088067942e-05
30.0,286,833.3333333333334,500.0,117.5,6.002590277816005,0.7494694504715043,0.9729024592426998,7.975891433996231e-05
30.0,287,944.4444444444445,500.0,117.5,6.0074940661362906,0.7494692169720685,0.972908127037303,7.982442583466888e-05
30.0,288,55.55555555555556,611.1111111111111,117.5,6.008102531189778,0.7494691950575296,0.9729088299733889,7.983255455438054e-05
30.0,289,166.66666666666669,611.1111111111111,117.5,6.004687595863873,0.7494693454452676,0.9729048846935533,7.978693321775712e-05
30.0,290,277.77777777777777,611.1111111111111,117.5,5.994407146974336,0.7494690712191487,0.972892980763677,7.964959252696815e-05
30.0,291,388.8888888888889,611.1111111111111,117.5,5.970983797940795,0.7494682078004751,0.972865705176107,7.93366674970029e-05
30.0,292,500.0,611.1111111111111,117.5,5.9370436926335755,0.7494681538158031,0.9728258048098792,7.88832364119749e-05
30.0,293,611.1111111111111,611.1111111111111,117.5,5.970983797940809,0.7494682078004751,0.9728657051761095,7.933666749700324e-05
30.0,294,722.2222222222223,611.1111111111111,117.5,5.994407146974353,0.7494690712191485,0.9728929807636792,7.964959252696861e-05
30.0,295,833.3333333333334,611.1111111111111,117.5,6.004687595863906,0.7494693454452676,0.9729048846935506,7.978693321775746e-05
30.0,296,944.4444444444445,611.1111111111111,117.5,6.008102531189836,0.7494691950575296,0.9729088299733893,7.983255455438127e-05
30.0,297,55.55555555555556,722.2222222222223,117.5,6.009023948294278,0.749469160877305,0.9729098939034325,7.984486409342595e-05
30.0,298,166.66666666666669,722.2222222222223,117.5,6.007362287336966,0.7494692233933128,0.9729079749551364,7.982266536481035e-05
30.0,299,277.77777777777777,722.2222222222223,117.5,6.00286713203485,0.749469435336319,0.9729027795056644,7.976261294351405e-05
30.0,300,388.8888888888889,722.2222222222223,117.5,5.994407146974356,0.7494690712191492,0.9728929807636734,7.964959252696812e-05
30.0,301,500.0,722.2222222222223,117.5,5.985959090415513,0.7494685946162881,0.9728831676256408,7.953673088067978e-05
30.0,302,611.1111111111111,722.2222222222223,117.5,5.994407146974347,0.7494690712191487,0.9728929807636794,7.964959252696847e-05
30.0,303,722.2222222222223,722.2222222222223,117.5,6.002867132034865,0.7494694353363188,0.9729027795056654,7.976261294351428e-05
30.0,304,833.3333333333334,722.2222222222223,117.5,6.007362287336999,0.7494692233933127,0.9729079749551417,7.982266536481135e-05
30.0,305,944.4444444444445,722.2222222222223,117.5,6.009023948294275,0.7494691608773051,0.9729098939034322,7.984486409342592e-05
30.0,306,55.55555555555556,833.3333333333334,117.5,6.009651281526058,0.7494691352984728,0.9729106177039393,7.985324482698697e-05
30.0,307,166.66666666666669,833.3333333333334,117.5,6.008993512383184,0.7494691621057201,0.9729098587758493,7.984445749022529e-05
30.0,308,277.77777777777777,833.3333333333334,117.5,6.007362287336989,0.7494692233933129,0.9729079749551408,7.982266536481114e-05
30.0,309,388.8888888888889,833.3333333333334,117.5,6.004687595863886,0.7494693454452677,0.9729048846935477,7.97869332177571e-05
30.0,310,500.0,833.3333333333334,117.5,6.002590277815982,0.7494694504715044,0.9729024592426975,7.975891433996197e-05
30.0,311,611.1111111111111,833.3333333333334,117.5,6.004687595863884,0.7494693454452677,0.9729048846935479,7.978693321775711e-05
30.0,312,722.2222222222223,833.3333333333334,117.5,6.007362287336985,0.749469223393313,0.9729079749551405,7.982266536481096e-05
30.0,313,833.3333333333334,833.3333333333334,117.5,6.008993512383165,0.7494691621057201,0.9729098587758549,7.984445749022546e-05
30.0,314,944.4444444444445,833.3333333333334,117.5,6.009651281526058,0.7494691352984728,0.9729106177039396,7.9853244826987e-05
30.0,315,55.55555555555556,944.4444444444445,117.5,6.009923744008773,0.749469123638507,0.9729109319225346,7.985688472667327e-05
30.0,316,166.66666666666669,944.4444444444445,117.5,6.009651281526073,0.7494691352984727,0.9729106177039416,7.985324482698743e-05
30.0,317,277.77777777777777,944.4444444444445,117.5,6.00902394829427,0.7494691608773051,0.9729098939034397,7.98448640934264e-05
30.0,318,388.8888888888889,944.4444444444445,117.5,6.008102531189807,0.7494691950575295,0.9729088299733846,7.983255455438061e-05
30.0,319,500.0,944.4444444444445,117.5,6.00749406613625,0.7494692169720686,0.9729081270373059,7.982442583466881e-05
30.0,320,611.1111111111111,944.4444444444445,117.5,6.008102531189799,0.7494691950575297,0.972908829973384,7.983255455438042e-05
30.0,321,722.2222222222223,944.4444444444445,117.5,6.009023948294263,0.7494691608773048,0.9729098939034376,7.984486409342609e-05
30.0,322,833.3333333333334,944.4444444444445,117.5,6.009651281526054,0.7494691352984729,0.9729106177039393,7.985324482698697e-05
30.0,323,944.4444444444445,944.4444444444445,117.5,6.009923744008743,0.7494691236385068,0.9729109319225295,7.985688472667243e-05
30.0,324,55.55555555555556,55.55555555555556,122.5,6.01068743867627,0.7397151159586453,0.972911824460377,7.986708810781048e-05
30.0,325,166.66666666666669,55.55555555555556,122.5,6.010414647014162,0.7397172356901791,0.9729115098326447,7.986344380307929e-05
30.0,326,277.77777777777777,55.55555555555556,122.5,6.009786687920104,0.7397218652473513,0.9729107853759396,7.985505470227517e-05
30.0,327,388.8888888888889,55.55555555555556,122.5,6.008864577379789,0.7397281695692899,0.9729097209672695,7.984273590881803e-05
30.0,328,500.0,55.55555555555556,122.5,6.00825584737911,0.739731799062683,0.9729090178936268,7.983460365219139e-05
30.0,329,611.1111111111111,55.55555555555556,122.5,6.008864577379755,0.7397281695692907,0.9729097209672678,7.984273590881747e-05
30.0,330,722.2222222222223,55.55555555555556,122.5,6.009786687920054,0.7397218652473513,0.9729107853759402,7.985505470227467e-05
30.0,331,833.3333333333334,55.55555555555556,122.5,6.01041464701411,0.739717235690179,0.9729115098326453,7.986344380307848e-05
30.0,332,944.4444444444445,55.55555555555556,122.5,6.010687438676216,0.739715115958646,0.9729118244603726,7.98670881078094e-05
30.0,333,55.55555555555556,166.66666666666669,122.5,6.01041464701416,0.739717235690179,0.9729115098326447,7.986344380307929e-05
30.0,334,166.66666666666669,166.66666666666669,122.5,6.009756277718382,0.7397219907644411,0.9729107502860971,7.985464844263639e-05
30.0,335,277.77777777777777,166.66666666666669,122.5,6.008123916073669,0.7397329962768875,0.9729088654784069,7.98328411296481e-05
30.0,336,388.8888888888889,166.66666666666669,122.5,6.005448116198438,0.7397492190624942,0.9729057739835248,7.979709412971366e-05
30.0,337,500.0,166.66666666666669,122.5,6.003351348523064,0.7397586922159854,0.9729033494607192,7.97690825898734e-05
30.0,338,611.1111111111111,166.66666666666669,122.5,6.005448116198426,0.7397492190624946,0.9729057739835247,7.979709412971351e-05
30.0,339,722.2222222222223,166.66666666666669,122.5,6.0081239160736155,0.7397329962768877,0.9729088654784084,7.983284112964764e-05
30.0,340,833.3333333333334,166.66666666666669,122.5,6.009756277718321,0.7397219907644417,0.9729107502860983,7.985464844263578e-05
30.0,341,944.4444444444445,166.66666666666669,122.5,6.010414647014129,0.7397172356901789,0.9729115098326481,7.9863443803079e-05
30.0,342,55.55555555555556,277.77777777777777,122.5,6.009786687920086,0.7397218652473508,0.9729107853759432,7.985505470227533e-05
30.0,343,166.66666666666669,277.77777777777777,122.5,6.008123916073663,0.7397329962768876,0.9729088654784064,7.983284112964805e-05
30.0,344,277.77777777777777,277.77777777777777,122.5,6.00362683929146,0.7397606129162457,0.9729036679481078,7.977276296736644e-05
30.0,345,388.8888888888889,277.77777777777777,122.5,5.995168566810535,0.7397977246093945,0.9728938710089042,7.96597652593018e-05
30.0,346,500.0,277.77777777777777,122.5,5.98674410487755,0.7397940626912478,0.9728840867200464,7.954721878485001e-05
30.0,347,611.1111111111111,277.77777777777777,122.5,5.99516856681051,0.7397977246093949,0.9728938710089027,7.965976525930138e-05
30.0,348,722.2222222222223,277.77777777777777,122.5,6.003626839291414,0.7397606129162468,0.9729036679480967,7.977276296736497e-05
30.0,349,833.3333333333334,277.77777777777777,122.5,6.008123916073639,0.7397329962768879,0.9729088654784135,7.983284112964821e-05
30.0,350,944.4444444444445,277.77777777777777,122.5,6.009786687920096,0.7397218652473508,0.9729107853759449,7.985505470227547e-05
30.0,351,55.55555555555556,388.8888888888889,122.5,6.008864577379784,0.7397281695692901,0.9729097209672691,7.9842735908818e-05
30.0,352,166.66666666666669,388.8888888888889,122.5,6.005448116198422,0.7397492190624948,0.9729057739835252,7.979709412971355e-05
30.0,353,277.77777777777777,388.8888888888889,122.5,5.995168566810526,0.7397977246093949,0.9728938710089049,7.965976525930185e-05
30.0,354,388.8888888888889,388.8888888888889,122.5,5.97179492511446,0.7398148888529767,0.972866655288446,7.934750401160216e-05
30.0,355,500.0,388.8888888888889,122.5,5.938379533779402,0.7395877654938644,0.9728273786168825,7.89010826461682e-05
30.0,356,611.1111111111111,388.8888888888889,122.5,5.971794925114445,0.7398148888529773,0.9728666552884467,7.934750401160194e-05
30.0,357,722.2222222222223,388.8888888888889,122.5,5.995168566810508,0.7397977246093951,0.9728938710089026,7.965976525930137e-05
30.0,358,833.3333333333334,388.8888888888889,122.5,6.005448116198425,0.7397492190624947,0.9729057739835247,7.979709412971351e-05
30.0,359,944.4444444444445,388.8888888888889,122.5,6.008864577379796,0.7397281695692901,0.9729097209672717,7.984273590881837e-05
30.0,360,55.55555555555556,500.0,122.5,6.008255847379083,0.7397317990626838,0.9729090178936264,7.983460365219108e-05
30.0,361,166.66666666666669,500.0,122.5,6.003351348523037,0.7397586922159871,0.9729033494607138,7.976908258987267e-05
30.0,362,277.77777777777777,500.0,122.5,5.98674410487754,0.7397940626912479,0.9728840867200533,7.954721878485041e-05
30.0,363,388.8888888888889,500.0,122.5,5.938379533779415,0.7395877654938641,0.9728273786168817,7.890108264616828e-05
30.0,364,500.0,500.0,122.5,5.821729768246349,0.7374079275887568,0.9726867773665846,7.734260782986852e-05
30.0,365,611.1111111111111,500.0,122.5,5.938379533779399,0.7395877654938646,0.9728273786168822,7.890108264616804e-05
30.0,366,722.2222222222223,500.0,122.5,5.986744104877545,0.7397940626912476,0.9728840867200527,7.954721878485051e-05
30.0,367,833.3333333333334,500.0,122.5,6.0033513485230765,0.7397586922159858,0.9729033494607129,7.976908258987317e-05
30.0,368,944.4444444444445,500.0,122.5,6.008255847379136,0.7397317990626834,0.9729090178936237,7.983460365219142e-05
30.0,369,55.55555555555556,611.1111111111111,122.5,6.008864577379744,0.739728169569291,0.9729097209672672,7.984273590881728e-05
30.0,370,166.66666666666669,611.1111111111111,122.5,6.005448116198407,0.7397492190624951,0.972905773983524,7.979709412971331e-05
30.0,371,277.77777777777777,611.1111111111111,122.5,5.99516856681051,0.7397977246093946,0.9728938710089012,7.965976525930126e-05
30.0,372,388.8888888888889,611.1111111111111,122.5,5.971794925114472,0.7398148888529766,0.9728666552884475,7.934750401160257e-05
30.0,373,500.0,611.1111111111111,122.5,5.938379533779425,0.739587765493864,0.9728273786168835,7.890108264616856e-05
30.0,374,611.1111111111111,611.1111111111111,122.5,5.9717949251144855,0.7398148888529766,0.9728666552884403,7.934750401160198e-05
30.0,375,722.2222222222223,611.1111111111111,122.5,5.995168566810528,0.7397977246093945,0.9728938710089036,7.965976525930175e-05
30.0,376,833.3333333333334,611.1111111111111,122.5,6.0054481161984405,0.7397492190624951,0.9729057739835205,7.979709412971345e-05
30.0,377,944.4444444444445,611.1111111111111,122.5,6.008864577379802,0.7397281695692904,0.9729097209672646,7.984273590881778e-05
30.0,378,55.55555555555556,722.2222222222223,122.5,6.009786687920071,0.7397218652473508,0.9729107853759402,7.98550547022748e-05
30.0,379,166.66666666666669,722.2222222222223,122.5,6.008123916073608,0.739732996276888,0.972908865478409,7.983284112964756e-05
30.0,380,277.77777777777777,722.2222222222223,122.5,6.003626839291434,0.7397606129162465,0.9729036679480983,7.97727629673654e-05
30.0,381,388.8888888888889,722.2222222222223,122.5,5.9951685668105315,0.7397977246093945,0.9728938710089043,7.965976525930181e-05
30.0,382,500.0,722.2222222222223,122.5,5.986744104877559,0.7397940626912478,0.9728840867200473,7.954721878485021e-05
30.0,383,611.1111111111111,722.2222222222223,122.5,5.995168566810522,0.7397977246093952,0.9728938710089053,7.965976525930175e-05
30.0,384,722.2222222222223,722.2222222222223,122.5,6.003626839291448,0.7397606129162467,0.9729036679480924,7.977276296736504e-05
30.0,385,833.3333333333334,722.2222222222223,122.5,6.008123916073641,0.7397329962768879,0.9729088654784134,7.983284112964833e-05
30.0,386,944.4444444444445,722.2222222222223,122.5,6.0097866879200685,0.7397218652473516,0.972910785375944,7.985505470227511e-05
30.0,387,55.55555555555556,833.3333333333334,122.5,6.010414647014086,0.7397172356901793,0.9729115098326425,7.986344380307796e-05
30.0,388,166.66666666666669,833.3333333333334,122.5,6.009756277718319,0.7397219907644418,0.9729107502860992,7.985464844263585e-05
30.0,389,277.77777777777777,833.3333333333334,122.5,6.0081239160736315,0.739732996276888,0.9729088654784126,7.983284112964813e-05
30.0,390,388.8888888888889,833.3333333333334,122.5,6.005448116198422,0.7397492190624949,0.9729057739835257,7.97970941297136e-05
30.0,391,500.0,833.3333333333334,122.5,6.003351348523053,0.7397586922159866,0.9729033494607131,7.97690825898729e-05
30.0,392,611.1111111111111,833.3333333333334,122.5,6.005448116198419,0.739749219062495,0.9729057739835257,7.97970941297136e-05
30.0,393,722.2222222222223,833.3333333333334,122.5,6.008123916073627,0.7397329962768882,0.9729088654784128,7.9832841129648e-05
30.0,394,833.3333333333334,833.3333333333334,122.5,6.009756277718302,0.7397219907644419,0.9729107502860969,7.985464844263537e-05
30.0,395,944.4444444444445,833.3333333333334,122.5,6.010414647014086,0.73971723569018,0.9729115098326457,7.986344380307824e-05
30.0,396,55.55555555555556,944.4444444444445,122.5,6.010687438676222,0.739715115958646,0.9729118244603734,7.986708810780961e-05
30.0,397,166.66666666666669,944.4444444444445,122.5,6.0104146470141036,0.7397172356901791,0.9729115098326453,7.986344380307848e-05
30.0,398,277.77777777777777,944.4444444444445,122.5,6.009786687920062,0.7397218652473518,0.9729107853759441,7.985505470227498e-05
30.0,399,388.8888888888889,944.4444444444445,122.5,6.0088645773797715,0.7397281695692909,0.972909720967271,7.984273590881803e-05
30.0,400,500.0,944.4444444444445,122.5,6.008255847379096,0.7397317990626837,0.9729090178936279,7.983460365219134e-05
30.0,401,611.1111111111111,944.4444444444445,122.5,6.008864577379764,0.7397281695692904,0.9729097209672678,7.984273590881762e-05
30.0,402,722.2222222222223,944.4444444444445,122.5,6.009786687920054,0.7397218652473515,0.9729107853759411,7.985505470227473e-05
30.0,403,833.3333333333334,944.4444444444445,122.5,6.0104146470140805,0.7397172356901801,0.9729115098326461,7.986344380307826e-05
30.0,404,944.4444444444445,944.4444444444445,122.5,6.010687438676193,0.7397151159586471,0.9729118244603743,7.986708810780924e-05
30.0,405,55.55555555555556,55.55555555555556,127.5,6.394757754621,0.0,0.0,7.875675165928262e-05
30.0,406,166.66666666666669,55.55555555555556,127.5,6.39442985184668,0.0,0.0,7.875674156556822e-05
30.0,407,277.77777777777777,55.55555555555556,127.5,6.39369365179738,0.0,0.0,7.875671964920195e-05
30.0,408,388.8888888888889,55.55555555555556,127.5,6.392644893227921,0.0,0.0,7.875669006359206e-05
30.0,409,500.0,55.55555555555556,127.5,6.391977279743463,0.0,0.0,7.875667331439773e-05
30.0,410,611.1111111111111,55.55555555555556,127.5,6.392644893227992,0.0,0.0,7.87566900635921e-05
30.0,411,722.2222222222223,55.55555555555556,127.5,6.39369365179732,0.0,0.0,7.875671964920194e-05
30.0,412,833.3333333333334,55.55555555555556,127.5,6.394429851846631,0.0,0.0,7.875674156556829e-05
30.0,413,944.4444444444445,55.55555555555556,127.5,6.394757754620908,0.0,0.0,7.875675165928267e-05
30.0,414,55.55555555555556,166.66666666666669,127.5,6.394429851846705,0.0,0.0,7.875674156556826e-05
30.0,415,166.66666666666669,166.66666666666669,127.5,6.393665666126755,0.0,0.0,7.875671910973084e-05
30.0,416,277.77777777777777,166.66666666666669,127.5,6.391822356064164,0.0,0.0,7.875666754767056e-05
30.0,417,388.8888888888889,166.66666666666669,127.5,6.388897839077878,0.0,0.0,7.875659335311016e-05
30.0,418,500.0,166.66666666666669,127.5,6.386717918959717,0.0,0.0,7.875655332082445e-05
30.0,419,611.1111111111111,166.66666666666669,127.5,6.3888978390778,0.0,0.0,7.875659335311015e-05
30.0,420,722.2222222222223,166.66666666666669,127.5,6.391822356063973,0.0,0.0,7.875666754767055e-05
30.0,421,833.3333333333334,166.66666666666669,127.5,6.3936656661267115,0.0,0.0,7.875671910973086e-05
30.0,422,944.4444444444445,166.66666666666669,127.5,6.394429851846632,0.0,0.0,7.875674156556827e-05
30.0,423,55.55555555555556,277.77777777777777,127.5,6.393693651797348,0.0,0.0,7.875671964920195e-05
30.0,424,166.66666666666669,277.77777777777777,127.5,6.391822356064126,0.0,0.0,7.87566675476706e-05
30.0,425,277.77777777777777,277.77777777777777,127.5,6.38690514081133,0.0,0.0,7.875654131417865e-05
30.0,426,388.8888888888889,277.77777777777777,127.5,6.377831555152205,0.0,0.0,7.875637899545347e-05
30.0,427,500.0,277.77777777777777,127.5,6.369498905350933,0.0,0.0,7.875641201563808e-05
30.0,428,611.1111111111111,277.77777777777777,127.5,6.377831555152161,0.0,0.0,7.875637899545343e-05
30.0,429,722.2222222222223,277.77777777777777,127.5,6.386905140811222,0.0,0.0,7.875654131417866e-05
30.0,430,833.3333333333334,277.77777777777777,127.5,6.3918223560641,0.0,0.0,7.875666754767059e-05
30.0,431,944.4444444444445,277.77777777777777,127.5,6.393693651797349,0.0,0.0,7.875671964920195e-05
30.0,432,55.55555555555556,388.8888888888889,127.5,6.392644893228063,0.0,0.0,7.875669006359207e-05
30.0,433,166.66666666666669,388.8888888888889,127.5,6.388897839077831,0.0,0.0,7.875659335311014e-05
30.0,434,277.77777777777777,388.8888888888889,127.5,6.3778315551522065,0.0,0.0,7.875637899545343e-05
30.0,435,388.8888888888889,388.8888888888889,127.5,6.354449376378396,0.0,0.0,7.875634293270482e-05
30.0,436,500.0,388.8888888888889,127.5,6.325712821537045,0.0,0.0,7.875746746416202e-05
30.0,437,611.1111111111111,388.8888888888889,127.5,6.354449376378408,0.0,0.0,7.875634293270478e-05
30.0,438,722.2222222222223,388.8888888888889,127.5,6.37783155515208,0.0,0.0,7.875637899545345e-05
30.0,439,833.3333333333334,388.8888888888889,127.5,6.388897839077832,0.0,0.0,7.875659335311018e-05
30.0,440,944.4444444444445,388.8888888888889,127.5,6.392644893228069,0.0,0.0,7.875669006359213e-05
30.0,441,55.55555555555556,500.0,127.5,6.391977279743443,0.0,0.0,7.875667331439774e-05
30.0,442,166.66666666666669,500.0,127.5,6.386717918959687,0.0,0.0,7.875655332082442e-05
30.0,443,277.77777777777777,500.0,127.5,6.369498905350958,0.0,0.0,7.87564120156381e-05
30.0,444,388.8888888888889,500.0,127.5,6.3257128215370555,0.0,0.0,7.875746746416196e-05
30.0,445,500.0,500.0,127.5,6.243976547271508,0.0,0.0,7.876657887168317e-05
30.0,446,611.1111111111111,500.0,127.5,6.325712821536996,0.0,0.0,7.875746746416204e-05
30.0,447,722.2222222222223,500.0,127.5,6.369498905350911,0.0,0.0,7.875641201563808e-05
30.0,448,833.3333333333334,500.0,127.5,6.386717918959767,0.0,0.0,7.875655332082442e-05
30.0,449,944.4444444444445,500.0,127.5,6.39197727974355,0.0,0.0,7.875667331439774e-05
30.0,450,55.55555555555556,611.1111111111111,127.5,6.392644893227896,0.0,0.0,7.875669006359206e-05
30.0,451,166.66666666666669,611.1111111111111,127.5,6.388897839077859,0.0,0.0,7.875659335311014e-05
30.0,452,277.77777777777777,611.1111111111111,127.5,6.377831555152145,0.0,0.0,7.875637899545339e-05
30.0,453,388.8888888888889,611.1111111111111,127.5,6.354449376378532,0.0,0.0,7.87563429327048e-05
30.0,454,500.0,611.1111111111111,127.5,6.325712821537165,0.0,0.0,7.875746746416203e-05
30.0,455,611.1111111111111,611.1111111111111,127.5,6.354449376378573,0.0,0.0,7.875634293270482e-05
30.0,456,722.2222222222223,611.1111111111111,127.5,6.3778315551521265,0.0,0.0,7.87563789954534e-05
30.0,457,833.3333333333334,611.1111111111111,127.5,6.388897839077793,0.0,0.0,7.875659335311014e-05
30.0,458,944.4444444444445,611.1111111111111,127.5,6.392644893228009,0.0,0.0,7.8756690063592e-05
30.0,459,55.55555555555556,722.2222222222223,127.5,6.3936936517973395,0.0,0.0,7.875671964920191e-05
30.0,460,166.66666666666669,722.2222222222223,127.5,6.39182235606404,0.0,0.0,7.875666754767056e-05
30.0,461,277.77777777777777,722.2222222222223,127.5,6.3869051408112,0.0,0.0,7.875654131417866e-05
30.0,462,388.8888888888889,722.2222222222223,127.5,6.37783155515214,0.0,0.0,7.875637899545339e-05
30.0,463,500.0,722.2222222222223,127.5,6.369498905350938,0.0,0.0,7.875641201563808e-05
30.0,464,611.1111111111111,722.2222222222223,127.5,6.377831555152147,0.0,0.0,7.87563789954534e-05
30.0,465,722.2222222222223,722.2222222222223,127.5,6.386905140811237,0.0,0.0,7.875654131417865e-05
30.0,466,833.3333333333334,722.2222222222223,127.5,6.39182235606408,0.0,0.0,7.875666754767052e-05
30.0,467,944.4444444444445,722.2222222222223,127.5,6.39369365179729,0.0,0.0,7.875671964920195e-05
30.0,468,55.55555555555556,833.3333333333334,127.5,6.3944298518465645,0.0,0.0,7.875674156556831e-05
30.0,469,166.66666666666669,833.3333333333334,127.5,6.393665666126737,0.0,0.0,7.875671910973089e-05
30.0,470,277.77777777777777,833.3333333333334,127.5,6.391822356064074,0.0,0.0,7.875666754767057e-05
30.0,471,388.8888888888889,833.3333333333334,127.5,6.388897839077818,0.0,0.0,7.875659335311014e-05
30.0,472,500.0,833.3333333333334,127.5,6.386717918959696,0.0,0.0,7.875655332082442e-05
30.0,473,611.1111111111111,833.3333333333334,127.5,6.3888978390778695,0.0,0.0,7.875659335311018e-05
30.0,474,722.2222222222223,833.3333333333334,127.5,6.391822356064075,0.0,0.0,7.875666754767052e-05
30.0,475,833.3333333333334,833.3333333333334,127.5,6.393665666126603,0.0,0.0,7.875671910973083e-05
30.0,476,944.4444444444445,833.3333333333334,127.5,6.394429851846592,0.0,0.0,7.875674156556827e-05
30.0,477,55.55555555555556,944.4444444444445,127.5,6.394757754620965,0.0,0.0,7.875675165928266e-05
30.0,478,166.66666666666669,944.4444444444445,127.5,6.394429851846532,0.0,0.0,7.875674156556826e-05
30.0,479,277.77777777777777,944.4444444444445,127.5,6.393693651797258,0.0,0.0,7.875671964920194e-05
30.0,480,388.8888888888889,944.4444444444445,127.5,6.392644893227905,0.0,0.0,7.875669006359209e-05
30.0,481,500.0,944.4444444444445,127.5,6.39197727974347,0.0,0.0,7.875667331439785e-05
30.0,482,611.1111111111111,944.4444444444445,127.5,6.392644893227917,0.0,0.0,7.875669006359209e-05
30.0,483,722.2222222222223,944.4444444444445,127.5,6.393693651797269,0.0,0.0,7.875671964920191e-05
30.0,484,833.3333333333334,944.4444444444445,127.5,6.394429851846595,0.0,0.0,7.875674156556826e-05
30.0,485,944.4444444444445,944.4444444444445,127.5,6.394757754620689,0.0,0.0,7.875675165928268e-05
30.0,486,55.55555555555556,55.55555555555556,132.5,6.918164386689329,0.0,0.0,8.49337680231532e-05
30.0,487,166.66666666666669,55.55555555555556,132.5,6.91780405484181,0.0,0.0,8.493376114197476e-05
30.0,488,277.77777777777777,55.55555555555556,132.5,6.9170058456716035,0.0,0.0,8.493374626031233e-05
30.0,489,388.8888888888889,55.55555555555556,132.5,6.9158870809749144,0.0,0.0,8.493372629678287e-05
30.0,490,500.0,55.55555555555556,132.5,6.915188396675668,0.0,0.0,8.49337151347966e-05
30.0,491,611.1111111111111,55.55555555555556,132.5,6.915887080974997,0.0,0.0,8.493372629678279e-05
30.0,492,722.2222222222223,55.55555555555556,132.5,6.917005845671534,0.0,0.0,8.493374626031233e-05
30.0,493,833.3333333333334,55.55555555555556,132.5,6.91780405484178,0.0,0.0,8.493376114197475e-05
30.0,494,944.4444444444445,55.55555555555556,132.5,6.918164386689191,0.0,0.0,8.493376802315322e-05
30.0,495,55.55555555555556,166.66666666666669,132.5,6.917804054841872,0.0,0.0,8.493376114197477e-05
30.0,496,166.66666666666669,166.66666666666669,132.5,6.916980228035725,0.0,0.0,8.493374591934332e-05
30.0,497,277.77777777777777,166.66666666666669,132.5,6.915021492838298,0.0,0.0,8.493371117277495e-05
30.0,498,388.8888888888889,166.66666666666669,132.5,6.911969117185267,0.0,0.0,8.493366198880097e-05
30.0,499,500.0,166.66666666666669,132.5,6.909750983847979,0.0,0.0,8.493363691946844e-05
30.0,500,611.1111111111111,166.66666666666669,132.5,6.911969117185129,0.0,0.0,8.493366198880104e-05
30.0,501,722.2222222222223,166.66666666666669,132.5,6.915021492838006,0.0,0.0,8.493371117277491e-05
30.0,502,833.3333333333334,166.66666666666669,132.5,6.916980228035869,0.0,0.0,8.493374591934332e-05
30.0,503,944.4444444444445,166.66666666666669,132.5,6.917804054841765,0.0,0.0,8.493376114197476e-05
30.0,504,55.55555555555556,277.77777777777777,132.5,6.917005845671557,0.0,0.0,8.493374626031236e-05
30.0,505,166.66666666666669,277.77777777777777,132.5,6.9150214928382345,0.0,0.0,8.493371117277492e-05
30.0,506,277.77777777777777,277.77777777777777,132.5,6.9098873236060445,0.0,0.0,8.493362750108479e-05
30.0,507,388.8888888888889,277.77777777777777,132.5,6.900689778978169,0.0,0.0,8.493352452168224e-05
30.0,508,500.0,277.77777777777777,132.5,6.892553471869282,0.0,0.0,8.493355485771599e-05
30.0,509,611.1111111111111,277.77777777777777,132.5,6.90068977897805,0.0,0.0,8.493352452168223e-05
30.0,510,722.2222222222223,277.77777777777777,132.5,6.909887323605836,0.0,0.0,8.49336275010848e-05
30.0,511,833.3333333333334,277.77777777777777,132.5,6.91502149283823,0.0,0.0,8.493371117277491e-05
30.0,512,944.4444444444445,277.77777777777777,132.5,6.917005845671553,0.0,0.0,8.493374626031233e-05
30.0,513,55.55555555555556,388.8888888888889,132.5,6.915887080975081,0.0,0.0,8.49337262967829e-05
30.0,514,166.66666666666669,388.8888888888889,132.5,6.911969117185194,0.0,0.0,8.4933661988801e-05
30.0,515,277.77777777777777,388.8888888888889,132.5,6.900689778978183,0.0,0.0,8.493352452168223e-05
30.0,516,388.8888888888889,388.8888888888889,132.5,6.877629865698071,0.0,0.0,8.49335221447795e-05
30.0,517,500.0,388.8888888888889,132.5,6.85100112324899,0.0,0.0,8.493430015994158e-05
30.0,518,611.1111111111111,388.8888888888889,132.5,6.877629865698196,0.0,0.0,8.493352214477945e-05
30.0,519,722.2222222222223,388.8888888888889,132.5,6.900689778977992,0.0,0.0,8.493352452168223e-05
30.0,520,833.3333333333334,388.8888888888889,132.5,6.911969117185264,0.0,0.0,8.493366198880101e-05
30.0,521,944.4444444444445,388.8888888888889,132.5,6.915887080975102,0.0,0.0,8.493372629678277e-05
30.0,522,55.55555555555556,500.0,132.5,6.915188396675656,0.0,0.0,8.493371513479663e-05
30.0,523,166.66666666666669,500.0,132.5,6.909750983847923,0.0,0.0,8.493363691946851e-05
30.0,524,277.77777777777777,500.0,132.5,6.892553471869289,0.0,0.0,8.493355485771589e-05
30.0,525,388.8888888888889,500.0,132.5,6.851001123249084,0.0,0.0,8.493430015994156e-05
30.0,526,500.0,500.0,132.5,6.782486673054664,0.0,0.0,8.493993939766958e-05
30.0,527,611.1111111111111,500.0,132.5,6.8510011232489605,0.0,0.0,8.493430015994163e-05
30.0,528,722.2222222222223,500.0,132.5,6.892553471869258,0.0,0.0,8.493355485771599e-05
30.0,529,833.3333333333334,500.0,132.5,6.9097509838480615,0.0,0.0,8.493363691946856e-05
30.0,530,944.4444444444445,500.0,132.5,6.915188396675807,0.0,0.0,8.493371513479667e-05
30.0,531,55.55555555555556,611.1111111111111,132.5,6.915887080974912,0.0,0.0,8.493372629678287e-05
30.0,532,166.66666666666669,611.1111111111111,132.5,6.911969117185231,0.0,0.0,8.493366198880098e-05
30.0,533,277.77777777777777,611.1111111111111,132.5,6.9006897789780455,0.0,0.0,8.493352452168223e-05
30.0,534,388.8888888888889,611.1111111111111,132.5,6.877629865698307,0.0,0.0,8.493352214477949e-05
30.0,535,500.0,611.1111111111111,132.5,6.851001123249188,0.0,0.0,8.493430015994164e-05
30.0,536,611.1111111111111,611.1111111111111,132.5,6.8776298656984025,0.0,0.0,8.493352214477948e-05
30.0,537,722.2222222222223,611.1111111111111,132.5,6.900689778978081,0.0,0.0,8.493352452168225e-05
30.0,538,833.3333333333334,611.1111111111111,132.5,6.911969117185102,0.0,0.0,8.493366198880101e-05
30.0,539,944.4444444444445,611.1111111111111,132.5,6.915887080974971,0.0,0.0,8.493372629678276e-05
30.0,540,55.55555555555556,722.2222222222223,132.5,6.917005845671536,0.0,0.0,8.493374626031233e-05
30.0,541,166.66666666666669,722.2222222222223,132.5,6.915021492838079,0.0,0.0,8.493371117277495e-05
30.0,542,277.77777777777777,722.2222222222223,132.5,6.909887323605892,0.0,0.0,8.493362750108487e-05
30.0,543,388.8888888888889,722.2222222222223,132.5,6.900689778978101,0.0,0.0,8.493352452168216e-05
30.0,544,500.0,722.2222222222223,132.5,6.892553471869258,0.0,0.0,8.4933554857716e-05
30.0,545,611.1111111111111,722.2222222222223,132.5,6.9006897789780846,0.0,0.0,8.493352452168224e-05
30.0,546,722.2222222222223,722.2222222222223,132.5,6.909887323605899,0.0,0.0,8.49336275010849e-05
30.0,547,833.3333333333334,722.2222222222223,132.5,6.915021492838149,0.0,0.0,8.49337111727749e-05
30.0,548,944.4444444444445,722.2222222222223,132.5,6.917005845671476,0.0,0.0,8.493374626031229e-05
30.0,549,55.55555555555556,833.3333333333334,132.5,6.91780405484164,0.0,0.0,8.493376114197483e-05
30.0,550,166.66666666666669,833.3333333333334,132.5,6.916980228035868,0.0,0.0,8.493374591934327e-05
30.0,551,277.77777777777777,833.3333333333334,132.5,6.915021492838092,0.0,0.0,8.493371117277492e-05
30.0,552,388.8888888888889,833.3333333333334,132.5,6.91196911718522,0.0,0.0,8.493366198880105e-05
30.0,553,500.0,833.3333333333334,132.5,6.909750983847979,0.0,0.0,8.493363691946855e-05
30.0,554,611.1111111111111,833.3333333333334,132.5,6.911969117185253,0.0,0.0,8.493366198880104e-05
30.0,555,722.2222222222223,833.3333333333334,132.5,6.915021492838154,0.0,0.0,8.493371117277499e-05
30.0,556,833.3333333333334,833.3333333333334,132.5,6.916980228035691,0.0,0.0,8.493374591934328e-05
30.0,557,944.4444444444445,833.3333333333334,132.5,6.91780405484173,0.0,0.0,8.49337611419748e-05
30.0,558,55.55555555555556,944.4444444444445,132.5,6.918164386689291,0.0,0.0,8.49337680231532e-05
30.0,559,166.66666666666669,944.4444444444445,132.5,6.917804054841669,0.0,0.0,8.493376114197475e-05
30.0,560,277.77777777777777,944.4444444444445,132.5,6.917005845671461,0.0,0.0,8.493374626031225e-05
30.0,561,388.8888888888889,944.4444444444445,132.5,6.915887080974831,0.0,0.0,8.493372629678282e-05
30.0,562,500.0,944.4444444444445,132.5,6.915188396675629,0.0,0.0,8.493371513479662e-05
30.0,563,611.1111111111111,944.4444444444445,132.5,6.915887080974909,0.0,0.0,8.493372629678276e-05
30.0,564,722.2222222222223,944.4444444444445,132.5,6.917005845671438,0.0,0.0,8.493374626031229e-05
30.0,565,833.3333333333334,944.4444444444445,132.5,6.917804054841739,0.0,0.0,8.493376114197472e-05
30.0,566,944.4444444444445,944.4444444444445,132.5,6.918164386688935,0.0,0.0,8.493376802315314e-05
30.0,567,55.55555555555556,55.55555555555556,137.5,7.429886603095305,0.0,0.0,9.11092314017376e-05
30.0,568,166.66666666666669,55.55555555555556,137.5,7.4295043879115,0.0,0.0,9.110922791548822e-05
30.0,569,277.77777777777777,55.55555555555556,137.5,7.428664497963675,0.0,0.0,9.110922039372401e-05
30.0,570,388.8888888888889,55.55555555555556,137.5,7.427498973662433,0.0,0.0,9.110921034185228e-05
30.0,571,500.0,55.55555555555556,137.5,7.426779785730129,0.0,0.0,9.110920476510519e-05
30.0,572,611.1111111111111,55.55555555555556,137.5,7.427498973662469,0.0,0.0,9.110921034185226e-05
30.0,573,722.2222222222223,55.55555555555556,137.5,7.4286644979636,0.0,0.0,9.110922039372407e-05
30.0,574,833.3333333333334,55.55555555555556,137.5,7.42950438791152,0.0,0.0,9.110922791548824e-05
30.0,575,944.4444444444445,55.55555555555556,137.5,7.429886603095235,0.0,0.0,9.11092314017375e-05
30.0,576,55.55555555555556,166.66666666666669,137.5,7.4295043879116225,0.0,0.0,9.110922791548836e-05
30.0,577,166.66666666666669,166.66666666666669,137.5,7.428640563716355,0.0,0.0,9.1109220229019e-05
30.0,578,277.77777777777777,166.66666666666669,137.5,7.426604906140117,0.0,0.0,9.110920274836139e-05
30.0,579,388.8888888888889,166.66666666666669,137.5,7.423469149682539,0.0,0.0,9.110917825126708e-05
30.0,580,500.0,166.66666666666669,137.5,7.4212280762364555,0.0,0.0,9.110916620135049e-05
30.0,581,611.1111111111111,166.66666666666669,137.5,7.423469149682355,0.0,0.0,9.110917825126702e-05
30.0,582,722.2222222222223,166.66666666666669,137.5,7.426604906139933,0.0,0.0,9.110920274836132e-05
30.0,583,833.3333333333334,166.66666666666669,137.5,7.428640563716603,0.0,0.0,9.110922022901907e-05
30.0,584,944.4444444444445,166.66666666666669,137.5,7.429504387911495,0.0,0.0,9.110922791548825e-05
30.0,585,55.55555555555556,277.77777777777777,137.5,7.428664497963619,0.0,0.0,9.110922039372398e-05
30.0,586,166.66666666666669,277.77777777777777,137.5,7.426604906140037,0.0,0.0,9.110920274836139e-05
30.0,587,277.77777777777777,277.77777777777777,137.5,7.421329507278628,0.0,0.0,9.110916107520177e-05
30.0,588,388.8888888888889,277.77777777777777,137.5,7.412056990002509,0.0,0.0,9.110911117029042e-05
30.0,589,500.0,277.77777777777777,137.5,7.404061957025904,0.0,0.0,9.110912879415257e-05
30.0,590,611.1111111111111,277.77777777777777,137.5,7.41205699000232,0.0,0.0,9.110911117029042e-05
30.0,591,722.2222222222223,277.77777777777777,137.5,7.421329507278361,0.0,0.0,9.110916107520176e-05
30.0,592,833.3333333333334,277.77777777777777,137.5,7.426604906140082,0.0,0.0,9.110920274836136e-05
30.0,593,944.4444444444445,277.77777777777777,137.5,7.428664497963613,0.0,0.0,9.110922039372405e-05
30.0,594,55.55555555555556,388.8888888888889,137.5,7.427498973662664,0.0,0.0,9.110921034185228e-05
30.0,595,166.66666666666669,388.8888888888889,137.5,7.423469149682445,0.0,0.0,9.110917825126702e-05
30.0,596,277.77777777777777,388.8888888888889,137.5,7.412056990002535,0.0,0.0,9.110911117029036e-05
30.0,597,388.8888888888889,388.8888888888889,137.5,7.389241468163213,0.0,0.0,9.110911640738317e-05
30.0,598,500.0,388.8888888888889,137.5,7.364040772340838,0.0,0.0,9.110951257874355e-05
30.0,599,611.1111111111111,388.8888888888889,137.5,7.389241468163465,0.0,0.0,9.110911640738317e-05
30.0,600,722.2222222222223,388.8888888888889,137.5,7.412056990002338,0.0,0.0,9.110911117029043e-05
30.0,601,833.3333333333334,388.8888888888889,137.5,7.423469149682557,0.0,0.0,9.1109178251267e-05
30.0,602,944.4444444444445,388.8888888888889,137.5,7.427498973662593,0.0,0.0,9.110921034185225e-05
30.0,603,55.55555555555556,500.0,137.5,7.426779785730122,0.0,0.0,9.11092047651051e-05
30.0,604,166.66666666666669,500.0,137.5,7.421228076236309,0.0,0.0,9.110916620135052e-05
30.0,605,277.77777777777777,500.0,137.5,7.404061957025929,0.0,0.0,9.110912879415263e-05
30.0,606,388.8888888888889,500.0,137.5,7.364040772340918,0.0,0.0,9.110951257874354e-05
30.0,607,500.0,500.0,137.5,7.303728501023064,0.0,0.0,9.111220627439286e-05
30.0,608,611.1111111111111,500.0,137.5,7.364040772340804,0.0,0.0,9.110951257874357e-05
30.0,609,722.2222222222223,500.0,137.5,7.404061957025893,0.0,0.0,9.110912879415256e-05
30.0,610,833.3333333333334,500.0,137.5,7.421228076236563,0.0,0.0,9.110916620135046e-05
30.0,611,944.4444444444445,500.0,137.5,7.426779785730301,0.0,0.0,9.110920476510511e-05
30.0,612,55.55555555555556,611.1111111111111,137.5,7.427498973662447,0.0,0.0,9.11092103418523e-05
30.0,613,166.66666666666669,611.1111111111111,137.5,7.423469149682419,0.0,0.0,9.110917825126704e-05
30.0,614,277.77777777777777,611.1111111111111,137.5,7.4120569900024025,0.0,0.0,9.110911117029042e-05
30.0,615,388.8888888888889,611.1111111111111,137.5,7.389241468163514,0.0,0.0,9.110911640738324e-05
30.0,616,500.0,611.1111111111111,137.5,7.36404077234109,0.0,0.0,9.110951257874353e-05
30.0,617,611.1111111111111,611.1111111111111,137.5,7.389241468163554,0.0,0.0,9.110911640738313e-05
30.0,618,722.2222222222223,611.1111111111111,137.5,7.412056990002505,0.0,0.0,9.110911117029045e-05
30.0,619,833.3333333333334,611.1111111111111,137.5,7.423469149682313,0.0,0.0,9.110917825126703e-05
30.0,620,944.4444444444445,611.1111111111111,137.5,7.427498973662516,0.0,0.0,9.110921034185226e-05
30.0,621,55.55555555555556,722.2222222222223,137.5,7.428664497963551,0.0,0.0,9.110922039372405e-05
30.0,622,166.66666666666669,722.2222222222223,137.5,7.426604906140031,0.0,0.0,9.11092027483613e-05
30.0,623,277.77777777777777,722.2222222222223,137.5,7.4213295072784815,0.0,0.0,9.11091610752018e-05
30.0,624,388.8888888888889,722.2222222222223,137.5,7.412056990002421,0.0,0.0,9.110911117029045e-05
30.0,625,500.0,722.2222222222223,137.5,7.404061957025793,0.0,0.0,9.110912879415257e-05
30.0,626,611.1111111111111,722.2222222222223,137.5,7.4120569900024105,0.0,0.0,9.11091111702904e-05
30.0,627,722.2222222222223,722.2222222222223,137.5,7.421329507278479,0.0,0.0,9.11091610752018e-05
30.0,628,833.3333333333334,722.2222222222223,137.5,7.426604906140023,0.0,0.0,9.110920274836136e-05
30.0,629,944.4444444444445,722.2222222222223,137.5,7.428664497963528,0.0,0.0,9.11092203937239e-05
30.0,630,55.55555555555556,833.3333333333334,137.5,7.429504387911393,0.0,0.0,9.110922791548824e-05
30.0,631,166.66666666666669,833.3333333333334,137.5,7.428640563716612,0.0,0.0,9.110922022901905e-05
30.0,632,277.77777777777777,833.3333333333334,137.5,7.426604906139958,0.0,0.0,9.110920274836136e-05
30.0,633,388.8888888888889,833.3333333333334,137.5,7.423469149682485,0.0,0.0,9.110917825126702e-05
30.0,634,500.0,833.3333333333334,137.5,7.42122807623641,0.0,0.0,9.110916620135056e-05
30.0,635,611.1111111111111,833.3333333333334,137.5,7.423469149682484,0.0,0.0,9.110917825126708e-05
30.0,636,722.2222222222223,833.3333333333334,137.5,7.426604906140033,0.0,0.0,9.110920274836136e-05
30.0,637,833.3333333333334,833.3333333333334,137.5,7.4286405637163835,0.0,0.0,9.110922022901907e-05
30.0,638,944.4444444444445,833.3333333333334,137.5,7.429504387911459,0.0,0.0,9.110922791548824e-05
30.0,639,55.55555555555556,944.4444444444445,137.5,7.429886603095365,0.0,0.0,9.110923140173749e-05
30.0,640,166.66666666666669,944.4444444444445,137.5,7.429504387911425,0.0,0.0,9.110922791548825e-05
30.0,641,277.77777777777777,944.4444444444445,137.5,7.4286644979635,0.0,0.0,9.110922039372407e-05
30.0,642,388.8888888888889,944.4444444444445,137.5,7.4274989736622885,0.0,0.0,9.11092103418523e-05
30.0,643,500.0,944.4444444444445,137.5,7.426779785730069,0.0,0.0,9.110920476510511e-05
30.0,644,611.1111111111111,944.4444444444445,137.5,7.427498973662387,0.0,0.0,9.110921034185228e-05
30.0,645,722.2222222222223,944.4444444444445,137.5,7.42866449796347,0.0,0.0,9.110922039372401e-05
30.0,646,833.3333333333334,944.4444444444445,137.5,7.429504387911473,0.0,0.0,9.110922791548833e-05
30.0,647,944.4444444444445,944.4444444444445,137.5,7.429886603094953,0.0,0.0,9.110923140173759e-05
30.0,648,55.55555555555556,55.55555555555556,142.5,7.92992562574648,0.0,0.0,9.728313511031101e-05
30.0,649,166.66666666666669,55.55555555555556,142.5,7.929532386757344,0.0,0.0,9.728313510957653e-05
30.0,650,277.77777777777777,55.55555555555556,142.5,7.928671548230801,0.0,0.0,9.728313510778376e-05
30.0,651,388.8888888888889,55.55555555555556,142.5,7.927482611837903,0.0,0.0,9.728313510493547e-05
30.0,652,500.0,55.55555555555556,142.5,7.926753232483169,0.0,0.0,9.728313510286749e-05
30.0,653,611.1111111111111,55.55555555555556,142.5,7.927482611837845,0.0,0.0,9.728313510493556e-05
30.0,654,722.2222222222223,55.55555555555556,142.5,7.928671548230722,0.0,0.0,9.728313510778383e-05
30.0,655,833.3333333333334,55.55555555555556,142.5,7.929532386757458,0.0,0.0,9.728313510957649e-05
30.0,656,944.4444444444445,55.55555555555556,142.5,7.929925625746445,0.0,0.0,9.728313511031108e-05
30.0,657,55.55555555555556,166.66666666666669,142.5,7.929532386757564,0.0,0.0,9.728313510957641e-05
30.0,658,166.66666666666669,166.66666666666669,142.5,7.92864848728973,0.0,0.0,9.7283135107658e-05
30.0,659,277.77777777777777,166.66666666666669,142.5,7.926574369386779,0.0,0.0,9.72831351025291e-05
30.0,660,388.8888888888889,166.66666666666669,142.5,7.923397458909316,0.0,0.0,9.728313509324873e-05
30.0,661,500.0,166.66666666666669,142.5,7.921145655505967,0.0,0.0,9.728313508517078e-05
30.0,662,611.1111111111111,166.66666666666669,142.5,7.923397458909105,0.0,0.0,9.728313509324876e-05
30.0,663,722.2222222222223,166.66666666666669,142.5,7.926574369386648,0.0,0.0,9.728313510252916e-05
30.0,664,833.3333333333334,166.66666666666669,142.5,7.928648487290025,0.0,0.0,9.728313510765798e-05
30.0,665,944.4444444444445,166.66666666666669,142.5,7.929532386757427,0.0,0.0,9.728313510957641e-05
30.0,666,55.55555555555556,277.77777777777777,142.5,7.928671548230741,0.0,0.0,9.728313510778378e-05
30.0,667,166.66666666666669,277.77777777777777,142.5,7.926574369386692,0.0,0.0,9.728313510252907e-05
30.0,668,277.77777777777777,277.77777777777777,142.5,7.921229339409162,0.0,0.0,9.728313508694452e-05
30.0,669,388.8888888888889,277.77777777777777,142.5,7.911921587704087,0.0,0.0,9.728313505412565e-05
30.0,670,500.0,277.77777777777777,142.5,7.9040001810019875,0.0,0.0,9.728313501882278e-05
30.0,671,611.1111111111111,277.77777777777777,142.5,7.91192158770386,0.0,0.0,9.728313505412566e-05
30.0,672,722.2222222222223,277.77777777777777,142.5,7.921229339408927,0.0,0.0,9.728313508694462e-05
30.0,673,833.3333333333334,277.77777777777777,142.5,7.926574369386831,0.0,0.0,9.728313510252916e-05
30.0,674,944.4444444444445,277.77777777777777,142.5,7.928671548230735,0.0,0.0,9.728313510778382e-05
30.0,675,55.55555555555556,388.8888888888889,142.5,7.927482611838095,0.0,0.0,9.728313510493558e-05
30.0,676,166.66666666666669,388.8888888888889,142.5,7.923397458909211,0.0,0.0,9.728313509324875e-05
30.0,677,277.77777777777777,388.8888888888889,142.5,7.911921587704119,0.0,0.0,9.728313505412565e-05
30.0,678,388.8888888888889,388.8888888888889,142.5,7.889236818864013,0.0,0.0,9.728313495689279e-05
30.0,679,500.0,388.8888888888889,142.5,7.8647552401358,0.0,0.0,9.728313482599501e-05
30.0,680,611.1111111111111,388.8888888888889,142.5,7.889236818864319,0.0,0.0,9.72831349568928e-05
30.0,681,722.2222222222223,388.8888888888889,142.5,7.911921587703991,0.0,0.0,9.728313505412564e-05
30.0,682,833.3333333333334,388.8888888888889,142.5,7.923397458909349,0.0,0.0,9.728313509324876e-05
30.0,683,944.4444444444445,388.8888888888889,142.5,7.927482611837979,0.0,0.0,9.728313510493556e-05
30.0,684,55.55555555555556,500.0,142.5,7.926753232483164,0.0,0.0,9.72831351028675e-05
30.0,685,166.66666666666669,500.0,142.5,7.921145655505782,0.0,0.0,9.728313508517084e-05
30.0,686,277.77777777777777,500.0,142.5,7.904000181002029,0.0,0.0,9.728313501882274e-05
30.0,687,388.8888888888889,500.0,142.5,7.86475524013588,0.0,0.0,9.728313482599501e-05
30.0,688,500.0,500.0,142.5,7.808367188078753,0.0,0.0,9.728313448076516e-05
30.0,689,611.1111111111111,500.0,142.5,7.864755240135764,0.0,0.0,9.728313482599501e-05
30.0,690,722.2222222222223,500.0,142.5,7.904000181001991,0.0,0.0,9.728313501882272e-05
30.0,691,833.3333333333334,500.0,142.5,7.921145655506089,0.0,0.0,9.728313508517079e-05
30.0,692,944.4444444444445,500.0,142.5,7.926753232483356,0.0,0.0,9.72831351028674e-05
30.0,693,55.55555555555556,611.1111111111111,142.5,7.927482611837927,0.0,0.0,9.72831351049355e-05
30.0,694,166.66666666666669,611.1111111111111,142.5,7.92339745890916,0.0,0.0,9.728313509324876e-05
30.0,695,277.77777777777777,611.1111111111111,142.5,7.911921587704062,0.0,0.0,9.728313505412564e-05
30.0,696,388.8888888888889,611.1111111111111,142.5,7.8892368188643465,0.0,0.0,9.728313495689277e-05
30.0,697,500.0,611.1111111111111,142.5,7.86475524013608,0.0,0.0,9.728313482599497e-05
30.0,698,611.1111111111111,611.1111111111111,142.5,7.889236818864362,0.0,0.0,9.728313495689281e-05
30.0,699,722.2222222222223,611.1111111111111,142.5,7.911921587704129,0.0,0.0,9.728313505412564e-05
30.0,700,833.3333333333334,611.1111111111111,142.5,7.923397458909054,0.0,0.0,9.728313509324876e-05
30.0,701,944.4444444444445,611.1111111111111,142.5,7.927482611837929,0.0,0.0,9.728313510493562e-05
30.0,702,55.55555555555556,722.2222222222223,142.5,7.928671548230723,0.0,0.0,9.728313510778372e-05
30.0,703,166.66666666666669,722.2222222222223,142.5,7.92657436938676,0.0,0.0,9.728313510252907e-05
30.0,704,277.77777777777777,722.2222222222223,142.5,7.921229339409023,0.0,0.0,9.72831350869446e-05
30.0,705,388.8888888888889,722.2222222222223,142.5,7.9119215877040645,0.0,0.0,9.728313505412564e-05
30.0,706,500.0,722.2222222222223,142.5,7.904000181001843,0.0,0.0,9.728313501882277e-05
30.0,707,611.1111111111111,722.2222222222223,142.5,7.911921587703985,0.0,0.0,9.728313505412566e-05
30.0,708,722.2222222222223,722.2222222222223,142.5,7.921229339409076,0.0,0.0,9.728313508694454e-05
30.0,709,833.3333333333334,722.2222222222223,142.5,7.926574369386711,0.0,0.0,9.728313510252904e-05
30.0,710,944.4444444444445,722.2222222222223,142.5,7.928671548230647,0.0,0.0,9.728313510778372e-05
30.0,711,55.55555555555556,833.3333333333334,142.5,7.929532386757269,0.0,0.0,9.728313510957649e-05
30.0,712,166.66666666666669,833.3333333333334,142.5,7.928648487290045,0.0,0.0,9.728313510765797e-05
30.0,713,277.77777777777777,833.3333333333334,142.5,7.926574369386649,0.0,0.0,9.728313510252915e-05
30.0,714,388.8888888888889,833.3333333333334,142.5,7.923397458909195,0.0,0.0,9.728313509324876e-05
30.0,715,500.0,833.3333333333334,142.5,7.921145655505904,0.0,0.0,9.728313508517084e-05
30.0,716,611.1111111111111,833.3333333333334,142.5,7.92339745890917,0.0,0.0,9.728313509324875e-05
30.0,717,722.2222222222223,833.3333333333334,142.5,7.926574369386724,0.0,0.0,9.728313510252918e-05
30.0,718,833.3333333333334,833.3333333333334,142.5,7.928648487289789,0.0,0.0,9.728313510765794e-05
30.0,719,944.4444444444445,833.3333333333334,142.5,7.929532386757388,0.0,0.0,9.728313510957648e-05
30.0,720,55.55555555555556,944.4444444444445,142.5,7.929925625746591,0.0,0.0,9.728313511031102e-05
30.0,721,166.66666666666669,944.4444444444445,142.5,7.929532386757376,0.0,0.0,9.728313510957646e-05
30.0,722,277.77777777777777,944.4444444444445,142.5,7.928671548230686,0.0,0.0,9.728313510778376e-05
30.0,723,388.8888888888889,944.4444444444445,142.5,7.927482611837664,0.0,0.0,9.728313510493554e-05
30.0,724,500.0,944.4444444444445,142.5,7.926753232483094,0.0,0.0,9.728313510286737e-05
30.0,725,611.1111111111111,944.4444444444445,142.5,7.927482611837765,0.0,0.0,9.728313510493559e-05
30.0,726,722.2222222222223,944.4444444444445,142.5,7.928671548230575,0.0,0.0,9.72831351077838e-05
30.0,727,833.3333333333334,944.4444444444445,142.5,7.929532386757404,0.0,0.0,9.72831351095765e-05
30.0,728,944.4444444444445,944.4444444444445,142.5,7.9299256257461535,0.0,0.0,9.728313511031105e-05
90.0,0,55.55555555555556,55.55555555555556,102.5,6.017386403627925,0.7499384473250724,0.9729195367306379,7.995658097056384e-05
90.0,1,166.66666666666669,55.55555555555556,102.5,6.014837158483227,0.7499384877474591,0.9729166010290803,7.992252487958698e-05
90.0,2,277.77777777777777,55.55555555555556,102.5,6.010451096932557,0.7499386010393345,0.9729115447036206,7.986393015970155e-05
90.0,3,388.8888888888889,55.55555555555556,102.5,6.005905480855081,0.7499387698736543,0.9729062962707354,7.980320371815672e-05
90.0,4,500.0,55.55555555555556,102.5,6.003762076491431,0.7499388680196534,0.9729038187195732,7.977456919204765e-05
90.0,5,611.1111111111111,55.55555555555556,102.5,6.0059054808550965,0.7499387698736543,0.9729062962707289,7.980320371815633e-05
90.0,6,722.2222222222223,55.55555555555556,102.5,6.010451096932558,0.7499386010393346,0.9729115447036206,7.986393015970168e-05
90.0,7,833.3333333333334,55.55555555555556,102.5,6.014837158483203,0.7499384877474592,0.9729166010290765,7.992252487958638e-05
90.0,8,944.4444444444445,55.55555555555556,102.5,6.017386403627878,0.7499384473250723,0.9729195367306303,7.995658097056265e-05
90.0,9,55.55555555555556,166.66666666666669,102.5,6.014837158483245,0.7499384877474593,0.9729166010290834,7.992252487958752e-05
90.0,10,166.66666666666669,166.66666666666669,102.5,6.011082241987615,0.7499385828310345,0.9729122729017212,7.987236183815643e-05
90.0,11,277.77777777777777,166.66666666666669,102.5,6.0042570558425865,0.7499388430610437,0.9729043909967883,7.978118180409545e-05
90.0,12,388.8888888888889,166.66666666666669,102.5,5.996474509766808,0.7499387002452552,0.9728953821186008,7.967721167707602e-05
90.0,13,500.0,166.66666666666669,102.5,5.992177037961202,0.7499384516116707,0.9728903971706256,7.961979982378123e-05
90.0,14,611.1111111111111,166.66666666666669,102.5,5.996474509766823,0.7499387002452552,0.972895382118603,7.967721167707648e-05
90.0,15,722.2222222222223,166.66666666666669,102.5,6.004257055842582,0.7499388430610437,0.9729043909967876,7.978118180409524e-05
90.0,16,833.3333333333334,166.66666666666669,102.5,6.011082241987585,0.7499385828310348,0.9729122729017257,7.987236183815636e-05
90.0,17,944.4444444444445,166.66666666666669,102.5,6.014837158483208,0.7499384877474591,0.9729166010290765,7.992252487958638e-05
90.0,18,55.55555555555556,277.77777777777777,102.5,6.010451096932582,0.7499386010393345,0.9729115447036246,7.986393015970229e-05
90.0,19,166.66666666666669,277.77777777777777,102.5,6.004257055842609,0.7499388430610435,0.9729043909967828,7.978118180409528e-05
90.0,20,277.77777777777777,277.77777777777777,102.5,5.992029342610525,0.7499384447496724,0.972890225996094,7.961782671537039e-05
90.0,21,388.8888888888889,277.77777777777777,102.5,5.975779979305663,0.7499379487132977,0.9728713125683424,7.940074299279976e-05
90.0,22,500.0,277.77777777777777,102.5,5.9638621957431495,0.7499380322795879,0.9728573763729775,7.92415259157011e-05
90.0,23,611.1111111111111,277.77777777777777,102.5,5.975779979305659,0.7499379487132976,0.9728713125683414,7.940074299279968e-05
90.0,24,722.2222222222223,277.77777777777777,102.5,5.99202934261051,0.7499384447496725,0.9728902259960918,7.961782671537006e-05
90.0,25,833.3333333333334,277.77777777777777,102.5,6.004257055842581,0.7499388430610434,0.9729043909967867,7.978118180409518e-05
90.0,26,944.4444444444445,277.77777777777777,102.5,6.01045109693256,0.7499386010393346,0.972911544703621,7.986393015970171e-05
90.0,27,55.55555555555556,388.8888888888889,102.5,6.005905480855119,0.7499387698736543,0.9729062962707323,7.98032037181569e-05
90.0,28,166.66666666666669,388.8888888888889,102.5,5.996474509766833,0.7499387002452551,0.9728953821186044,7.967721167707674e-05
90.0,29,277.77777777777777,388.8888888888889,102.5,5.975779979305674,0.7499379487132976,0.972871312568344,7.940074299280017e-05
90.0,30,388.8888888888889,388.8888888888889,102.5,5.941610069503025,0.7499379506381239,0.9728312072374109,7.894424315824142e-05
90.0,31,500.0,388.8888888888889,102.5,5.901258706476029,0.7499380830307665,0.9727832603258036,7.840515050329913e-05
90.0,32,611.1111111111111,388.8888888888889,102.5,5.941610069503021,0.7499379506381237,0.97283120723741,7.894424315824135e-05
90.0,33,722.2222222222223,388.8888888888889,102.5,5.975779979305668,0.7499379487132973,0.9728713125683418,7.940074299279986e-05
90.0,34,833.3333333333334,388.8888888888889,102.5,5.996474509766826,0.7499387002452551,0.9728953821186036,7.967721167707652e-05
90.0,35,944.4444444444445,388.8888888888889,102.5,6.005905480855103,0.7499387698736544,0.9729062962707298,7.980320371815654e-05
90.0,36,55.55555555555556,500.0,102.5,6.003762076491451,0.7499388680196534,0.9729038187195772,7.977456919204813e-05
90.0,37,166.66666666666669,500.0,102.5,5.992177037961214,0.7499384516116708,0.9728903971706281,7.961979982378157e-05
90.0,38,277.77777777777777,500.0,102.5,5.963862195743161,0.7499380322795876,0.9728573763729779,7.924152591570126e-05
90.0,39,388.8888888888889,500.0,102.5,5.901258706476034,0.749938083030766,0.9727832603258021,7.840515050329901e-05
90.0,40,500.0,500.0,102.5,5.731780950490945,0.749936030371069,0.9725747955152648,7.614082195885028e-05
90.0,41,611.1111111111111,500.0,102.5,5.901258706476035,0.7499380830307661,0.972783260325803,7.840515050329908e-05
90.0,42,722.2222222222223,500.0,102.5,5.963862195743166,0.749938032279588,0.9728573763729805,7.924152591570147e-05
90.0,43,833.3333333333334,500.0,102.5,5.992177037961222,0.7499384516116708,0.9728903971706288,7.961979982378176e-05
90.0,44,944.4444444444445,500.0,102.5,6.003762076491457,0.749938868019653,0.9729038187195763,7.977456919204819e-05
90.0,45,55.55555555555556,611.1111111111111,102.5,6.0059054808551045,0.749938769873654,0.9729062962707289,7.980320371815647e-05
90.0,46,166.66666666666669,611.1111111111111,102.5,5.996474509766825,0.7499387002452551,0.9728953821186027,7.967721167707645e-05
90.0,47,277.77777777777777,611.1111111111111,102.5,5.975779979305663,0.7499379487132972,0.9728713125683486,7.940074299280027e-05
90.0,48,388.8888888888889,611.1111111111111,102.5,5.941610069503022,0.7499379506381235,0.9728312072374177,7.894424315824198e-05
90.0,49,500.0,611.1111111111111,102.5,5.901258706476025,0.7499380830307661,0.9727832603258101,7.840515050329953e-05
90.0,50,611.1111111111111,611.1111111111111,102.5,5.941610069503032,0.7499379506381237,0.972831207237412,7.894424315824152e-05
90.0,51,722.2222222222223,611.1111111111111,102.5,5.975779979305681,0.7499379487132976,0.9728713125683447,7.940074299280022e-05
90.0,52,833.3333333333334,611.1111111111111,102.5,5.9964745097668395,0.7499387002452553,0.9728953821185978,7.967721167707634e-05
90.0,53,944.4444444444445,611.1111111111111,102.5,6.005905480855107,0.7499387698736546,0.9729062962707321,7.980320371815673e-05
90.0,54,55.55555555555556,722.2222222222223,102.5,6.0104510969325595,0.7499386010393349,0.972911544703622,7.986393015970179e-05
90.0,55,166.66666666666669,722.2222222222223,102.5,6.004257055842587,0.7499388430610436,0.9729043909967882,7.978118180409543e-05
90.0,56,277.77777777777777,722.2222222222223,102.5,5.99202934261052,0.7499384447496726,0.9728902259960938,7.961782671537036e-05
90.0,57,388.8888888888889,722.2222222222223,102.5,5.975779979305661,0.7499379487132972,0.9728713125683484,7.940074299280025e-05
90.0,58,500.0,722.2222222222223,102.5,5.963862195743145,0.749938032279588,0.972857376372977,7.92415259157009e-05
90.0,59,611.1111111111111,722.2222222222223,102.5,5.9757799793056625,0.7499379487132973,0.972871312568349,7.94007429928003e-05
90.0,60,722.2222222222223,722.2222222222223,102.5,5.992029342610527,0.7499384447496726,0.9728902259960951,7.96178267153706e-05
90.0,61,833.3333333333334,722.2222222222223,102.5,6.004257055842599,0.7499388430610432,0.9729043909967884,7.97811818040956e-05
90.0,62,944.4444444444445,722.2222222222223,102.5,6.010451096932562,0.7499386010393346,0.9729115447036216,7.986393015970176e-05
90.0,63,55.55555555555556,833.3333333333334,102.5,6.014837158483187,0.7499384877474592,0.9729166010290824,7.992252487958658e-05
90.0,64,166.66666666666669,833.3333333333334,102.5,6.011082241987584,0.7499385828310347,0.9729122729017252,7.987236183815632e-05
90.0,65,277.77777777777777,833.3333333333334,102.5,6.004257055842587,0.7499388430610435,0.9729043909967876,7.978118180409539e-05
90.0,66,388.8888888888889,833.3333333333334,102.5,5.996474509766819,0.7499387002452551,0.9728953821186013,7.967721167707633e-05
90.0,67,500.0,833.3333333333334,102.5,5.992177037961201,0.7499384516116706,0.9728903971706336,7.961979982378188e-05
90.0,68,611.1111111111111,833.3333333333334,102.5,5.99647450976682,0.749938700245255,0.972895382118601,7.967721167707618e-05
90.0,69,722.2222222222223,833.3333333333334,102.5,6.004257055842593,0.7499388430610436,0.9729043909967885,7.978118180409546e-05
90.0,70,833.3333333333334,833.3333333333334,102.5,6.01108224198759,0.7499385828310343,0.9729122729017246,7.987236183815626e-05
90.0,71,944.4444444444445,833.3333333333334,102.5,6.014837158483207,0.7499384877474593,0.9729166010290774,7.992252487958645e-05
90.0,72,55.55555555555556,944.4444444444445,102.5,6.017386403627861,0.7499384473250726,0.9729195367306369,7.99565809705629e-05
90.0,73,166.66666666666669,944.4444444444445,102.5,6.014837158483182,0.749938487747459,0.9729166010290811,7.992252487958647e-05
90.0,74,277.77777777777777,944.4444444444445,102.5,6.010451096932551,0.7499386010393346,0.9729115447036193,7.986393015970144e-05
90.0,75,388.8888888888889,944.4444444444445,102.5,6.005905480855099,0.7499387698736544,0.9729062962707297,7.980320371815639e-05
90.0,76,500.0,944.4444444444445,102.5,6.003762076491436,0.7499388680196531,0.9729038187195737,7.977456919204769e-05
90.0,77,611.1111111111111,944.4444444444445,102.5,6.005905480855097,0.7499387698736544,0.9729062962707292,7.980320371815635e-05
90.0,78,722.2222222222223,944.4444444444445,102.5,6.010451096932559,0.7499386010393346,0.972911544703621,7.986393015970171e-05
90.0,79,833.3333333333334,944.4444444444445,102.5,6.014837158483205,0.7499384877474592,0.9729166010290768,7.992252487958641e-05
90.0,80,944.4444444444445,944.4444444444445,102.5,6.017386403627872,0.7499384473250724,0.9729195367306372,7.995658097056307e-05
90.0,81,55.55555555555556,55.55555555555556,107.5,6.0177962258278574,0.7498990422620238,0.9729200069092377,7.996205577084246e-05
90.0,82,166.66666666666669,55.55555555555556,107.5,6.01524682392261,0.7498990814254782,0.9729170715921933,7.992799760718325e-05
90.0,83,277.77777777777777,55.55555555555556,107.5,6.010860503175973,0.7498991844730747,0.9729120150311089,7.986939938694747e-05
90.0,84,388.8888888888889,55.55555555555556,107.5,6.006314641180323,0.7498993482826274,0.9729067670293331,7.980866967430531e-05
90.0,85,500.0,55.55555555555556,107.5,6.00417116954032,0.7498994458353093,0.972904289935588,7.978003427232369e-05
90.0,86,611.1111111111111,55.55555555555556,107.5,6.006314641180337,0.7498993482826272,0.9729067670293342,7.980866967430554e-05
90.0,87,722.2222222222223,55.55555555555556,107.5,6.010860503175974,0.7498991844730746,0.9729120150311089,7.986939938694747e-05
90.0,88,833.3333333333334,55.55555555555556,107.5,6.015246823922585,0.7498990814254779,0.9729170715921963,7.992799760718322e-05
90.0,89,944.4444444444445,55.55555555555556,107.5,6.0177962258278095,0.7498990422620233,0.972920006909245,7.996205577084234e-05
90.0,90,55.55555555555556,166.66666666666669,107.5,6.015246823922627,0.7498990814254781,0.9729170715921958,7.992799760718373e-05
90.0,91,166.66666666666669,166.66666666666669,107.5,6.011491696546423,0.7498991688070502,0.9729127434071124,7.98778317270616e-05
90.0,92,277.77777777777777,166.66666666666669,107.5,6.00466618480725,0.7498994245343715,0.972904862497924,7.97866473890076e-05
90.0,93,388.8888888888889,166.66666666666669,107.5,5.996883451664565,0.7498993238321199,0.9728958542592439,7.968267475666619e-05
90.0,94,500.0,166.66666666666669,107.5,5.992586707641331,0.7498990741817775,0.9728908712161805,7.962527267066915e-05
90.0,95,611.1111111111111,166.66666666666669,107.5,5.996883451664579,0.7498993238321201,0.972895854259247,7.968267475666657e-05
90.0,96,722.2222222222223,166.66666666666669,107.5,6.004666184807244,0.7498994245343712,0.9729048624979303,7.978664738900811e-05
90.0,97,833.3333333333334,166.66666666666669,107.5,6.0114916965463925,0.7498991688070501,0.9729127434071153,7.987783172706154e-05
90.0,98,944.4444444444445,166.66666666666669,107.5,6.01524682392259,0.749899081425478,0.9729170715921981,7.992799760718337e-05
90.0,99,55.55555555555556,277.77777777777777,107.5,6.010860503175998,0.7498991844730752,0.9729120150311077,7.98693993869478e-05
90.0,100,166.66666666666669,277.77777777777777,107.5,6.004666184807271,0.7498994245343715,0.9729048624979273,7.978664738900816e-05
90.0,101,277.77777777777777,277.77777777777777,107.5,5.992438178435258,0.7498990661674969,0.9728906990013582,7.962328841501537e-05
90.0,102,388.8888888888889,277.77777777777777,107.5,5.976191142893479,0.7498985570740072,0.9728717913078236,7.940623587640285e-05
90.0,103,500.0,277.77777777777777,107.5,5.964291395131513,0.7498986249817257,0.972857877912401,7.924725976851313e-05
90.0,104,611.1111111111111,277.77777777777777,107.5,5.976191142893475,0.7498985570740073,0.972871791307824,7.940623587640287e-05
90.0,105,722.2222222222223,277.77777777777777,107.5,5.9924381784352425,0.7498990661674969,0.9728906990013558,7.96232884150149e-05
90.0,106,833.3333333333334,277.77777777777777,107.5,6.004666184807244,0.7498994245343714,0.9729048624979311,7.978664738900818e-05
90.0,107,944.4444444444445,277.77777777777777,107.5,6.0108605031759765,0.749899184473075,0.972912015031111,7.986939938694777e-05
90.0,108,55.55555555555556,388.8888888888889,107.5,6.006314641180359,0.7498993482826274,0.972906767029339,7.980866967430623e-05
90.0,109,166.66666666666669,388.8888888888889,107.5,5.99688345166459,0.74989932383212,0.9728958542592401,7.968267475666615e-05
90.0,110,277.77777777777777,388.8888888888889,107.5,5.97619114289349,0.7498985570740077,0.9728717913078188,7.940623587640259e-05
90.0,111,388.8888888888889,388.8888888888889,107.5,5.942060045818789,0.7498985768560539,0.9728317371498513,7.895025466621083e-05
90.0,112,500.0,388.8888888888889,107.5,5.901963023452643,0.7498986391555398,0.9727841009899857,7.841456010744194e-05
90.0,113,611.1111111111111,388.8888888888889,107.5,5.942060045818784,0.7498985768560533,0.9728317371498487,7.895025466621063e-05
90.0,114,722.2222222222223,388.8888888888889,107.5,5.976191142893484,0.7498985570740072,0.9728717913078245,7.940623587640306e-05
90.0,115,833.3333333333334,388.8888888888889,107.5,5.996883451664583,0.7498993238321202,0.9728958542592399,7.968267475666599e-05
90.0,116,944.4444444444445,388.8888888888889,107.5,6.006314641180343,0.7498993482826275,0.9729067670293364,7.980866967430588e-05
90.0,117,55.55555555555556,500.0,107.5,6.0041711695403395,0.7498994458353097,0.9729042899355839,7.978003427232363e-05
90.0,118,166.66666666666669,500.0,107.5,5.992586707641342,0.7498990741817771,0.972890871216181,7.962527267066934e-05
90.0,119,277.77777777777777,500.0,107.5,5.964291395131524,0.7498986249817255,0.9728578779123938,7.924725976851267e-05
90.0,120,388.8888888888889,500.0,107.5,5.901963023452647,0.7498986391555402,0.9727841009899882,7.841456010744214e-05
90.0,121,500.0,500.0,107.5,5.717807853569057,0.7498968477268431,0.9725571481912006,7.595413010746038e-05
90.0,122,611.1111111111111,500.0,107.5,5.901963023452649,0.7498986391555401,0.9727841009899877,7.84145601074421e-05
90.0,123,722.2222222222223,500.0,107.5,5.9642913951315295,0.749898624981725,0.9728578779124003,7.924725976851321e-05
90.0,124,833.3333333333334,500.0,107.5,5.992586707641349,0.7498990741817774,0.9728908712161828,7.962527267066962e-05
90.0,125,944.4444444444445,500.0,107.5,6.004171169540345,0.7498994458353093,0.9729042899355842,7.978003427232365e-05
90.0,126,55.55555555555556,611.1111111111111,107.5,6.006314641180345,0.7498993482826274,0.9729067670293365,7.98086696743059e-05
90.0,127,166.66666666666669,611.1111111111111,107.5,5.996883451664582,0.7498993238321202,0.9728958542592393,7.968267475666595e-05
90.0,128,277.77777777777777,611.1111111111111,107.5,5.976191142893479,0.7498985570740072,0.9728717913078245,7.940623587640291e-05
90.0,129,388.8888888888889,611.1111111111111,107.5,5.942060045818785,0.7498985768560533,0.972831737149849,7.895025466621065e-05
90.0,130,500.0,611.1111111111111,107.5,5.901963023452638,0.7498986391555401,0.9727841009899858,7.841456010744195e-05
90.0,131,611.1111111111111,611.1111111111111,107.5,5.942060045818795,0.7498985768560538,0.9728317371498441,7.895025466621038e-05
90.0,132,722.2222222222223,611.1111111111111,107.5,5.976191142893497,0.7498985570740074,0.9728717913078186,7.940623587640272e-05
90.0,133,833.3333333333334,611.1111111111111,107.5,5.996883451664596,0.7498993238321201,0.9728958542592416,7.968267475666644e-05
90.0,134,944.4444444444445,611.1111111111111,107.5,6.006314641180348,0.7498993482826278,0.9729067670293385,7.980866967430606e-05
90.0,135,55.55555555555556,722.2222222222223,107.5,6.0108605031759765,0.7498991844730749,0.9729120150311107,7.986939938694774e-05
90.0,136,166.66666666666669,722.2222222222223,107.5,6.004666184807251,0.7498994245343713,0.9729048624979317,7.978664738900823e-05
90.0,137,277.77777777777777,722.2222222222223,107.5,5.992438178435252,0.7498990661674971,0.972890699001358,7.962328841501523e-05
90.0,138,388.8888888888889,722.2222222222223,107.5,5.976191142893476,0.7498985570740072,0.9728717913078235,7.940623587640283e-05
90.0,139,500.0,722.2222222222223,107.5,5.964291395131508,0.7498986249817251,0.9728578779123975,7.92472597685127e-05
90.0,140,611.1111111111111,722.2222222222223,107.5,5.976191142893478,0.7498985570740075,0.9728717913078163,7.940623587640225e-05
90.0,141,722.2222222222223,722.2222222222223,107.5,5.992438178435259,0.7498990661674971,0.9728906990013507,7.962328841501476e-05
90.0,142,833.3333333333334,722.2222222222223,107.5,6.004666184807261,0.7498994245343712,0.9729048624979237,7.978664738900772e-05
90.0,143,944.4444444444445,722.2222222222223,107.5,6.010860503175978,0.7498991844730747,0.9729120150311097,7.986939938694766e-05
90.0,144,55.55555555555556,833.3333333333334,107.5,6.015246823922568,0.749899081425478,0.972917071592194,7.992799760718273e-05
90.0,145,166.66666666666669,833.3333333333334,107.5,6.011491696546392,0.74989916880705,0.9729127434071148,7.98778317270615e-05
90.0,146,277.77777777777777,833.3333333333334,107.5,6.004666184807251,0.7498994245343715,0.972904862497924,7.97866473890076e-05
90.0,147,388.8888888888889,833.3333333333334,107.5,5.996883451664575,0.7498993238321199,0.9728958542592457,7.968267475666648e-05
90.0,148,500.0,833.3333333333334,107.5,5.992586707641329,0.7498990741817778,0.9728908712161821,7.962527267066928e-05
90.0,149,611.1111111111111,833.3333333333334,107.5,5.996883451664576,0.7498993238321199,0.972895854259246,7.968267475666649e-05
90.0,150,722.2222222222223,833.3333333333334,107.5,6.004666184807255,0.7498994245343715,0.9729048624979243,7.978664738900776e-05
90.0,151,833.3333333333334,833.3333333333334,107.5,6.011491696546397,0.74989916880705,0.9729127434071158,7.987783172706158e-05
90.0,152,944.4444444444445,833.3333333333334,107.5,6.015246823922588,0.7498990814254781,0.9729170715921973,7.99279976071833e-05
90.0,153,55.55555555555556,944.4444444444445,107.5,6.0177962258277935,0.7498990422620236,0.9729200069092441,7.996205577084242e-05
90.0,154,166.66666666666669,944.4444444444445,107.5,6.015246823922564,0.7498990814254782,0.9729170715921949,7.99279976071828e-05
90.0,155,277.77777777777777,944.4444444444445,107.5,6.010860503175967,0.7498991844730751,0.9729120150311102,7.986939938694758e-05
90.0,156,388.8888888888889,944.4444444444445,107.5,6.00631464118034,0.7498993482826275,0.972906767029336,7.980866967430569e-05
90.0,157,500.0,944.4444444444445,107.5,6.004171169540324,0.7498994458353093,0.9729042899355893,7.97800342723238e-05
90.0,158,611.1111111111111,944.4444444444445,107.5,6.006314641180338,0.7498993482826276,0.972906767029336,7.980866967430569e-05
90.0,159,722.2222222222223,944.4444444444445,107.5,6.010860503175975,0.7498991844730749,0.9729120150311105,7.986939938694773e-05
90.0,160,833.3333333333334,944.4444444444445,107.5,6.015246823922587,0.749899081425478,0.9729170715921969,7.992799760718326e-05
90.0,161,944.4444444444445,944.4444444444445,107.5,6.017796225827804,0.7498990422620236,0.9729200069092462,7.996205577084259e-05
90.0,162,55.55555555555556,55.55555555555556,112.5,6.0183202904139055,0.7498043772388671,0.9729206088889283,7.996905679722943e-05
90.0,163,166.66666666666669,55.55555555555556,112.5,6.0157706931977435,0.7498044122830275,0.9729176738750248,7.993499603588593e-05
90.0,164,277.77777777777777,55.55555555555556,112.5,6.011384056512749,0.7498045090223004,0.9729126177080104,7.987639360233424e-05
90.0,165,388.8888888888889,55.55555555555556,112.5,6.006837916829189,0.749804666211809,0.9729073702963329,7.981566019775808e-05
90.0,166,500.0,55.55555555555556,112.5,6.0046944216612,0.74980476182803,0.9729048936543274,7.978702449386076e-05
90.0,167,611.1111111111111,55.55555555555556,112.5,6.006837916829204,0.7498046662118093,0.9729073702963288,7.981566019775804e-05
90.0,168,722.2222222222223,55.55555555555556,112.5,6.01138405651275,0.7498045090223001,0.9729126177080087,7.987639360233411e-05
90.0,169,833.3333333333334,55.55555555555556,112.5,6.015770693197719,0.7498044122830273,0.9729176738750284,7.993499603588593e-05
90.0,170,944.4444444444445,55.55555555555556,112.5,6.0183202904138575,0.7498043772388668,0.9729206088889275,7.996905679722879e-05
90.0,171,55.55555555555556,166.66666666666669,112.5,6.015770693197761,0.7498044122830272,0.9729176738750265,7.993499603588633e-05
90.0,172,166.66666666666669,166.66666666666669,112.5,6.012015316637839,0.7498044935727541,0.9729133459552209,7.9884826825252e-05
90.0,173,277.77777777777777,166.66666666666669,112.5,6.005189489286564,0.7498047413063428,0.9729054661873772,7.979363830886751e-05
90.0,174,388.8888888888889,166.66666666666669,112.5,5.997406674334539,0.7498046997792663,0.972896459305914,7.968966460481284e-05
90.0,175,500.0,166.66666666666669,112.5,5.993111304302145,0.7498044441249867,0.9728914788171831,7.963228089905877e-05
90.0,176,611.1111111111111,166.66666666666669,112.5,5.997406674334552,0.7498046997792661,0.9728964593059156,7.968966460481312e-05
90.0,177,722.2222222222223,166.66666666666669,112.5,6.005189489286558,0.7498047413063424,0.9729054661873744,7.979363830886728e-05
90.0,178,833.3333333333334,166.66666666666669,112.5,6.012015316637809,0.7498044935727541,0.9729133459552244,7.988482682525187e-05
90.0,179,944.4444444444445,166.66666666666669,112.5,6.015770693197724,0.7498044122830275,0.9729176738750294,7.993499603588601e-05
90.0,180,55.55555555555556,277.77777777777777,112.5,6.011384056512774,0.7498045090223002,0.9729126177080056,7.987639360233414e-05
90.0,181,166.66666666666669,277.77777777777777,112.5,6.005189489286586,0.7498047413063427,0.9729054661873805,7.979363830886807e-05
90.0,182,277.77777777777777,277.77777777777777,112.5,5.992961357387674,0.7498044358072615,0.9728913049852831,7.963027770401778e-05
90.0,183,388.8888888888889,277.77777777777777,112.5,5.976718795595901,0.7498039043232674,0.9728724056555529,7.941328498423103e-05
90.0,184,500.0,277.77777777777777,112.5,5.9648522953866,0.7498039545990455,0.9728585336104427,7.925475309581818e-05
90.0,185,611.1111111111111,277.77777777777777,112.5,5.976718795595897,0.7498039043232675,0.9728724056555522,7.941328498423083e-05
90.0,186,722.2222222222223,277.77777777777777,112.5,5.992961357387659,0.749804435807262,0.9728913049852826,7.963027770401774e-05
90.0,187,833.3333333333334,277.77777777777777,112.5,6.005189489286558,0.7498047413063426,0.9729054661873754,7.979363830886736e-05
90.0,188,944.4444444444445,277.77777777777777,112.5,6.011384056512753,0.7498045090223004,0.9729126177080111,7.98763936023343e-05
90.0,189,55.55555555555556,388.8888888888889,112.5,6.006837916829226,0.749804666211809,0.9729073702963306,7.981566019775861e-05
90.0,190,166.66666666666669,388.8888888888889,112.5,5.997406674334564,0.7498046997792661,0.9728964593059172,7.968966460481339e-05
90.0,191,277.77777777777777,388.8888888888889,112.5,5.976718795595912,0.7498039043232677,0.9728724056555565,7.941328498423118e-05
90.0,192,388.8888888888889,388.8888888888889,112.5,5.94265926296691,0.7498039496594029,0.9728324429600136,7.89582599929512e-05
90.0,193,500.0,388.8888888888889,112.5,5.903394720969054,0.749803907096252,0.9727858117406478,7.843368763355962e-05
90.0,194,611.1111111111111,388.8888888888889,112.5,5.942659262966906,0.7498039496594032,0.9728324429600143,7.895825999295125e-05
90.0,195,722.2222222222223,388.8888888888889,112.5,5.976718795595906,0.7498039043232673,0.9728724056555526,7.9413284984231e-05
90.0,196,833.3333333333334,388.8888888888889,112.5,5.997406674334557,0.7498046997792666,0.9728964593059178,7.96896646048133e-05
90.0,197,944.4444444444445,388.8888888888889,112.5,6.00683791682921,0.7498046662118093,0.972907370296329,7.98156601977582e-05
90.0,198,55.55555555555556,500.0,112.5,6.004694421661219,0.7498047618280297,0.9729048936543292,7.978702449386118e-05
90.0,199,166.66666666666669,500.0,112.5,5.993111304302156,0.7498044441249864,0.9728914788171832,7.963228089905894e-05
90.0,200,277.77777777777777,500.0,112.5,5.964852295386612,0.7498039545990456,0.9728585336104444,7.925475309581859e-05
90.0,201,388.8888888888889,500.0,112.5,5.903394720969058,0.7498039070962524,0.9727858117406425,7.843368763355918e-05
90.0,202,500.0,500.0,112.5,5.7521687770493,0.7498029212564157,0.9726005216755045,7.641322742254407e-05
90.0,203,611.1111111111111,500.0,112.5,5.90339472096906,0.7498039070962523,0.9727858117406416,7.843368763355911e-05
90.0,204,722.2222222222223,500.0,112.5,5.964852295386618,0.7498039545990454,0.9728585336104446,7.92547530958186e-05
90.0,205,833.3333333333334,500.0,112.5,5.993111304302163,0.7498044441249865,0.9728914788171845,7.96322808990592e-05
90.0,206,944.4444444444445,500.0,112.5,6.004694421661224,0.7498047618280295,0.9729048936543295,7.97870244938612e-05
90.0,207,55.55555555555556,611.1111111111111,112.5,6.006837916829212,0.7498046662118089,0.9729073702963363,7.981566019775867e-05
90.0,208,166.66666666666669,611.1111111111111,112.5,5.997406674334556,0.7498046997792662,0.9728964593059165,7.968966460481319e-05
90.0,209,277.77777777777777,611.1111111111111,112.5,5.976718795595901,0.7498039043232675,0.9728724056555532,7.941328498423091e-05
90.0,210,388.8888888888889,611.1111111111111,112.5,5.942659262966906,0.7498039496594031,0.972832442960014,7.895825999295124e-05
90.0,211,500.0,611.1111111111111,112.5,5.9033947209690485,0.7498039070962523,0.9727858117406485,7.843368763355954e-05
90.0,212,611.1111111111111,611.1111111111111,112.5,5.942659262966917,0.7498039496594031,0.9728324429600066,7.895825999295078e-05
90.0,213,722.2222222222223,611.1111111111111,112.5,5.976718795595918,0.7498039043232675,0.9728724056555555,7.94132849842314e-05
90.0,214,833.3333333333334,611.1111111111111,112.5,5.997406674334569,0.7498046997792662,0.9728964593059183,7.968966460481362e-05
90.0,215,944.4444444444445,611.1111111111111,112.5,6.006837916829214,0.7498046662118089,0.9729073702963286,7.98156601977583e-05
90.0,216,55.55555555555556,722.2222222222223,112.5,6.011384056512753,0.7498045090223003,0.9729126177080107,7.987639360233427e-05
90.0,217,166.66666666666669,722.2222222222223,112.5,6.005189489286565,0.7498047413063424,0.9729054661873762,7.979363830886743e-05
90.0,218,277.77777777777777,722.2222222222223,112.5,5.992961357387669,0.7498044358072613,0.9728913049852816,7.963027770401765e-05
90.0,219,388.8888888888889,722.2222222222223,112.5,5.976718795595898,0.7498039043232676,0.9728724056555529,7.941328498423103e-05
90.0,220,500.0,722.2222222222223,112.5,5.964852295386597,0.7498039545990457,0.9728585336104425,7.925475309581817e-05
90.0,221,611.1111111111111,722.2222222222223,112.5,5.976718795595899,0.7498039043232676,0.9728724056555536,7.941328498423109e-05
90.0,222,722.2222222222223,722.2222222222223,112.5,5.992961357387676,0.7498044358072619,0.9728913049852851,7.963027770401809e-05
90.0,223,833.3333333333334,722.2222222222223,112.5,6.005189489286575,0.7498047413063429,0.97290546618738,7.979363830886789e-05
90.0,224,944.4444444444445,722.2222222222223,112.5,6.011384056512755,0.7498045090223001,0.9729126177080107,7.987639360233427e-05
90.0,225,55.55555555555556,833.3333333333334,112.5,6.015770693197702,0.7498044122830274,0.9729176738750266,7.993499603588551e-05
90.0,226,166.66666666666669,833.3333333333334,112.5,6.012015316637809,0.7498044935727535,0.9729133459552217,7.988482682525165e-05
90.0,227,277.77777777777777,833.3333333333334,112.5,6.005189489286565,0.7498047413063427,0.9729054661873772,7.979363830886751e-05
90.0,228,388.8888888888889,833.3333333333334,112.5,5.997406674334549,0.7498046997792663,0.9728964593059155,7.968966460481311e-05
90.0,229,500.0,833.3333333333334,112.5,5.993111304302143,0.7498044441249865,0.9728914788171814,7.963228089905864e-05
90.0,230,611.1111111111111,833.3333333333334,112.5,5.99740667433455,0.7498046997792661,0.9728964593059148,7.968966460481305e-05
90.0,231,722.2222222222223,833.3333333333334,112.5,6.00518948928657,0.7498047413063424,0.972905466187377,7.979363830886765e-05
90.0,232,833.3333333333334,833.3333333333334,112.5,6.0120153166378145,0.7498044935727535,0.9729133459552226,7.988482682525186e-05
90.0,233,944.4444444444445,833.3333333333334,112.5,6.015770693197722,0.7498044122830273,0.9729176738750281,7.993499603588591e-05
90.0,234,55.55555555555556,944.4444444444445,112.5,6.018320290413841,0.7498043772388667,0.9729206088889241,7.996905679722809e-05
90.0,235,166.66666666666669,944.4444444444445,112.5,6.015770693197699,0.7498044122830273,0.9729176738750254,7.993499603588541e-05
90.0,236,277.77777777777777,944.4444444444445,112.5,6.0113840565127425,0.7498045090223003,0.9729126177080091,7.9876393602334e-05
90.0,237,388.8888888888889,944.4444444444445,112.5,6.006837916829206,0.7498046662118092,0.9729073702963282,7.9815660197758e-05
90.0,238,500.0,944.4444444444445,112.5,6.0046944216612035,0.74980476182803,0.9729048936543283,7.978702449386082e-05
90.0,239,611.1111111111111,944.4444444444445,112.5,6.0068379168292045,0.7498046662118093,0.9729073702963285,7.981566019775801e-05
90.0,240,722.2222222222223,944.4444444444445,112.5,6.0113840565127505,0.7498045090223,0.9729126177080087,7.987639360233411e-05
90.0,241,833.3333333333334,944.4444444444445,112.5,6.015770693197721,0.7498044122830275,0.9729176738750291,7.9934996035886e-05
90.0,242,944.4444444444445,944.4444444444445,112.5,6.018320290413852,0.7498043772388672,0.9729206088889281,7.996905679722856e-05
90.0,243,55.55555555555556,55.55555555555556,117.5,6.018958703386039,0.7494616720604521,0.9729213430893863,7.997758549456476e-05
90.0,244,166.66666666666669,55.55555555555556,117.5,6.016408887806074,0.7494644483186907,0.9729184083427715,7.994352181982534e-05
90.0,245,277.77777777777777,55.55555555555556,117.5,6.01202195899356,0.7494674531175085,0.9729133530422933,7.988491551557533e-05
90.0,246,388.8888888888889,55.55555555555556,117.5,6.007475590083528,0.749468195949219,0.9729081061293205,7.982417904190283e-05
90.0,247,500.0,55.55555555555556,117.5,6.00533205302383,0.7494684688970731,0.9729056297046211,7.979554276739097e-05
90.0,248,611.1111111111111,55.55555555555556,117.5,6.007475590083542,0.749468195949219,0.9729081061293147,7.982417904190249e-05
90.0,249,722.2222222222223,55.55555555555556,117.5,6.01202195899356,0.7494674531175087,0.9729133530422948,7.988491551557546e-05
90.0,250,833.3333333333334,55.55555555555556,117.5,6.016408887806049,0.749464448318691,0.9729184083427688,7.994352181982482e-05
90.0,251,944.4444444444445,55.55555555555556,117.5,6.01895870338599,0.7494616720604522,0.9729213430893875,7.99775854945643e-05
90.0,252,55.55555555555556,166.66666666666669,117.5,6.016408887806093,0.7494644483186904,0.9729184083427735,7.994352181982593e-05
90.0,253,166.66666666666669,166.66666666666669,117.5,6.0126532895129605,0.7494673093280305,0.9729140807833763,7.989334964032767e-05
90.0,254,277.77777777777777,166.66666666666669,117.5,6.005827199899796,0.7494684371368491,0.9729062023296206,7.980215764873767e-05
90.0,255,388.8888888888889,166.66666666666669,117.5,5.998044269028178,0.7494685947890183,0.9728971970914402,7.969818242255725e-05
90.0,256,500.0,166.66666666666669,117.5,5.993750401183924,0.749467590490118,0.9728922193898626,7.964081880478221e-05
90.0,257,611.1111111111111,166.66666666666669,117.5,5.998044269028189,0.7494685947890184,0.9728971970914417,7.969818242255752e-05
90.0,258,722.2222222222223,166.66666666666669,117.5,6.00582719989979,0.7494684371368493,0.9729062023296209,7.98021576487377e-05
90.0,259,833.3333333333334,166.66666666666669,117.5,6.01265328951293,0.7494673093280304,0.9729140807833708,7.989334964032693e-05
90.0,260,944.4444444444445,166.66666666666669,117.5,6.016408887806055,0.7494644483186909,0.9729184083427695,7.994352181982489e-05
90.0,261,55.55555555555556,277.77777777777777,117.5,6.012021958993585,0.7494674531175085,0.9729133530422883,7.988491551557521e-05
90.0,262,166.66666666666669,277.77777777777777,117.5,6.005827199899818,0.7494684371368491,0.9729062023296243,7.980215764873828e-05
90.0,263,277.77777777777777,277.77777777777777,117.5,5.993598908662453,0.7494675431410354,0.9728920437633981,7.963879495886363e-05
90.0,264,388.8888888888889,277.77777777777777,117.5,5.977361186065596,0.7494630858936723,0.9728731541567768,7.942186697151552e-05
90.0,265,500.0,277.77777777777777,117.5,5.9655295775010195,0.7494617949583582,0.9728593258717909,7.926380127439895e-05
90.0,266,611.1111111111111,277.77777777777777,117.5,5.9773611860655915,0.7494630858936722,0.9728731541567754,7.942186697151527e-05
90.0,267,722.2222222222223,277.77777777777777,117.5,5.993598908662439,0.7494675431410354,0.972892043763396,7.963879495886332e-05
90.0,268,833.3333333333334,277.77777777777777,117.5,6.00582719989979,0.7494684371368493,0.9729062023296203,7.980215764873766e-05
90.0,269,944.4444444444445,277.77777777777777,117.5,6.0120219589935635,0.7494674531175084,0.9729133530422933,7.988491551557533e-05
90.0,270,55.55555555555556,388.8888888888889,117.5,6.007475590083564,0.7494681959492191,0.972908106129318,7.982417904190306e-05
90.0,271,166.66666666666669,388.8888888888889,117.5,5.998044269028201,0.7494685947890182,0.9728971970914426,7.969818242255774e-05
90.0,272,277.77777777777777,388.8888888888889,117.5,5.977361186065607,0.7494630858936723,0.9728731541567788,7.942186697151568e-05
90.0,273,388.8888888888889,388.8888888888889,117.5,5.943377116841532,0.7494668160552871,0.9728332885625158,7.896785027974282e-05
90.0,274,500.0,388.8888888888889,117.5,5.904939581749224,0.7494654324347921,0.9727876556743312,7.845432691799362e-05
90.0,275,611.1111111111111,388.8888888888889,117.5,5.943377116841527,0.7494668160552869,0.9728332885625132,7.896785027974248e-05
90.0,276,722.2222222222223,388.8888888888889,117.5,5.9773611860656,0.7494630858936726,0.9728731541567792,7.942186697151572e-05
90.0,277,833.3333333333334,388.8888888888889,117.5,5.9980442690281945,0.7494685947890186,0.9728971970914354,7.969818242255714e-05
90.0,278,944.4444444444445,388.8888888888889,117.5,6.007475590083548,0.7494681959492189,0.9729081061293151,7.982417904190267e-05
90.0,279,55.55555555555556,500.0,117.5,6.005332053023848,0.7494684688970727,0.972905629704622,7.979554276739133e-05
90.0,280,166.66666666666669,500.0,117.5,5.993750401183934,0.7494675904901184,0.9728922193898575,7.964081880478194e-05
90.0,281,277.77777777777777,500.0,117.5,5.965529577501031,0.7494617949583583,0.9728593258717847,7.926380127439859e-05
90.0,282,388.8888888888889,500.0,117.5,5.904939581749228,0.7494654324347922,0.9727876556743243,7.845432691799306e-05
90.0,283,500.0,500.0,117.5,5.773798244810052,0.7494524388491992,0.9726275532193597,7.670221428846414e-05
90.0,284,611.1111111111111,500.0,117.5,5.904939581749231,0.7494654324347921,0.9727876556743322,7.84543269179937e-05
90.0,285,722.2222222222223,500.0,117.5,5.965529577501038,0.7494617949583586,0.972859325871787,7.926380127439893e-05
90.0,286,833.3333333333334,500.0,117.5,5.993750401183942,0.7494675904901181,0.9728922193898581,7.964081880478213e-05
90.0,287,944.4444444444445,500.0,117.5,6.005332053023852,0.7494684688970729,0.9729056297046152,7.979554276739077e-05
90.0,288,55.55555555555556,611.1111111111111,117.5,6.0074755900835495,0.7494681959492189,0.9729081061293154,7.98241790419027e-05
90.0,289,166.66666666666669,611.1111111111111,117.5,5.998044269028193,0.7494685947890186,0.972897197091435,7.969818242255697e-05
90.0,290,277.77777777777777,611.1111111111111,117.5,5.977361186065596,0.7494630858936725,0.9728731541567778,7.94218669715156e-05
90.0,291,388.8888888888889,611.1111111111111,117.5,5.9433771168415275,0.7494668160552866,0.9728332885625127,7.896785027974244e-05
90.0,292,500.0,611.1111111111111,117.5,5.904939581749219,0.7494654324347924,0.9727876556743315,7.84543269179935e-05
90.0,293,611.1111111111111,611.1111111111111,117.5,5.943377116841538,0.7494668160552868,0.9728332885625145,7.896785027974271e-05
90.0,294,722.2222222222223,611.1111111111111,117.5,5.977361186065613,0.7494630858936725,0.9728731541567802,7.942186697151594e-05
90.0,295,833.3333333333334,611.1111111111111,117.5,5.998044269028207,0.7494685947890184,0.9728971970914366,7.969818242255739e-05
90.0,296,944.4444444444445,611.1111111111111,117.5,6.007475590083553,0.7494681959492188,0.9729081061293148,7.982417904190264e-05
90.0,297,55.55555555555556,722.2222222222223,117.5,6.012021958993564,0.7494674531175084,0.9729133530422938,7.988491551557537e-05
90.0,298,166.66666666666669,722.2222222222223,117.5,6.005827199899797,0.7494684371368491,0.9729062023296206,7.980215764873767e-05
90.0,299,277.77777777777777,722.2222222222223,117.5,5.993598908662449,0.7494675431410358,0.9728920437633913,7.963879495886307e-05
90.0,300,388.8888888888889,722.2222222222223,117.5,5.977361186065592,0.7494630858936725,0.9728731541567771,7.942186697151541e-05
90.0,301,500.0,722.2222222222223,117.5,5.965529577501016,0.7494617949583584,0.9728593258717911,7.926380127439897e-05
90.0,302,611.1111111111111,722.2222222222223,117.5,5.977361186065594,0.7494630858936727,0.9728731541567784,7.942186697151552e-05
90.0,303,722.2222222222223,722.2222222222223,117.5,5.993598908662455,0.7494675431410356,0.9728920437633917,7.96387949588631e-05
90.0,304,833.3333333333334,722.2222222222223,117.5,6.005827199899808,0.749468437136849,0.9729062023296219,7.980215764873794e-05
90.0,305,944.4444444444445,722.2222222222223,117.5,6.012021958993566,0.7494674531175084,0.9729133530422936,7.988491551557536e-05
90.0,306,55.55555555555556,833.3333333333334,117.5,6.016408887806032,0.7494644483186907,0.9729184083427742,7.994352181982485e-05
90.0,307,166.66666666666669,833.3333333333334,117.5,6.01265328951293,0.7494673093280305,0.9729140807833714,7.989334964032684e-05
90.0,308,277.77777777777777,833.3333333333334,117.5,6.005827199899797,0.7494684371368492,0.9729062023296211,7.980215764873773e-05
90.0,309,388.8888888888889,833.3333333333334,117.5,5.998044269028186,0.7494685947890186,0.9728971970914426,7.969818242255759e-05
90.0,310,500.0,833.3333333333334,117.5,5.993750401183922,0.7494675904901187,0.9728922193898653,7.964081880478243e-05
90.0,311,611.1111111111111,833.3333333333334,117.5,5.998044269028187,0.7494685947890184,0.9728971970914421,7.969818242255755e-05
90.0,312,722.2222222222223,833.3333333333334,117.5,6.0058271998998025,0.7494684371368491,0.9729062023296216,7.980215764873792e-05
90.0,313,833.3333333333334,833.3333333333334,117.5,6.012653289512936,0.7494673093280305,0.9729140807833722,7.989334964032704e-05
90.0,314,944.4444444444445,833.3333333333334,117.5,6.016408887806053,0.7494644483186907,0.9729184083427688,7.994352181982482e-05
90.0,315,55.55555555555556,944.4444444444445,117.5,6.018958703385973,0.7494616720604522,0.9729213430893849,7.99775854945638e-05
90.0,316,166.66666666666669,944.4444444444445,117.5,6.01640888780603,0.7494644483186907,0.9729184083427732,7.994352181982463e-05
90.0,317,277.77777777777777,944.4444444444445,117.5,6.012021958993554,0.7494674531175082,0.9729133530422911,7.988491551557502e-05
90.0,318,388.8888888888889,944.4444444444445,117.5,6.007475590083545,0.7494681959492189,0.9729081061293142,7.98241790419026e-05
90.0,319,500.0,944.4444444444445,117.5,6.0053320530238326,0.7494684688970727,0.9729056297046202,7.97955427673909e-05
90.0,320,611.1111111111111,944.4444444444445,117.5,6.007475590083543,0.7494681959492189,0.9729081061293141,7.982417904190259e-05
90.0,321,722.2222222222223,944.4444444444445,117.5,6.012021958993562,0.749467453117508,0.9729133530422913,7.988491551557517e-05
90.0,322,833.3333333333334,944.4444444444445,117.5,6.016408887806052,0.749464448318691,0.9729184083427695,7.994352181982489e-05
90.0,323,944.4444444444445,944.4444444444445,117.5,6.018958703385985,0.7494616720604526,0.9729213430893885,7.997758549456423e-05
90.0,324,55.55555555555556,55.55555555555556,122.5,6.019738800573365,0.7277533348993087,0.9729222828656455,7.998801049993644e-05
90.0,325,166.66666666666669,55.55555555555556,122.5,6.017189055781429,0.7277662217094952,0.9729193478723972,7.995394769499436e-05
90.0,326,277.77777777777777,55.55555555555556,122.5,6.012802188801323,0.7277898394612858,0.9729142911215933,7.989534200763058e-05
90.0,327,388.8888888888889,55.55555555555556,122.5,6.008255562396791,0.7278158601734475,0.9729090436963319,7.983460198908814e-05
90.0,328,500.0,55.55555555555556,122.5,6.0061119624793,0.7278269628157872,0.9729065661503444,7.980596474767278e-05
90.0,329,611.1111111111111,55.55555555555556,122.5,6.008255562396805,0.7278158601734485,0.9729090436963292,7.98346019890882e-05
90.0,330,722.2222222222223,55.55555555555556,122.5,6.012802188801322,0.7277898394612866,0.9729142911215869,7.989534200763005e-05
90.0,331,833.3333333333334,55.55555555555556,122.5,6.017189055781405,0.7277662217094947,0.9729193478724005,7.995394769499435e-05
90.0,332,944.4444444444445,55.55555555555556,122.5,6.019738800573316,0.7277533348993104,0.9729222828656539,7.998801049993657e-05
90.0,333,55.55555555555556,166.66666666666669,122.5,6.017189055781448,0.7277662217094953,0.9729193478724003,7.99539476949949e-05
90.0,334,166.66666666666669,166.66666666666669,122.5,6.0134335886390335,0.7277859248652718,0.9729150197348401,7.990377713559497e-05
90.0,335,277.77777777777777,166.66666666666669,122.5,6.0066071659826985,0.727824771972262,0.972907138820922,7.981258039340344e-05
90.0,336,388.8888888888889,166.66666666666669,122.5,5.99882394703493,0.7278650278491352,0.9728981323383461,7.970860109462582e-05
90.0,337,500.0,166.66666666666669,122.5,5.994531070210386,0.7278746402231335,0.9728931543273431,7.96512505144257e-05
90.0,338,611.1111111111111,166.66666666666669,122.5,5.998823947034941,0.7278650278491353,0.9728981323383394,7.970860109462541e-05
90.0,339,722.2222222222223,166.66666666666669,122.5,6.006607165982691,0.7278247719722629,0.9729071388209162,7.981258039340296e-05
90.0,340,833.3333333333334,166.66666666666669,122.5,6.013433588639004,0.7277859248652726,0.9729150197348388,7.990377713559472e-05
90.0,341,944.4444444444445,166.66666666666669,122.5,6.017189055781411,0.7277662217094956,0.9729193478723955,7.995394769499394e-05
90.0,342,55.55555555555556,277.77777777777777,122.5,6.012802188801347,0.7277898394612854,0.9729142911216142,7.989534200763258e-05
90.0,343,166.66666666666669,277.77777777777777,122.5,6.00660716598272,0.7278247719722624,0.9729071388209171,7.981258039340331e-05
90.0,344,277.77777777777777,277.77777777777777,122.5,5.994378323232694,0.7278875635762643,0.9728929773816899,7.964920991787896e-05
90.0,345,388.8888888888889,277.77777777777777,122.5,5.978143914321566,0.7279209775893904,0.972874088274551,7.943232561303829e-05
90.0,346,500.0,277.77777777777777,122.5,5.9663376047965855,0.7278398450940328,0.9728602877294519,7.927459752056388e-05
90.0,347,611.1111111111111,277.77777777777777,122.5,5.978143914321561,0.7279209775893904,0.9728740882745597,7.9432325613039e-05
90.0,348,722.2222222222223,277.77777777777777,122.5,5.99437832323268,0.7278875635762656,0.9728929773816927,7.964920991787903e-05
90.0,349,833.3333333333334,277.77777777777777,122.5,6.006607165982692,0.7278247719722628,0.9729071388209152,7.981258039340288e-05
90.0,350,944.4444444444445,277.77777777777777,122.5,6.012802188801325,0.7277898394612865,0.972914291121587,7.989534200763007e-05
90.0,351,55.55555555555556,388.8888888888889,122.5,6.008255562396826,0.7278158601734473,0.9729090436963368,7.983460198908912e-05
90.0,352,166.66666666666669,388.8888888888889,122.5,5.998823947034953,0.7278650278491351,0.9728981323383403,7.970860109462576e-05
90.0,353,277.77777777777777,388.8888888888889,122.5,5.978143914321577,0.7279209775893906,0.9728740882745538,7.943232561303867e-05
90.0,354,388.8888888888889,388.8888888888889,122.5,5.944214030455833,0.7277626242055903,0.9728342808394855,7.897903170276416e-05
90.0,355,500.0,388.8888888888889,122.5,5.906306476476677,0.7267987280808941,0.9727892753955549,7.84725876814479e-05
90.0,356,611.1111111111111,388.8888888888889,122.5,5.944214030455828,0.7277626242055912,0.9728342808394791,7.897903170276348e-05
90.0,357,722.2222222222223,388.8888888888889,122.5,5.978143914321571,0.7279209775893903,0.9728740882745517,7.943232561303849e-05
90.0,358,833.3333333333334,388.8888888888889,122.5,5.998823947034946,0.7278650278491346,0.972898132338346,7.970860109462609e-05
90.0,359,944.4444444444445,388.8888888888889,122.5,6.008255562396811,0.7278158601734478,0.972909043696337,7.983460198908884e-05
90.0,360,55.55555555555556,500.0,122.5,6.0061119624793164,0.7278269628157876,0.9729065661503399,7.980596474767269e-05
90.0,361,166.66666666666669,500.0,122.5,5.994531070210397,0.7278746402231343,0.9728931543273486,7.965125051442629e-05
90.0,362,277.77777777777777,500.0,122.5,5.966337604796596,0.7278398450940328,0.9728602877294533,7.927459752056413e-05
90.0,363,388.8888888888889,500.0,122.5,5.906306476476681,0.7267987280808939,0.9727892753955547,7.847258768144804e-05
90.0,364,500.0,500.0,122.5,5.78532896903355,0.7195885194467387,0.9726418281372388,7.685626828009249e-05
90.0,365,611.1111111111111,500.0,122.5,5.906306476476684,0.7267987280808945,0.9727892753955575,7.847258768144825e-05
90.0,366,722.2222222222223,500.0,122.5,5.966337604796604,0.7278398450940323,0.9728602877294529,7.927459752056425e-05
90.0,367,833.3333333333334,500.0,122.5,5.994531070210405,0.7278746402231332,0.9728931543273444,7.965125051442608e-05
90.0,368,944.4444444444445,500.0,122.5,6.006111962479321,0.7278269628157877,0.9729065661503412,7.98059647476728e-05
90.0,369,55.55555555555556,611.1111111111111,122.5,6.008255562396812,0.7278158601734482,0.9729090436963299,7.983460198908825e-05
90.0,370,166.66666666666669,611.1111111111111,122.5,5.998823947034945,0.7278650278491359,0.9728981323383422,7.970860109462578e-05
90.0,371,277.77777777777777,611.1111111111111,122.5,5.978143914321566,0.7279209775893901,0.9728740882745591,7.943232561303895e-05
90.0,372,388.8888888888889,611.1111111111111,122.5,5.944214030455828,0.7277626242055907,0.9728342808394854,7.8979031702764e-05
90.0,373,500.0,611.1111111111111,122.5,5.906306476476671,0.7267987280808945,0.9727892753955565,7.847258768144802e-05
90.0,374,611.1111111111111,611.1111111111111,122.5,5.944214030455838,0.7277626242055903,0.9728342808394861,7.89790317027642e-05
90.0,375,722.2222222222223,611.1111111111111,122.5,5.978143914321583,0.7279209775893901,0.972874088274553,7.943232561303875e-05
90.0,376,833.3333333333334,611.1111111111111,122.5,5.998823947034959,0.727865027849136,0.9728981323383457,7.97086010946262e-05
90.0,377,944.4444444444445,611.1111111111111,122.5,6.0082555623968155,0.7278158601734478,0.972909043696328,7.983460198908825e-05
90.0,378,55.55555555555556,722.2222222222223,122.5,6.012802188801327,0.7277898394612863,0.972914291121587,7.989534200763007e-05
90.0,379,166.66666666666669,722.2222222222223,122.5,6.006607165982699,0.7278247719722628,0.9729071388209158,7.981258039340294e-05
90.0,380,277.77777777777777,722.2222222222223,122.5,5.99437832323269,0.727887563576265,0.9728929773816928,7.964920991787919e-05
90.0,381,388.8888888888889,722.2222222222223,122.5,5.978143914321562,0.7279209775893903,0.9728740882745591,7.943232561303895e-05
90.0,382,500.0,722.2222222222223,122.5,5.966337604796582,0.7278398450940331,0.9728602877294522,7.927459752056391e-05
90.0,383,611.1111111111111,722.2222222222223,122.5,5.9781439143215644,0.7279209775893907,0.9728740882745517,7.943232561303834e-05
90.0,384,722.2222222222223,722.2222222222223,122.5,5.994378323232696,0.7278875635762654,0.9728929773816853,7.964920991787858e-05
90.0,385,833.3333333333334,722.2222222222223,122.5,6.00660716598271,0.7278247719722627,0.9729071388209176,7.98125803934032e-05
90.0,386,944.4444444444445,722.2222222222223,122.5,6.012802188801328,0.7277898394612866,0.972914291121608,7.989534200763194e-05
90.0,387,55.55555555555556,833.3333333333334,122.5,6.017189055781388,0.7277662217094959,0.9729193478723935,7.995394769499335e-05
90.0,388,166.66666666666669,833.3333333333334,122.5,6.0134335886390025,0.7277859248652729,0.9729150197348402,7.990377713559483e-05
90.0,389,277.77777777777777,833.3333333333334,122.5,6.006607165982699,0.7278247719722624,0.9729071388209141,7.981258039340279e-05
90.0,390,388.8888888888889,833.3333333333334,122.5,5.998823947034938,0.7278650278491353,0.9728981323383387,7.970860109462534e-05
90.0,391,500.0,833.3333333333334,122.5,5.994531070210385,0.7278746402231336,0.9728931543273435,7.965125051442573e-05
90.0,392,611.1111111111111,833.3333333333334,122.5,5.998823947034939,0.7278650278491356,0.9728981323383401,7.970860109462547e-05
90.0,393,722.2222222222223,833.3333333333334,122.5,6.006607165982705,0.7278247719722631,0.972907138820919,7.981258039340331e-05
90.0,394,833.3333333333334,833.3333333333334,122.5,6.013433588639009,0.7277859248652734,0.972915019734843,7.99037771355952e-05
90.0,395,944.4444444444445,833.3333333333334,122.5,6.017189055781409,0.7277662217094963,0.9729193478723991,7.995394769499423e-05
90.0,396,55.55555555555556,944.4444444444445,122.5,6.0197388005732995,0.7277533348993105,0.9729222828656523,7.998801049993615e-05
90.0,397,166.66666666666669,944.4444444444445,122.5,6.017189055781386,0.7277662217094955,0.9729193478724006,7.995394769499393e-05
90.0,398,277.77777777777777,944.4444444444445,122.5,6.012802188801316,0.7277898394612874,0.97291429112158,7.989534200762935e-05
90.0,399,388.8888888888889,944.4444444444445,122.5,6.008255562396807,0.7278158601734478,0.9729090436963367,7.983460198908881e-05
90.0,400,500.0,944.4444444444445,122.5,6.006111962479301,0.7278269628157881,0.9729065661503398,7.98059647476724e-05
90.0,401,611.1111111111111,944.4444444444445,122.5,6.008255562396806,0.7278158601734482,0.9729090436963289,7.983460198908817e-05
90.0,402,722.2222222222223,944.4444444444445,122.5,6.012802188801324,0.7277898394612872,0.9729142911215808,7.989534200762955e-05
90.0,403,833.3333333333334,944.4444444444445,122.5,6.017189055781407,0.7277662217094961,0.9729193478723985,7.995394769499419e-05
90.0,404,944.4444444444445,944.4444444444445,122.5,6.019738800573311,0.7277533348993112,0.9729222828656475,7.99880104999359e-05
90.0,405,55.55555555555556,55.55555555555556,127.5,6.458352302424433,0.0,0.0,7.857508013012663e-05
90.0,406,166.66666666666669,55.55555555555556,127.5,6.455736027909599,0.0,0.0,7.857500809458563e-05
90.0,407,277.77777777777777,55.55555555555556,127.5,6.451241278457782,0.0,0.0,7.857488616246849e-05
90.0,408,388.8888888888889,55.55555555555556,127.5,6.446593619261376,0.0,0.0,7.857476472479545e-05
90.0,409,500.0,55.55555555555556,127.5,6.444413764632268,0.0,0.0,7.857471431088987e-05
90.0,410,611.1111111111111,55.55555555555556,127.5,6.44659361926139,0.0,0.0,7.857476472479554e-05
90.0,411,722.2222222222223,55.55555555555556,127.5,6.451241278457781,0.0,0.0,7.85748861624685e-05
90.0,412,833.3333333333334,55.55555555555556,127.5,6.455736027909576,0.0,0.0,7.857500809458576e-05
90.0,413,944.4444444444445,55.55555555555556,127.5,6.458352302424377,0.0,0.0,7.85750801301267e-05
90.0,414,55.55555555555556,166.66666666666669,127.5,6.45573602790961,0.0,0.0,7.857500809458576e-05
90.0,415,166.66666666666669,166.66666666666669,127.5,6.451897409562976,0.0,0.0,7.857490485594963e-05
90.0,416,277.77777777777777,166.66666666666669,127.5,6.444933447964631,0.0,0.0,7.857472411532107e-05
90.0,417,388.8888888888889,166.66666666666669,127.5,6.437027275987096,0.0,0.0,7.857454526185093e-05
90.0,418,500.0,166.66666666666669,127.5,6.432719486106017,0.0,0.0,7.857451182713087e-05
90.0,419,611.1111111111111,166.66666666666669,127.5,6.4370272759871,0.0,0.0,7.857454526185093e-05
90.0,420,722.2222222222223,166.66666666666669,127.5,6.444933447964632,0.0,0.0,7.857472411532107e-05
90.0,421,833.3333333333334,166.66666666666669,127.5,6.451897409562957,0.0,0.0,7.85749048559496e-05
90.0,422,944.4444444444445,166.66666666666669,127.5,6.455736027909565,0.0,0.0,7.857500809458574e-05
90.0,423,55.55555555555556,277.77777777777777,127.5,6.451241278457797,0.0,0.0,7.857488616246846e-05
90.0,424,166.66666666666669,277.77777777777777,127.5,6.444933447964648,0.0,0.0,7.857472411532113e-05
90.0,425,277.77777777777777,277.77777777777777,127.5,6.432506128972626,0.0,0.0,7.857444782581988e-05
90.0,426,388.8888888888889,277.77777777777777,127.5,6.4162605180106205,0.0,0.0,7.857433915993714e-05
90.0,427,500.0,277.77777777777777,127.5,6.405019358284727,0.0,0.0,7.857477256549144e-05
90.0,428,611.1111111111111,277.77777777777777,127.5,6.416260518010631,0.0,0.0,7.857433915993708e-05
90.0,429,722.2222222222223,277.77777777777777,127.5,6.43250612897261,0.0,0.0,7.85744478258198e-05
90.0,430,833.3333333333334,277.77777777777777,127.5,6.444933447964622,0.0,0.0,7.85747241153211e-05
90.0,431,944.4444444444445,277.77777777777777,127.5,6.451241278457779,0.0,0.0,7.85748861624685e-05
90.0,432,55.55555555555556,388.8888888888889,127.5,6.446593619261403,0.0,0.0,7.857476472479552e-05
90.0,433,166.66666666666669,388.8888888888889,127.5,6.437027275987122,0.0,0.0,7.857454526185097e-05
90.0,434,277.77777777777777,388.8888888888889,127.5,6.416260518010636,0.0,0.0,7.857433915993702e-05
90.0,435,388.8888888888889,388.8888888888889,127.5,6.383583734879996,0.0,0.0,7.857519083053793e-05
90.0,436,500.0,388.8888888888889,127.5,6.351011864063682,0.0,0.0,7.857980368755835e-05
90.0,437,611.1111111111111,388.8888888888889,127.5,6.383583734879986,0.0,0.0,7.857519083053792e-05
90.0,438,722.2222222222223,388.8888888888889,127.5,6.416260518010638,0.0,0.0,7.857433915993702e-05
90.0,439,833.3333333333334,388.8888888888889,127.5,6.437027275987111,0.0,0.0,7.857454526185098e-05
90.0,440,944.4444444444445,388.8888888888889,127.5,6.446593619261393,0.0,0.0,7.857476472479556e-05
90.0,441,55.55555555555556,500.0,127.5,6.444413764632282,0.0,0.0,7.857471431089e-05
90.0,442,166.66666666666669,500.0,127.5,6.432719486106024,0.0,0.0,7.857451182713093e-05
90.0,443,277.77777777777777,500.0,127.5,6.405019358284728,0.0,0.0,7.857477256549149e-05
90.0,444,388.8888888888889,500.0,127.5,6.3510118640636755,0.0,0.0,7.857980368755823e-05
90.0,445,500.0,500.0,127.5,6.264325397848081,0.0,0.0,7.860983702369109e-05
90.0,446,611.1111111111111,500.0,127.5,6.351011864063685,0.0,0.0,7.857980368755826e-05
90.0,447,722.2222222222223,500.0,127.5,6.405019358284748,0.0,0.0,7.857477256549144e-05
90.0,448,833.3333333333334,500.0,127.5,6.432719486106039,0.0,0.0,7.857451182713097e-05
90.0,449,944.4444444444445,500.0,127.5,6.444413764632291,0.0,0.0,7.857471431088987e-05
90.0,450,55.55555555555556,611.1111111111111,127.5,6.446593619261373,0.0,0.0,7.857476472479547e-05
90.0,451,166.66666666666669,611.1111111111111,127.5,6.437027275987113,0.0,0.0,7.857454526185089e-05
90.0,452,277.77777777777777,611.1111111111111,127.5,6.416260518010623,0.0,0.0,7.857433915993703e-05
90.0,453,388.8888888888889,611.1111111111111,127.5,6.383583734880002,0.0,0.0,7.857519083053793e-05
90.0,454,500.0,611.1111111111111,127.5,6.35101186406367,0.0,0.0,7.857980368755835e-05
90.0,455,611.1111111111111,611.1111111111111,127.5,6.383583734880014,0.0,0.0,7.857519083053798e-05
90.0,456,722.2222222222223,611.1111111111111,127.5,6.416260518010646,0.0,0.0,7.857433915993703e-05
90.0,457,833.3333333333334,611.1111111111111,127.5,6.437027275987115,0.0,0.0,7.857454526185093e-05
90.0,458,944.4444444444445,611.1111111111111,127.5,6.446593619261383,0.0,0.0,7.857476472479535e-05
90.0,459,55.55555555555556,722.2222222222223,127.5,6.451241278457786,0.0,0.0,7.85748861624684e-05
90.0,460,166.66666666666669,722.2222222222223,127.5,6.444933447964632,0.0,0.0,7.857472411532107e-05
90.0,461,277.77777777777777,722.2222222222223,127.5,6.432506128972623,0.0,0.0,7.857444782581985e-05
90.0,462,388.8888888888889,722.2222222222223,127.5,6.416260518010634,0.0,0.0,7.857433915993708e-05
90.0,463,500.0,722.2222222222223,127.5,6.405019358284734,0.0,0.0,7.857477256549148e-05
90.0,464,611.1111111111111,722.2222222222223,127.5,6.416260518010637,0.0,0.0,7.857433915993708e-05
90.0,465,722.2222222222223,722.2222222222223,127.5,6.432506128972629,0.0,0.0,7.857444782581992e-05
90.0,466,833.3333333333334,722.2222222222223,127.5,6.444933447964635,0.0,0.0,7.857472411532105e-05
90.0,467,944.4444444444445,722.2222222222223,127.5,6.451241278457782,0.0,0.0,7.857488616246849e-05
90.0,468,55.55555555555556,833.3333333333334,127.5,6.455736027909542,0.0,0.0,7.85750080945858e-05
90.0,469,166.66666666666669,833.3333333333334,127.5,6.451897409562953,0.0,0.0,7.85749048559496e-05
90.0,470,277.77777777777777,833.3333333333334,127.5,6.44493344796463,0.0,0.0,7.857472411532111e-05
90.0,471,388.8888888888889,833.3333333333334,127.5,6.437027275987107,0.0,0.0,7.857454526185105e-05
90.0,472,500.0,833.3333333333334,127.5,6.432719486106016,0.0,0.0,7.85745118271309e-05
90.0,473,611.1111111111111,833.3333333333334,127.5,6.4370272759871,0.0,0.0,7.857454526185103e-05
90.0,474,722.2222222222223,833.3333333333334,127.5,6.444933447964633,0.0,0.0,7.8574724115321e-05
90.0,475,833.3333333333334,833.3333333333334,127.5,6.451897409562951,0.0,0.0,7.85749048559496e-05
90.0,476,944.4444444444445,833.3333333333334,127.5,6.455736027909559,0.0,0.0,7.85750080945858e-05
90.0,477,55.55555555555556,944.4444444444445,127.5,6.458352302424371,0.0,0.0,7.857508013012661e-05
90.0,478,166.66666666666669,944.4444444444445,127.5,6.4557360279095475,0.0,0.0,7.85750080945857e-05
90.0,479,277.77777777777777,944.4444444444445,127.5,6.45124127845777,0.0,0.0,7.857488616246846e-05
90.0,480,388.8888888888889,944.4444444444445,127.5,6.4465936192613915,0.0,0.0,7.857476472479542e-05
90.0,481,500.0,944.4444444444445,127.5,6.4444137646322694,0.0,0.0,7.857471431089006e-05
90.0,482,611.1111111111111,944.4444444444445,127.5,6.446593619261371,0.0,0.0,7.857476472479549e-05
90.0,483,722.2222222222223,944.4444444444445,127.5,6.451241278457774,0.0,0.0,7.857488616246846e-05
90.0,484,833.3333333333334,944.4444444444445,127.5,6.455736027909565,0.0,0.0,7.857500809458575e-05
90.0,485,944.4444444444445,944.4444444444445,127.5,6.4583523024243705,0.0,0.0,7.857508013012674e-05
90.0,486,55.55555555555556,55.55555555555556,132.5,6.981537687680707,0.0,0.0,8.471512018196475e-05
90.0,487,166.66666666666669,55.55555555555556,132.5,6.978893973221648,0.0,0.0,8.471507206981872e-05
90.0,488,277.77777777777777,55.55555555555556,132.5,6.974357529331154,0.0,0.0,8.471499071835317e-05
90.0,489,388.8888888888889,55.55555555555556,132.5,6.969675411271244,0.0,0.0,8.471490997460606e-05
90.0,490,500.0,55.55555555555556,132.5,6.96748488123657,0.0,0.0,8.471487693388292e-05
90.0,491,611.1111111111111,55.55555555555556,132.5,6.969675411271248,0.0,0.0,8.47149099746059e-05
90.0,492,722.2222222222223,55.55555555555556,132.5,6.974357529331151,0.0,0.0,8.47149907183532e-05
90.0,493,833.3333333333334,55.55555555555556,132.5,6.978893973221628,0.0,0.0,8.471507206981872e-05
90.0,494,944.4444444444445,55.55555555555556,132.5,6.98153768768065,0.0,0.0,8.47151201819647e-05
90.0,495,55.55555555555556,166.66666666666669,132.5,6.978893973221658,0.0,0.0,8.471507206981873e-05
90.0,496,166.66666666666669,166.66666666666669,132.5,6.975025797408807,0.0,0.0,8.47150032544649e-05
90.0,497,277.77777777777777,166.66666666666669,132.5,6.968019960472511,0.0,0.0,8.471488336354716e-05
90.0,498,388.8888888888889,166.66666666666669,132.5,6.960094110661963,0.0,0.0,8.471476730564265e-05
90.0,499,500.0,166.66666666666669,132.5,6.955811449416764,0.0,0.0,8.47147492930301e-05
90.0,500,611.1111111111111,166.66666666666669,132.5,6.960094110661962,0.0,0.0,8.471476730564273e-05
90.0,501,722.2222222222223,166.66666666666669,132.5,6.9680199604725175,0.0,0.0,8.471488336354715e-05
90.0,502,833.3333333333334,166.66666666666669,132.5,6.975025797408794,0.0,0.0,8.47150032544649e-05
90.0,503,944.4444444444445,166.66666666666669,132.5,6.97889397322161,0.0,0.0,8.471507206981881e-05
90.0,504,55.55555555555556,277.77777777777777,132.5,6.97435752933116,0.0,0.0,8.471499071835321e-05
90.0,505,166.66666666666669,277.77777777777777,132.5,6.968019960472518,0.0,0.0,8.471488336354711e-05
90.0,506,277.77777777777777,277.77777777777777,132.5,6.9555772256438,0.0,0.0,8.471470441320237e-05
90.0,507,388.8888888888889,277.77777777777777,132.5,6.939427290981805,0.0,0.0,8.471464679250659e-05
90.0,508,500.0,277.77777777777777,132.5,6.928463781482131,0.0,0.0,8.471496055354343e-05
90.0,509,611.1111111111111,277.77777777777777,132.5,6.939427290981819,0.0,0.0,8.471464679250667e-05
90.0,510,722.2222222222223,277.77777777777777,132.5,6.955577225643786,0.0,0.0,8.471470441320239e-05
90.0,511,833.3333333333334,277.77777777777777,132.5,6.968019960472491,0.0,0.0,8.471488336354711e-05
90.0,512,944.4444444444445,277.77777777777777,132.5,6.974357529331136,0.0,0.0,8.471499071835326e-05
90.0,513,55.55555555555556,388.8888888888889,132.5,6.969675411271251,0.0,0.0,8.471490997460602e-05
90.0,514,166.66666666666669,388.8888888888889,132.5,6.960094110661991,0.0,0.0,8.471476730564262e-05
90.0,515,277.77777777777777,388.8888888888889,132.5,6.939427290981821,0.0,0.0,8.471464679250653e-05
90.0,516,388.8888888888889,388.8888888888889,132.5,6.907409729715477,0.0,0.0,8.471527930961316e-05
90.0,517,500.0,388.8888888888889,132.5,6.877071113664012,0.0,0.0,8.471841611167058e-05
90.0,518,611.1111111111111,388.8888888888889,132.5,6.907409729715463,0.0,0.0,8.471527930961316e-05
90.0,519,722.2222222222223,388.8888888888889,132.5,6.9394272909818255,0.0,0.0,8.471464679250661e-05
90.0,520,833.3333333333334,388.8888888888889,132.5,6.960094110661975,0.0,0.0,8.47147673056427e-05
90.0,521,944.4444444444445,388.8888888888889,132.5,6.969675411271252,0.0,0.0,8.471490997460588e-05
90.0,522,55.55555555555556,500.0,132.5,6.967484881236587,0.0,0.0,8.471487693388285e-05
90.0,523,166.66666666666669,500.0,132.5,6.955811449416764,0.0,0.0,8.471474929303008e-05
90.0,524,277.77777777777777,500.0,132.5,6.928463781482129,0.0,0.0,8.471496055354336e-05
90.0,525,388.8888888888889,500.0,132.5,6.877071113664009,0.0,0.0,8.471841611167048e-05
90.0,526,500.0,500.0,132.5,6.803928055834474,0.0,0.0,8.473704777925394e-05
90.0,527,611.1111111111111,500.0,132.5,6.87707111366402,0.0,0.0,8.471841611167062e-05
90.0,528,722.2222222222223,500.0,132.5,6.928463781482155,0.0,0.0,8.471496055354343e-05
90.0,529,833.3333333333334,500.0,132.5,6.955811449416782,0.0,0.0,8.471474929303014e-05
90.0,530,944.4444444444445,500.0,132.5,6.967484881236589,0.0,0.0,8.471487693388293e-05
90.0,531,55.55555555555556,611.1111111111111,132.5,6.969675411271217,0.0,0.0,8.471490997460594e-05
90.0,532,166.66666666666669,611.1111111111111,132.5,6.960094110661983,0.0,0.0,8.471476730564269e-05
90.0,533,277.77777777777777,611.1111111111111,132.5,6.939427290981802,0.0,0.0,8.471464679250656e-05
90.0,534,388.8888888888889,611.1111111111111,132.5,6.907409729715489,0.0,0.0,8.47152793096131e-05
90.0,535,500.0,611.1111111111111,132.5,6.8770711136640035,0.0,0.0,8.471841611167056e-05
90.0,536,611.1111111111111,611.1111111111111,132.5,6.907409729715499,0.0,0.0,8.471527930961316e-05
90.0,537,722.2222222222223,611.1111111111111,132.5,6.939427290981836,0.0,0.0,8.471464679250656e-05
90.0,538,833.3333333333334,611.1111111111111,132.5,6.960094110661968,0.0,0.0,8.471476730564273e-05
90.0,539,944.4444444444445,611.1111111111111,132.5,6.9696754112712345,0.0,0.0,8.47149099746059e-05
90.0,540,55.55555555555556,722.2222222222223,132.5,6.974357529331153,0.0,0.0,8.471499071835325e-05
90.0,541,166.66666666666669,722.2222222222223,132.5,6.968019960472514,0.0,0.0,8.471488336354712e-05
90.0,542,277.77777777777777,722.2222222222223,132.5,6.9555772256437995,0.0,0.0,8.471470441320251e-05
90.0,543,388.8888888888889,722.2222222222223,132.5,6.9394272909818255,0.0,0.0,8.471464679250656e-05
90.0,544,500.0,722.2222222222223,132.5,6.928463781482142,0.0,0.0,8.471496055354343e-05
90.0,545,611.1111111111111,722.2222222222223,132.5,6.939427290981827,0.0,0.0,8.471464679250661e-05
90.0,546,722.2222222222223,722.2222222222223,132.5,6.9555772256438,0.0,0.0,8.471470441320247e-05
90.0,547,833.3333333333334,722.2222222222223,132.5,6.968019960472504,0.0,0.0,8.471488336354715e-05
90.0,548,944.4444444444445,722.2222222222223,132.5,6.974357529331145,0.0,0.0,8.471499071835314e-05
90.0,549,55.55555555555556,833.3333333333334,132.5,6.978893973221585,0.0,0.0,8.471507206981872e-05
90.0,550,166.66666666666669,833.3333333333334,132.5,6.975025797408789,0.0,0.0,8.47150032544648e-05
90.0,551,277.77777777777777,833.3333333333334,132.5,6.9680199604725095,0.0,0.0,8.471488336354707e-05
90.0,552,388.8888888888889,833.3333333333334,132.5,6.960094110661972,0.0,0.0,8.471476730564272e-05
90.0,553,500.0,833.3333333333334,132.5,6.955811449416758,0.0,0.0,8.471474929303021e-05
90.0,554,611.1111111111111,833.3333333333334,132.5,6.960094110661955,0.0,0.0,8.471476730564264e-05
90.0,555,722.2222222222223,833.3333333333334,132.5,6.9680199604725095,0.0,0.0,8.471488336354714e-05
90.0,556,833.3333333333334,833.3333333333334,132.5,6.975025797408786,0.0,0.0,8.471500325446486e-05
90.0,557,944.4444444444445,833.3333333333334,132.5,6.9788939732215995,0.0,0.0,8.471507206981883e-05
90.0,558,55.55555555555556,944.4444444444445,132.5,6.981537687680649,0.0,0.0,8.47151201819647e-05
90.0,559,166.66666666666669,944.4444444444445,132.5,6.978893973221598,0.0,0.0,8.471507206981869e-05
90.0,560,277.77777777777777,944.4444444444445,132.5,6.97435752933113,0.0,0.0,8.471499071835312e-05
90.0,561,388.8888888888889,944.4444444444445,132.5,6.969675411271256,0.0,0.0,8.471490997460591e-05
90.0,562,500.0,944.4444444444445,132.5,6.9674848812365715,0.0,0.0,8.471487693388284e-05
90.0,563,611.1111111111111,944.4444444444445,132.5,6.96967541127122,0.0,0.0,8.471490997460596e-05
90.0,564,722.2222222222223,944.4444444444445,132.5,6.974357529331135,0.0,0.0,8.471499071835316e-05
90.0,565,833.3333333333334,944.4444444444445,132.5,6.9788939732216155,0.0,0.0,8.471507206981879e-05
90.0,566,944.4444444444445,944.4444444444445,132.5,6.981537687680639,0.0,0.0,8.471512018196473e-05
90.0,567,55.55555555555556,55.55555555555556,137.5,7.493113028353196,0.0,0.0,9.0853626921693e-05
90.0,568,166.66666666666669,55.55555555555556,137.5,7.490451123508073,0.0,0.0,9.085360283191147e-05
90.0,569,277.77777777777777,55.55555555555556,137.5,7.48588709252324,0.0,0.0,9.08535621251208e-05
90.0,570,388.8888888888889,55.55555555555556,137.5,7.481182332417408,0.0,0.0,9.085352180841847e-05
90.0,571,500.0,55.55555555555556,137.5,7.47898504857115,0.0,0.0,9.085350545512574e-05
90.0,572,611.1111111111111,55.55555555555556,137.5,7.48118233241741,0.0,0.0,9.085352180841835e-05
90.0,573,722.2222222222223,55.55555555555556,137.5,7.485887092523229,0.0,0.0,9.085356212512097e-05
90.0,574,833.3333333333334,55.55555555555556,137.5,7.490451123508047,0.0,0.0,9.085360283191132e-05
90.0,575,944.4444444444445,55.55555555555556,137.5,7.493113028353141,0.0,0.0,9.085362692169298e-05
90.0,576,55.55555555555556,166.66666666666669,137.5,7.490451123508076,0.0,0.0,9.085360283191147e-05
90.0,577,166.66666666666669,166.66666666666669,137.5,7.486563437103806,0.0,0.0,9.085356841696323e-05
90.0,578,277.77777777777777,166.66666666666669,137.5,7.479530336253515,0.0,0.0,9.085350863996299e-05
90.0,579,388.8888888888889,166.66666666666669,137.5,7.471592743552264,0.0,0.0,9.085345154708058e-05
90.0,580,500.0,166.66666666666669,137.5,7.46732826383443,0.0,0.0,9.085344381625937e-05
90.0,581,611.1111111111111,166.66666666666669,137.5,7.471592743552251,0.0,0.0,9.085345154708064e-05
90.0,582,722.2222222222223,166.66666666666669,137.5,7.479530336253523,0.0,0.0,9.085350863996289e-05
90.0,583,833.3333333333334,166.66666666666669,137.5,7.486563437103803,0.0,0.0,9.08535684169633e-05
90.0,584,944.4444444444445,166.66666666666669,137.5,7.490451123508024,0.0,0.0,9.085360283191135e-05
90.0,585,55.55555555555556,277.77777777777777,137.5,7.485887092523234,0.0,0.0,9.085356212512078e-05
90.0,586,166.66666666666669,277.77777777777777,137.5,7.4795303362535135,0.0,0.0,9.085350863996301e-05
90.0,587,277.77777777777777,277.77777777777777,137.5,7.467079419233402,0.0,0.0,9.085342070992295e-05
90.0,588,388.8888888888889,277.77777777777777,137.5,7.450999286411082,0.0,0.0,9.085339634087675e-05
90.0,589,500.0,277.77777777777777,137.5,7.440231264038656,0.0,0.0,9.085356044996101e-05
90.0,590,611.1111111111111,277.77777777777777,137.5,7.450999286411097,0.0,0.0,9.08533963408768e-05
90.0,591,722.2222222222223,277.77777777777777,137.5,7.46707941923339,0.0,0.0,9.085342070992296e-05
90.0,592,833.3333333333334,277.77777777777777,137.5,7.479530336253485,0.0,0.0,9.085350863996285e-05
90.0,593,944.4444444444445,277.77777777777777,137.5,7.485887092523212,0.0,0.0,9.085356212512086e-05
90.0,594,55.55555555555556,388.8888888888889,137.5,7.481182332417404,0.0,0.0,9.085352180841842e-05
90.0,595,166.66666666666669,388.8888888888889,137.5,7.47159274355229,0.0,0.0,9.085345154708064e-05
90.0,596,277.77777777777777,388.8888888888889,137.5,7.450999286411093,0.0,0.0,9.08533963408767e-05
90.0,597,388.8888888888889,388.8888888888889,137.5,7.419447483910548,0.0,0.0,9.085373156799014e-05
90.0,598,500.0,388.8888888888889,137.5,7.390621557046952,0.0,0.0,9.085531441165637e-05
90.0,599,611.1111111111111,388.8888888888889,137.5,7.419447483910535,0.0,0.0,9.085373156799019e-05
90.0,600,722.2222222222223,388.8888888888889,137.5,7.450999286411107,0.0,0.0,9.085339634087686e-05
90.0,601,833.3333333333334,388.8888888888889,137.5,7.471592743552277,0.0,0.0,9.08534515470806e-05
90.0,602,944.4444444444445,388.8888888888889,137.5,7.481182332417414,0.0,0.0,9.085352180841846e-05
90.0,603,55.55555555555556,500.0,137.5,7.478985048571171,0.0,0.0,9.085350545512564e-05
90.0,604,166.66666666666669,500.0,137.5,7.467328263834415,0.0,0.0,9.085344381625941e-05
90.0,605,277.77777777777777,500.0,137.5,7.440231264038649,0.0,0.0,9.085356044996104e-05
90.0,606,388.8888888888889,500.0,137.5,7.390621557046938,0.0,0.0,9.08553144116563e-05
90.0,607,500.0,500.0,137.5,7.325884985801018,0.0,0.0,9.086422750525708e-05
90.0,608,611.1111111111111,500.0,137.5,7.390621557046954,0.0,0.0,9.085531441165637e-05
90.0,609,722.2222222222223,500.0,137.5,7.440231264038674,0.0,0.0,9.085356044996095e-05
90.0,610,833.3333333333334,500.0,137.5,7.46732826383444,0.0,0.0,9.085344381625928e-05
90.0,611,944.4444444444445,500.0,137.5,7.4789850485711655,0.0,0.0,9.085350545512576e-05
90.0,612,55.55555555555556,611.1111111111111,137.5,7.48118233241737,0.0,0.0,9.08535218084185e-05
90.0,613,166.66666666666669,611.1111111111111,137.5,7.471592743552281,0.0,0.0,9.085345154708063e-05
90.0,614,277.77777777777777,611.1111111111111,137.5,7.450999286411075,0.0,0.0,9.085339634087674e-05
90.0,615,388.8888888888889,611.1111111111111,137.5,7.419447483910562,0.0,0.0,9.085373156799015e-05
90.0,616,500.0,611.1111111111111,137.5,7.39062155704694,0.0,0.0,9.08553144116563e-05
90.0,617,611.1111111111111,611.1111111111111,137.5,7.41944748391057,0.0,0.0,9.085373156799015e-05
90.0,618,722.2222222222223,611.1111111111111,137.5,7.450999286411114,0.0,0.0,9.085339634087678e-05
90.0,619,833.3333333333334,611.1111111111111,137.5,7.471592743552258,0.0,0.0,9.085345154708063e-05
90.0,620,944.4444444444445,611.1111111111111,137.5,7.481182332417388,0.0,0.0,9.085352180841847e-05
90.0,621,55.55555555555556,722.2222222222223,137.5,7.485887092523233,0.0,0.0,9.085356212512087e-05
90.0,622,166.66666666666669,722.2222222222223,137.5,7.479530336253516,0.0,0.0,9.085350863996285e-05
90.0,623,277.77777777777777,722.2222222222223,137.5,7.467079419233402,0.0,0.0,9.085342070992293e-05
90.0,624,388.8888888888889,722.2222222222223,137.5,7.450999286411105,0.0,0.0,9.085339634087674e-05
90.0,625,500.0,722.2222222222223,137.5,7.440231264038662,0.0,0.0,9.085356044996093e-05
90.0,626,611.1111111111111,722.2222222222223,137.5,7.45099928641111,0.0,0.0,9.085339634087678e-05
90.0,627,722.2222222222223,722.2222222222223,137.5,7.4670794192334045,0.0,0.0,9.08534207099229e-05
90.0,628,833.3333333333334,722.2222222222223,137.5,7.4795303362535,0.0,0.0,9.085350863996294e-05
90.0,629,944.4444444444445,722.2222222222223,137.5,7.485887092523229,0.0,0.0,9.085356212512075e-05
90.0,630,55.55555555555556,833.3333333333334,137.5,7.490451123508004,0.0,0.0,9.085360283191139e-05
90.0,631,166.66666666666669,833.3333333333334,137.5,7.486563437103795,0.0,0.0,9.085356841696326e-05
90.0,632,277.77777777777777,833.3333333333334,137.5,7.479530336253519,0.0,0.0,9.085350863996297e-05
90.0,633,388.8888888888889,833.3333333333334,137.5,7.4715927435522715,0.0,0.0,9.085345154708059e-05
90.0,634,500.0,833.3333333333334,137.5,7.467328263834418,0.0,0.0,9.08534438162595e-05
90.0,635,611.1111111111111,833.3333333333334,137.5,7.471592743552248,0.0,0.0,9.085345154708063e-05
90.0,636,722.2222222222223,833.3333333333334,137.5,7.479530336253514,0.0,0.0,9.085350863996293e-05
90.0,637,833.3333333333334,833.3333333333334,137.5,7.486563437103783,0.0,0.0,9.085356841696339e-05
90.0,638,944.4444444444445,833.3333333333334,137.5,7.490451123508014,0.0,0.0,9.085360283191143e-05
90.0,639,55.55555555555556,944.4444444444445,137.5,7.493113028353139,0.0,0.0,9.0853626921693e-05
90.0,640,166.66666666666669,944.4444444444445,137.5,7.49045112350801,0.0,0.0,9.085360283191144e-05
90.0,641,277.77777777777777,944.4444444444445,137.5,7.485887092523205,0.0,0.0,9.085356212512094e-05
90.0,642,388.8888888888889,944.4444444444445,137.5,7.481182332417417,0.0,0.0,9.085352180841846e-05
90.0,643,500.0,944.4444444444445,137.5,7.478985048571143,0.0,0.0,9.085350545512573e-05
90.0,644,611.1111111111111,944.4444444444445,137.5,7.481182332417371,0.0,0.0,9.08535218084184e-05
90.0,645,722.2222222222223,944.4444444444445,137.5,7.485887092523214,0.0,0.0,9.085356212512094e-05
90.0,646,833.3333333333334,944.4444444444445,137.5,7.4904511235080395,0.0,0.0,9.085360283191148e-05
90.0,647,944.4444444444445,944.4444444444445,137.5,7.493113028353119,0.0,0.0,9.085362692169306e-05
90.0,648,55.55555555555556,55.55555555555556,142.5,7.993079350680252,0.0,0.0,9.699058876156873e-05
90.0,649,166.66666666666669,55.55555555555556,142.5,7.990408358465399,0.0,0.0,9.699058873581332e-05
90.0,650,277.77777777777777,55.55555555555556,142.5,7.985830557903121,0.0,0.0,9.699058868888536e-05
90.0,651,388.8888888888889,55.55555555555556,142.5,7.9811145371602095,0.0,0.0,9.699058863636764e-05
90.0,652,500.0,55.55555555555556,142.5,7.9789139669981965,0.0,0.0,9.699058860957111e-05
90.0,653,611.1111111111111,55.55555555555556,142.5,7.981114537160203,0.0,0.0,9.699058863636775e-05
90.0,654,722.2222222222223,55.55555555555556,142.5,7.985830557903108,0.0,0.0,9.699058868888553e-05
90.0,655,833.3333333333334,55.55555555555556,142.5,7.99040835846537,0.0,0.0,9.699058873581318e-05
90.0,656,944.4444444444445,55.55555555555556,142.5,7.993079350680202,0.0,0.0,9.699058876156881e-05
90.0,657,55.55555555555556,166.66666666666669,142.5,7.9904083584653955,0.0,0.0,9.699058873581312e-05
90.0,658,166.66666666666669,166.66666666666669,142.5,7.986510942605544,0.0,0.0,9.699058869323644e-05
90.0,659,277.77777777777777,166.66666666666669,142.5,7.9794643474313185,0.0,0.0,9.699058860999114e-05
90.0,660,388.8888888888889,166.66666666666669,142.5,7.9715212341120365,0.0,0.0,9.6990588505521e-05
90.0,661,500.0,166.66666666666669,142.5,7.967266248082868,0.0,0.0,9.699058844238132e-05
90.0,662,611.1111111111111,166.66666666666669,142.5,7.9715212341120125,0.0,0.0,9.6990588505521e-05
90.0,663,722.2222222222223,166.66666666666669,142.5,7.9794643474313265,0.0,0.0,9.699058860999137e-05
90.0,664,833.3333333333334,166.66666666666669,142.5,7.986510942605545,0.0,0.0,9.69905886932364e-05
90.0,665,944.4444444444445,166.66666666666669,142.5,7.990408358465342,0.0,0.0,9.699058873581309e-05
90.0,666,55.55555555555556,277.77777777777777,142.5,7.985830557903114,0.0,0.0,9.699058868888534e-05
90.0,667,166.66666666666669,277.77777777777777,142.5,7.979464347431313,0.0,0.0,9.699058860999114e-05
90.0,668,277.77777777777777,277.77777777777777,142.5,7.967009873380523,0.0,0.0,9.699058844027581e-05
90.0,669,388.8888888888889,277.77777777777777,142.5,7.9509663439494505,0.0,0.0,9.699058819149424e-05
90.0,670,500.0,277.77777777777777,142.5,7.940299028487014,0.0,0.0,9.699058800209567e-05
90.0,671,611.1111111111111,277.77777777777777,142.5,7.950966343949462,0.0,0.0,9.699058819149425e-05
90.0,672,722.2222222222223,277.77777777777777,142.5,7.967009873380519,0.0,0.0,9.699058844027598e-05
90.0,673,833.3333333333334,277.77777777777777,142.5,7.97946434743128,0.0,0.0,9.699058860999132e-05
90.0,674,944.4444444444445,277.77777777777777,142.5,7.985830557903092,0.0,0.0,9.699058868888547e-05
90.0,675,55.55555555555556,388.8888888888889,142.5,7.981114537160194,0.0,0.0,9.699058863636768e-05
90.0,676,166.66666666666669,388.8888888888889,142.5,7.971521234112058,0.0,0.0,9.699058850552101e-05
90.0,677,277.77777777777777,388.8888888888889,142.5,7.950966343949459,0.0,0.0,9.69905881914943e-05
90.0,678,388.8888888888889,388.8888888888889,142.5,7.919654939988385,0.0,0.0,9.699058764355177e-05
90.0,679,500.0,388.8888888888889,142.5,7.891590681797628,0.0,0.0,9.699058708540044e-05
90.0,680,611.1111111111111,388.8888888888889,142.5,7.919654939988369,0.0,0.0,9.69905876435517e-05
90.0,681,722.2222222222223,388.8888888888889,142.5,7.9509663439494735,0.0,0.0,9.699058819149417e-05
90.0,682,833.3333333333334,388.8888888888889,142.5,7.971521234112046,0.0,0.0,9.699058850552097e-05
90.0,683,944.4444444444445,388.8888888888889,142.5,7.981114537160211,0.0,0.0,9.699058863636776e-05
90.0,684,55.55555555555556,500.0,142.5,7.978913966998217,0.0,0.0,9.699058860957111e-05
90.0,685,166.66666666666669,500.0,142.5,7.967266248082849,0.0,0.0,9.699058844238139e-05
90.0,686,277.77777777777777,500.0,142.5,7.940299028487005,0.0,0.0,9.699058800209557e-05
90.0,687,388.8888888888889,500.0,142.5,7.891590681797608,0.0,0.0,9.699058708540051e-05
90.0,688,500.0,500.0,142.5,7.830877539193563,0.0,0.0,9.699058580155339e-05
90.0,689,611.1111111111111,500.0,142.5,7.891590681797622,0.0,0.0,9.69905870854004e-05
90.0,690,722.2222222222223,500.0,142.5,7.940299028487028,0.0,0.0,9.699058800209563e-05
90.0,691,833.3333333333334,500.0,142.5,7.96726624808287,0.0,0.0,9.699058844238133e-05
90.0,692,944.4444444444445,500.0,142.5,7.978913966998213,0.0,0.0,9.699058860957096e-05
90.0,693,55.55555555555556,611.1111111111111,142.5,7.9811145371601615,0.0,0.0,9.699058863636753e-05
90.0,694,166.66666666666669,611.1111111111111,142.5,7.971521234112048,0.0,0.0,9.699058850552101e-05
90.0,695,277.77777777777777,611.1111111111111,142.5,7.950966343949441,0.0,0.0,9.699058819149412e-05
90.0,696,388.8888888888889,611.1111111111111,142.5,7.9196549399883995,0.0,0.0,9.699058764355169e-05
90.0,697,500.0,611.1111111111111,142.5,7.891590681797617,0.0,0.0,9.69905870854004e-05
90.0,698,611.1111111111111,611.1111111111111,142.5,7.919654939988413,0.0,0.0,9.699058764355178e-05
90.0,699,722.2222222222223,611.1111111111111,142.5,7.950966343949489,0.0,0.0,9.699058819149417e-05
90.0,700,833.3333333333334,611.1111111111111,142.5,7.971521234112021,0.0,0.0,9.699058850552097e-05
90.0,701,944.4444444444445,611.1111111111111,142.5,7.981114537160179,0.0,0.0,9.699058863636776e-05
90.0,702,55.55555555555556,722.2222222222223,142.5,7.985830557903112,0.0,0.0,9.699058868888535e-05
90.0,703,166.66666666666669,722.2222222222223,142.5,7.979464347431316,0.0,0.0,9.699058860999125e-05
90.0,704,277.77777777777777,722.2222222222223,142.5,7.967009873380522,0.0,0.0,9.699058844027581e-05
90.0,705,388.8888888888889,722.2222222222223,142.5,7.950966343949481,0.0,0.0,9.699058819149413e-05
90.0,706,500.0,722.2222222222223,142.5,7.940299028487015,0.0,0.0,9.699058800209567e-05
90.0,707,611.1111111111111,722.2222222222223,142.5,7.950966343949481,0.0,0.0,9.699058819149427e-05
90.0,708,722.2222222222223,722.2222222222223,142.5,7.967009873380526,0.0,0.0,9.699058844027581e-05
90.0,709,833.3333333333334,722.2222222222223,142.5,7.979464347431303,0.0,0.0,9.699058860999103e-05
90.0,710,944.4444444444445,722.2222222222223,142.5,7.985830557903111,0.0,0.0,9.699058868888536e-05
90.0,711,55.55555555555556,833.3333333333334,142.5,7.9904083584653245,0.0,0.0,9.699058873581314e-05
90.0,712,166.66666666666669,833.3333333333334,142.5,7.986510942605533,0.0,0.0,9.699058869323638e-05
90.0,713,277.77777777777777,833.3333333333334,142.5,7.979464347431321,0.0,0.0,9.699058860999121e-05
90.0,714,388.8888888888889,833.3333333333334,142.5,7.971521234112038,0.0,0.0,9.699058850552104e-05
90.0,715,500.0,833.3333333333334,142.5,7.967266248082855,0.0,0.0,9.699058844238139e-05
90.0,716,611.1111111111111,833.3333333333334,142.5,7.971521234112011,0.0,0.0,9.699058850552104e-05
90.0,717,722.2222222222223,833.3333333333334,142.5,7.979464347431315,0.0,0.0,9.699058860999132e-05
90.0,718,833.3333333333334,833.3333333333334,142.5,7.986510942605519,0.0,0.0,9.699058869323639e-05
90.0,719,944.4444444444445,833.3333333333334,142.5,7.9904083584653405,0.0,0.0,9.699058873581317e-05
90.0,720,55.55555555555556,944.4444444444445,142.5,7.99307935068019,0.0,0.0,9.699058876156877e-05
90.0,721,166.66666666666669,944.4444444444445,142.5,7.99040835846533,0.0,0.0,9.699058873581318e-05
90.0,722,277.77777777777777,944.4444444444445,142.5,7.985830557903082,0.0,0.0,9.699058868888536e-05
90.0,723,388.8888888888889,944.4444444444445,142.5,7.981114537160212,0.0,0.0,9.699058863636775e-05
90.0,724,500.0,944.4444444444445,142.5,7.97891396699818,0.0,0.0,9.699058860957092e-05
90.0,725,611.1111111111111,944.4444444444445,142.5,7.9811145371601615,0.0,0.0,9.699058863636768e-05
90.0,726,722.2222222222223,944.4444444444445,142.5,7.9858305579031015,0.0,0.0,9.699058868888551e-05
90.0,727,833.3333333333334,944.4444444444445,142.5,7.990408358465365,0.0,0.0,9.699058873581316e-05
90.0,728,944.4444444444445,944.4444444444445,142.5,7.9930793506801745,0.0,0.0,9.69905887615688e-05
180.0,0,55.55555555555556,55.55555555555556,102.5,6.013020337805368,0.7499385307087284,0.9729145076610687,7.989825345783148e-05
180.0,1,166.66666666666669,55.55555555555556,102.5,6.009415531745758,0.7499386326487913,0.9729103495036294,7.985009568549947e-05
180.0,2,277.77777777777777,55.55555555555556,102.5,6.00340817307702,0.7499388855155404,0.9729034096014278,7.976984127344848e-05
180.0,3,388.8888888888889,55.55555555555556,102.5,5.9974324501542196,0.749938757845113,0.9728964918002968,7.969000916998853e-05
180.0,4,500.0,55.55555555555556,102.5,5.994720687651596,0.7499385913867869,0.9728933481966245,7.965378156496015e-05
180.0,5,611.1111111111111,55.55555555555556,102.5,5.997432450154237,0.7499387578451128,0.9728964918002984,7.969000916998895e-05
180.0,6,722.2222222222223,55.55555555555556,102.5,6.003408173077054,0.7499388855155406,0.9729034096014262,7.976984127344879e-05
180.0,7,833.3333333333334,55.55555555555556,102.5,6.009415531745795,0.7499386326487916,0.9729103495036363,7.98500956855006e-05
180.0,8,944.4444444444445,55.55555555555556,102.5,6.01302033780541,0.7499385307087283,0.9729145076610748,7.989825345783255e-05
180.0,9,55.55555555555556,166.66666666666669,102.5,6.0094155317457645,0.7499386326487915,0.9729103495036309,7.985009568549973e-05
180.0,10,166.66666666666669,166.66666666666669,102.5,6.004547538037905,0.7499388281033056,0.9729047267255085,7.978506245628036e-05
180.0,11,277.77777777777777,166.66666666666669,102.5,5.996011804490296,0.7499386711915588,0.9728948460334341,7.967103022077917e-05
180.0,12,388.8888888888889,166.66666666666669,102.5,5.986709319194551,0.7499382087088461,0.9728840455558642,7.954675400697208e-05
180.0,13,500.0,166.66666666666669,102.5,5.981803907823512,0.7499380556255674,0.9728783364557199,7.948122005919087e-05
180.0,14,611.1111111111111,166.66666666666669,102.5,5.98670931919457,0.7499382087088461,0.9728840455558591,7.954675400697193e-05
180.0,15,722.2222222222223,166.66666666666669,102.5,5.996011804490331,0.7499386711915589,0.9728948460334405,7.96710302207801e-05
180.0,16,833.3333333333334,166.66666666666669,102.5,6.004547538037947,0.7499388281033054,0.9729047267255052,7.978506245628065e-05
180.0,17,944.4444444444445,166.66666666666669,102.5,6.009415531745814,0.7499386326487915,0.9729103495036298,7.985009568550034e-05
180.0,18,55.55555555555556,277.77777777777777,102.5,6.003408173077035,0.7499388855155403,0.972903409601422,7.976984127344829e-05
180.0,19,166.66666666666669,277.77777777777777,102.5,5.996011804490304,0.7499386711915587,0.972894846033434,7.967103022077929e-05
180.0,20,277.77777777777777,277.77777777777777,102.5,5.981920409164626,0.7499380592272169,0.9728784730409227,7.948277653598987e-05
180.0,21,388.8888888888889,277.77777777777777,102.5,5.964005654868926,0.749938031937376,0.9728575467221411,7.924344266595496e-05
180.0,22,500.0,277.77777777777777,102.5,5.951408282393114,0.7499385246420628,0.9728427572502302,7.907514549439324e-05
180.0,23,611.1111111111111,277.77777777777777,102.5,5.964005654868944,0.7499380319373756,0.9728575467221425,7.924344266595535e-05
180.0,24,722.2222222222223,277.77777777777777,102.5,5.981920409164664,0.7499380592272169,0.9728784730409212,7.948277653599032e-05
180.0,25,833.3333333333334,277.77777777777777,102.5,5.99601180449036,0.7499386711915585,0.9728948460334348,7.967103022078006e-05
180.0,26,944.4444444444445,277.77777777777777,102.5,6.003408173077095,0.7499388855155407,0.9729034096014249,7.976984127344923e-05
180.0,27,55.55555555555556,388.8888888888889,102.5,5.99743245015423,0.749938757845113,0.9728964918002981,7.969000916998879e-05
180.0,28,166.66666666666669,388.8888888888889,102.5,5.986709319194557,0.7499382087088461,0.9728840455558648,7.954675400697213e-05
180.0,29,277.77777777777777,388.8888888888889,102.5,5.964005654868933,0.749938031937376,0.9728575467221419,7.924344266595516e-05
180.0,30,388.8888888888889,388.8888888888889,102.5,5.928033808701731,0.7499375126139852,0.9728151532922521,7.876286661694466e-05
180.0,31,500.0,388.8888888888889,102.5,5.886885316930424,0.7499373036558595,0.9727660457281199,7.82131214542977e-05
180.0,32,611.1111111111111,388.8888888888889,102.5,5.928033808701751,0.749937512613985,0.9728151532922467,7.87628666169445e-05
180.0,33,722.2222222222223,388.8888888888889,102.5,5.964005654868975,0.7499380319373755,0.9728575467221466,7.924344266595611e-05
180.0,34,833.3333333333334,388.8888888888889,102.5,5.986709319194623,0.7499382087088459,0.9728840455558577,7.954675400697239e-05
180.0,35,944.4444444444445,388.8888888888889,102.5,5.997432450154301,0.7499387578451129,0.9728964918002931,7.969000916998937e-05
180.0,36,55.55555555555556,500.0,102.5,5.994720687651606,0.7499385913867868,0.972893348196626,7.965378156496027e-05
180.0,37,166.66666666666669,500.0,102.5,5.9818039078235214,0.7499380556255677,0.9728783364557142,7.948122005919055e-05
180.0,38,277.77777777777777,500.0,102.5,5.951408282393124,0.7499385246420629,0.9728427572502235,7.90751454943927e-05
180.0,39,388.8888888888889,500.0,102.5,5.88688531693043,0.7499373036558592,0.9727660457281191,7.821312145429778e-05
180.0,40,500.0,500.0,102.5,5.716464783586529,0.7499363628282888,0.9725555625377099,7.59361945173065e-05
180.0,41,611.1111111111111,500.0,102.5,5.886885316930444,0.7499373036558594,0.9727660457281222,7.821312145429818e-05
180.0,42,722.2222222222223,500.0,102.5,5.951408282393171,0.7499385246420631,0.9728427572502237,7.907514549439343e-05
180.0,43,833.3333333333334,500.0,102.5,5.981803907823588,0.7499380556255675,0.9728783364557166,7.948122005919159e-05
180.0,44,944.4444444444445,500.0,102.5,5.994720687651679,0.7499385913867869,0.9728933481966289,7.965378156496149e-05
180.0,45,55.55555555555556,611.1111111111111,102.5,5.99743245015427,0.7499387578451124,0.9728964918002945,7.969000916998905e-05
180.0,46,166.66666666666669,611.1111111111111,102.5,5.986709319194592,0.749938208708846,0.972884045555861,7.954675400697239e-05
180.0,47,277.77777777777777,611.1111111111111,102.5,5.964005654868957,0.7499380319373752,0.9728575467221421,7.924344266595546e-05
180.0,48,388.8888888888889,611.1111111111111,102.5,5.928033808701752,0.749937512613985,0.9728151532922462,7.876286661694445e-05
180.0,49,500.0,611.1111111111111,102.5,5.886885316930439,0.7499373036558598,0.9727660457281239,7.821312145429831e-05
180.0,50,611.1111111111111,611.1111111111111,102.5,5.92803380870177,0.7499375126139849,0.9728151532922489,7.876286661694496e-05
180.0,51,722.2222222222223,611.1111111111111,102.5,5.964005654868996,0.7499380319373756,0.9728575467221422,7.924344266595589e-05
180.0,52,833.3333333333334,611.1111111111111,102.5,5.986709319194638,0.7499382087088463,0.972884045555862,7.954675400697304e-05
180.0,53,944.4444444444445,611.1111111111111,102.5,5.997432450154316,0.7499387578451132,0.9728964918002969,7.969000916998982e-05
180.0,54,55.55555555555556,722.2222222222223,102.5,6.003408173077114,0.7499388855155407,0.9729034096014276,7.976984127344975e-05
180.0,55,166.66666666666669,722.2222222222223,102.5,5.996011804490371,0.7499386711915587,0.9728948460334368,7.967103022078038e-05
180.0,56,277.77777777777777,722.2222222222223,102.5,5.981920409164678,0.7499380592272169,0.9728784730409232,7.948277653599062e-05
180.0,57,388.8888888888889,722.2222222222223,102.5,5.96400565486897,0.7499380319373756,0.972857546722146,7.924344266595606e-05
180.0,58,500.0,722.2222222222223,102.5,5.951408282393155,0.7499385246420631,0.9728427572502296,7.907514549439362e-05
180.0,59,611.1111111111111,722.2222222222223,102.5,5.964005654868986,0.7499380319373754,0.9728575467221475,7.924344266595633e-05
180.0,60,722.2222222222223,722.2222222222223,102.5,5.981920409164705,0.7499380592272173,0.9728784730409208,7.948277653599085e-05
180.0,61,833.3333333333334,722.2222222222223,102.5,5.996011804490398,0.7499386711915583,0.9728948460334399,7.967103022078104e-05
180.0,62,944.4444444444445,722.2222222222223,102.5,6.003408173077133,0.7499388855155408,0.9729034096014221,7.976984127344957e-05
180.0,63,55.55555555555556,833.3333333333334,102.5,6.009415531745862,0.7499386326487915,0.9729103495036292,7.985009568550087e-05
180.0,64,166.66666666666669,833.3333333333334,102.5,6.004547538037998,0.7499388281033055,0.9729047267255057,7.97850624562814e-05
180.0,65,277.77777777777777,833.3333333333334,102.5,5.9960118044903705,0.7499386711915587,0.972894846033437,7.967103022078039e-05
180.0,66,388.8888888888889,833.3333333333334,102.5,5.986709319194614,0.7499382087088461,0.9728840455558578,7.95467540069724e-05
180.0,67,500.0,833.3333333333334,102.5,5.981803907823572,0.7499380556255674,0.9728783364557212,7.948122005919182e-05
180.0,68,611.1111111111111,833.3333333333334,102.5,5.986709319194631,0.7499382087088461,0.9728840455558596,7.954675400697284e-05
180.0,69,722.2222222222223,833.3333333333334,102.5,5.996011804490396,0.7499386711915587,0.9728948460334409,7.967103022078099e-05
180.0,70,833.3333333333334,833.3333333333334,102.5,6.004547538038013,0.7499388281033047,0.9729047267255054,7.978506245628152e-05
180.0,71,944.4444444444445,833.3333333333334,102.5,6.009415531745872,0.7499386326487916,0.9729103495036318,7.98500956855012e-05
180.0,72,55.55555555555556,944.4444444444445,102.5,6.013020337805483,0.7499385307087288,0.972914507661072,7.989825345783302e-05
180.0,73,166.66666666666669,944.4444444444445,102.5,6.00941553174585,0.7499386326487913,0.9729103495036351,7.98500956855012e-05
180.0,74,277.77777777777777,944.4444444444445,102.5,6.003408173077107,0.7499388855155406,0.9729034096014259,7.97698412734496e-05
180.0,75,388.8888888888889,944.4444444444445,102.5,5.997432450154296,0.7499387578451131,0.9728964918002933,7.969000916998924e-05
180.0,76,500.0,944.4444444444445,102.5,5.994720687651669,0.7499385913867865,0.9728933481966263,7.965378156496114e-05
180.0,77,611.1111111111111,944.4444444444445,102.5,5.997432450154314,0.7499387578451125,0.9728964918002928,7.969000916998948e-05
180.0,78,722.2222222222223,944.4444444444445,102.5,6.003408173077132,0.7499388855155404,0.9729034096014211,7.976984127344949e-05
180.0,79,833.3333333333334,944.4444444444445,102.5,6.009415531745872,0.7499386326487916,0.9729103495036319,7.985009568550122e-05
180.0,80,944.4444444444445,944.4444444444445,102.5,6.013020337805484,0.7499385307087283,0.9729145076610699,7.9898253457833e-05
180.0,81,55.55555555555556,55.55555555555556,107.5,6.013431097342385,0.7498991154599745,0.9729149790886867,7.990374075149393e-05
180.0,82,166.66666666666669,55.55555555555556,107.5,6.009826110067162,0.7498992214349821,0.9729108220474533,7.985558063168557e-05
180.0,83,277.77777777777777,55.55555555555556,107.5,6.0038184664571475,0.749899460517323,0.9729038820435992,7.977532237267009e-05
180.0,84,388.8888888888889,55.55555555555556,107.5,5.997842481362898,0.7498993882884755,0.9728969656866074,7.969548685115736e-05
180.0,85,500.0,55.55555555555556,107.5,5.995130667891701,0.7498992170871588,0.9728938222768387,7.965925855919657e-05
180.0,86,611.1111111111111,55.55555555555556,107.5,5.997842481362917,0.7498993882884749,0.9728969656866077,7.969548685115766e-05
180.0,87,722.2222222222223,55.55555555555556,107.5,6.003818466457182,0.7498994605173233,0.972903882043597,7.977532237267047e-05
180.0,88,833.3333333333334,55.55555555555556,107.5,6.009826110067199,0.7498992214349816,0.972910822047448,7.98555806316857e-05
180.0,89,944.4444444444445,55.55555555555556,107.5,6.013431097342427,0.7498991154599742,0.9729149790886841,7.990374075149428e-05
180.0,90,55.55555555555556,166.66666666666669,107.5,6.009826110067169,0.749899221434982,0.9729108220474536,7.985558063168574e-05
180.0,91,166.66666666666669,166.66666666666669,107.5,6.004957887811132,0.7498994115656046,0.9729051997914087,7.979054436587091e-05
180.0,92,277.77777777777777,166.66666666666669,107.5,5.9964217757818625,0.7498992910964437,0.9728953191517943,7.967650703029422e-05
180.0,93,388.8888888888889,166.66666666666669,107.5,5.9871191204144365,0.7498988212823732,0.9728845201848817,7.955222859239199e-05
180.0,94,500.0,166.66666666666669,107.5,5.98221444887715,0.749898662644005,0.9728788127054065,7.948670454192837e-05
180.0,95,611.1111111111111,166.66666666666669,107.5,5.987119120414456,0.7498988212823734,0.9728845201848857,7.955222859239261e-05
180.0,96,722.2222222222223,166.66666666666669,107.5,5.996421775781898,0.7498992910964436,0.9728953191517908,7.967650703029436e-05
180.0,97,833.3333333333334,166.66666666666669,107.5,6.004957887811174,0.7498994115656045,0.9729051997914236,7.979054436587285e-05
180.0,98,944.4444444444445,166.66666666666669,107.5,6.009826110067219,0.7498992214349818,0.9729108220474524,7.985558063168635e-05
180.0,99,55.55555555555556,277.77777777777777,107.5,6.0038184664571626,0.7498994605173238,0.9729038820435966,7.977532237267014e-05
180.0,100,166.66666666666669,277.77777777777777,107.5,5.9964217757818705,0.7498992910964434,0.9728953191517945,7.967650703029439e-05
180.0,101,277.77777777777777,277.77777777777777,107.5,5.9823301017685235,0.7498986670707668,0.9728789483601118,7.948824968969902e-05
180.0,102,388.8888888888889,277.77777777777777,107.5,5.964417603051041,0.7498986233845403,0.9728580278648743,7.924894603473532e-05
180.0,103,500.0,277.77777777777777,107.5,5.951838047540396,0.7498991044203316,0.9728432617028542,7.908088695777651e-05
180.0,104,611.1111111111111,277.77777777777777,107.5,5.964417603051058,0.7498986233845405,0.9728580278648787,7.924894603473597e-05
180.0,105,722.2222222222223,277.77777777777777,107.5,5.982330101768561,0.7498986670707669,0.9728789483601105,7.948824968969948e-05
180.0,106,833.3333333333334,277.77777777777777,107.5,5.9964217757819265,0.7498992910964436,0.9728953191517956,7.967650703029519e-05
180.0,107,944.4444444444445,277.77777777777777,107.5,6.003818466457224,0.7498994605173234,0.9729038820435963,7.977532237267099e-05
180.0,108,55.55555555555556,388.8888888888889,107.5,5.99784248136291,0.7498993882884755,0.9728969656866094,7.969548685115766e-05
180.0,109,166.66666666666669,388.8888888888889,107.5,5.987119120414444,0.7498988212823738,0.9728845201848857,7.955222859239247e-05
180.0,110,277.77777777777777,388.8888888888889,107.5,5.964417603051047,0.7498986233845408,0.972858027864878,7.924894603473576e-05
180.0,111,388.8888888888889,388.8888888888889,107.5,5.928483432894612,0.7498981148645377,0.9728156843960417,7.876887340019356e-05
180.0,112,500.0,388.8888888888889,107.5,5.887581767657196,0.749897927756039,0.972766880992996,7.822242603577202e-05
180.0,113,611.1111111111111,388.8888888888889,107.5,5.928483432894632,0.7498981148645374,0.9728156843960436,7.8768873400194e-05
180.0,114,722.2222222222223,388.8888888888889,107.5,5.96441760305109,0.74989862338454,0.9728580278648729,7.924894603473576e-05
180.0,115,833.3333333333334,388.8888888888889,107.5,5.987119120414509,0.7498988212823736,0.9728845201848871,7.955222859239343e-05
180.0,116,944.4444444444445,388.8888888888889,107.5,5.99784248136298,0.7498993882884755,0.9728969656866037,7.969548685115817e-05
180.0,117,55.55555555555556,500.0,107.5,5.995130667891711,0.7498992170871589,0.9728938222768408,7.965925855919688e-05
180.0,118,166.66666666666669,500.0,107.5,5.982214448877159,0.7498986626440046,0.9728788127054073,7.948670454192857e-05
180.0,119,277.77777777777777,500.0,107.5,5.951838047540406,0.7498991044203313,0.972843261702862,7.908088695777728e-05
180.0,120,388.8888888888889,500.0,107.5,5.887581767657203,0.7498979277560391,0.9727668809929975,7.822242603577214e-05
180.0,121,500.0,500.0,107.5,5.702477777160852,0.7498981109464798,0.9725377787838387,7.57493133144301e-05
180.0,122,611.1111111111111,500.0,107.5,5.887581767657218,0.749897927756039,0.9727668809929989,7.822242603577267e-05
180.0,123,722.2222222222223,500.0,107.5,5.951838047540453,0.7498991044203309,0.9728432617028587,7.908088695777758e-05
180.0,124,833.3333333333334,500.0,107.5,5.982214448877226,0.7498986626440045,0.9728788127054092,7.948670454192958e-05
180.0,125,944.4444444444445,500.0,107.5,5.995130667891784,0.7498992170871587,0.9728938222768352,7.965925855919741e-05
180.0,126,55.55555555555556,611.1111111111111,107.5,5.997842481362949,0.7498993882884752,0.9728969656866057,7.969548685115791e-05
180.0,127,166.66666666666669,611.1111111111111,107.5,5.987119120414478,0.7498988212823735,0.9728845201848811,7.955222859239252e-05
180.0,128,277.77777777777777,611.1111111111111,107.5,5.9644176030510705,0.7498986233845403,0.9728580278648792,7.924894603473614e-05
180.0,129,388.8888888888889,611.1111111111111,107.5,5.928483432894632,0.7498981148645375,0.9728156843960438,7.876887340019401e-05
180.0,130,500.0,611.1111111111111,107.5,5.887581767657212,0.749897927756039,0.9727668809929976,7.822242603577256e-05
180.0,131,611.1111111111111,611.1111111111111,107.5,5.928483432894651,0.749898114864538,0.972815684396041,7.876887340019406e-05
180.0,132,722.2222222222223,611.1111111111111,107.5,5.9644176030511105,0.7498986233845402,0.9728580278648765,7.924894603473635e-05
180.0,133,833.3333333333334,611.1111111111111,107.5,5.987119120414524,0.7498988212823735,0.9728845201848887,7.955222859239385e-05
180.0,134,944.4444444444445,611.1111111111111,107.5,5.997842481362996,0.7498993882884759,0.9728969656866086,7.969548685115871e-05
180.0,135,55.55555555555556,722.2222222222223,107.5,6.003818466457242,0.7498994605173235,0.9729038820435993,7.977532237267136e-05
180.0,136,166.66666666666669,722.2222222222223,107.5,5.996421775781939,0.7498992910964434,0.9728953191517881,7.96765070302947e-05
180.0,137,277.77777777777777,722.2222222222223,107.5,5.982330101768575,0.7498986670707671,0.9728789483601049,7.948824968969918e-05
180.0,138,388.8888888888889,722.2222222222223,107.5,5.964417603051085,0.7498986233845403,0.972858027864873,7.924894603473578e-05
180.0,139,500.0,722.2222222222223,107.5,5.951838047540437,0.749899104420331,0.9728432617028574,7.908088695777733e-05
180.0,140,611.1111111111111,722.2222222222223,107.5,5.964417603051101,0.7498986233845405,0.9728580278648767,7.924894603473622e-05
180.0,141,722.2222222222223,722.2222222222223,107.5,5.9823301017686035,0.7498986670707665,0.9728789483601067,7.948824968969974e-05
180.0,142,833.3333333333334,722.2222222222223,107.5,5.996421775781965,0.7498992910964435,0.9728953191517922,7.967650703029546e-05
180.0,143,944.4444444444445,722.2222222222223,107.5,6.003818466457261,0.7498994605173233,0.972903882043601,7.97753223726718e-05
180.0,144,55.55555555555556,833.3333333333334,107.5,6.009826110067267,0.7498992214349819,0.9729108220474519,7.985558063168688e-05
180.0,145,166.66666666666669,833.3333333333334,107.5,6.004957887811225,0.7498994115656042,0.9729051997914306,7.979054436587413e-05
180.0,146,277.77777777777777,833.3333333333334,107.5,5.996421775781937,0.7498992910964435,0.9728953191517964,7.967650703029538e-05
180.0,147,388.8888888888889,833.3333333333334,107.5,5.9871191204145,0.7498988212823732,0.9728845201848838,7.955222859239287e-05
180.0,148,500.0,833.3333333333334,107.5,5.98221444887721,0.7498986626440051,0.9728788127054092,7.948670454192944e-05
180.0,149,611.1111111111111,833.3333333333334,107.5,5.987119120414517,0.7498988212823732,0.9728845201848862,7.955222859239336e-05
180.0,150,722.2222222222223,833.3333333333334,107.5,5.996421775781963,0.7498992910964435,0.9728953191517925,7.967650703029535e-05
180.0,151,833.3333333333334,833.3333333333334,107.5,6.004957887811241,0.7498994115656042,0.9729051997914252,7.979054436587382e-05
180.0,152,944.4444444444445,833.3333333333334,107.5,6.0098261100672765,0.7498992214349814,0.9729108220474518,7.9855580631687e-05
180.0,153,55.55555555555556,944.4444444444445,107.5,6.013431097342501,0.7498991154599739,0.9729149790886862,7.990374075149546e-05
180.0,154,166.66666666666669,944.4444444444445,107.5,6.009826110067254,0.749899221434982,0.9729108220474506,7.985558063168662e-05
180.0,155,277.77777777777777,944.4444444444445,107.5,6.003818466457235,0.7498994605173236,0.9729038820435987,7.977532237267131e-05
180.0,156,388.8888888888889,944.4444444444445,107.5,5.997842481362976,0.7498993882884756,0.9728969656866037,7.969548685115804e-05
180.0,157,500.0,944.4444444444445,107.5,5.9951306678917735,0.7498992170871586,0.9728938222768407,7.965925855919772e-05
180.0,158,611.1111111111111,944.4444444444445,107.5,5.9978424813629925,0.7498993882884757,0.9728969656866071,7.969548685115859e-05
180.0,159,722.2222222222223,944.4444444444445,107.5,6.003818466457259,0.7498994605173233,0.9729038820436012,7.977532237267181e-05
180.0,160,833.3333333333334,944.4444444444445,107.5,6.0098261100672765,0.7498992214349817,0.9729108220474524,7.985558063168705e-05
180.0,161,944.4444444444445,944.4444444444445,107.5,6.013431097342501,0.7498991154599746,0.9729149790886806,7.9903740751495e-05
180.0,162,55.55555555555556,55.55555555555556,112.5,6.013957240706491,0.7498044428473466,0.972915584278782,7.991076956126469e-05
180.0,163,166.66666666666669,55.55555555555556,112.5,6.010352057273557,0.7498045419848518,0.972911427705207,7.98626068325759e-05
180.0,164,277.77777777777777,55.55555555555556,112.5,6.00434416143486,0.7498047723813009,0.9729044886836301,7.978234523277705e-05
180.0,165,388.8888888888889,55.55555555555556,112.5,5.998367913110904,0.7498047636467885,0.9728975731437428,7.97025062111993e-05
180.0,166,500.0,55.55555555555556,112.5,5.995656111874465,0.749804589566563,0.9728944303348662,7.966627809646048e-05
180.0,167,611.1111111111111,55.55555555555556,112.5,5.998367913110923,0.7498047636467885,0.9728975731437377,7.970250621119916e-05
180.0,168,722.2222222222223,55.55555555555556,112.5,6.0043441614348945,0.7498047723813006,0.9729044886836344,7.978234523277782e-05
180.0,169,833.3333333333334,55.55555555555556,112.5,6.010352057273594,0.7498045419848518,0.9729114277052039,7.986260683257607e-05
180.0,170,944.4444444444445,55.55555555555556,112.5,6.013957240706534,0.7498044428473463,0.97291558427878,7.99107695612651e-05
180.0,171,55.55555555555556,166.66666666666669,112.5,6.010352057273564,0.7498045419848518,0.9729114277052069,7.986260683257589e-05
180.0,172,166.66666666666669,166.66666666666669,112.5,6.005483625153008,0.7498047248759205,0.9729058062703402,7.979756778907466e-05
180.0,173,277.77777777777777,166.66666666666669,112.5,5.996947144188725,0.749804665714048,0.9728959268734843,7.968352555386288e-05
180.0,174,388.8888888888889,166.66666666666669,112.5,5.987644526647591,0.7498041837299266,0.9728851297098968,7.955924764747371e-05
180.0,175,500.0,166.66666666666669,112.5,5.982741280596118,0.7498040180348439,0.9728794249736298,7.949374266707432e-05
180.0,176,611.1111111111111,166.66666666666669,112.5,5.9876445266476095,0.7498041837299264,0.9728851297098997,7.955924764747423e-05
180.0,177,722.2222222222223,166.66666666666669,112.5,5.996947144188761,0.7498046657140478,0.9728959268734811,7.96835255538629e-05
180.0,178,833.3333333333334,166.66666666666669,112.5,6.00548362515305,0.7498047248759201,0.9729058062703455,7.979756778907568e-05
180.0,179,944.4444444444445,166.66666666666669,112.5,6.0103520572736135,0.7498045419848517,0.9729114277052062,7.986260683257654e-05
180.0,180,55.55555555555556,277.77777777777777,112.5,6.004344161434875,0.749804772381301,0.9729044886836328,7.97823452327774e-05
180.0,181,166.66666666666669,277.77777777777777,112.5,5.996947144188733,0.7498046657140474,0.9728959268734828,7.968352555386276e-05
180.0,182,277.77777777777777,277.77777777777777,112.5,5.982855479249405,0.7498040226341712,0.9728795589120742,7.949526838650991e-05
180.0,183,388.8888888888889,277.77777777777777,112.5,5.964947395185015,0.7498039534226277,0.9728586471465555,7.925602377150625e-05
180.0,184,500.0,277.77777777777777,112.5,5.952400774799021,0.749804413909819,0.9728439222719721,7.908840474408911e-05
180.0,185,611.1111111111111,277.77777777777777,112.5,5.964947395185032,0.7498039534226274,0.9728586471465566,7.925602377150662e-05
180.0,186,722.2222222222223,277.77777777777777,112.5,5.982855479249442,0.7498040226341718,0.9728795589120749,7.949526838651054e-05
180.0,187,833.3333333333334,277.77777777777777,112.5,5.99694714418879,0.7498046657140476,0.9728959268734844,7.968352555386359e-05
180.0,188,944.4444444444445,277.77777777777777,112.5,6.004344161434936,0.7498047723813007,0.9729044886836333,7.97823452327783e-05
180.0,189,55.55555555555556,388.8888888888889,112.5,5.998367913110916,0.7498047636467886,0.9728975731437371,7.970250621119898e-05
180.0,190,166.66666666666669,388.8888888888889,112.5,5.987644526647597,0.7498041837299264,0.9728851297098976,7.955924764747391e-05
180.0,191,277.77777777777777,388.8888888888889,112.5,5.964947395185021,0.7498039534226277,0.9728586471465565,7.925602377150648e-05
180.0,192,388.8888888888889,388.8888888888889,112.5,5.929082828924303,0.7498034651901063,0.972816393493436,7.877688116515298e-05
180.0,193,500.0,388.8888888888889,112.5,5.888998184612751,0.749803331033344,0.972768580798777,7.82413494898308e-05
180.0,194,611.1111111111111,388.8888888888889,112.5,5.929082828924324,0.7498034651901067,0.9728163934934404,7.877688116515346e-05
180.0,195,722.2222222222223,388.8888888888889,112.5,5.964947395185064,0.7498039534226277,0.9728586471465542,7.925602377150686e-05
180.0,196,833.3333333333334,388.8888888888889,112.5,5.987644526647663,0.7498041837299266,0.9728851297099007,7.955924764747502e-05
180.0,197,944.4444444444445,388.8888888888889,112.5,5.998367913110987,0.7498047636467886,0.9728975731437405,7.970250621120024e-05
180.0,198,55.55555555555556,500.0,112.5,5.995656111874475,0.7498045895665629,0.9728944303348588,7.966627809645987e-05
180.0,199,166.66666666666669,500.0,112.5,5.9827412805961275,0.7498040180348434,0.9728794249736296,7.949374266707445e-05
180.0,200,277.77777777777777,500.0,112.5,5.952400774799031,0.7498044139098188,0.9728439222719724,7.908840474408928e-05
180.0,201,388.8888888888889,500.0,112.5,5.888998184612757,0.7498033310333443,0.9727685807987804,7.824134948983121e-05
180.0,202,500.0,500.0,112.5,5.736527033033621,0.7498025186564852,0.9725809582624559,7.620424786109413e-05
180.0,203,611.1111111111111,500.0,112.5,5.888998184612772,0.7498033310333443,0.9727685807987824,7.824134948983151e-05
180.0,204,722.2222222222223,500.0,112.5,5.952400774799078,0.7498044139098188,0.9728439222719718,7.90884047440898e-05
180.0,205,833.3333333333334,500.0,112.5,5.982741280596194,0.7498040180348435,0.9728794249736326,7.949374266707553e-05
180.0,206,944.4444444444445,500.0,112.5,5.995656111874548,0.7498045895665628,0.972894430334861,7.966627809646105e-05
180.0,207,55.55555555555556,611.1111111111111,112.5,5.998367913110956,0.7498047636467883,0.9728975731437414,7.97025062111999e-05
180.0,208,166.66666666666669,611.1111111111111,112.5,5.987644526647632,0.7498041837299264,0.972885129709895,7.955924764747413e-05
180.0,209,277.77777777777777,611.1111111111111,112.5,5.964947395185044,0.7498039534226277,0.9728586471465508,7.925602377150629e-05
180.0,210,388.8888888888889,611.1111111111111,112.5,5.929082828924324,0.7498034651901067,0.9728163934934405,7.877688116515348e-05
180.0,211,500.0,611.1111111111111,112.5,5.888998184612766,0.7498033310333447,0.9727685807987835,7.82413494898316e-05
180.0,212,611.1111111111111,611.1111111111111,112.5,5.929082828924342,0.749803465190106,0.9728163934934402,7.877688116515373e-05
180.0,213,722.2222222222223,611.1111111111111,112.5,5.964947395185083,0.7498039534226277,0.9728586471465496,7.925602377150675e-05
180.0,214,833.3333333333334,611.1111111111111,112.5,5.987644526647679,0.7498041837299264,0.9728851297098932,7.955924764747467e-05
180.0,215,944.4444444444445,611.1111111111111,112.5,5.998367913111002,0.7498047636467883,0.9728975731437408,7.97025062112004e-05
180.0,216,55.55555555555556,722.2222222222223,112.5,6.004344161434955,0.749804772381301,0.9729044886836291,7.978234523277823e-05
180.0,217,166.66666666666669,722.2222222222223,112.5,5.996947144188802,0.7498046657140471,0.9728959268734844,7.968352555386374e-05
180.0,218,277.77777777777777,722.2222222222223,112.5,5.982855479249456,0.7498040226341711,0.9728795589120817,7.949526838651121e-05
180.0,219,388.8888888888889,722.2222222222223,112.5,5.9649473951850585,0.7498039534226278,0.9728586471465548,7.925602377150676e-05
180.0,220,500.0,722.2222222222223,112.5,5.952400774799062,0.749804413909819,0.9728439222719703,7.908840474408939e-05
180.0,221,611.1111111111111,722.2222222222223,112.5,5.964947395185074,0.7498039534226273,0.9728586471465548,7.925602377150704e-05
180.0,222,722.2222222222223,722.2222222222223,112.5,5.982855479249485,0.7498040226341716,0.9728795589120808,7.949526838651157e-05
180.0,223,833.3333333333334,722.2222222222223,112.5,5.996947144188828,0.7498046657140478,0.9728959268734833,7.968352555386421e-05
180.0,224,944.4444444444445,722.2222222222223,112.5,6.0043441614349735,0.7498047723813009,0.9729044886836318,7.978234523277873e-05
180.0,225,55.55555555555556,833.3333333333334,112.5,6.010352057273661,0.7498045419848518,0.9729114277052059,7.986260683257707e-05
180.0,226,166.66666666666669,833.3333333333334,112.5,6.005483625153102,0.7498047248759199,0.9729058062703441,7.979756778907626e-05
180.0,227,277.77777777777777,833.3333333333334,112.5,5.996947144188801,0.7498046657140476,0.9728959268734778,7.96835255538632e-05
180.0,228,388.8888888888889,833.3333333333334,112.5,5.987644526647654,0.7498041837299265,0.9728851297098987,7.95592476474747e-05
180.0,229,500.0,833.3333333333334,112.5,5.982741280596178,0.7498040180348435,0.9728794249736293,7.949374266707499e-05
180.0,230,611.1111111111111,833.3333333333334,112.5,5.987644526647671,0.7498041837299263,0.9728851297098998,7.955924764747509e-05
180.0,231,722.2222222222223,833.3333333333334,112.5,5.996947144188827,0.7498046657140478,0.9728959268734825,7.968352555386401e-05
180.0,232,833.3333333333334,833.3333333333334,112.5,6.005483625153117,0.7498047248759198,0.9729058062703378,7.97975677890759e-05
180.0,233,944.4444444444445,833.3333333333334,112.5,6.010352057273671,0.7498045419848515,0.9729114277052062,7.986260683257725e-05
180.0,234,55.55555555555556,944.4444444444445,112.5,6.013957240706607,0.7498044428473463,0.9729155842787746,7.991076956126564e-05
180.0,235,166.66666666666669,944.4444444444445,112.5,6.010352057273649,0.7498045419848518,0.9729114277052043,7.986260683257681e-05
180.0,236,277.77777777777777,944.4444444444445,112.5,6.004344161434948,0.7498047723813008,0.972904488683636,7.978234523277866e-05
180.0,237,388.8888888888889,944.4444444444445,112.5,5.998367913110982,0.7498047636467886,0.972897573143739,7.970250621119998e-05
180.0,238,500.0,944.4444444444445,112.5,5.9956561118745375,0.749804589566563,0.9728944303348606,7.966627809646089e-05
180.0,239,611.1111111111111,944.4444444444445,112.5,5.998367913110999,0.7498047636467886,0.9728975731437421,7.970250621120051e-05
180.0,240,722.2222222222223,944.4444444444445,112.5,6.004344161434972,0.7498047723813006,0.9729044886836289,7.97823452327785e-05
180.0,241,833.3333333333334,944.4444444444445,112.5,6.010352057273671,0.7498045419848516,0.9729114277052068,7.986260683257729e-05
180.0,242,944.4444444444445,944.4444444444445,112.5,6.013957240706608,0.7498044428473465,0.9729155842787756,7.991076956126572e-05
180.0,243,55.55555555555556,55.55555555555556,117.5,6.014598973711595,0.7494140477620381,0.9729163247689342,7.991934274783976e-05
180.0,244,166.66666666666669,55.55555555555556,117.5,6.010993627879858,0.7494414839892924,0.9729121680342773,7.987117779639941e-05
180.0,245,277.77777777777777,55.55555555555556,117.5,6.004985510327027,0.7494572380110562,0.9729052308383535,7.97909133130053e-05
180.0,246,388.8888888888889,55.55555555555556,117.5,5.999008991070284,0.749461038153229,0.9728983160350065,7.971107066584714e-05
180.0,247,500.0,55.55555555555556,117.5,5.996297228010906,0.7494582634508519,0.9728951736822742,7.967484305299563e-05
180.0,248,611.1111111111111,55.55555555555556,117.5,5.999008991070303,0.7494610381532294,0.9728983160350124,7.97110706658479e-05
180.0,249,722.2222222222223,55.55555555555556,117.5,6.004985510327061,0.7494572380110565,0.9729052308383516,7.979091331300555e-05
180.0,250,833.3333333333334,55.55555555555556,117.5,6.010993627879896,0.7494414839892927,0.9729121680342767,7.987117779639993e-05
180.0,251,944.4444444444445,55.55555555555556,117.5,6.014598973711638,0.7494140477620378,0.97291632476894,7.99193427478408e-05
180.0,252,55.55555555555556,166.66666666666669,117.5,6.0109936278798655,0.7494414839892922,0.9729121680342775,7.987117779639957e-05
180.0,253,166.66666666666669,166.66666666666669,117.5,6.006125023266813,0.7494559154096494,0.9729065477421103,7.980613648375014e-05
180.0,254,277.77777777777777,166.66666666666669,117.5,5.997588136618721,0.7494599957752706,0.9728966703676333,7.969208890144996e-05
180.0,255,388.8888888888889,166.66666666666669,117.5,5.988285642865116,0.7494404087053088,0.9728858752734262,7.956781266243682e-05
180.0,256,500.0,166.66666666666669,117.5,5.983383968770418,0.7494268881970849,0.9728801735500642,7.9502328703219e-05
180.0,257,611.1111111111111,166.66666666666669,117.5,5.988285642865135,0.7494404087053088,0.9728858752734287,7.956781266243731e-05
180.0,258,722.2222222222223,166.66666666666669,117.5,5.997588136618757,0.7494599957752708,0.9728966703676326,7.969208890145034e-05
180.0,259,833.3333333333334,166.66666666666669,117.5,6.006125023266854,0.7494559154096491,0.9729065477421148,7.980613648375109e-05
180.0,260,944.4444444444445,166.66666666666669,117.5,6.010993627879914,0.7494414839892927,0.9729121680342708,7.98711777963996e-05
180.0,261,55.55555555555556,277.77777777777777,117.5,6.0049855103270415,0.749457238011056,0.9729052308383543,7.979091331300551e-05
180.0,262,166.66666666666669,277.77777777777777,117.5,5.997588136618729,0.7494599957752708,0.9728966703676272,7.96920889014496e-05
180.0,263,277.77777777777777,277.77777777777777,117.5,5.98349658249334,0.7494270605823864,0.9728803055359218,7.950383324173661e-05
180.0,264,388.8888888888889,277.77777777777777,117.5,5.96559337912478,0.7494068534109615,0.9728594030719652,7.926465384454076e-05
180.0,265,500.0,277.77777777777777,117.5,5.9530813960289795,0.7494520322045142,0.9728447220629273,7.909749761931008e-05
180.0,266,611.1111111111111,277.77777777777777,117.5,5.965593379124796,0.7494068534109611,0.9728594030719662,7.926465384454097e-05
180.0,267,722.2222222222223,277.77777777777777,117.5,5.983496582493378,0.7494270605823864,0.9728803055359194,7.950383324173699e-05
180.0,268,833.3333333333334,277.77777777777777,117.5,5.997588136618785,0.7494599957752708,0.972896670367628,7.969208890145038e-05
180.0,269,944.4444444444445,277.77777777777777,117.5,6.004985510327104,0.749457238011056,0.972905230838356,7.979091331300649e-05
180.0,270,55.55555555555556,388.8888888888889,117.5,5.999008991070296,0.7494610381532293,0.9728983160350114,7.971107066584767e-05
180.0,271,166.66666666666669,388.8888888888889,117.5,5.988285642865122,0.7494404087053083,0.9728858752734243,7.95678126624368e-05
180.0,272,277.77777777777777,388.8888888888889,117.5,5.965593379124786,0.7494068534109614,0.9728594030719665,7.926465384454087e-05
180.0,273,388.8888888888889,388.8888888888889,117.5,5.929801898164307,0.7494164765040129,0.9728172450323634,7.878648781289629e-05
180.0,274,500.0,388.8888888888889,117.5,5.890525791022702,0.7494409391647189,0.972770411676855,7.826175831127474e-05
180.0,275,611.1111111111111,388.8888888888889,117.5,5.929801898164328,0.7494164765040128,0.9728172450323658,7.878648781289677e-05
180.0,276,722.2222222222223,388.8888888888889,117.5,5.965593379124829,0.7494068534109614,0.9728594030719725,7.926465384454206e-05
180.0,277,833.3333333333334,388.8888888888889,117.5,5.988285642865189,0.7494404087053091,0.9728858752734226,7.956781266243753e-05
180.0,278,944.4444444444445,388.8888888888889,117.5,5.999008991070367,0.7494610381532288,0.9728983160350114,7.971107066584867e-05
180.0,279,55.55555555555556,500.0,117.5,5.996297228010917,0.7494582634508518,0.9728951736822755,7.967484305299574e-05
180.0,280,166.66666666666669,500.0,117.5,5.983383968770427,0.7494268881970853,0.9728801735500596,7.950232870321861e-05
180.0,281,277.77777777777777,500.0,117.5,5.953081396028991,0.7494520322045142,0.9728447220629207,7.909749761930968e-05
180.0,282,388.8888888888889,500.0,117.5,5.890525791022708,0.7494409391647193,0.972770411676858,7.82617583112751e-05
180.0,283,500.0,500.0,117.5,5.757774346388499,0.7493835515740497,0.972607621823032,7.648812852257805e-05
180.0,284,611.1111111111111,500.0,117.5,5.890525791022724,0.7494409391647187,0.9727704116768583,7.826175831127528e-05
180.0,285,722.2222222222223,500.0,117.5,5.953081396029037,0.7494520322045148,0.9728447220629226,7.90974976193104e-05
180.0,286,833.3333333333334,500.0,117.5,5.983383968770494,0.7494268881970853,0.9728801735500616,7.95023287032199e-05
180.0,287,944.4444444444445,500.0,117.5,5.996297228010989,0.7494582634508514,0.9728951736822776,7.967484305299704e-05
180.0,288,55.55555555555556,611.1111111111111,117.5,5.999008991070336,0.7494610381532291,0.9728983160350074,7.97110706658479e-05
180.0,289,166.66666666666669,611.1111111111111,117.5,5.988285642865157,0.7494404087053088,0.9728858752734241,7.95678126624372e-05
180.0,290,277.77777777777777,611.1111111111111,117.5,5.965593379124809,0.7494068534109615,0.9728594030719702,7.926465384454158e-05
180.0,291,388.8888888888889,611.1111111111111,117.5,5.929801898164328,0.7494164765040124,0.9728172450323642,7.878648781289665e-05
180.0,292,500.0,611.1111111111111,117.5,5.890525791022717,0.7494409391647192,0.9727704116768593,7.826175831127536e-05
180.0,293,611.1111111111111,611.1111111111111,117.5,5.929801898164346,0.7494164765040126,0.9728172450323669,7.878648781289713e-05
180.0,294,722.2222222222223,611.1111111111111,117.5,5.965593379124848,0.7494068534109611,0.9728594030719663,7.926465384454169e-05
180.0,295,833.3333333333334,611.1111111111111,117.5,5.988285642865204,0.7494404087053088,0.9728858752734234,7.956781266243772e-05
180.0,296,944.4444444444445,611.1111111111111,117.5,5.999008991070382,0.7494610381532288,0.972898316035013,7.971107066584893e-05
180.0,297,55.55555555555556,722.2222222222223,117.5,6.004985510327122,0.7494572380110562,0.9729052308383518,7.979091331300643e-05
180.0,298,166.66666666666669,722.2222222222223,117.5,5.997588136618797,0.7494599957752706,0.9728966703676285,7.969208890145057e-05
180.0,299,277.77777777777777,722.2222222222223,117.5,5.983496582493392,0.749427060582387,0.9728803055359245,7.950383324173754e-05
180.0,300,388.8888888888889,722.2222222222223,117.5,5.965593379124822,0.7494068534109614,0.9728594030719719,7.926465384454187e-05
180.0,301,500.0,722.2222222222223,117.5,5.953081396029022,0.7494520322045144,0.9728447220629272,7.909749761931063e-05
180.0,302,611.1111111111111,722.2222222222223,117.5,5.965593379124838,0.7494068534109616,0.972859403071967,7.926465384454161e-05
180.0,303,722.2222222222223,722.2222222222223,117.5,5.98349658249342,0.7494270605823867,0.9728803055359196,7.950383324173757e-05
180.0,304,833.3333333333334,722.2222222222223,117.5,5.997588136618823,0.7494599957752708,0.9728966703676346,7.969208890145134e-05
180.0,305,944.4444444444445,722.2222222222223,117.5,6.004985510327141,0.749457238011056,0.9729052308383529,7.979091331300666e-05
180.0,306,55.55555555555556,833.3333333333334,117.5,6.010993627879962,0.749441483989292,0.9729121680342756,7.987117779640068e-05
180.0,307,166.66666666666669,833.3333333333334,117.5,6.006125023266906,0.7494559154096492,0.9729065477421155,7.980613648375185e-05
180.0,308,277.77777777777777,833.3333333333334,117.5,5.997588136618796,0.7494599957752707,0.9728966703676292,7.969208890145062e-05
180.0,309,388.8888888888889,833.3333333333334,117.5,5.988285642865179,0.7494404087053089,0.9728858752734281,7.956781266243782e-05
180.0,310,500.0,833.3333333333334,117.5,5.983383968770478,0.7494268881970856,0.9728801735500611,7.950232870321959e-05
180.0,311,611.1111111111111,833.3333333333334,117.5,5.988285642865196,0.7494404087053091,0.9728858752734237,7.956781266243774e-05
180.0,312,722.2222222222223,833.3333333333334,117.5,5.997588136618822,0.7494599957752704,0.9728966703676326,7.969208890145118e-05
180.0,313,833.3333333333334,833.3333333333334,117.5,6.006125023266922,0.7494559154096494,0.9729065477421098,7.980613648375167e-05
180.0,314,944.4444444444445,833.3333333333334,117.5,6.010993627879973,0.7494414839892923,0.9729121680342783,7.987117779640105e-05
180.0,315,55.55555555555556,944.4444444444445,117.5,6.014598973711712,0.749414047762037,0.9729163247689395,7.991934274784175e-05
180.0,316,166.66666666666669,944.4444444444445,117.5,6.010993627879951,0.7494414839892923,0.9729121680342754,7.987117779640054e-05
180.0,317,277.77777777777777,944.4444444444445,117.5,6.004985510327115,0.7494572380110557,0.972905230838356,7.979091331300664e-05
180.0,318,388.8888888888889,944.4444444444445,117.5,5.999008991070363,0.7494610381532291,0.972898316035012,7.971107066584858e-05
180.0,319,500.0,944.4444444444445,117.5,5.996297228010979,0.7494582634508519,0.972895173682277,7.967484305299685e-05
180.0,320,611.1111111111111,944.4444444444445,117.5,5.999008991070379,0.7494610381532288,0.9728983160350133,7.971107066584896e-05
180.0,321,722.2222222222223,944.4444444444445,117.5,6.004985510327139,0.7494572380110558,0.9729052308383519,7.979091331300658e-05
180.0,322,833.3333333333334,944.4444444444445,117.5,6.010993627879972,0.7494414839892924,0.9729121680342707,7.987117779640043e-05
180.0,323,944.4444444444445,944.4444444444445,117.5,6.0145989737117125,0.749414047762037,0.9729163247689399,7.991934274784178e-05
180.0,324,55.55555555555556,55.55555555555556,122.5,6.015409138039128,0.709937843335278,0.9729173459730484,7.993017318913728e-05
180.0,325,166.66666666666669,55.55555555555556,122.5,6.011804017825047,0.7099328947022387,0.9729131873220699,7.9882010998991e-05
180.0,326,277.77777777777777,55.55555555555556,122.5,6.005795983246545,0.7099530994333544,0.9729062463938196,7.980174718662728e-05
180.0,327,388.8888888888889,55.55555555555556,122.5,5.9998190040514645,0.7099829442234327,0.9728993275279904,7.972189798305325e-05
180.0,328,500.0,55.55555555555556,122.5,5.997106794075181,0.7099975459271949,0.9728961829778239,7.968566420653928e-05
180.0,329,611.1111111111111,55.55555555555556,122.5,5.999819004051482,0.7099829442234334,0.972899327527986,7.972189798305318e-05
180.0,330,722.2222222222223,55.55555555555556,122.5,6.005795983246578,0.7099530994333549,0.9729062463938175,7.980174718662753e-05
180.0,331,833.3333333333334,55.55555555555556,122.5,6.011804017825084,0.7099328947022367,0.9729131873220667,7.988201099899131e-05
180.0,332,944.4444444444445,55.55555555555556,122.5,6.015409138039171,0.7099378433352769,0.9729173459730505,7.993017318913803e-05
180.0,333,55.55555555555556,166.66666666666669,122.5,6.011804017825054,0.7099328947022383,0.9729131873220684,7.988201099899088e-05
180.0,334,166.66666666666669,166.66666666666669,122.5,6.0069354881244825,0.7099475836432914,0.972907563998329,7.981697033129388e-05
180.0,335,277.77777777777777,166.66666666666669,122.5,5.9983977913066076,0.709991040623806,0.972897680692868,7.970291134130403e-05
180.0,336,388.8888888888889,166.66666666666669,122.5,5.989093692054537,0.7100470867814236,0.9728868784601576,7.957861303179398e-05
180.0,337,500.0,166.66666666666669,122.5,5.9841924413138585,0.710054173026881,0.972881173806188,7.951313434859086e-05
180.0,338,611.1111111111111,166.66666666666669,122.5,5.9890936920545546,0.7100470867814243,0.9728868784601635,7.95786130317946e-05
180.0,339,722.2222222222223,166.66666666666669,122.5,5.998397791306644,0.709991040623806,0.9728976806928633,7.970291134130407e-05
180.0,340,833.3333333333334,166.66666666666669,122.5,6.006935488124524,0.7099475836432909,0.9729075639983328,7.981697033129476e-05
180.0,341,944.4444444444445,166.66666666666669,122.5,6.011804017825103,0.7099328947022373,0.972913187322072,7.988201099899202e-05
180.0,342,55.55555555555556,277.77777777777777,122.5,6.005795983246559,0.7099530994333552,0.9729062463938147,7.980174718662703e-05
180.0,343,166.66666666666669,277.77777777777777,122.5,5.9983977913066155,0.7099910406238065,0.9728976806928612,7.970291134130361e-05
180.0,344,277.77777777777777,277.77777777777777,122.5,5.984303719297427,0.710077454539652,0.9728813049517168,7.951462110294043e-05
180.0,345,388.8888888888889,277.77777777777777,122.5,5.9664067536443435,0.710073285640406,0.9728604005776402,7.927552392362199e-05
180.0,346,500.0,277.77777777777777,122.5,5.953921661689806,0.7098148545152309,0.9728457447891525,7.910872618095172e-05
180.0,347,611.1111111111111,277.77777777777777,122.5,5.9664067536443595,0.7100732856404071,0.9728604005776478,7.927552392362275e-05
180.0,348,722.2222222222223,277.77777777777777,122.5,5.984303719297464,0.7100774545396524,0.9728813049517245,7.951462110294148e-05
180.0,349,833.3333333333334,277.77777777777777,122.5,5.998397791306672,0.709991040623804,0.9728976806928686,7.970291134130493e-05
180.0,350,944.4444444444445,277.77777777777777,122.5,6.005795983246622,0.7099530994333536,0.9729062463938182,7.980174718662815e-05
180.0,351,55.55555555555556,388.8888888888889,122.5,5.999819004051475,0.7099829442234326,0.9728993275279909,7.972189798305344e-05
180.0,352,166.66666666666669,388.8888888888889,122.5,5.989093692054543,0.7100470867814239,0.9728868784601601,7.957861303179418e-05
180.0,353,277.77777777777777,388.8888888888889,122.5,5.966406753644351,0.7100732856404066,0.9728604005776442,7.927552392362259e-05
180.0,354,388.8888888888889,388.8888888888889,122.5,5.930667590769694,0.7095893354745934,0.9728182864209755,7.879805465577103e-05
180.0,355,500.0,388.8888888888889,122.5,5.8919379687690725,0.7074838206827482,0.9727720907721614,7.828062397768189e-05
180.0,356,611.1111111111111,388.8888888888889,122.5,5.9306675907697155,0.7095893354745929,0.9728182864209661,7.879805465577055e-05
180.0,357,722.2222222222223,388.8888888888889,122.5,5.966406753644392,0.7100732856404054,0.9728604005776451,7.927552392362324e-05
180.0,358,833.3333333333334,388.8888888888889,122.5,5.98909369205461,0.7100470867814219,0.9728868784601614,7.957861303179527e-05
180.0,359,944.4444444444445,388.8888888888889,122.5,5.999819004051547,0.7099829442234331,0.9728993275279844,7.972189798305389e-05
180.0,360,55.55555555555556,500.0,122.5,5.997106794075191,0.709997545927196,0.972896182977831,7.968566420654e-05
180.0,361,166.66666666666669,500.0,122.5,5.984192441313868,0.7100541730268827,0.9728811738061875,7.951313434859111e-05
180.0,362,277.77777777777777,500.0,122.5,5.953921661689818,0.7098148545152317,0.9728457447891479,7.910872618095147e-05
180.0,363,388.8888888888889,500.0,122.5,5.891937968769079,0.7074838206827473,0.9727720907721692,7.828062397768265e-05
180.0,364,500.0,500.0,122.5,5.769693305071055,0.6924995628500623,0.9726224108455568,7.664736761416455e-05
180.0,365,611.1111111111111,500.0,122.5,5.891937968769096,0.707483820682747,0.9727720907721705,7.82806239776829e-05
180.0,366,722.2222222222223,500.0,122.5,5.953921661689865,0.7098148545152299,0.972845744789147,7.910872618095211e-05
180.0,367,833.3333333333334,500.0,122.5,5.984192441313934,0.7100541730268815,0.9728811738061927,7.951313434859237e-05
180.0,368,944.4444444444445,500.0,122.5,5.997106794075263,0.7099975459271961,0.9728961829778219,7.968566420654025e-05
180.0,369,55.55555555555556,611.1111111111111,122.5,5.999819004051516,0.7099829442234319,0.972899327527984,7.972189798305344e-05
180.0,370,166.66666666666669,611.1111111111111,122.5,5.989093692054578,0.710047086781424,0.972886878460166,7.957861303179508e-05
180.0,371,277.77777777777777,611.1111111111111,122.5,5.966406753644372,0.7100732856404068,0.9728604005776382,7.92755239236224e-05
180.0,372,388.8888888888889,611.1111111111111,122.5,5.9306675907697155,0.7095893354745939,0.972818286420971,7.879805465577094e-05
180.0,373,500.0,611.1111111111111,122.5,5.8919379687690885,0.7074838206827485,0.9727720907721664,7.828062397768257e-05
180.0,374,611.1111111111111,611.1111111111111,122.5,5.930667590769733,0.7095893354745929,0.9728182864209689,7.879805465577107e-05
180.0,375,722.2222222222223,611.1111111111111,122.5,5.966406753644411,0.710073285640407,0.9728604005776446,7.927552392362333e-05
180.0,376,833.3333333333334,611.1111111111111,122.5,5.989093692054624,0.7100470867814247,0.972886878460167,7.957861303179586e-05
180.0,377,944.4444444444445,611.1111111111111,122.5,5.999819004051562,0.7099829442234326,0.9728993275279848,7.972189798305421e-05
180.0,378,55.55555555555556,722.2222222222223,122.5,6.00579598324664,0.7099530994333533,0.972906246393819,7.98017471866285e-05
180.0,379,166.66666666666669,722.2222222222223,122.5,5.998397791306684,0.7099910406238044,0.9728976806928613,7.970291134130447e-05
180.0,380,277.77777777777777,722.2222222222223,122.5,5.984303719297478,0.7100774545396533,0.9728813049517205,7.951462110294129e-05
180.0,381,388.8888888888889,722.2222222222223,122.5,5.966406753644386,0.710073285640407,0.9728604005776412,7.927552392362264e-05
180.0,382,500.0,722.2222222222223,122.5,5.953921661689849,0.7098148545152309,0.9728457447891488,7.910872618095196e-05
180.0,383,611.1111111111111,722.2222222222223,122.5,5.966406753644402,0.7100732856404073,0.9728604005776449,7.927552392362322e-05
180.0,384,722.2222222222223,722.2222222222223,122.5,5.9843037192975075,0.7100774545396522,0.9728813049517205,7.951462110294173e-05
180.0,385,833.3333333333334,722.2222222222223,122.5,5.998397791306711,0.7099910406238042,0.9728976806928659,7.970291134130527e-05
180.0,386,944.4444444444445,722.2222222222223,122.5,6.005795983246658,0.7099530994333546,0.9729062463938182,7.980174718662857e-05
180.0,387,55.55555555555556,833.3333333333334,122.5,6.01180401782515,0.7099328947022385,0.9729131873220641,7.988201099899197e-05
180.0,388,166.66666666666669,833.3333333333334,122.5,6.006935488124574,0.7099475836432919,0.9729075639983358,7.981697033129556e-05
180.0,389,277.77777777777777,833.3333333333334,122.5,5.998397791306683,0.7099910406238048,0.9728976806928633,7.970291134130463e-05
180.0,390,388.8888888888889,833.3333333333334,122.5,5.9890936920546,0.7100470867814231,0.972886878460166,7.957861303179537e-05
180.0,391,500.0,833.3333333333334,122.5,5.984192441313919,0.7100541730268807,0.972881173806196,7.951313434859236e-05
180.0,392,611.1111111111111,833.3333333333334,122.5,5.989093692054616,0.7100470867814233,0.9728868784601588,7.957861303179505e-05
180.0,393,722.2222222222223,833.3333333333334,122.5,5.998397791306709,0.7099910406238048,0.9728976806928678,7.97029113413053e-05
180.0,394,833.3333333333334,833.3333333333334,122.5,6.006935488124591,0.7099475836432912,0.9729075639983352,7.981697033129579e-05
180.0,395,944.4444444444445,833.3333333333334,122.5,6.011804017825161,0.7099328947022386,0.972913187322067,7.988201099899233e-05
180.0,396,55.55555555555556,944.4444444444445,122.5,6.015409138039244,0.7099378433352785,0.972917345973049,7.993017318913904e-05
180.0,397,166.66666666666669,944.4444444444445,122.5,6.011804017825139,0.7099328947022384,0.9729131873220727,7.988201099899252e-05
180.0,398,277.77777777777777,944.4444444444445,122.5,6.0057959832466326,0.7099530994333552,0.9729062463938166,7.980174718662817e-05
180.0,399,388.8888888888889,944.4444444444445,122.5,5.999819004051543,0.7099829442234323,0.97289932752799,7.972189798305435e-05
180.0,400,500.0,944.4444444444445,122.5,5.997106794075253,0.7099975459271954,0.9728961829778281,7.96856642065406e-05
180.0,401,611.1111111111111,944.4444444444445,122.5,5.9998190040515595,0.7099829442234318,0.9728993275279907,7.972189798305455e-05
180.0,402,722.2222222222223,944.4444444444445,122.5,6.0057959832466565,0.7099530994333543,0.9729062463938162,7.980174718662841e-05
180.0,403,833.3333333333334,944.4444444444445,122.5,6.011804017825161,0.7099328947022385,0.9729131873220662,7.988201099899226e-05
180.0,404,944.4444444444445,944.4444444444445,122.5,6.015409138039245,0.7099378433352787,0.9729173459730499,7.993017318913898e-05
180.0,405,55.55555555555556,55.55555555555556,127.5,6.483524078658271,0.0,0.0,7.830257085855878e-05
180.0,406,166.66666666666669,55.55555555555556,127.5,6.47991908195315,0.0,0.0,7.830246936797798e-05
180.0,407,277.77777777777777,55.55555555555556,127.5,6.473887067319916,0.0,0.0,7.830230798757339e-05
180.0,408,388.8888888888889,55.55555555555556,127.5,6.467877710739843,0.0,0.0,7.830215739220978e-05
180.0,409,500.0,55.55555555555556,127.5,6.4651507842951945,0.0,0.0,7.830210401634661e-05
180.0,410,611.1111111111111,55.55555555555556,127.5,6.467877710739865,0.0,0.0,7.830215739220979e-05
180.0,411,722.2222222222223,55.55555555555556,127.5,6.473887067319931,0.0,0.0,7.83023079875735e-05
180.0,412,833.3333333333334,55.55555555555556,127.5,6.47991908195318,0.0,0.0,7.830246936797817e-05
180.0,413,944.4444444444445,55.55555555555556,127.5,6.483524078658309,0.0,0.0,7.830257085855877e-05
180.0,414,55.55555555555556,166.66666666666669,127.5,6.479919081953147,0.0,0.0,7.830246936797809e-05
180.0,415,166.66666666666669,166.66666666666669,127.5,6.475033123322436,0.0,0.0,7.830233887471512e-05
180.0,416,277.77777777777777,166.66666666666669,127.5,6.4664488618817755,0.0,0.0,7.830212647667295e-05
180.0,417,388.8888888888889,166.66666666666669,127.5,6.457098726683427,0.0,0.0,7.830196648341883e-05
180.0,418,500.0,166.66666666666669,127.5,6.452231506208796,0.0,0.0,7.830200969108421e-05
180.0,419,611.1111111111111,166.66666666666669,127.5,6.457098726683435,0.0,0.0,7.83019664834187e-05
180.0,420,722.2222222222223,166.66666666666669,127.5,6.466448861881815,0.0,0.0,7.83021264766728e-05
180.0,421,833.3333333333334,166.66666666666669,127.5,6.475033123322483,0.0,0.0,7.830233887471512e-05
180.0,422,944.4444444444445,166.66666666666669,127.5,6.479919081953204,0.0,0.0,7.830246936797817e-05
180.0,423,55.55555555555556,277.77777777777777,127.5,6.473887067319916,0.0,0.0,7.830230798757338e-05
180.0,424,166.66666666666669,277.77777777777777,127.5,6.466448861881768,0.0,0.0,7.830212647667295e-05
180.0,425,277.77777777777777,277.77777777777777,127.5,6.452288365979837,0.0,0.0,7.830189448125361e-05
180.0,426,388.8888888888889,277.77777777777777,127.5,6.43454521390024,0.0,0.0,7.830206330121904e-05
180.0,427,500.0,277.77777777777777,127.5,6.422689765584382,0.0,0.0,7.830314860291239e-05
180.0,428,611.1111111111111,277.77777777777777,127.5,6.434545213900256,0.0,0.0,7.830206330121915e-05
180.0,429,722.2222222222223,277.77777777777777,127.5,6.452288365979875,0.0,0.0,7.830189448125349e-05
180.0,430,833.3333333333334,277.77777777777777,127.5,6.466448861881853,0.0,0.0,7.830212647667288e-05
180.0,431,944.4444444444445,277.77777777777777,127.5,6.4738870673199855,0.0,0.0,7.830230798757331e-05
180.0,432,55.55555555555556,388.8888888888889,127.5,6.467877710739857,0.0,0.0,7.830215739220984e-05
180.0,433,166.66666666666669,388.8888888888889,127.5,6.457098726683432,0.0,0.0,7.830196648341882e-05
180.0,434,277.77777777777777,388.8888888888889,127.5,6.434545213900261,0.0,0.0,7.830206330121903e-05
180.0,435,388.8888888888889,388.8888888888889,127.5,6.4001564602285494,0.0,0.0,7.830449399013744e-05
180.0,436,500.0,388.8888888888889,127.5,6.366505730538867,0.0,0.0,7.831432140055458e-05
180.0,437,611.1111111111111,388.8888888888889,127.5,6.400156460228573,0.0,0.0,7.830449399013745e-05
180.0,438,722.2222222222223,388.8888888888889,127.5,6.434545213900301,0.0,0.0,7.830206330121893e-05
180.0,439,833.3333333333334,388.8888888888889,127.5,6.457098726683508,0.0,0.0,7.830196648341874e-05
180.0,440,944.4444444444445,388.8888888888889,127.5,6.467877710739931,0.0,0.0,7.830215739220993e-05
180.0,441,55.55555555555556,500.0,127.5,6.465150784295202,0.0,0.0,7.83021040163467e-05
180.0,442,166.66666666666669,500.0,127.5,6.452231506208815,0.0,0.0,7.830200969108441e-05
180.0,443,277.77777777777777,500.0,127.5,6.422689765584393,0.0,0.0,7.830314860291234e-05
180.0,444,388.8888888888889,500.0,127.5,6.366505730538872,0.0,0.0,7.831432140055437e-05
180.0,445,500.0,500.0,127.5,6.276656943255833,0.0,0.0,7.837616829426387e-05
180.0,446,611.1111111111111,500.0,127.5,6.366505730538904,0.0,0.0,7.831432140055435e-05
180.0,447,722.2222222222223,500.0,127.5,6.422689765584453,0.0,0.0,7.83031486029122e-05
180.0,448,833.3333333333334,500.0,127.5,6.452231506208881,0.0,0.0,7.83020096910844e-05
180.0,449,944.4444444444445,500.0,127.5,6.465150784295271,0.0,0.0,7.830210401634657e-05
180.0,450,55.55555555555556,611.1111111111111,127.5,6.467877710739902,0.0,0.0,7.830215739220976e-05
180.0,451,166.66666666666669,611.1111111111111,127.5,6.457098726683467,0.0,0.0,7.830196648341871e-05
180.0,452,277.77777777777777,611.1111111111111,127.5,6.434545213900276,0.0,0.0,7.830206330121901e-05
180.0,453,388.8888888888889,611.1111111111111,127.5,6.400156460228572,0.0,0.0,7.830449399013753e-05
180.0,454,500.0,611.1111111111111,127.5,6.366505730538883,0.0,0.0,7.831432140055448e-05
180.0,455,611.1111111111111,611.1111111111111,127.5,6.400156460228585,0.0,0.0,7.83044939901375e-05
180.0,456,722.2222222222223,611.1111111111111,127.5,6.4345452139003045,0.0,0.0,7.830206330121893e-05
180.0,457,833.3333333333334,611.1111111111111,127.5,6.45709872668351,0.0,0.0,7.830196648341875e-05
180.0,458,944.4444444444445,611.1111111111111,127.5,6.46787771073995,0.0,0.0,7.830215739220965e-05
180.0,459,55.55555555555556,722.2222222222223,127.5,6.473887067320005,0.0,0.0,7.830230798757335e-05
180.0,460,166.66666666666669,722.2222222222223,127.5,6.46644886188185,0.0,0.0,7.830212647667285e-05
180.0,461,277.77777777777777,722.2222222222223,127.5,6.452288365979885,0.0,0.0,7.83018944812535e-05
180.0,462,388.8888888888889,722.2222222222223,127.5,6.434545213900285,0.0,0.0,7.8302063301219e-05
180.0,463,500.0,722.2222222222223,127.5,6.422689765584433,0.0,0.0,7.830314860291238e-05
180.0,464,611.1111111111111,722.2222222222223,127.5,6.434545213900309,0.0,0.0,7.830206330121904e-05
180.0,465,722.2222222222223,722.2222222222223,127.5,6.452288365979915,0.0,0.0,7.830189448125365e-05
180.0,466,833.3333333333334,722.2222222222223,127.5,6.466448861881871,0.0,0.0,7.830212647667288e-05
180.0,467,944.4444444444445,722.2222222222223,127.5,6.473887067320022,0.0,0.0,7.830230798757339e-05
180.0,468,55.55555555555556,833.3333333333334,127.5,6.479919081953246,0.0,0.0,7.830246936797821e-05
180.0,469,166.66666666666669,833.3333333333334,127.5,6.475033123322528,0.0,0.0,7.830233887471508e-05
180.0,470,277.77777777777777,833.3333333333334,127.5,6.4664488618818465,0.0,0.0,7.830212647667291e-05
180.0,471,388.8888888888889,833.3333333333334,127.5,6.45709872668349,0.0,0.0,7.830196648341886e-05
180.0,472,500.0,833.3333333333334,127.5,6.452231506208861,0.0,0.0,7.830200969108433e-05
180.0,473,611.1111111111111,833.3333333333334,127.5,6.4570987266834985,0.0,0.0,7.830196648341897e-05
180.0,474,722.2222222222223,833.3333333333334,127.5,6.466448861881874,0.0,0.0,7.830212647667273e-05
180.0,475,833.3333333333334,833.3333333333334,127.5,6.475033123322551,0.0,0.0,7.830233887471519e-05
180.0,476,944.4444444444445,833.3333333333334,127.5,6.479919081953267,0.0,0.0,7.830246936797814e-05
180.0,477,55.55555555555556,944.4444444444445,127.5,6.483524078658385,0.0,0.0,7.830257085855866e-05
180.0,478,166.66666666666669,944.4444444444445,127.5,6.479919081953229,0.0,0.0,7.830246936797807e-05
180.0,479,277.77777777777777,944.4444444444445,127.5,6.47388706732,0.0,0.0,7.83023079875734e-05
180.0,480,388.8888888888889,944.4444444444445,127.5,6.46787771073992,0.0,0.0,7.830215739220976e-05
180.0,481,500.0,944.4444444444445,127.5,6.465150784295262,0.0,0.0,7.830210401634677e-05
180.0,482,611.1111111111111,944.4444444444445,127.5,6.467877710739945,0.0,0.0,7.830215739220972e-05
180.0,483,722.2222222222223,944.4444444444445,127.5,6.473887067320018,0.0,0.0,7.830230798757352e-05
180.0,484,833.3333333333334,944.4444444444445,127.5,6.47991908195325,0.0,0.0,7.830246936797821e-05
180.0,485,944.4444444444445,944.4444444444445,127.5,6.483524078658389,0.0,0.0,7.83025708585589e-05
180.0,486,55.55555555555556,55.55555555555556,132.5,7.006610047393713,0.0,0.0,8.438769878476023e-05
180.0,487,166.66666666666669,55.55555555555556,132.5,7.002999509608048,0.0,0.0,8.438763125336073e-05
180.0,488,277.77777777777777,55.55555555555556,132.5,6.996962043036566,0.0,0.0,8.438752389970865e-05
180.0,489,388.8888888888889,55.55555555555556,132.5,6.9909502188023795,0.0,0.0,8.438742441379289e-05
180.0,490,500.0,55.55555555555556,132.5,6.988227021850159,0.0,0.0,8.438739006352008e-05
180.0,491,611.1111111111111,55.55555555555556,132.5,6.990950218802405,0.0,0.0,8.438742441379282e-05
180.0,492,722.2222222222223,55.55555555555556,132.5,6.996962043036572,0.0,0.0,8.438752389970859e-05
180.0,493,833.3333333333334,55.55555555555556,132.5,7.002999509608074,0.0,0.0,8.438763125336058e-05
180.0,494,944.4444444444445,55.55555555555556,132.5,7.0066100473937425,0.0,0.0,8.438769878476015e-05
180.0,495,55.55555555555556,166.66666666666669,132.5,7.002999509608046,0.0,0.0,8.438763125336062e-05
180.0,496,166.66666666666669,166.66666666666669,132.5,6.998109471747813,0.0,0.0,8.438754458199102e-05
180.0,497,277.77777777777777,166.66666666666669,132.5,6.989524113663418,0.0,0.0,8.438740493086667e-05
180.0,498,388.8888888888889,166.66666666666669,132.5,6.980193535071745,0.0,0.0,8.438730395943612e-05
180.0,499,500.0,166.66666666666669,132.5,6.975362531585889,0.0,0.0,8.438734036767386e-05
180.0,500,611.1111111111111,166.66666666666669,132.5,6.980193535071755,0.0,0.0,8.43873039594362e-05
180.0,501,722.2222222222223,166.66666666666669,132.5,6.989524113663455,0.0,0.0,8.438740493086667e-05
180.0,502,833.3333333333334,166.66666666666669,132.5,6.998109471747863,0.0,0.0,8.438754458199112e-05
180.0,503,944.4444444444445,166.66666666666669,132.5,7.002999509608107,0.0,0.0,8.438763125336064e-05
180.0,504,55.55555555555556,277.77777777777777,132.5,6.996962043036553,0.0,0.0,8.43875238997086e-05
180.0,505,166.66666666666669,277.77777777777777,132.5,6.989524113663401,0.0,0.0,8.438740493086658e-05
180.0,506,277.77777777777777,277.77777777777777,132.5,6.975395871911776,0.0,0.0,8.438725959205158e-05
180.0,507,388.8888888888889,277.77777777777777,132.5,6.957776342080618,0.0,0.0,8.43874006707643e-05
180.0,508,500.0,277.77777777777777,132.5,6.946199730917056,0.0,0.0,8.438817372857403e-05
180.0,509,611.1111111111111,277.77777777777777,132.5,6.95777634208064,0.0,0.0,8.438740067076423e-05
180.0,510,722.2222222222223,277.77777777777777,132.5,6.975395871911817,0.0,0.0,8.438725959205162e-05
180.0,511,833.3333333333334,277.77777777777777,132.5,6.9895241136635,0.0,0.0,8.438740493086666e-05
180.0,512,944.4444444444445,277.77777777777777,132.5,6.996962043036637,0.0,0.0,8.438752389970865e-05
180.0,513,55.55555555555556,388.8888888888889,132.5,6.990950218802396,0.0,0.0,8.438742441379269e-05
180.0,514,166.66666666666669,388.8888888888889,132.5,6.9801935350717565,0.0,0.0,8.4387303959436e-05
180.0,515,277.77777777777777,388.8888888888889,132.5,6.957776342080654,0.0,0.0,8.438740067076418e-05
180.0,516,388.8888888888889,388.8888888888889,132.5,6.924068930614323,0.0,0.0,8.438914688234501e-05
180.0,517,500.0,388.8888888888889,132.5,6.892678219394711,0.0,0.0,8.439581888259641e-05
180.0,518,611.1111111111111,388.8888888888889,132.5,6.924068930614341,0.0,0.0,8.43891468823451e-05
180.0,519,722.2222222222223,388.8888888888889,132.5,6.9577763420806855,0.0,0.0,8.438740067076416e-05
180.0,520,833.3333333333334,388.8888888888889,132.5,6.980193535071831,0.0,0.0,8.438730395943614e-05
180.0,521,944.4444444444445,388.8888888888889,132.5,6.99095021880247,0.0,0.0,8.438742441379272e-05
180.0,522,55.55555555555556,500.0,132.5,6.988227021850166,0.0,0.0,8.438739006352008e-05
180.0,523,166.66666666666669,500.0,132.5,6.975362531585909,0.0,0.0,8.438734036767383e-05
180.0,524,277.77777777777777,500.0,132.5,6.94619973091707,0.0,0.0,8.4388173728574e-05
180.0,525,388.8888888888889,500.0,132.5,6.892678219394716,0.0,0.0,8.439581888259633e-05
180.0,526,500.0,500.0,132.5,6.816857162090635,0.0,0.0,8.443422405983229e-05
180.0,527,611.1111111111111,500.0,132.5,6.892678219394754,0.0,0.0,8.439581888259646e-05
180.0,528,722.2222222222223,500.0,132.5,6.94619973091714,0.0,0.0,8.438817372857393e-05
180.0,529,833.3333333333334,500.0,132.5,6.975362531585975,0.0,0.0,8.438734036767403e-05
180.0,530,944.4444444444445,500.0,132.5,6.98822702185023,0.0,0.0,8.438739006352012e-05
180.0,531,55.55555555555556,611.1111111111111,132.5,6.990950218802447,0.0,0.0,8.438742441379278e-05
180.0,532,166.66666666666669,611.1111111111111,132.5,6.980193535071796,0.0,0.0,8.438730395943618e-05
180.0,533,277.77777777777777,611.1111111111111,132.5,6.95777634208066,0.0,0.0,8.438740067076426e-05
180.0,534,388.8888888888889,611.1111111111111,132.5,6.924068930614338,0.0,0.0,8.438914688234492e-05
180.0,535,500.0,611.1111111111111,132.5,6.892678219394715,0.0,0.0,8.439581888259645e-05
180.0,536,611.1111111111111,611.1111111111111,132.5,6.924068930614348,0.0,0.0,8.438914688234503e-05
180.0,537,722.2222222222223,611.1111111111111,132.5,6.957776342080682,0.0,0.0,8.438740067076426e-05
180.0,538,833.3333333333334,611.1111111111111,132.5,6.980193535071828,0.0,0.0,8.438730395943617e-05
180.0,539,944.4444444444445,611.1111111111111,132.5,6.990950218802493,0.0,0.0,8.438742441379276e-05
180.0,540,55.55555555555556,722.2222222222223,132.5,6.996962043036655,0.0,0.0,8.438752389970867e-05
180.0,541,166.66666666666669,722.2222222222223,132.5,6.989524113663489,0.0,0.0,8.438740493086656e-05
180.0,542,277.77777777777777,722.2222222222223,132.5,6.975395871911822,0.0,0.0,8.438725959205165e-05
180.0,543,388.8888888888889,722.2222222222223,132.5,6.957776342080668,0.0,0.0,8.438740067076418e-05
180.0,544,500.0,722.2222222222223,132.5,6.946199730917117,0.0,0.0,8.438817372857393e-05
180.0,545,611.1111111111111,722.2222222222223,132.5,6.957776342080696,0.0,0.0,8.438740067076435e-05
180.0,546,722.2222222222223,722.2222222222223,132.5,6.975395871911857,0.0,0.0,8.438725959205177e-05
180.0,547,833.3333333333334,722.2222222222223,132.5,6.989524113663505,0.0,0.0,8.438740493086662e-05
180.0,548,944.4444444444445,722.2222222222223,132.5,6.9969620430366675,0.0,0.0,8.438752389970865e-05
180.0,549,55.55555555555556,833.3333333333334,132.5,7.002999509608145,0.0,0.0,8.438763125336058e-05
180.0,550,166.66666666666669,833.3333333333334,132.5,6.998109471747904,0.0,0.0,8.438754458199093e-05
180.0,551,277.77777777777777,833.3333333333334,132.5,6.989524113663484,0.0,0.0,8.438740493086654e-05
180.0,552,388.8888888888889,833.3333333333334,132.5,6.980193535071805,0.0,0.0,8.43873039594361e-05
180.0,553,500.0,833.3333333333334,132.5,6.975362531585948,0.0,0.0,8.438734036767399e-05
180.0,554,611.1111111111111,833.3333333333334,132.5,6.980193535071809,0.0,0.0,8.438730395943601e-05
180.0,555,722.2222222222223,833.3333333333334,132.5,6.989524113663506,0.0,0.0,8.438740493086659e-05
180.0,556,833.3333333333334,833.3333333333334,132.5,6.998109471747933,0.0,0.0,8.438754458199098e-05
180.0,557,944.4444444444445,833.3333333333334,132.5,7.00299950960817,0.0,0.0,8.438763125336068e-05
180.0,558,55.55555555555556,944.4444444444445,132.5,7.006610047393827,0.0,0.0,8.438769878476013e-05
180.0,559,166.66666666666669,944.4444444444445,132.5,7.002999509608118,0.0,0.0,8.438763125336062e-05
180.0,560,277.77777777777777,944.4444444444445,132.5,6.996962043036644,0.0,0.0,8.438752389970844e-05
180.0,561,388.8888888888889,944.4444444444445,132.5,6.990950218802459,0.0,0.0,8.438742441379277e-05
180.0,562,500.0,944.4444444444445,132.5,6.988227021850222,0.0,0.0,8.438739006352005e-05
180.0,563,611.1111111111111,944.4444444444445,132.5,6.990950218802488,0.0,0.0,8.438742441379276e-05
180.0,564,722.2222222222223,944.4444444444445,132.5,6.996962043036664,0.0,0.0,8.43875238997087e-05
180.0,565,833.3333333333334,944.4444444444445,132.5,7.002999509608141,0.0,0.0,8.43876312533607e-05
180.0,566,944.4444444444445,944.4444444444445,132.5,7.006610047393834,0.0,0.0,8.438769878476015e-05
180.0,567,55.55555555555556,55.55555555555556,137.5,7.518119764689223,0.0,0.0,9.047132087497649e-05
180.0,568,166.66666666666669,55.55555555555556,137.5,7.514505585438053,0.0,0.0,9.04712871105071e-05
180.0,569,277.77777777777777,55.55555555555556,137.5,7.508464533097497,0.0,0.0,9.04712334437107e-05
180.0,570,388.8888888888889,55.55555555555556,137.5,7.502451310974169,0.0,0.0,9.04711839166396e-05
180.0,571,500.0,55.55555555555556,137.5,7.499730808040359,0.0,0.0,9.047116708789126e-05
180.0,572,611.1111111111111,55.55555555555556,137.5,7.502451310974198,0.0,0.0,9.04711839166395e-05
180.0,573,722.2222222222223,55.55555555555556,137.5,7.508464533097494,0.0,0.0,9.047123344371094e-05
180.0,574,833.3333333333334,55.55555555555556,137.5,7.514505585438075,0.0,0.0,9.0471287110507e-05
180.0,575,944.4444444444445,55.55555555555556,137.5,7.51811976468925,0.0,0.0,9.047132087497649e-05
180.0,576,55.55555555555556,166.66666666666669,137.5,7.51450558543805,0.0,0.0,9.047128711050705e-05
180.0,577,166.66666666666669,166.66666666666669,137.5,7.509612917061849,0.0,0.0,9.04712438234017e-05
180.0,578,277.77777777777777,166.66666666666669,137.5,7.501027301805474,0.0,0.0,9.047117449951356e-05
180.0,579,388.8888888888889,166.66666666666669,137.5,7.491710656851568,0.0,0.0,9.047112564315587e-05
180.0,580,500.0,166.66666666666669,137.5,7.486905219432132,0.0,0.0,9.04711461019543e-05
180.0,581,611.1111111111111,166.66666666666669,137.5,7.491710656851569,0.0,0.0,9.047112564315591e-05
180.0,582,722.2222222222223,166.66666666666669,137.5,7.501027301805506,0.0,0.0,9.047117449951348e-05
180.0,583,833.3333333333334,166.66666666666669,137.5,7.509612917061906,0.0,0.0,9.047124382340169e-05
180.0,584,944.4444444444445,166.66666666666669,137.5,7.514505585438109,0.0,0.0,9.047128711050702e-05
180.0,585,55.55555555555556,277.77777777777777,137.5,7.508464533097482,0.0,0.0,9.04712334437106e-05
180.0,586,166.66666666666669,277.77777777777777,137.5,7.501027301805447,0.0,0.0,9.04711744995136e-05
180.0,587,277.77777777777777,277.77777777777777,137.5,7.486922066542126,0.0,0.0,9.047110451046721e-05
180.0,588,388.8888888888889,277.77777777777777,137.5,7.469390954640159,0.0,0.0,9.047118352740834e-05
180.0,589,500.0,277.77777777777777,137.5,7.458011293790885,0.0,0.0,9.047158444242852e-05
180.0,590,611.1111111111111,277.77777777777777,137.5,7.46939095464019,0.0,0.0,9.047118352740831e-05
180.0,591,722.2222222222223,277.77777777777777,137.5,7.486922066542171,0.0,0.0,9.047110451046726e-05
180.0,592,833.3333333333334,277.77777777777777,137.5,7.501027301805553,0.0,0.0,9.047117449951333e-05
180.0,593,944.4444444444445,277.77777777777777,137.5,7.508464533097569,0.0,0.0,9.047123344371084e-05
180.0,594,55.55555555555556,388.8888888888889,137.5,7.502451310974179,0.0,0.0,9.047118391663956e-05
180.0,595,166.66666666666669,388.8888888888889,137.5,7.491710656851581,0.0,0.0,9.047112564315583e-05
180.0,596,277.77777777777777,388.8888888888889,137.5,7.469390954640203,0.0,0.0,9.047118352740812e-05
180.0,597,388.8888888888889,388.8888888888889,137.5,7.436164688311333,0.0,0.0,9.047209338181733e-05
180.0,598,500.0,388.8888888888889,137.5,7.406307962244396,0.0,0.0,9.047545730752414e-05
180.0,599,611.1111111111111,388.8888888888889,137.5,7.436164688311349,0.0,0.0,9.047209338181747e-05
180.0,600,722.2222222222223,388.8888888888889,137.5,7.469390954640227,0.0,0.0,9.047118352740838e-05
180.0,601,833.3333333333334,388.8888888888889,137.5,7.491710656851649,0.0,0.0,9.047112564315585e-05
180.0,602,944.4444444444445,388.8888888888889,137.5,7.502451310974257,0.0,0.0,9.047118391663967e-05
180.0,603,55.55555555555556,500.0,137.5,7.4997308080403675,0.0,0.0,9.04711670878913e-05
180.0,604,166.66666666666669,500.0,137.5,7.486905219432159,0.0,0.0,9.047114610195433e-05
180.0,605,277.77777777777777,500.0,137.5,7.458011293790908,0.0,0.0,9.047158444242856e-05
180.0,606,388.8888888888889,500.0,137.5,7.406307962244394,0.0,0.0,9.047545730752405e-05
180.0,607,500.0,500.0,137.5,7.339192589480366,0.0,0.0,9.04938401831885e-05
180.0,608,611.1111111111111,500.0,137.5,7.406307962244443,0.0,0.0,9.047545730752421e-05
180.0,609,722.2222222222223,500.0,137.5,7.458011293790991,0.0,0.0,9.047158444242856e-05
180.0,610,833.3333333333334,500.0,137.5,7.486905219432223,0.0,0.0,9.047114610195418e-05
180.0,611,944.4444444444445,500.0,137.5,7.499730808040426,0.0,0.0,9.047116708789142e-05
180.0,612,55.55555555555556,611.1111111111111,137.5,7.502451310974235,0.0,0.0,9.047118391663964e-05
180.0,613,166.66666666666669,611.1111111111111,137.5,7.491710656851626,0.0,0.0,9.047112564315584e-05
180.0,614,277.77777777777777,611.1111111111111,137.5,7.469390954640196,0.0,0.0,9.047118352740823e-05
180.0,615,388.8888888888889,611.1111111111111,137.5,7.43616468831134,0.0,0.0,9.047209338181747e-05
180.0,616,500.0,611.1111111111111,137.5,7.406307962244392,0.0,0.0,9.047545730752406e-05
180.0,617,611.1111111111111,611.1111111111111,137.5,7.436164688311356,0.0,0.0,9.047209338181726e-05
180.0,618,722.2222222222223,611.1111111111111,137.5,7.469390954640224,0.0,0.0,9.047118352740827e-05
180.0,619,833.3333333333334,611.1111111111111,137.5,7.491710656851651,0.0,0.0,9.047112564315591e-05
180.0,620,944.4444444444445,611.1111111111111,137.5,7.5024513109742825,0.0,0.0,9.047118391663966e-05
180.0,621,55.55555555555556,722.2222222222223,137.5,7.508464533097585,0.0,0.0,9.047123344371082e-05
180.0,622,166.66666666666669,722.2222222222223,137.5,7.501027301805538,0.0,0.0,9.047117449951329e-05
180.0,623,277.77777777777777,722.2222222222223,137.5,7.486922066542171,0.0,0.0,9.047110451046716e-05
180.0,624,388.8888888888889,722.2222222222223,137.5,7.469390954640214,0.0,0.0,9.047118352740822e-05
180.0,625,500.0,722.2222222222223,137.5,7.458011293790953,0.0,0.0,9.047158444242838e-05
180.0,626,611.1111111111111,722.2222222222223,137.5,7.469390954640243,0.0,0.0,9.047118352740831e-05
180.0,627,722.2222222222223,722.2222222222223,137.5,7.4869220665422205,0.0,0.0,9.047110451046718e-05
180.0,628,833.3333333333334,722.2222222222223,137.5,7.5010273018055535,0.0,0.0,9.047117449951347e-05
180.0,629,944.4444444444445,722.2222222222223,137.5,7.508464533097599,0.0,0.0,9.047123344371078e-05
180.0,630,55.55555555555556,833.3333333333334,137.5,7.514505585438151,0.0,0.0,9.0471287110507e-05
180.0,631,166.66666666666669,833.3333333333334,137.5,7.509612917061932,0.0,0.0,9.047124382340161e-05
180.0,632,277.77777777777777,833.3333333333334,137.5,7.50102730180553,0.0,0.0,9.047117449951351e-05
180.0,633,388.8888888888889,833.3333333333334,137.5,7.491710656851625,0.0,0.0,9.047112564315592e-05
180.0,634,500.0,833.3333333333334,137.5,7.486905219432193,0.0,0.0,9.047114610195441e-05
180.0,635,611.1111111111111,833.3333333333334,137.5,7.491710656851626,0.0,0.0,9.04711256431558e-05
180.0,636,722.2222222222223,833.3333333333334,137.5,7.501027301805547,0.0,0.0,9.047117449951347e-05
180.0,637,833.3333333333334,833.3333333333334,137.5,7.5096129170619665,0.0,0.0,9.04712438234019e-05
180.0,638,944.4444444444445,833.3333333333334,137.5,7.514505585438178,0.0,0.0,9.047128711050706e-05
180.0,639,55.55555555555556,944.4444444444445,137.5,7.518119764689337,0.0,0.0,9.047132087497639e-05
180.0,640,166.66666666666669,944.4444444444445,137.5,7.514505585438121,0.0,0.0,9.047128711050721e-05
180.0,641,277.77777777777777,944.4444444444445,137.5,7.508464533097574,0.0,0.0,9.047123344371078e-05
180.0,642,388.8888888888889,944.4444444444445,137.5,7.502451310974245,0.0,0.0,9.04711839166396e-05
180.0,643,500.0,944.4444444444445,137.5,7.499730808040425,0.0,0.0,9.047116708789146e-05
180.0,644,611.1111111111111,944.4444444444445,137.5,7.502451310974277,0.0,0.0,9.047118391663958e-05
180.0,645,722.2222222222223,944.4444444444445,137.5,7.508464533097595,0.0,0.0,9.047123344371088e-05
180.0,646,833.3333333333334,944.4444444444445,137.5,7.514505585438141,0.0,0.0,9.047128711050718e-05
180.0,647,944.4444444444445,944.4444444444445,137.5,7.5181197646893505,0.0,0.0,9.047132087497654e-05
180.0,648,55.55555555555556,55.55555555555556,142.5,8.018053688673398,0.0,0.0,9.655341903722887e-05
180.0,649,166.66666666666669,55.55555555555556,142.5,8.014437672946679,0.0,0.0,9.655341893324329e-05
180.0,650,277.77777777777777,55.55555555555556,142.5,8.008394791252115,0.0,0.0,9.6553418754661e-05
180.0,651,388.8888888888889,55.55555555555556,142.5,8.002380893064668,0.0,0.0,9.655341856985068e-05
180.0,652,500.0,55.55555555555556,142.5,7.999661777843676,0.0,0.0,9.655341848275154e-05
180.0,653,611.1111111111111,55.55555555555556,142.5,8.0023808930647,0.0,0.0,9.655341856985066e-05
180.0,654,722.2222222222223,55.55555555555556,142.5,8.008394791252117,0.0,0.0,9.655341875466108e-05
180.0,655,833.3333333333334,55.55555555555556,142.5,8.0144376729467,0.0,0.0,9.655341893324323e-05
180.0,656,944.4444444444445,55.55555555555556,142.5,8.018053688673426,0.0,0.0,9.6553419037229e-05
180.0,657,55.55555555555556,166.66666666666669,142.5,8.014437672946674,0.0,0.0,9.655341893324313e-05
180.0,658,166.66666666666669,166.66666666666669,142.5,8.009543675013962,0.0,0.0,9.655341878240178e-05
180.0,659,277.77777777777777,166.66666666666669,142.5,8.000958000349266,0.0,0.0,9.655341850761284e-05
180.0,660,388.8888888888889,166.66666666666669,142.5,7.991648521083063,0.0,0.0,9.65534181930774e-05
180.0,661,500.0,166.66666666666669,142.5,7.986856262866739,0.0,0.0,9.655341802057734e-05
180.0,662,611.1111111111111,166.66666666666669,142.5,7.991648521083054,0.0,0.0,9.65534181930774e-05
180.0,663,722.2222222222223,166.66666666666669,142.5,8.00095800034929,0.0,0.0,9.655341850761303e-05
180.0,664,833.3333333333334,166.66666666666669,142.5,8.009543675014015,0.0,0.0,9.655341878240166e-05
180.0,665,944.4444444444445,166.66666666666669,142.5,8.014437672946732,0.0,0.0,9.655341893324307e-05
180.0,666,55.55555555555556,277.77777777777777,142.5,8.008394791252101,0.0,0.0,9.655341875466108e-05
180.0,667,166.66666666666669,277.77777777777777,142.5,8.000958000349229,0.0,0.0,9.655341850761273e-05
180.0,668,277.77777777777777,277.77777777777777,142.5,7.986864615293411,0.0,0.0,9.655341801626224e-05
180.0,669,388.8888888888889,277.77777777777777,142.5,7.969379398768292,0.0,0.0,9.655341736399685e-05
180.0,670,500.0,277.77777777777777,142.5,7.958101372152349,0.0,0.0,9.655341691222657e-05
180.0,671,611.1111111111111,277.77777777777777,142.5,7.9693793987683295,0.0,0.0,9.65534173639969e-05
180.0,672,722.2222222222223,277.77777777777777,142.5,7.986864615293457,0.0,0.0,9.655341801626235e-05
180.0,673,833.3333333333334,277.77777777777777,142.5,8.000958000349339,0.0,0.0,9.6553418507613e-05
180.0,674,944.4444444444445,277.77777777777777,142.5,8.008394791252199,0.0,0.0,9.655341875466108e-05
180.0,675,55.55555555555556,388.8888888888889,142.5,8.002380893064668,0.0,0.0,9.655341856985064e-05
180.0,676,166.66666666666669,388.8888888888889,142.5,7.99164852108307,0.0,0.0,9.655341819307737e-05
180.0,677,277.77777777777777,388.8888888888889,142.5,7.969379398768338,0.0,0.0,9.655341736399687e-05
180.0,678,388.8888888888889,388.8888888888889,142.5,7.93640141001775,0.0,0.0,9.655341604785499e-05
180.0,679,500.0,388.8888888888889,142.5,7.907317937696897,0.0,0.0,9.655341481029066e-05
180.0,680,611.1111111111111,388.8888888888889,142.5,7.936401410017763,0.0,0.0,9.655341604785499e-05
180.0,681,722.2222222222223,388.8888888888889,142.5,7.969379398768362,0.0,0.0,9.65534173639968e-05
180.0,682,833.3333333333334,388.8888888888889,142.5,7.991648521083136,0.0,0.0,9.655341819307741e-05
180.0,683,944.4444444444445,388.8888888888889,142.5,8.00238089306475,0.0,0.0,9.655341856985091e-05
180.0,684,55.55555555555556,500.0,142.5,7.999661777843689,0.0,0.0,9.655341848275161e-05
180.0,685,166.66666666666669,500.0,142.5,7.986856262866775,0.0,0.0,9.65534180205773e-05
180.0,686,277.77777777777777,500.0,142.5,7.958101372152373,0.0,0.0,9.65534169122265e-05
180.0,687,388.8888888888889,500.0,142.5,7.907317937696896,0.0,0.0,9.655341481029071e-05
180.0,688,500.0,500.0,142.5,7.844368767132229,0.0,0.0,9.655341205999045e-05
180.0,689,611.1111111111111,500.0,142.5,7.907317937696945,0.0,0.0,9.655341481029051e-05
180.0,690,722.2222222222223,500.0,142.5,7.958101372152456,0.0,0.0,9.655341691222655e-05
180.0,691,833.3333333333334,500.0,142.5,7.986856262866832,0.0,0.0,9.655341802057732e-05
180.0,692,944.4444444444445,500.0,142.5,7.999661777843743,0.0,0.0,9.655341848275149e-05
180.0,693,55.55555555555556,611.1111111111111,142.5,8.002380893064737,0.0,0.0,9.655341856985057e-05
180.0,694,166.66666666666669,611.1111111111111,142.5,7.991648521083117,0.0,0.0,9.655341819307748e-05
180.0,695,277.77777777777777,611.1111111111111,142.5,7.969379398768325,0.0,0.0,9.655341736399667e-05
180.0,696,388.8888888888889,611.1111111111111,142.5,7.936401410017752,0.0,0.0,9.655341604785488e-05
180.0,697,500.0,611.1111111111111,142.5,7.90731793769689,0.0,0.0,9.655341481029066e-05
180.0,698,611.1111111111111,611.1111111111111,142.5,7.93640141001777,0.0,0.0,9.655341604785507e-05
180.0,699,722.2222222222223,611.1111111111111,142.5,7.969379398768357,0.0,0.0,9.655341736399682e-05
180.0,700,833.3333333333334,611.1111111111111,142.5,7.991648521083138,0.0,0.0,9.655341819307745e-05
180.0,701,944.4444444444445,611.1111111111111,142.5,8.002380893064784,0.0,0.0,9.655341856985074e-05
180.0,702,55.55555555555556,722.2222222222223,142.5,8.008394791252208,0.0,0.0,9.655341875466104e-05
180.0,703,166.66666666666669,722.2222222222223,142.5,8.000958000349321,0.0,0.0,9.655341850761292e-05
180.0,704,277.77777777777777,722.2222222222223,142.5,7.986864615293454,0.0,0.0,9.655341801626225e-05
180.0,705,388.8888888888889,722.2222222222223,142.5,7.969379398768354,0.0,0.0,9.655341736399685e-05
180.0,706,500.0,722.2222222222223,142.5,7.958101372152424,0.0,0.0,9.655341691222659e-05
180.0,707,611.1111111111111,722.2222222222223,142.5,7.969379398768378,0.0,0.0,9.655341736399686e-05
180.0,708,722.2222222222223,722.2222222222223,142.5,7.986864615293511,0.0,0.0,9.655341801626213e-05
180.0,709,833.3333333333334,722.2222222222223,142.5,8.000958000349346,0.0,0.0,9.655341850761266e-05
180.0,710,944.4444444444445,722.2222222222223,142.5,8.00839479125222,0.0,0.0,9.655341875466101e-05
180.0,711,55.55555555555556,833.3333333333334,142.5,8.014437672946777,0.0,0.0,9.655341893324309e-05
180.0,712,166.66666666666669,833.3333333333334,142.5,8.009543675014035,0.0,0.0,9.655341878240166e-05
180.0,713,277.77777777777777,833.3333333333334,142.5,8.000958000349312,0.0,0.0,9.655341850761272e-05
180.0,714,388.8888888888889,833.3333333333334,142.5,7.9916485210831105,0.0,0.0,9.655341819307738e-05
180.0,715,500.0,833.3333333333334,142.5,7.986856262866807,0.0,0.0,9.655341802057724e-05
180.0,716,611.1111111111111,833.3333333333334,142.5,7.9916485210831105,0.0,0.0,9.65534181930774e-05
180.0,717,722.2222222222223,833.3333333333334,142.5,8.000958000349328,0.0,0.0,9.655341850761289e-05
180.0,718,833.3333333333334,833.3333333333334,142.5,8.009543675014076,0.0,0.0,9.655341878240176e-05
180.0,719,944.4444444444445,833.3333333333334,142.5,8.014437672946805,0.0,0.0,9.65534189332431e-05
180.0,720,55.55555555555556,944.4444444444445,142.5,8.018053688673524,0.0,0.0,9.655341903722887e-05
180.0,721,166.66666666666669,944.4444444444445,142.5,8.01443767294675,0.0,0.0,9.655341893324309e-05
180.0,722,277.77777777777777,944.4444444444445,142.5,8.008394791252195,0.0,0.0,9.655341875466108e-05
180.0,723,388.8888888888889,944.4444444444445,142.5,8.002380893064744,0.0,0.0,9.655341856985065e-05
180.0,724,500.0,944.4444444444445,142.5,7.9996617778437455,0.0,0.0,9.655341848275146e-05
180.0,725,611.1111111111111,944.4444444444445,142.5,8.002380893064778,0.0,0.0,9.655341856985056e-05
180.0,726,722.2222222222223,944.4444444444445,142.5,8.008394791252217,0.0,0.0,9.655341875466119e-05
180.0,727,833.3333333333334,944.4444444444445,142.5,8.014437672946764,0.0,0.0,9.655341893324302e-05
180.0,728,944.4444444444445,944.4444444444445,142.5,8.018053688673533,0.0,0.0,9.655341903722885e-05
365.0,0,55.55555555555556,55.55555555555556,102.5,5.995472969002293,0.749938635588741,0.9728942204219936,7.966383161015991e-05
365.0,1,166.66666666666669,55.55555555555556,102.5,5.991710303215618,0.7499384294381539,0.9728898553530508,7.961356449756906e-05
365.0,2,277.77777777777777,55.55555555555556,102.5,5.985453532680658,0.749938158146049,0.9728825837766896,7.952997722449963e-05
365.0,3,388.8888888888889,55.55555555555556,102.5,5.979244743486712,0.7499380002738574,0.9728753535941874,7.944703071982835e-05
365.0,4,500.0,55.55555555555556,102.5,5.976437639473931,0.7499379585288474,0.9728720792413119,7.940952899109484e-05
365.0,5,611.1111111111111,55.55555555555556,102.5,5.979244743486667,0.7499380002738573,0.9728753535941873,7.944703071982778e-05
365.0,6,722.2222222222223,55.55555555555556,102.5,5.985453532680587,0.7499381581460491,0.9728825837766871,7.952997722449844e-05
365.0,7,833.3333333333334,55.55555555555556,102.5,5.9917103032155286,0.7499384294381545,0.9728898553530475,7.961356449756765e-05
365.0,8,944.4444444444445,55.55555555555556,102.5,5.995472969002208,0.7499386355887406,0.9728942204219948,7.966383161015875e-05
365.0,9,55.55555555555556,166.66666666666669,102.5,5.991710303215611,0.7499384294381546,0.972889855353053,7.961356449756908e-05
365.0,10,166.66666666666669,166.66666666666669,102.5,5.986669324241065,0.7499382072348421,0.9728839986528521,7.954621966213036e-05
365.0,11,277.77777777777777,166.66666666666669,102.5,5.977850550285042,0.7499379760360803,0.9728737289031917,7.94284049892925e-05
365.0,12,388.8888888888889,166.66666666666669,102.5,5.968282112872857,0.7499379590367888,0.9728625519656247,7.930057451137957e-05
365.0,13,500.0,166.66666666666669,102.5,5.963261954832566,0.7499380485292673,0.9728566735421182,7.923350693996383e-05
365.0,14,611.1111111111111,166.66666666666669,102.5,5.9682821128728225,0.749937959036789,0.972862551965628,7.930057451137943e-05
365.0,15,722.2222222222223,166.66666666666669,102.5,5.977850550284972,0.7499379760360805,0.9728737289031907,7.942840498929142e-05
365.0,16,833.3333333333334,166.66666666666669,102.5,5.986669324240981,0.7499382072348421,0.9728839986528556,7.954621966212951e-05
365.0,17,944.4444444444445,166.66666666666669,102.5,5.99171030321553,0.7499384294381541,0.9728898553530549,7.961356449756826e-05
365.0,18,55.55555555555556,277.77777777777777,102.5,5.985453532680649,0.7499381581460491,0.9728825837766882,7.952997722449939e-05
365.0,19,166.66666666666669,277.77777777777777,102.5,5.97785055028503,0.7499379760360803,0.9728737289031896,7.94284049892922e-05
365.0,20,277.77777777777777,277.77777777777777,102.5,5.963418500780864,0.7499380457223019,0.9728568593677854,7.923559853515712e-05
365.0,21,388.8888888888889,277.77777777777777,102.5,5.945161372450608,0.7499381572321822,0.9728354034359488,7.899168845351416e-05
365.0,22,500.0,277.77777777777777,102.5,5.9323896524442965,0.7499376019908993,0.9728203166897894,7.882106047523135e-05
365.0,23,611.1111111111111,277.77777777777777,102.5,5.945161372450584,0.7499381572321822,0.9728354034359538,7.899168845351429e-05
365.0,24,722.2222222222223,277.77777777777777,102.5,5.963418500780814,0.7499380457223022,0.9728568593677879,7.92355985351566e-05
365.0,25,833.3333333333334,277.77777777777777,102.5,5.977850550284969,0.7499379760360798,0.9728737289031952,7.942840498929179e-05
365.0,26,944.4444444444445,277.77777777777777,102.5,5.985453532680581,0.7499381581460491,0.9728825837766866,7.95299772244984e-05
365.0,27,55.55555555555556,388.8888888888889,102.5,5.979244743486689,0.749938000273857,0.9728753535941903,7.94470307198283e-05
365.0,28,166.66666666666669,388.8888888888889,102.5,5.96828211287284,0.749937959036789,0.9728625519656305,7.930057451137977e-05
365.0,29,277.77777777777777,388.8888888888889,102.5,5.945161372450598,0.749938157232182,0.9728354034359553,7.899168845351469e-05
365.0,30,388.8888888888889,388.8888888888889,102.5,5.908655672363473,0.7499377465713236,0.9727921167168895,7.850397606055999e-05
365.0,31,500.0,388.8888888888889,102.5,5.8670890637656425,0.7499371140979957,0.9727422119717994,7.794864127274136e-05
365.0,32,611.1111111111111,388.8888888888889,102.5,5.908655672363466,0.7499377465713242,0.972792116716891,7.850397606055984e-05
365.0,33,722.2222222222223,388.8888888888889,102.5,5.945161372450572,0.7499381572321814,0.9728354034359478,7.899168845351366e-05
365.0,34,833.3333333333334,388.8888888888889,102.5,5.9682821128728,0.7499379590367885,0.9728625519656304,7.930057451137934e-05
365.0,35,944.4444444444445,388.8888888888889,102.5,5.979244743486653,0.7499380002738572,0.9728753535941941,7.944703071982818e-05
365.0,36,55.55555555555556,500.0,102.5,5.976437639473924,0.7499379585288479,0.972872079241313,7.94095289910948e-05
365.0,37,166.66666666666669,500.0,102.5,5.963261954832555,0.7499380485292676,0.9728566735421182,7.92335069399637e-05
365.0,38,277.77777777777777,500.0,102.5,5.932389652444292,0.7499376019908993,0.9728203166897893,7.88210604752312e-05
365.0,39,388.8888888888889,500.0,102.5,5.867089063765638,0.7499371140979953,0.9727422119717962,7.79486412727411e-05
365.0,40,500.0,500.0,102.5,5.695977509918122,0.749937445906902,0.9725295974415008,7.56624711626561e-05
365.0,41,611.1111111111111,500.0,102.5,5.867089063765631,0.7499371140979951,0.9727422119717943,7.794864127274083e-05
365.0,42,722.2222222222223,500.0,102.5,5.932389652444277,0.7499376019908993,0.9728203166897865,7.882106047523083e-05
365.0,43,833.3333333333334,500.0,102.5,5.963261954832535,0.7499380485292674,0.9728566735421226,7.923350693996377e-05
365.0,44,944.4444444444445,500.0,102.5,5.976437639473896,0.7499379585288473,0.9728720792413137,7.940952899109442e-05
365.0,45,55.55555555555556,611.1111111111111,102.5,5.979244743486708,0.7499380002738567,0.9728753535941924,7.944703071982875e-05
365.0,46,166.66666666666669,611.1111111111111,102.5,5.9682821128728465,0.7499379590367885,0.9728625519656295,7.930057451137982e-05
365.0,47,277.77777777777777,611.1111111111111,102.5,5.945161372450598,0.7499381572321813,0.9728354034359518,7.89916884535144e-05
365.0,48,388.8888888888889,611.1111111111111,102.5,5.908655672363471,0.7499377465713237,0.9727921167168974,7.850397606056063e-05
365.0,49,500.0,611.1111111111111,102.5,5.867089063765639,0.7499371140979956,0.9727422119717977,7.794864127274123e-05
365.0,50,611.1111111111111,611.1111111111111,102.5,5.908655672363464,0.7499377465713235,0.9727921167168955,7.850397606056033e-05
365.0,51,722.2222222222223,611.1111111111111,102.5,5.945161372450575,0.7499381572321817,0.9728354034359501,7.899168845351385e-05
365.0,52,833.3333333333334,611.1111111111111,102.5,5.968282112872814,0.7499379590367886,0.9728625519656243,7.930057451137898e-05
365.0,53,944.4444444444445,611.1111111111111,102.5,5.979244743486669,0.7499380002738579,0.9728753535941913,7.94470307198281e-05
365.0,54,55.55555555555556,722.2222222222223,102.5,5.985453532680684,0.7499381581460495,0.972882583776687,7.952997722449985e-05
365.0,55,166.66666666666669,722.2222222222223,102.5,5.977850550285056,0.7499379760360803,0.9728737289031939,7.942840498929283e-05
365.0,56,277.77777777777777,722.2222222222223,102.5,5.963418500780867,0.7499380457223019,0.9728568593677864,7.92355985351572e-05
365.0,57,388.8888888888889,722.2222222222223,102.5,5.945161372450611,0.7499381572321819,0.9728354034359482,7.899168845351427e-05
365.0,58,500.0,722.2222222222223,102.5,5.932389652444309,0.7499376019908991,0.9728203166897909,7.88210604752316e-05
365.0,59,611.1111111111111,722.2222222222223,102.5,5.945161372450596,0.7499381572321812,0.9728354034359508,7.899168845351418e-05
365.0,60,722.2222222222223,722.2222222222223,102.5,5.963418500780837,0.7499380457223025,0.972856859367784,7.923559853515657e-05
365.0,61,833.3333333333334,722.2222222222223,102.5,5.977850550285004,0.7499379760360794,0.9728737289031898,7.942840498929179e-05
365.0,62,944.4444444444445,722.2222222222223,102.5,5.985453532680624,0.7499381581460491,0.9728825837766851,7.952997722449885e-05
365.0,63,55.55555555555556,833.3333333333334,102.5,5.991710303215679,0.7499384294381543,0.9728898553530538,7.961356449757015e-05
365.0,64,166.66666666666669,833.3333333333334,102.5,5.986669324241108,0.749938207234842,0.972883998652858,7.954621966213141e-05
365.0,65,277.77777777777777,833.3333333333334,102.5,5.97785055028506,0.7499379760360801,0.9728737289031943,7.942840498929301e-05
365.0,66,388.8888888888889,833.3333333333334,102.5,5.968282112872872,0.7499379590367888,0.9728625519656267,7.930057451138001e-05
365.0,67,500.0,833.3333333333334,102.5,5.963261954832589,0.7499380485292675,0.9728566735421149,7.923350693996385e-05
365.0,68,611.1111111111111,833.3333333333334,102.5,5.968282112872855,0.749937959036789,0.9728625519656244,7.930057451137955e-05
365.0,69,722.2222222222223,833.3333333333334,102.5,5.977850550285025,0.7499379760360801,0.9728737289031884,7.942840498929195e-05
365.0,70,833.3333333333334,833.3333333333334,102.5,5.986669324241047,0.749938207234841,0.9728839986528522,7.954621966213023e-05
365.0,71,944.4444444444445,833.3333333333334,102.5,5.991710303215598,0.7499384294381545,0.97288985535305,7.96135644975687e-05
365.0,72,55.55555555555556,944.4444444444445,102.5,5.995472969002372,0.7499386355887412,0.9728942204219905,7.966383161016051e-05
365.0,73,166.66666666666669,944.4444444444445,102.5,5.991710303215674,0.7499384294381539,0.9728898553530514,7.961356449756981e-05
365.0,74,277.77777777777777,944.4444444444445,102.5,5.985453532680693,0.7499381581460494,0.9728825837766883,7.952997722449996e-05
365.0,75,388.8888888888889,944.4444444444445,102.5,5.979244743486737,0.7499380002738573,0.9728753535941912,7.944703071982908e-05
365.0,76,500.0,944.4444444444445,102.5,5.976437639473966,0.7499379585288475,0.9728720792413097,7.940952899109508e-05
365.0,77,611.1111111111111,944.4444444444445,102.5,5.979244743486721,0.749938000273857,0.9728753535941869,7.944703071982844e-05
365.0,78,722.2222222222223,944.4444444444445,102.5,5.985453532680657,0.749938158146049,0.9728825837766897,7.952997722449965e-05
365.0,79,833.3333333333334,944.4444444444445,102.5,5.99171030321561,0.7499384294381544,0.9728898553530516,7.961356449756897e-05
365.0,80,944.4444444444445,944.4444444444445,102.5,5.995472969002294,0.7499386355887411,0.9728942204219938,7.966383161015979e-05
365.0,81,55.55555555555556,55.55555555555556,107.5,5.995885409408981,0.7498992612231108,0.972894697184688,7.966934146435505e-05
365.0,82,166.66666666666669,55.55555555555556,107.5,5.992122589972792,0.7498990480276209,0.9728903322455871,7.961907228697371e-05
365.0,83,277.77777777777777,55.55555555555556,107.5,5.985865648370849,0.7498987764078129,0.9728830620843816,7.953548279831602e-05
365.0,84,388.8888888888889,55.55555555555556,107.5,5.979656503388373,0.7498986032117771,0.9728758316245022,7.945253148981011e-05
365.0,85,500.0,55.55555555555556,107.5,5.976849309780845,0.749898559516313,0.9728725577127275,7.941502858067621e-05
365.0,86,611.1111111111111,55.55555555555556,107.5,5.979656503388328,0.7498986032117771,0.9728758316245032,7.945253148980949e-05
365.0,87,722.2222222222223,55.55555555555556,107.5,5.985865648370778,0.7498987764078132,0.97288306208438,7.953548279831504e-05
365.0,88,833.3333333333334,55.55555555555556,107.5,5.992122589972702,0.7498990480276203,0.9728903322455869,7.961907228697229e-05
365.0,89,944.4444444444445,55.55555555555556,107.5,5.995885409408896,0.7498992612231109,0.972894697184683,7.966934146435352e-05
365.0,90,55.55555555555556,166.66666666666669,107.5,5.992122589972784,0.7498990480276209,0.9728903322455856,7.961907228697346e-05
365.0,91,166.66666666666669,166.66666666666669,107.5,5.987081495556235,0.7498988191893244,0.972884476042798,7.95517259108595e-05
365.0,92,277.77777777777777,166.66666666666669,107.5,5.978262218458735,0.7498985839240648,0.9728742077319503,7.943390459385248e-05
365.0,93,388.8888888888889,166.66666666666669,107.5,5.9686935775166985,0.7498985575143978,0.9728630321538722,7.930607143149157e-05
365.0,94,500.0,166.66666666666669,107.5,5.963674040464152,0.7498986405053005,0.9728571551313335,7.923901216078906e-05
365.0,95,611.1111111111111,166.66666666666669,107.5,5.968693577516664,0.7498985575143982,0.9728630321538692,7.93060714314909e-05
365.0,96,722.2222222222223,166.66666666666669,107.5,5.978262218458666,0.7498985839240644,0.9728742077319542,7.943390459385197e-05
365.0,97,833.3333333333334,166.66666666666669,107.5,5.987081495556151,0.7498988191893242,0.9728844760428004,7.955172591085855e-05
365.0,98,944.4444444444445,166.66666666666669,107.5,5.992122589972703,0.7498990480276206,0.9728903322455892,7.961907228697248e-05
365.0,99,55.55555555555556,277.77777777777777,107.5,5.985865648370839,0.7498987764078135,0.9728830620843841,7.953548279831609e-05
365.0,100,166.66666666666669,277.77777777777777,107.5,5.978262218458723,0.7498985839240647,0.9728742077319565,7.943390459385285e-05
365.0,101,277.77777777777777,277.77777777777777,107.5,5.963829880274142,0.7498986388646827,0.972857340214147,7.924109433068096e-05
365.0,102,388.8888888888889,277.77777777777777,107.5,5.945574960741279,0.7498987769215403,0.9728358889971203,7.899721374597075e-05
365.0,103,500.0,277.77777777777777,107.5,5.932820088014624,0.7498982150464092,0.9728208249911862,7.882681094208451e-05
365.0,104,611.1111111111111,277.77777777777777,107.5,5.945574960741255,0.7498987769215403,0.972835888997117,7.899721374597021e-05
365.0,105,722.2222222222223,277.77777777777777,107.5,5.963829880274092,0.7498986388646837,0.9728573402141522,7.92410943306808e-05
365.0,106,833.3333333333334,277.77777777777777,107.5,5.978262218458663,0.7498985839240647,0.9728742077319551,7.943390459385204e-05
365.0,107,944.4444444444445,277.77777777777777,107.5,5.985865648370772,0.7498987764078128,0.9728830620843775,7.953548279831469e-05
365.0,108,55.55555555555556,388.8888888888889,107.5,5.97965650338835,0.7498986032117779,0.9728758316245103,7.94525314898105e-05
365.0,109,166.66666666666669,388.8888888888889,107.5,5.968693577516682,0.7498985575143985,0.9728630321538735,7.930607143149153e-05
365.0,110,277.77777777777777,388.8888888888889,107.5,5.945574960741269,0.7498987769215414,0.9728358889971161,7.899721374597028e-05
365.0,111,388.8888888888889,388.8888888888889,107.5,5.909105050931506,0.7498983246744966,0.9727926509753664,7.8509979624453e-05
365.0,112,500.0,388.8888888888889,107.5,5.867771424574936,0.7498977021369474,0.9727430357338711,7.795775770413718e-05
365.0,113,611.1111111111111,388.8888888888889,107.5,5.909105050931499,0.7498983246744962,0.9727926509753722,7.850997962445346e-05
365.0,114,722.2222222222223,388.8888888888889,107.5,5.945574960741244,0.7498987769215404,0.9728358889971152,7.89972137459699e-05
365.0,115,833.3333333333334,388.8888888888889,107.5,5.968693577516641,0.7498985575143979,0.972863032153873,7.93060714314908e-05
365.0,116,944.4444444444445,388.8888888888889,107.5,5.9796565033883144,0.7498986032117777,0.9728758316245044,7.945253148980945e-05
365.0,117,55.55555555555556,500.0,107.5,5.976849309780839,0.7498985595163129,0.9728725577127254,7.941502858067591e-05
365.0,118,166.66666666666669,500.0,107.5,5.9636740404641415,0.7498986405053005,0.9728571551313331,7.923901216078887e-05
365.0,119,277.77777777777777,500.0,107.5,5.932820088014619,0.7498982150464093,0.972820824991185,7.882681094208427e-05
365.0,120,388.8888888888889,500.0,107.5,5.867771424574932,0.7498977021369473,0.9727430357338701,7.795775770413695e-05
365.0,121,500.0,500.0,107.5,5.681942135175814,0.7498986051082862,0.9725115770716133,7.547493791833977e-05
365.0,122,611.1111111111111,500.0,107.5,5.867771424574925,0.7498977021369474,0.9727430357338694,7.795775770413678e-05
365.0,123,722.2222222222223,500.0,107.5,5.932820088014604,0.7498982150464086,0.9728208249911876,7.882681094208434e-05
365.0,124,833.3333333333334,500.0,107.5,5.963674040464121,0.7498986405053002,0.9728571551313365,7.923901216078889e-05
365.0,125,944.4444444444445,500.0,107.5,5.9768493097808095,0.7498985595163135,0.9728725577127236,7.941502858067546e-05
365.0,126,55.55555555555556,611.1111111111111,107.5,5.979656503388369,0.7498986032117777,0.9728758316245041,7.945253148981011e-05
365.0,127,166.66666666666669,611.1111111111111,107.5,5.968693577516688,0.7498985575143984,0.972863032153874,7.930607143149157e-05
365.0,128,277.77777777777777,611.1111111111111,107.5,5.945574960741269,0.7498987769215404,0.9728358889971195,7.899721374597055e-05
365.0,129,388.8888888888889,611.1111111111111,107.5,5.9091050509315055,0.7498983246744957,0.9727926509753709,7.850997962445336e-05
365.0,130,500.0,611.1111111111111,107.5,5.867771424574933,0.749897702136947,0.9727430357338688,7.795775770413685e-05
365.0,131,611.1111111111111,611.1111111111111,107.5,5.9091050509314975,0.7498983246744968,0.9727926509753654,7.850997962445278e-05
365.0,132,722.2222222222223,611.1111111111111,107.5,5.945574960741246,0.7498987769215398,0.9728358889971132,7.899721374596974e-05
365.0,133,833.3333333333334,611.1111111111111,107.5,5.968693577516655,0.7498985575143982,0.9728630321538757,7.930607143149115e-05
365.0,134,944.4444444444445,611.1111111111111,107.5,5.97965650338833,0.7498986032117779,0.9728758316245074,7.945253148980996e-05
365.0,135,55.55555555555556,722.2222222222223,107.5,5.985865648370875,0.749898776407813,0.9728830620843791,7.953548279831624e-05
365.0,136,166.66666666666669,722.2222222222223,107.5,5.97826221845875,0.7498985839240646,0.9728742077319519,7.94339045938529e-05
365.0,137,277.77777777777777,722.2222222222223,107.5,5.963829880274146,0.7498986388646834,0.9728573402141514,7.924109433068145e-05
365.0,138,388.8888888888889,722.2222222222223,107.5,5.945574960741283,0.7498987769215404,0.9728358889971134,7.899721374597033e-05
365.0,139,500.0,722.2222222222223,107.5,5.932820088014636,0.749898215046409,0.972820824991186,7.882681094208464e-05
365.0,140,611.1111111111111,722.2222222222223,107.5,5.9455749607412685,0.7498987769215402,0.9728358889971188,7.89972137459705e-05
365.0,141,722.2222222222223,722.2222222222223,107.5,5.963829880274115,0.7498986388646829,0.9728573402141522,7.924109433068109e-05
365.0,142,833.3333333333334,722.2222222222223,107.5,5.978262218458698,0.7498985839240643,0.9728742077319504,7.943390459385208e-05
365.0,143,944.4444444444445,722.2222222222223,107.5,5.9858656483708135,0.7498987764078128,0.972883062084384,7.953548279831579e-05
365.0,144,55.55555555555556,833.3333333333334,107.5,5.992122589972851,0.7498990480276206,0.9728903322455875,7.961907228697446e-05
365.0,145,166.66666666666669,833.3333333333334,107.5,5.9870814955562786,0.7498988191893237,0.9728844760428013,7.955172591086019e-05
365.0,146,277.77777777777777,833.3333333333334,107.5,5.978262218458754,0.7498985839240643,0.9728742077319507,7.943390459385281e-05
365.0,147,388.8888888888889,833.3333333333334,107.5,5.968693577516713,0.7498985575143977,0.9728630321538745,7.930607143149176e-05
365.0,148,500.0,833.3333333333334,107.5,5.963674040464176,0.749898640505301,0.9728571551313325,7.923901216078925e-05
365.0,149,611.1111111111111,833.3333333333334,107.5,5.968693577516697,0.7498985575143978,0.9728630321538725,7.93060714314916e-05
365.0,150,722.2222222222223,833.3333333333334,107.5,5.978262218458719,0.7498985839240645,0.9728742077319545,7.943390459385269e-05
365.0,151,833.3333333333334,833.3333333333334,107.5,5.987081495556217,0.7498988191893236,0.9728844760427989,7.95517259108593e-05
365.0,152,944.4444444444445,833.3333333333334,107.5,5.99212258997277,0.7498990480276199,0.9728903322455872,7.961907228697346e-05
365.0,153,55.55555555555556,944.4444444444445,107.5,5.995885409409059,0.7498992612231109,0.9728946971846836,7.966934146435569e-05
365.0,154,166.66666666666669,944.4444444444445,107.5,5.992122589972847,0.7498990480276208,0.9728903322455875,7.961907228697446e-05
365.0,155,277.77777777777777,944.4444444444445,107.5,5.985865648370884,0.7498987764078128,0.9728830620843786,7.953548279831648e-05
365.0,156,388.8888888888889,944.4444444444445,107.5,5.979656503388398,0.7498986032117771,0.9728758316245063,7.945253148981074e-05
365.0,157,500.0,944.4444444444445,107.5,5.97684930978088,0.7498985595163131,0.9728725577127242,7.941502858067636e-05
365.0,158,611.1111111111111,944.4444444444445,107.5,5.979656503388382,0.7498986032117778,0.9728758316245075,7.945253148981055e-05
365.0,159,722.2222222222223,944.4444444444445,107.5,5.985865648370847,0.7498987764078126,0.9728830620843802,7.953548279831591e-05
365.0,160,833.3333333333334,944.4444444444445,107.5,5.992122589972784,0.7498990480276202,0.9728903322455913,7.961907228697392e-05
365.0,161,944.4444444444445,944.4444444444445,107.5,5.995885409408982,0.7498992612231116,0.9728946971846832,7.966934146435466e-05
365.0,162,55.55555555555556,55.55555555555556,112.5,5.996415758388287,0.749804630670122,0.9728953109442293,7.967642654042685e-05
365.0,163,166.66666666666669,55.55555555555556,112.5,5.992652802494937,0.7498044115631697,0.9728909466422127,7.962615555710282e-05
365.0,164,277.77777777777777,55.55555555555556,112.5,5.986395819866384,0.7498041327428355,0.9728836776072394,7.954256553629636e-05
365.0,165,388.8888888888889,55.55555555555556,112.5,5.980186236366175,0.7498039527333076,0.972876447965476,7.945960839831709e-05
365.0,166,500.0,55.55555555555556,112.5,5.977378981199557,0.7498039059236176,0.9728731744768772,7.94221046711309e-05
365.0,167,611.1111111111111,55.55555555555556,112.5,5.98018623636613,0.7498039527333068,0.972876447965483,7.945960839831709e-05
365.0,168,722.2222222222223,55.55555555555556,112.5,5.9863958198663125,0.7498041327428351,0.972883677607243,7.95425655362958e-05
365.0,169,833.3333333333334,55.55555555555556,112.5,5.992652802494847,0.7498044115631702,0.9728909466422165,7.962615555710202e-05
365.0,170,944.4444444444445,55.55555555555556,112.5,5.996415758388203,0.7498046306701224,0.9728953109442342,7.967642654042612e-05
365.0,171,55.55555555555556,166.66666666666669,112.5,5.992652802494929,0.74980441156317,0.9728909466422118,7.962615555710261e-05
365.0,172,166.66666666666669,166.66666666666669,112.5,5.9876117248889065,0.7498041765556197,0.9728850913360749,7.955880941282218e-05
365.0,173,277.77777777777777,166.66666666666669,112.5,5.9787918224860555,0.7498039324500874,0.9728748241860443,7.944097978325797e-05
365.0,174,388.8888888888889,166.66666666666669,112.5,5.969223163598582,0.7498038909597715,0.9728636505676649,7.931314641959713e-05
365.0,175,500.0,166.66666666666669,112.5,5.964204828033757,0.7498039648323698,0.9728577758362114,7.924610320755519e-05
365.0,176,611.1111111111111,166.66666666666669,112.5,5.9692231635985475,0.7498038909597721,0.9728636505676704,7.931314641959715e-05
365.0,177,722.2222222222223,166.66666666666669,112.5,5.978791822485987,0.7498039324500871,0.9728748241860494,7.944097978325768e-05
365.0,178,833.3333333333334,166.66666666666669,112.5,5.987611724888822,0.7498041765556193,0.9728850913360676,7.955880941282045e-05
365.0,179,944.4444444444445,166.66666666666669,112.5,5.992652802494848,0.7498044115631702,0.9728909466422089,7.962615555710139e-05
365.0,180,55.55555555555556,277.77777777777777,112.5,5.986395819866374,0.749804132742835,0.9728836776072362,7.954256553629609e-05
365.0,181,166.66666666666669,277.77777777777777,112.5,5.978791822486045,0.7498039324500867,0.972874824186048,7.944097978325842e-05
365.0,182,277.77777777777777,277.77777777777777,112.5,5.964359488326586,0.7498039635410277,0.9728579595059709,7.924816961898652e-05
365.0,183,388.8888888888889,277.77777777777777,112.5,5.946108964631883,0.7498041479530437,0.9728365173246358,7.900434783844176e-05
365.0,184,500.0,277.77777777777777,112.5,5.933385329124657,0.7498035703971442,0.9728214929254067,7.88343624059008e-05
365.0,185,611.1111111111111,277.77777777777777,112.5,5.9461089646318595,0.7498041479530433,0.972836517324638,7.900434783844181e-05
365.0,186,722.2222222222223,277.77777777777777,112.5,5.9643594883265365,0.7498039635410284,0.9728579595059668,7.92481696189855e-05
365.0,187,833.3333333333334,277.77777777777777,112.5,5.9787918224859835,0.7498039324500871,0.9728748241860483,7.944097978325759e-05
365.0,188,944.4444444444445,277.77777777777777,112.5,5.986395819866306,0.7498041327428351,0.972883677607242,7.954256553629572e-05
365.0,189,55.55555555555556,388.8888888888889,112.5,5.980186236366151,0.7498039527333076,0.9728764479654815,7.945960839831725e-05
365.0,190,166.66666666666669,388.8888888888889,112.5,5.969223163598565,0.7498038909597716,0.9728636505676712,7.93131464195975e-05
365.0,191,277.77777777777777,388.8888888888889,112.5,5.9461089646318745,0.749804147953044,0.9728365173246354,7.90043478384416e-05
365.0,192,388.8888888888889,388.8888888888889,112.5,5.90970538343476,0.7498036372403313,0.972793365987004,7.851799999966036e-05
365.0,193,500.0,388.8888888888889,112.5,5.869160314041212,0.7498030229540554,0.9727447121986933,7.797631347027162e-05
365.0,194,611.1111111111111,388.8888888888889,112.5,5.909705383434753,0.7498036372403315,0.972793365987004,7.851799999966021e-05
365.0,195,722.2222222222223,388.8888888888889,112.5,5.946108964631848,0.7498041479530436,0.9728365173246379,7.900434783844165e-05
365.0,196,833.3333333333334,388.8888888888889,112.5,5.969223163598525,0.7498038909597718,0.9728636505676733,7.931314641959711e-05
365.0,197,944.4444444444445,388.8888888888889,112.5,5.980186236366117,0.7498039527333072,0.9728764479654828,7.94596083983168e-05
365.0,198,55.55555555555556,500.0,112.5,5.97737898119955,0.7498039059236173,0.9728731744768758,7.94221046711308e-05
365.0,199,166.66666666666669,500.0,112.5,5.964204828033746,0.7498039648323691,0.9728577758362142,7.924610320755529e-05
365.0,200,277.77777777777777,500.0,112.5,5.933385329124651,0.7498035703971441,0.9728214929254055,7.883436240590071e-05
365.0,201,388.8888888888889,500.0,112.5,5.869160314041206,0.7498030229540565,0.9727447121986887,7.797631347027112e-05
365.0,202,500.0,500.0,112.5,5.715331440706082,0.7498031271249521,0.9725542106860601,7.592105861649887e-05
365.0,203,611.1111111111111,500.0,112.5,5.869160314041199,0.7498030229540563,0.9727447121986862,7.797631347027091e-05
365.0,204,722.2222222222223,500.0,112.5,5.933385329124637,0.7498035703971444,0.9728214929254047,7.883436240590037e-05
365.0,205,833.3333333333334,500.0,112.5,5.964204828033726,0.7498039648323698,0.9728577758362144,7.924610320755502e-05
365.0,206,944.4444444444445,500.0,112.5,5.9773789811995215,0.7498039059236171,0.9728731744768784,7.942210467113058e-05
365.0,207,55.55555555555556,611.1111111111111,112.5,5.980186236366171,0.7498039527333075,0.9728764479654832,7.945960839831754e-05
365.0,208,166.66666666666669,611.1111111111111,112.5,5.9692231635985715,0.7498038909597718,0.9728636505676729,7.931314641959764e-05
365.0,209,277.77777777777777,611.1111111111111,112.5,5.9461089646318745,0.7498041479530436,0.9728365173246336,7.900434783844145e-05
365.0,210,388.8888888888889,611.1111111111111,112.5,5.909705383434758,0.7498036372403314,0.9727933659870043,7.851799999966037e-05
365.0,211,500.0,611.1111111111111,112.5,5.869160314041208,0.7498030229540567,0.9727447121986896,7.797631347027118e-05
365.0,212,611.1111111111111,611.1111111111111,112.5,5.909705383434751,0.7498036372403307,0.9727933659870085,7.851799999966056e-05
365.0,213,722.2222222222223,611.1111111111111,112.5,5.946108964631851,0.749804147953044,0.9728365173246314,7.900434783844112e-05
365.0,214,833.3333333333334,611.1111111111111,112.5,5.969223163598539,0.7498038909597721,0.972863650567669,7.931314641959688e-05
365.0,215,944.4444444444445,611.1111111111111,112.5,5.980186236366132,0.7498039527333074,0.9728764479654771,7.945960839831662e-05
365.0,216,55.55555555555556,722.2222222222223,112.5,5.986395819866409,0.7498041327428352,0.972883677607242,7.954256553629698e-05
365.0,217,166.66666666666669,722.2222222222223,112.5,5.9787918224860706,0.7498039324500871,0.972874824186045,7.944097978325817e-05
365.0,218,277.77777777777777,722.2222222222223,112.5,5.96435948832659,0.7498039635410277,0.9728579595059713,7.924816961898656e-05
365.0,219,388.8888888888889,722.2222222222223,112.5,5.946108964631888,0.749804147953044,0.972836517324637,7.900434783844185e-05
365.0,220,500.0,722.2222222222223,112.5,5.933385329124668,0.7498035703971443,0.9728214929254011,7.88343624059005e-05
365.0,221,611.1111111111111,722.2222222222223,112.5,5.946108964631873,0.7498041479530438,0.9728365173246347,7.900434783844154e-05
365.0,222,722.2222222222223,722.2222222222223,112.5,5.96435948832656,0.7498039635410276,0.9728579595059669,7.924816961898578e-05
365.0,223,833.3333333333334,722.2222222222223,112.5,5.978791822486019,0.7498039324500875,0.9728748241860468,7.944097978325789e-05
365.0,224,944.4444444444445,722.2222222222223,112.5,5.986395819866349,0.7498041327428349,0.97288367760724,7.954256553629598e-05
365.0,225,55.55555555555556,833.3333333333334,112.5,5.992652802494996,0.7498044115631702,0.9728909466422153,7.96261555571039e-05
365.0,226,166.66666666666669,833.3333333333334,112.5,5.987611724888949,0.7498041765556192,0.97288509133607,7.955880941282234e-05
365.0,227,277.77777777777777,833.3333333333334,112.5,5.978791822486075,0.749803932450087,0.9728748241860458,7.944097978325838e-05
365.0,228,388.8888888888889,833.3333333333334,112.5,5.969223163598596,0.7498038909597715,0.9728636505676668,7.931314641959756e-05
365.0,229,500.0,833.3333333333334,112.5,5.964204828033781,0.749803964832369,0.9728577758362115,7.924610320755548e-05
365.0,230,611.1111111111111,833.3333333333334,112.5,5.969223163598581,0.7498038909597715,0.9728636505676727,7.931314641959776e-05
365.0,231,722.2222222222223,833.3333333333334,112.5,5.9787918224860395,0.7498039324500871,0.9728748241860492,7.944097978325838e-05
365.0,232,833.3333333333334,833.3333333333334,112.5,5.987611724888889,0.7498041765556189,0.9728850913360684,7.95588094128215e-05
365.0,233,944.4444444444445,833.3333333333334,112.5,5.9926528024949155,0.7498044115631696,0.9728909466422081,7.962615555710217e-05
365.0,234,55.55555555555556,944.4444444444445,112.5,5.996415758388366,0.7498046306701222,0.9728953109442339,7.967642654042821e-05
365.0,235,166.66666666666669,944.4444444444445,112.5,5.992652802494992,0.74980441156317,0.9728909466422139,7.962615555710363e-05
365.0,236,277.77777777777777,944.4444444444445,112.5,5.986395819866418,0.749804132742835,0.972883677607243,7.954256553629723e-05
365.0,237,388.8888888888889,944.4444444444445,112.5,5.9801862363662,0.7498039527333076,0.9728764479654797,7.945960839831767e-05
365.0,238,500.0,944.4444444444445,112.5,5.977378981199592,0.7498039059236179,0.972873174476876,7.942210467113138e-05
365.0,239,611.1111111111111,944.4444444444445,112.5,5.980186236366184,0.7498039527333081,0.9728764479654802,7.945960839831758e-05
365.0,240,722.2222222222223,944.4444444444445,112.5,5.986395819866382,0.7498041327428346,0.9728836776072436,7.95425655362967e-05
365.0,241,833.3333333333334,944.4444444444445,112.5,5.992652802494929,0.7498044115631693,0.9728909466422088,7.962615555710237e-05
365.0,242,944.4444444444445,944.4444444444445,112.5,5.996415758388288,0.7498046306701218,0.9728953109442373,7.96764265404275e-05
365.0,243,55.55555555555556,55.55555555555556,117.5,5.997064401774296,0.7493041303053029,0.9728960687760867,7.968509254020147e-05
365.0,244,166.66666666666669,55.55555555555556,117.5,5.993301315669285,0.7492728375572597,0.9728917048797452,7.963481980376782e-05
365.0,245,277.77777777777777,55.55555555555556,117.5,5.987044495874389,0.7491286337811368,0.9728844367939847,7.955123192202614e-05
365.0,246,388.8888888888889,55.55555555555556,117.5,5.980834409803953,0.7489753344861104,0.9728772082307668,7.946826810793095e-05
365.0,247,500.0,55.55555555555556,117.5,5.978027097795889,0.7489822841243629,0.9728739351297295,7.943076361407439e-05
365.0,248,611.1111111111111,55.55555555555556,117.5,5.980834409803908,0.748975334486111,0.9728772082307702,7.946826810793066e-05
365.0,249,722.2222222222223,55.55555555555556,117.5,5.987044495874316,0.7491286337811348,0.9728844367939794,7.95512319220247e-05
365.0,250,833.3333333333334,55.55555555555556,117.5,5.993301315669195,0.7492728375572578,0.9728917048797472,7.963481980376685e-05
365.0,251,944.4444444444445,55.55555555555556,117.5,5.997064401774212,0.7493041303053014,0.9728960687760833,7.968509254020005e-05
365.0,252,55.55555555555556,166.66666666666669,117.5,5.993301315669277,0.7492728375572592,0.9728917048797412,7.963481980376749e-05
365.0,253,166.66666666666669,166.66666666666669,117.5,5.988260456466104,0.7491633639409134,0.972885850588377,7.956747656016345e-05
365.0,254,277.77777777777777,166.66666666666669,117.5,5.979439814056179,0.7489758735543096,0.9728755835621935,7.94496369859037e-05
365.0,255,388.8888888888889,166.66666666666669,117.5,5.969871231910016,0.7490540865305982,0.9728644119586788,7.932180465326524e-05
365.0,256,500.0,166.66666666666669,117.5,5.964854195679212,0.7491121355075697,0.9728585398919304,7.925477881342313e-05
365.0,257,611.1111111111111,166.66666666666669,117.5,5.969871231909981,0.7490540865305986,0.9728644119586839,7.932180465326524e-05
365.0,258,722.2222222222223,166.66666666666669,117.5,5.979439814056111,0.7489758735543101,0.9728755835621937,7.944963698590274e-05
365.0,259,833.3333333333334,166.66666666666669,117.5,5.988260456466019,0.7491633639409102,0.9728858505883735,7.956747656016205e-05
365.0,260,944.4444444444445,166.66666666666669,117.5,5.993301315669196,0.7492728375572579,0.9728917048797472,7.963481980376685e-05
365.0,261,55.55555555555556,277.77777777777777,117.5,5.987044495874378,0.7491286337811356,0.9728844367939856,7.955123192202606e-05
365.0,262,166.66666666666669,277.77777777777777,117.5,5.979439814056168,0.7489758735543097,0.9728755835621924,7.944963698590347e-05
365.0,263,277.77777777777777,277.77777777777777,117.5,5.96500766251289,0.749110528697584,0.972858722082734,7.925682927652295e-05
365.0,264,388.8888888888889,277.77777777777777,117.5,5.946761899503125,0.7492945326497884,0.9728372896538492,7.901307114386463e-05
365.0,265,500.0,277.77777777777777,117.5,5.934071157570413,0.7490260008880545,0.9728223059557298,7.884352510426072e-05
365.0,266,611.1111111111111,277.77777777777777,117.5,5.946761899503101,0.7492945326497877,0.9728372896538506,7.901307114386446e-05
365.0,267,722.2222222222223,277.77777777777777,117.5,5.965007662512839,0.7491105286975847,0.9728587220827373,7.92568292765225e-05
365.0,268,833.3333333333334,277.77777777777777,117.5,5.979439814056107,0.7489758735543101,0.972875583562193,7.944963698590267e-05
365.0,269,944.4444444444445,277.77777777777777,117.5,5.9870444958743105,0.7491286337811339,0.9728844367939833,7.955123192202488e-05
365.0,270,55.55555555555556,388.8888888888889,117.5,5.98083440980393,0.7489753344861103,0.9728772082307711,7.9468268107931e-05
365.0,271,166.66666666666669,388.8888888888889,117.5,5.969871231909998,0.7490540865305985,0.9728644119586767,7.932180465326493e-05
365.0,272,277.77777777777777,388.8888888888889,117.5,5.946761899503115,0.7492945326497882,0.9728372896538464,7.901307114386428e-05
365.0,273,388.8888888888889,388.8888888888889,117.5,5.910428282945324,0.7491525637683194,0.9727942283257787,7.852765797702997e-05
365.0,274,500.0,388.8888888888889,117.5,5.8706587305280085,0.7489957411878602,0.9727465183327647,7.79963323850615e-05
365.0,275,611.1111111111111,388.8888888888889,117.5,5.910428282945317,0.7491525637683188,0.972794228325774,7.85276579770296e-05
365.0,276,722.2222222222223,388.8888888888889,117.5,5.946761899503089,0.7492945326497881,0.9728372896538502,7.901307114386429e-05
365.0,277,833.3333333333334,388.8888888888889,117.5,5.969871231909958,0.7490540865305988,0.9728644119586812,7.932180465326474e-05
365.0,278,944.4444444444445,388.8888888888889,117.5,5.9808344098038955,0.7489753344861105,0.9728772082307664,7.946826810793005e-05
365.0,279,55.55555555555556,500.0,117.5,5.978027097795882,0.7489822841243624,0.972873935129727,7.943076361407405e-05
365.0,280,166.66666666666669,500.0,117.5,5.964854195679202,0.7491121355075709,0.9728585398919268,7.925477881342271e-05
365.0,281,277.77777777777777,500.0,117.5,5.934071157570408,0.749026000888054,0.9728223059557262,7.884352510426042e-05
365.0,282,388.8888888888889,500.0,117.5,5.870658730528003,0.7489957411878603,0.9727465183327644,7.799633238506147e-05
365.0,283,500.0,500.0,117.5,5.735861441320426,0.7486559802282409,0.9725801526957769,7.619535755776874e-05
365.0,284,611.1111111111111,500.0,117.5,5.870658730527997,0.7489957411878605,0.9727465183327647,7.799633238506136e-05
365.0,285,722.2222222222223,500.0,117.5,5.9340711575703935,0.7490260008880554,0.9728223059557306,7.884352510426052e-05
365.0,286,833.3333333333334,500.0,117.5,5.964854195679182,0.7491121355075703,0.9728585398919287,7.925477881342259e-05
365.0,287,944.4444444444445,500.0,117.5,5.978027097795853,0.7489822841243629,0.9728739351297327,7.943076361407409e-05
365.0,288,55.55555555555556,611.1111111111111,117.5,5.98083440980395,0.7489753344861103,0.9728772082307657,7.946826810793085e-05
365.0,289,166.66666666666669,611.1111111111111,117.5,5.9698712319100045,0.7490540865305984,0.9728644119586775,7.9321804653265e-05
365.0,290,277.77777777777777,611.1111111111111,117.5,5.946761899503115,0.7492945326497884,0.9728372896538481,7.901307114386441e-05
365.0,291,388.8888888888889,611.1111111111111,117.5,5.910428282945323,0.7491525637683192,0.9727942283257773,7.852765797702986e-05
365.0,292,500.0,611.1111111111111,117.5,5.870658730528005,0.7489957411878605,0.9727465183327664,7.799633238506163e-05
365.0,293,611.1111111111111,611.1111111111111,117.5,5.910428282945315,0.7491525637683192,0.972794228325775,7.852765797702953e-05
365.0,294,722.2222222222223,611.1111111111111,117.5,5.946761899503092,0.7492945326497877,0.9728372896538495,7.901307114386423e-05
365.0,295,833.3333333333334,611.1111111111111,117.5,5.9698712319099725,0.7490540865305989,0.9728644119586835,7.932180465326506e-05
365.0,296,944.4444444444445,611.1111111111111,117.5,5.980834409803911,0.7489753344861102,0.9728772082307675,7.946826810793045e-05
365.0,297,55.55555555555556,722.2222222222223,117.5,5.987044495874414,0.7491286337811373,0.9728844367939821,7.955123192202619e-05
365.0,298,166.66666666666669,722.2222222222223,117.5,5.979439814056194,0.7489758735543093,0.9728755835621863,7.944963698590326e-05
365.0,299,277.77777777777777,722.2222222222223,117.5,5.9650076625128925,0.7491105286975845,0.9728587220827366,7.925682927652316e-05
365.0,300,388.8888888888889,722.2222222222223,117.5,5.946761899503128,0.7492945326497887,0.972837289653852,7.901307114386486e-05
365.0,301,500.0,722.2222222222223,117.5,5.934071157570425,0.7490260008880558,0.9728223059557289,7.88435251042608e-05
365.0,302,611.1111111111111,722.2222222222223,117.5,5.946761899503114,0.7492945326497883,0.9728372896538471,7.901307114386433e-05
365.0,303,722.2222222222223,722.2222222222223,117.5,5.965007662512863,0.7491105286975845,0.9728587220827326,7.925682927652241e-05
365.0,304,833.3333333333334,722.2222222222223,117.5,5.979439814056143,0.74897587355431,0.972875583562207,7.944963698590424e-05
365.0,305,944.4444444444445,722.2222222222223,117.5,5.987044495874353,0.7491286337811358,0.9728844367939821,7.955123192202535e-05
365.0,306,55.55555555555556,833.3333333333334,117.5,5.993301315669345,0.7492728375572608,0.9728917048797436,7.963481980376868e-05
365.0,307,166.66666666666669,833.3333333333334,117.5,5.988260456466146,0.7491633639409147,0.9728858505883736,7.956747656016375e-05
365.0,308,277.77777777777777,833.3333333333334,117.5,5.979439814056199,0.7489758735543097,0.972875583562188,7.944963698590354e-05
365.0,309,388.8888888888889,833.3333333333334,117.5,5.96987123191003,0.7490540865305981,0.9728644119586802,7.932180465326564e-05
365.0,310,500.0,833.3333333333334,117.5,5.964854195679237,0.7491121355075694,0.9728585398919333,7.925477881342366e-05
365.0,311,611.1111111111111,833.3333333333334,117.5,5.969871231910014,0.7490540865305982,0.9728644119586785,7.932180465326521e-05
365.0,312,722.2222222222223,833.3333333333334,117.5,5.979439814056163,0.7489758735543096,0.9728755835621915,7.944963698590326e-05
365.0,313,833.3333333333334,833.3333333333334,117.5,5.988260456466087,0.749163363940913,0.972885850588372,7.95674765601629e-05
365.0,314,944.4444444444445,833.3333333333334,117.5,5.993301315669264,0.7492728375572588,0.9728917048797454,7.96348198037677e-05
365.0,315,55.55555555555556,944.4444444444445,117.5,5.9970644017743755,0.7493041303053026,0.9728960687760818,7.968509254020206e-05
365.0,316,166.66666666666669,944.4444444444445,117.5,5.99330131566934,0.7492728375572609,0.9728917048797432,7.963481980376836e-05
365.0,317,277.77777777777777,944.4444444444445,117.5,5.987044495874422,0.7491286337811376,0.9728844367939858,7.955123192202664e-05
365.0,318,388.8888888888889,944.4444444444445,117.5,5.980834409803978,0.7489753344861108,0.9728772082307722,7.946826810793167e-05
365.0,319,500.0,944.4444444444445,117.5,5.978027097795923,0.7489822841243625,0.972873935129734,7.943076361407517e-05
365.0,320,611.1111111111111,944.4444444444445,117.5,5.980834409803962,0.7489753344861113,0.972877208230764,7.946826810793085e-05
365.0,321,722.2222222222223,944.4444444444445,117.5,5.987044495874386,0.749128633781137,0.9728844367939853,7.955123192202603e-05
365.0,322,833.3333333333334,944.4444444444445,117.5,5.993301315669277,0.7492728375572597,0.9728917048797446,7.963481980376778e-05
365.0,323,944.4444444444445,944.4444444444445,117.5,5.9970644017742964,0.7493041303053019,0.9728960687760819,7.968509254020108e-05
365.0,324,55.55555555555556,55.55555555555556,122.5,5.997939760154526,0.6733745219318314,0.9728972546872802,7.969680137627846e-05
365.0,325,166.66666666666669,55.55555555555556,122.5,5.994171283461632,0.6734313606473211,0.9728928804630269,7.964645620288066e-05
365.0,326,277.77777777777777,55.55555555555556,122.5,5.987905824746305,0.6736124287702242,0.9728855940054811,7.956275208287431e-05
365.0,327,388.8888888888889,55.55555555555556,122.5,5.981705197168794,0.6737945404791662,0.9728783689434749,7.947991387333946e-05
365.0,328,500.0,55.55555555555556,122.5,5.978902401069776,0.6737945704519214,0.9728750973302843,7.944246933676473e-05
365.0,329,611.1111111111111,55.55555555555556,122.5,5.981705197168748,0.673794540479169,0.9728783689434795,7.947991387333912e-05
365.0,330,722.2222222222223,55.55555555555556,122.5,5.987905824746232,0.6736124287702278,0.9728855940054849,7.956275208287363e-05
365.0,331,833.3333333333334,55.55555555555556,122.5,5.994171283461542,0.6734313606473209,0.9728928804630241,7.964645620287958e-05
365.0,332,944.4444444444445,55.55555555555556,122.5,5.997939760154441,0.6733745219318253,0.9728972546872764,7.969680137627701e-05
365.0,333,55.55555555555556,166.66666666666669,122.5,5.994171283461623,0.6734313606473229,0.9728928804630338,7.964645620288108e-05
365.0,334,166.66666666666669,166.66666666666669,122.5,5.989123674123652,0.6735709054360155,0.9728870115674454,7.957902211076415e-05
365.0,335,277.77777777777777,166.66666666666669,122.5,5.980313732322666,0.6737966614797296,0.9728767464016077,7.946132442224755e-05
365.0,336,388.8888888888889,166.66666666666669,122.5,5.970749196136761,0.6737341296494921,0.9728655670316687,7.933354490133473e-05
365.0,337,500.0,166.66666666666669,122.5,5.965733995171908,0.6736395172755121,0.972859691328437,7.926654299253482e-05
365.0,338,611.1111111111111,166.66666666666669,122.5,5.970749196136726,0.6737341296494939,0.9728655670316706,7.933354490133446e-05
365.0,339,722.2222222222223,166.66666666666669,122.5,5.980313732322599,0.6737966614797282,0.9728767464016147,7.946132442224698e-05
365.0,340,833.3333333333334,166.66666666666669,122.5,5.989123674123567,0.6735709054360159,0.972887011567447,7.957902211076314e-05
365.0,341,944.4444444444445,166.66666666666669,122.5,5.994171283461542,0.6734313606473242,0.9728928804630267,7.964645620287966e-05
365.0,342,55.55555555555556,277.77777777777777,122.5,5.987905824746293,0.673612428770224,0.9728855940054904,7.956275208287492e-05
365.0,343,166.66666666666669,277.77777777777777,122.5,5.980313732322656,0.6737966614797288,0.9728767464016146,7.946132442224797e-05
365.0,344,277.77777777777777,277.77777777777777,122.5,5.96588648265817,0.6736830937422484,0.9728598726408927,7.92685803973337e-05
365.0,345,388.8888888888889,277.77777777777777,122.5,5.947641405913099,0.6733769540171382,0.9728384192131223,7.902482923948851e-05
365.0,346,500.0,277.77777777777777,122.5,5.934959810944732,0.6731513188973187,0.9728234315778052,7.885540391496359e-05
365.0,347,611.1111111111111,277.77777777777777,122.5,5.947641405913074,0.6733769540171436,0.9728384192131301,7.902482923948888e-05
365.0,348,722.2222222222223,277.77777777777777,122.5,5.96588648265812,0.6736830937422483,0.9728598726408958,7.926858039733325e-05
365.0,349,833.3333333333334,277.77777777777777,122.5,5.980313732322596,0.6737966614797243,0.9728767464016095,7.94613244222467e-05
365.0,350,944.4444444444445,277.77777777777777,122.5,5.987905824746227,0.6736124287702252,0.9728855940054855,7.956275208287353e-05
365.0,351,55.55555555555556,388.8888888888889,122.5,5.981705197168771,0.6737945404791676,0.9728783689434778,7.947991387333927e-05
365.0,352,166.66666666666669,388.8888888888889,122.5,5.970749196136743,0.6737341296494914,0.9728655670316629,7.933354490133397e-05
365.0,353,277.77777777777777,388.8888888888889,122.5,5.947641405913088,0.6733769540171397,0.9728384192131274,7.90248292394888e-05
365.0,354,388.8888888888889,388.8888888888889,122.5,5.911372547690724,0.6723796814189842,0.9727953936845162,7.854027706820035e-05
365.0,355,500.0,388.8888888888889,122.5,5.872184609893287,0.668123191762458,0.9727483420016382,7.801671751298095e-05
365.0,356,611.1111111111111,388.8888888888889,122.5,5.911372547690718,0.6723796814189836,0.9727953936845244,7.854027706820086e-05
365.0,357,722.2222222222223,388.8888888888889,122.5,5.947641405913062,0.6733769540171419,0.9728384192131205,7.902482923948794e-05
365.0,358,833.3333333333334,388.8888888888889,122.5,5.970749196136703,0.6737341296494921,0.9728655670316717,7.933354490133427e-05
365.0,359,944.4444444444445,388.8888888888889,122.5,5.981705197168735,0.6737945404791688,0.9728783689434769,7.947991387333878e-05
365.0,360,55.55555555555556,500.0,122.5,5.97890240106977,0.6737945704519221,0.9728750973302872,7.944246933676484e-05
365.0,361,166.66666666666669,500.0,122.5,5.965733995171897,0.6736395172755153,0.9728596913284375,7.926654299253472e-05
365.0,362,277.77777777777777,500.0,122.5,5.934959810944726,0.6731513188973204,0.9728234315777989,7.885540391496308e-05
365.0,363,388.8888888888889,500.0,122.5,5.8721846098932815,0.6681231917624575,0.9727483420016353,7.801671751298057e-05
365.0,364,500.0,500.0,122.5,5.748691468229618,0.6367505463949451,0.9725961639493814,7.636676853379561e-05
365.0,365,611.1111111111111,500.0,122.5,5.872184609893274,0.6681231917624573,0.9727483420016333,7.80167175129804e-05
365.0,366,722.2222222222223,500.0,122.5,5.9349598109447115,0.6731513188973195,0.9728234315778047,7.885540391496327e-05
365.0,367,833.3333333333334,500.0,122.5,5.965733995171877,0.6736395172755153,0.9728596913284341,7.926654299253417e-05
365.0,368,944.4444444444445,500.0,122.5,5.978902401069742,0.6737945704519218,0.9728750973302804,7.944246933676385e-05
365.0,369,55.55555555555556,611.1111111111111,122.5,5.9817051971687905,0.6737945404791653,0.9728783689434702,7.947991387333893e-05
365.0,370,166.66666666666669,611.1111111111111,122.5,5.970749196136748,0.6737341296494931,0.9728655670316705,7.933354490133473e-05
365.0,371,277.77777777777777,611.1111111111111,122.5,5.947641405913089,0.6733769540171428,0.9728384192131284,7.902482923948888e-05
365.0,372,388.8888888888889,611.1111111111111,122.5,5.911372547690722,0.6723796814189849,0.9727953936845182,7.854027706820036e-05
365.0,373,500.0,611.1111111111111,122.5,5.872184609893283,0.6681231917624573,0.9727483420016348,7.801671751298053e-05
365.0,374,611.1111111111111,611.1111111111111,122.5,5.911372547690715,0.6723796814189852,0.9727953936845184,7.854027706820038e-05
365.0,375,722.2222222222223,611.1111111111111,122.5,5.947641405913066,0.6733769540171448,0.9728384192131215,7.902482923948802e-05
365.0,376,833.3333333333334,611.1111111111111,122.5,5.970749196136717,0.673734129649496,0.9728655670316665,7.9333544901334e-05
365.0,377,944.4444444444445,611.1111111111111,122.5,5.981705197168751,0.6737945404791682,0.9728783689434766,7.947991387333903e-05
365.0,378,55.55555555555556,722.2222222222223,122.5,5.98790582474633,0.6736124287702197,0.9728855940054902,7.956275208287534e-05
365.0,379,166.66666666666669,722.2222222222223,122.5,5.980313732322681,0.6737966614797251,0.9728767464016146,7.94613244222481e-05
365.0,380,277.77777777777777,722.2222222222223,122.5,5.965886482658173,0.673683093742253,0.9728598726408887,7.926858039733337e-05
365.0,381,388.8888888888889,722.2222222222223,122.5,5.947641405913102,0.673376954017144,0.9728384192131238,7.902482923948878e-05
365.0,382,500.0,722.2222222222223,122.5,5.9349598109447435,0.6731513188973197,0.9728234315777989,7.885540391496323e-05
365.0,383,611.1111111111111,722.2222222222223,122.5,5.947641405913087,0.6733769540171447,0.9728384192131242,7.902482923948854e-05
365.0,384,722.2222222222223,722.2222222222223,122.5,5.965886482658144,0.6736830937422515,0.9728598726408892,7.926858039733299e-05
365.0,385,833.3333333333334,722.2222222222223,122.5,5.980313732322631,0.6737966614797276,0.9728767464016059,7.946132442224683e-05
365.0,386,944.4444444444445,722.2222222222223,122.5,5.987905824746269,0.6736124287702248,0.9728855940054899,7.956275208287446e-05
365.0,387,55.55555555555556,833.3333333333334,122.5,5.99417128346169,0.6734313606473185,0.9728928804630248,7.964645620288119e-05
365.0,388,166.66666666666669,833.3333333333334,122.5,5.989123674123694,0.6735709054360146,0.9728870115674487,7.957902211076498e-05
365.0,389,277.77777777777777,833.3333333333334,122.5,5.980313732322687,0.6737966614797287,0.9728767464016069,7.946132442224776e-05
365.0,390,388.8888888888889,833.3333333333334,122.5,5.970749196136775,0.6737341296494931,0.9728655670316628,7.933354490133439e-05
365.0,391,500.0,833.3333333333334,122.5,5.965733995171933,0.6736395172755135,0.9728596913284354,7.926654299253498e-05
365.0,392,611.1111111111111,833.3333333333334,122.5,5.970749196136759,0.6737341296494931,0.9728655670316607,7.933354490133408e-05
365.0,393,722.2222222222223,833.3333333333334,122.5,5.980313732322651,0.673796661479727,0.9728767464016066,7.946132442224715e-05
365.0,394,833.3333333333334,833.3333333333334,122.5,5.9891236741236344,0.6735709054360144,0.9728870115674502,7.957902211076438e-05
365.0,395,944.4444444444445,833.3333333333334,122.5,5.994171283461609,0.6734313606473241,0.9728928804630246,7.964645620288019e-05
365.0,396,55.55555555555556,944.4444444444445,122.5,5.997939760154605,0.6733745219318256,0.9728972546872792,7.969680137627951e-05
365.0,397,166.66666666666669,944.4444444444445,122.5,5.994171283461686,0.6734313606473219,0.9728928804630268,7.964645620288136e-05
365.0,398,277.77777777777777,944.4444444444445,122.5,5.9879058247463375,0.6736124287702243,0.9728855940054867,7.956275208287519e-05
365.0,399,388.8888888888889,944.4444444444445,122.5,5.981705197168819,0.6737945404791656,0.9728783689434762,7.947991387333985e-05
365.0,400,500.0,944.4444444444445,122.5,5.978902401069812,0.6737945704519207,0.9728750973302868,7.944246933676535e-05
365.0,401,611.1111111111111,944.4444444444445,122.5,5.981705197168803,0.6737945404791653,0.9728783689434726,7.947991387333927e-05
365.0,402,722.2222222222223,944.4444444444445,122.5,5.987905824746302,0.6736124287702219,0.9728855940054831,7.956275208287447e-05
365.0,403,833.3333333333334,944.4444444444445,122.5,5.994171283461623,0.6734313606473229,0.9728928804630338,7.964645620288108e-05
365.0,404,944.4444444444445,944.4444444444445,122.5,5.9979397601545275,0.6733745219318279,0.9728972546872773,7.969680137627822e-05
365.0,405,55.55555555555556,55.55555555555556,127.5,6.49000834178465,0.0,0.0,7.774378270748847e-05
365.0,406,166.66666666666669,55.55555555555556,127.5,6.486212928313885,0.0,0.0,7.774366666119413e-05
365.0,407,277.77777777777777,55.55555555555556,127.5,6.4798773852709965,0.0,0.0,7.774349991375676e-05
365.0,408,388.8888888888889,55.55555555555556,127.5,6.473611503398702,0.0,0.0,7.774337176799869e-05
365.0,409,500.0,55.55555555555556,127.5,6.47081053680454,0.0,0.0,7.774334413486807e-05
365.0,410,611.1111111111111,55.55555555555556,127.5,6.4736115033986605,0.0,0.0,7.774337176799862e-05
365.0,411,722.2222222222223,55.55555555555556,127.5,6.47987738527095,0.0,0.0,7.774349991375687e-05
365.0,412,833.3333333333334,55.55555555555556,127.5,6.486212928313795,0.0,0.0,7.77436666611945e-05
365.0,413,944.4444444444445,55.55555555555556,127.5,6.49000834178456,0.0,0.0,7.774378270748852e-05
365.0,414,55.55555555555556,166.66666666666669,127.5,6.486212928313861,0.0,0.0,7.774366666119442e-05
365.0,415,166.66666666666669,166.66666666666669,127.5,6.481113080052625,0.0,0.0,7.774353169900598e-05
365.0,416,277.77777777777777,166.66666666666669,127.5,6.472226669089982,0.0,0.0,7.774336313700962e-05
365.0,417,388.8888888888889,166.66666666666669,127.5,6.462699735317586,0.0,0.0,7.774331107784929e-05
365.0,418,500.0,166.66666666666669,127.5,6.457755252330576,0.0,0.0,7.77435082132374e-05
365.0,419,611.1111111111111,166.66666666666669,127.5,6.462699735317538,0.0,0.0,7.774331107784928e-05
365.0,420,722.2222222222223,166.66666666666669,127.5,6.47222666908991,0.0,0.0,7.774336313700962e-05
365.0,421,833.3333333333334,166.66666666666669,127.5,6.481113080052554,0.0,0.0,7.774353169900598e-05
365.0,422,944.4444444444445,166.66666666666669,127.5,6.486212928313789,0.0,0.0,7.774366666119443e-05
365.0,423,55.55555555555556,277.77777777777777,127.5,6.479877385271027,0.0,0.0,7.774349991375672e-05
365.0,424,166.66666666666669,277.77777777777777,127.5,6.472226669089959,0.0,0.0,7.774336313700964e-05
365.0,425,277.77777777777777,277.77777777777777,127.5,6.457868787760077,0.0,0.0,7.774329985863878e-05
365.0,426,388.8888888888889,277.77777777777777,127.5,6.439875333041497,0.0,0.0,7.774397624720244e-05
365.0,427,500.0,277.77777777777777,127.5,6.427659089826305,0.0,0.0,7.77463986496853e-05
365.0,428,611.1111111111111,277.77777777777777,127.5,6.43987533304148,0.0,0.0,7.774397624720251e-05
365.0,429,722.2222222222223,277.77777777777777,127.5,6.4578687877600345,0.0,0.0,7.77432998586388e-05
365.0,430,833.3333333333334,277.77777777777777,127.5,6.47222666908993,0.0,0.0,7.774336313700953e-05
365.0,431,944.4444444444445,277.77777777777777,127.5,6.479877385270971,0.0,0.0,7.774349991375666e-05
365.0,432,55.55555555555556,388.8888888888889,127.5,6.473611503398675,0.0,0.0,7.774337176799884e-05
365.0,433,166.66666666666669,388.8888888888889,127.5,6.46269973531754,0.0,0.0,7.774331107784928e-05
365.0,434,277.77777777777777,388.8888888888889,127.5,6.439875333041478,0.0,0.0,7.774397624720251e-05
365.0,435,388.8888888888889,388.8888888888889,127.5,6.404838690155656,0.0,0.0,7.774961043137188e-05
365.0,436,500.0,388.8888888888889,127.5,6.370261835275416,0.0,0.0,7.777004030212711e-05
365.0,437,611.1111111111111,388.8888888888889,127.5,6.404838690155659,0.0,0.0,7.77496104313721e-05
365.0,438,722.2222222222223,388.8888888888889,127.5,6.43987533304148,0.0,0.0,7.774397624720221e-05
365.0,439,833.3333333333334,388.8888888888889,127.5,6.462699735317514,0.0,0.0,7.774331107784938e-05
365.0,440,944.4444444444445,388.8888888888889,127.5,6.473611503398657,0.0,0.0,7.774337176799882e-05
365.0,441,55.55555555555556,500.0,127.5,6.470810536804538,0.0,0.0,7.774334413486808e-05
365.0,442,166.66666666666669,500.0,127.5,6.457755252330583,0.0,0.0,7.774350821323749e-05
365.0,443,277.77777777777777,500.0,127.5,6.427659089826279,0.0,0.0,7.774639864968513e-05
365.0,444,388.8888888888889,500.0,127.5,6.370261835275398,0.0,0.0,7.777004030212685e-05
365.0,445,500.0,500.0,127.5,6.277255425717878,0.0,0.0,7.789725876628446e-05
365.0,446,611.1111111111111,500.0,127.5,6.3702618352753975,0.0,0.0,7.777004030212693e-05
365.0,447,722.2222222222223,500.0,127.5,6.427659089826271,0.0,0.0,7.774639864968509e-05
365.0,448,833.3333333333334,500.0,127.5,6.457755252330543,0.0,0.0,7.774350821323754e-05
365.0,449,944.4444444444445,500.0,127.5,6.470810536804527,0.0,0.0,7.774334413486786e-05
365.0,450,55.55555555555556,611.1111111111111,127.5,6.47361150339871,0.0,0.0,7.774337176799863e-05
365.0,451,166.66666666666669,611.1111111111111,127.5,6.462699735317553,0.0,0.0,7.774331107784922e-05
365.0,452,277.77777777777777,611.1111111111111,127.5,6.439875333041481,0.0,0.0,7.774397624720244e-05
365.0,453,388.8888888888889,611.1111111111111,127.5,6.404838690155642,0.0,0.0,7.774961043137185e-05
365.0,454,500.0,611.1111111111111,127.5,6.370261835275394,0.0,0.0,7.777004030212695e-05
365.0,455,611.1111111111111,611.1111111111111,127.5,6.404838690155643,0.0,0.0,7.774961043137186e-05
365.0,456,722.2222222222223,611.1111111111111,127.5,6.439875333041465,0.0,0.0,7.774397624720236e-05
365.0,457,833.3333333333334,611.1111111111111,127.5,6.462699735317531,0.0,0.0,7.774331107784938e-05
365.0,458,944.4444444444445,611.1111111111111,127.5,6.473611503398675,0.0,0.0,7.774337176799846e-05
365.0,459,55.55555555555556,722.2222222222223,127.5,6.479877385271042,0.0,0.0,7.774349991375678e-05
365.0,460,166.66666666666669,722.2222222222223,127.5,6.472226669090007,0.0,0.0,7.77433631370095e-05
365.0,461,277.77777777777777,722.2222222222223,127.5,6.45786878776007,0.0,0.0,7.774329985863893e-05
365.0,462,388.8888888888889,722.2222222222223,127.5,6.439875333041496,0.0,0.0,7.774397624720247e-05
365.0,463,500.0,722.2222222222223,127.5,6.427659089826324,0.0,0.0,7.774639864968527e-05
365.0,464,611.1111111111111,722.2222222222223,127.5,6.439875333041488,0.0,0.0,7.774397624720241e-05
365.0,465,722.2222222222223,722.2222222222223,127.5,6.457868787760051,0.0,0.0,7.774329985863902e-05
365.0,466,833.3333333333334,722.2222222222223,127.5,6.472226669089942,0.0,0.0,7.77433631370094e-05
365.0,467,944.4444444444445,722.2222222222223,127.5,6.4798773852709886,0.0,0.0,7.77434999137566e-05
365.0,468,55.55555555555556,833.3333333333334,127.5,6.486212928313924,0.0,0.0,7.774366666119439e-05
365.0,469,166.66666666666669,833.3333333333334,127.5,6.481113080052664,0.0,0.0,7.774353169900606e-05
365.0,470,277.77777777777777,833.3333333333334,127.5,6.472226669089995,0.0,0.0,7.774336313700952e-05
365.0,471,388.8888888888889,833.3333333333334,127.5,6.462699735317577,0.0,0.0,7.77433110778494e-05
365.0,472,500.0,833.3333333333334,127.5,6.457755252330632,0.0,0.0,7.774350821323756e-05
365.0,473,611.1111111111111,833.3333333333334,127.5,6.462699735317569,0.0,0.0,7.774331107784938e-05
365.0,474,722.2222222222223,833.3333333333334,127.5,6.472226669089973,0.0,0.0,7.774336313700928e-05
365.0,475,833.3333333333334,833.3333333333334,127.5,6.481113080052593,0.0,0.0,7.774353169900608e-05
365.0,476,944.4444444444445,833.3333333333334,127.5,6.486212928313846,0.0,0.0,7.774366666119434e-05
365.0,477,55.55555555555556,944.4444444444445,127.5,6.490008341784744,0.0,0.0,7.77437827074886e-05
365.0,478,166.66666666666669,944.4444444444445,127.5,6.486212928313911,0.0,0.0,7.774366666119437e-05
365.0,479,277.77777777777777,944.4444444444445,127.5,6.479877385271051,0.0,0.0,7.774349991375687e-05
365.0,480,388.8888888888889,944.4444444444445,127.5,6.473611503398727,0.0,0.0,7.77433717679987e-05
365.0,481,500.0,944.4444444444445,127.5,6.4708105368045965,0.0,0.0,7.774334413486824e-05
365.0,482,611.1111111111111,944.4444444444445,127.5,6.4736115033987165,0.0,0.0,7.774337176799867e-05
365.0,483,722.2222222222223,944.4444444444445,127.5,6.479877385271038,0.0,0.0,7.774349991375687e-05
365.0,484,833.3333333333334,944.4444444444445,127.5,6.486212928313866,0.0,0.0,7.774366666119449e-05
365.0,485,944.4444444444445,944.4444444444445,127.5,6.490008341784647,0.0,0.0,7.77437827074888e-05
365.0,486,55.55555555555556,55.55555555555556,132.5,7.013077582455606,0.0,0.0,8.371764102938319e-05
365.0,487,166.66666666666669,55.55555555555556,132.5,7.009280421512912,0.0,0.0,8.37175641234491e-05
365.0,488,277.77777777777777,55.55555555555556,132.5,7.0029489476600535,0.0,0.0,8.371745384523094e-05
365.0,489,388.8888888888889,55.55555555555556,132.5,6.996690664385697,0.0,0.0,8.371736994872801e-05
365.0,490,500.0,55.55555555555556,132.5,6.993891819511371,0.0,0.0,8.371735361232925e-05
365.0,491,611.1111111111111,55.55555555555556,132.5,6.996690664385662,0.0,0.0,8.371736994872791e-05
365.0,492,722.2222222222223,55.55555555555556,132.5,7.00294894766003,0.0,0.0,8.371745384523097e-05
365.0,493,833.3333333333334,55.55555555555556,132.5,7.009280421512817,0.0,0.0,8.371756412344876e-05
365.0,494,944.4444444444445,55.55555555555556,132.5,7.0130775824555185,0.0,0.0,8.371764102938302e-05
365.0,495,55.55555555555556,166.66666666666669,132.5,7.009280421512881,0.0,0.0,8.371756412344892e-05
365.0,496,166.66666666666669,166.66666666666669,132.5,7.004185104885976,0.0,0.0,8.371747539295754e-05
365.0,497,277.77777777777777,166.66666666666669,132.5,6.995311409084791,0.0,0.0,8.371736594280888e-05
365.0,498,388.8888888888889,166.66666666666669,132.5,6.985795897142154,0.0,0.0,8.371734049987894e-05
365.0,499,500.0,166.66666666666669,132.5,6.980879133024102,0.0,0.0,8.37174874389751e-05
365.0,500,611.1111111111111,166.66666666666669,132.5,6.98579589714211,0.0,0.0,8.371734049987874e-05
365.0,501,722.2222222222223,166.66666666666669,132.5,6.995311409084721,0.0,0.0,8.371736594280869e-05
365.0,502,833.3333333333334,166.66666666666669,132.5,7.004185104885927,0.0,0.0,8.371747539295769e-05
365.0,503,944.4444444444445,166.66666666666669,132.5,7.009280421512814,0.0,0.0,8.371756412344896e-05
365.0,504,55.55555555555556,277.77777777777777,132.5,7.002948947660107,0.0,0.0,8.371745384523089e-05
365.0,505,166.66666666666669,277.77777777777777,132.5,6.995311409084764,0.0,0.0,8.371736594280865e-05
365.0,506,277.77777777777777,277.77777777777777,132.5,6.980974044797734,0.0,0.0,8.371733900876862e-05
365.0,507,388.8888888888889,277.77777777777777,132.5,6.963087555398681,0.0,0.0,8.371784995910916e-05
365.0,508,500.0,277.77777777777777,132.5,6.951174987896461,0.0,0.0,8.371956340107151e-05
365.0,509,611.1111111111111,277.77777777777777,132.5,6.963087555398672,0.0,0.0,8.371784995910929e-05
365.0,510,722.2222222222223,277.77777777777777,132.5,6.980974044797696,0.0,0.0,8.371733900876852e-05
365.0,511,833.3333333333334,277.77777777777777,132.5,6.995311409084751,0.0,0.0,8.371736594280877e-05
365.0,512,944.4444444444445,277.77777777777777,132.5,7.002948947660056,0.0,0.0,8.371745384523091e-05
365.0,513,55.55555555555556,388.8888888888889,132.5,6.996690664385686,0.0,0.0,8.371736994872768e-05
365.0,514,166.66666666666669,388.8888888888889,132.5,6.9857958971420935,0.0,0.0,8.371734049987863e-05
365.0,515,277.77777777777777,388.8888888888889,132.5,6.963087555398659,0.0,0.0,8.37178499591092e-05
365.0,516,388.8888888888889,388.8888888888889,132.5,6.928732440628266,0.0,0.0,8.372185451238471e-05
365.0,517,500.0,388.8888888888889,132.5,6.896469342615356,0.0,0.0,8.373572451257473e-05
365.0,518,611.1111111111111,388.8888888888889,132.5,6.9287324406282815,0.0,0.0,8.372185451238463e-05
365.0,519,722.2222222222223,388.8888888888889,132.5,6.963087555398684,0.0,0.0,8.3717849959109e-05
365.0,520,833.3333333333334,388.8888888888889,132.5,6.985795897142089,0.0,0.0,8.371734049987878e-05
365.0,521,944.4444444444445,388.8888888888889,132.5,6.996690664385665,0.0,0.0,8.37173699487278e-05
365.0,522,55.55555555555556,500.0,132.5,6.993891819511386,0.0,0.0,8.371735361232917e-05
365.0,523,166.66666666666669,500.0,132.5,6.9808791330241045,0.0,0.0,8.371748743897494e-05
365.0,524,277.77777777777777,500.0,132.5,6.9511749878964295,0.0,0.0,8.37195634010713e-05
365.0,525,388.8888888888889,500.0,132.5,6.896469342615342,0.0,0.0,8.373572451257476e-05
365.0,526,500.0,500.0,132.5,6.818029413408471,0.0,0.0,8.3814826323549e-05
365.0,527,611.1111111111111,500.0,132.5,6.896469342615349,0.0,0.0,8.3735724512575e-05
365.0,528,722.2222222222223,500.0,132.5,6.951174987896438,0.0,0.0,8.371956340107143e-05
365.0,529,833.3333333333334,500.0,132.5,6.9808791330240645,0.0,0.0,8.371748743897513e-05
365.0,530,944.4444444444445,500.0,132.5,6.99389181951139,0.0,0.0,8.371735361232915e-05
365.0,531,55.55555555555556,611.1111111111111,132.5,6.996690664385735,0.0,0.0,8.37173699487279e-05
365.0,532,166.66666666666669,611.1111111111111,132.5,6.985795897142105,0.0,0.0,8.371734049987879e-05
365.0,533,277.77777777777777,611.1111111111111,132.5,6.963087555398671,0.0,0.0,8.37178499591091e-05
365.0,534,388.8888888888889,611.1111111111111,132.5,6.928732440628253,0.0,0.0,8.372185451238455e-05
365.0,535,500.0,611.1111111111111,132.5,6.896469342615317,0.0,0.0,8.373572451257482e-05
365.0,536,611.1111111111111,611.1111111111111,132.5,6.928732440628241,0.0,0.0,8.372185451238454e-05
365.0,537,722.2222222222223,611.1111111111111,132.5,6.963087555398661,0.0,0.0,8.371784995910926e-05
365.0,538,833.3333333333334,611.1111111111111,132.5,6.985795897142091,0.0,0.0,8.371734049987883e-05
365.0,539,944.4444444444445,611.1111111111111,132.5,6.996690664385703,0.0,0.0,8.371736994872786e-05
365.0,540,55.55555555555556,722.2222222222223,132.5,7.0029489476601094,0.0,0.0,8.37174538452308e-05
365.0,541,166.66666666666669,722.2222222222223,132.5,6.99531140908483,0.0,0.0,8.37173659428086e-05
365.0,542,277.77777777777777,722.2222222222223,132.5,6.980974044797716,0.0,0.0,8.37173390087686e-05
365.0,543,388.8888888888889,722.2222222222223,132.5,6.96308755539869,0.0,0.0,8.371784995910917e-05
365.0,544,500.0,722.2222222222223,132.5,6.951174987896493,0.0,0.0,8.37195634010713e-05
365.0,545,611.1111111111111,722.2222222222223,132.5,6.963087555398664,0.0,0.0,8.371784995910928e-05
365.0,546,722.2222222222223,722.2222222222223,132.5,6.9809740447977005,0.0,0.0,8.371733900876862e-05
365.0,547,833.3333333333334,722.2222222222223,132.5,6.99531140908474,0.0,0.0,8.37173659428087e-05
365.0,548,944.4444444444445,722.2222222222223,132.5,7.002948947660058,0.0,0.0,8.371745384523089e-05
365.0,549,55.55555555555556,833.3333333333334,132.5,7.009280421512923,0.0,0.0,8.371756412344904e-05
365.0,550,166.66666666666669,833.3333333333334,132.5,7.004185104886027,0.0,0.0,8.371747539295747e-05
365.0,551,277.77777777777777,833.3333333333334,132.5,6.995311409084812,0.0,0.0,8.371736594280851e-05
365.0,552,388.8888888888889,833.3333333333334,132.5,6.9857958971421406,0.0,0.0,8.371734049987862e-05
365.0,553,500.0,833.3333333333334,132.5,6.980879133024181,0.0,0.0,8.371748743897514e-05
365.0,554,611.1111111111111,833.3333333333334,132.5,6.985795897142131,0.0,0.0,8.371734049987855e-05
365.0,555,722.2222222222223,833.3333333333334,132.5,6.995311409084794,0.0,0.0,8.37173659428087e-05
365.0,556,833.3333333333334,833.3333333333334,132.5,7.004185104885946,0.0,0.0,8.371747539295737e-05
365.0,557,944.4444444444445,833.3333333333334,132.5,7.009280421512867,0.0,0.0,8.371756412344897e-05
365.0,558,55.55555555555556,944.4444444444445,132.5,7.013077582455719,0.0,0.0,8.371764102938293e-05
365.0,559,166.66666666666669,944.4444444444445,132.5,7.009280421512929,0.0,0.0,8.371756412344883e-05
365.0,560,277.77777777777777,944.4444444444445,132.5,7.002948947660114,0.0,0.0,8.371745384523074e-05
365.0,561,388.8888888888889,944.4444444444445,132.5,6.996690664385741,0.0,0.0,8.371736994872789e-05
365.0,562,500.0,944.4444444444445,132.5,6.993891819511464,0.0,0.0,8.371735361232918e-05
365.0,563,611.1111111111111,944.4444444444445,132.5,6.99669066438573,0.0,0.0,8.371736994872793e-05
365.0,564,722.2222222222223,944.4444444444445,132.5,7.0029489476601166,0.0,0.0,8.371745384523101e-05
365.0,565,833.3333333333334,944.4444444444445,132.5,7.0092804215128774,0.0,0.0,8.371756412344906e-05
365.0,566,944.4444444444445,944.4444444444445,132.5,7.013077582455608,0.0,0.0,8.371764102938291e-05
365.0,567,55.55555555555556,55.55555555555556,137.5,7.524576280643368,0.0,0.0,8.969004492500189e-05
365.0,568,166.66666666666669,55.55555555555556,137.5,7.520778076480667,0.0,0.0,8.969000650189371e-05
365.0,569,277.77777777777777,55.55555555555556,137.5,7.514449337625803,0.0,0.0,8.968995144914724e-05
365.0,570,388.8888888888889,55.55555555555556,137.5,7.50819605105704,0.0,0.0,8.968990979285877e-05
365.0,571,500.0,55.55555555555556,137.5,7.505398916442653,0.0,0.0,8.968990218601558e-05
365.0,572,611.1111111111111,55.55555555555556,137.5,7.508196051057015,0.0,0.0,8.968990979285866e-05
365.0,573,722.2222222222223,55.55555555555556,137.5,7.514449337625807,0.0,0.0,8.968995144914752e-05
365.0,574,833.3333333333334,55.55555555555556,137.5,7.520778076480563,0.0,0.0,8.969000650189343e-05
365.0,575,944.4444444444445,55.55555555555556,137.5,7.524576280643284,0.0,0.0,8.96900449250019e-05
365.0,576,55.55555555555556,166.66666666666669,137.5,7.520778076480633,0.0,0.0,8.969000650189366e-05
365.0,577,166.66666666666669,166.66666666666669,137.5,7.515685807027058,0.0,0.0,8.96899623625881e-05
365.0,578,277.77777777777777,166.66666666666669,137.5,7.506820477818062,0.0,0.0,8.968990828193167e-05
365.0,579,388.8888888888889,166.66666666666669,137.5,7.497313810201487,0.0,0.0,8.968989814665708e-05
365.0,580,500.0,166.66666666666669,137.5,7.492417530043552,0.0,0.0,8.968997618807166e-05
365.0,581,611.1111111111111,166.66666666666669,137.5,7.4973138102014465,0.0,0.0,8.968989814665705e-05
365.0,582,722.2222222222223,166.66666666666669,137.5,7.506820477818007,0.0,0.0,8.96899082819315e-05
365.0,583,833.3333333333334,166.66666666666669,137.5,7.515685807027016,0.0,0.0,8.968996236258815e-05
365.0,584,944.4444444444445,166.66666666666669,137.5,7.520778076480584,0.0,0.0,8.96900065018937e-05
365.0,585,55.55555555555556,277.77777777777777,137.5,7.514449337625881,0.0,0.0,8.968995144914714e-05
365.0,586,166.66666666666669,277.77777777777777,137.5,7.506820477818041,0.0,0.0,8.968990828193166e-05
365.0,587,277.77777777777777,277.77777777777777,137.5,7.492498685390014,0.0,0.0,8.968989910984298e-05
365.0,588,388.8888888888889,277.77777777777777,137.5,7.474690264322099,0.0,0.0,8.969017232411157e-05
365.0,589,500.0,277.77777777777777,137.5,7.462990286376008,0.0,0.0,8.969105770455551e-05
365.0,590,611.1111111111111,277.77777777777777,137.5,7.474690264322113,0.0,0.0,8.969017232411145e-05
365.0,591,722.2222222222223,277.77777777777777,137.5,7.4924986853899895,0.0,0.0,8.968989910984325e-05
365.0,592,833.3333333333334,277.77777777777777,137.5,7.506820477818048,0.0,0.0,8.968990828193141e-05
365.0,593,944.4444444444445,277.77777777777777,137.5,7.514449337625832,0.0,0.0,8.968995144914758e-05
365.0,594,55.55555555555556,388.8888888888889,137.5,7.5081960510570385,0.0,0.0,8.968990979285874e-05
365.0,595,166.66666666666669,388.8888888888889,137.5,7.497313810201426,0.0,0.0,8.96898981466569e-05
365.0,596,277.77777777777777,388.8888888888889,137.5,7.474690264322092,0.0,0.0,8.96901723241115e-05
365.0,597,388.8888888888889,388.8888888888889,137.5,7.4408170317298215,0.0,0.0,8.969224726599508e-05
365.0,598,500.0,388.8888888888889,137.5,7.410126320888875,0.0,0.0,8.96992406591263e-05
365.0,599,611.1111111111111,388.8888888888889,137.5,7.4408170317298605,0.0,0.0,8.969224726599528e-05
365.0,600,722.2222222222223,388.8888888888889,137.5,7.474690264322133,0.0,0.0,8.969017232411158e-05
365.0,601,833.3333333333334,388.8888888888889,137.5,7.497313810201433,0.0,0.0,8.968989814665712e-05
365.0,602,944.4444444444445,388.8888888888889,137.5,7.508196051057017,0.0,0.0,8.968990979285878e-05
365.0,603,55.55555555555556,500.0,137.5,7.505398916442683,0.0,0.0,8.968990218601553e-05
365.0,604,166.66666666666669,500.0,137.5,7.49241753004356,0.0,0.0,8.968997618807172e-05
365.0,605,277.77777777777777,500.0,137.5,7.462990286375986,0.0,0.0,8.969105770455552e-05
365.0,606,388.8888888888889,500.0,137.5,7.410126320888867,0.0,0.0,8.969924065912615e-05
365.0,607,500.0,500.0,137.5,7.340725103712333,0.0,0.0,8.973713016179852e-05
365.0,608,611.1111111111111,500.0,137.5,7.410126320888873,0.0,0.0,8.969924065912655e-05
365.0,609,722.2222222222223,500.0,137.5,7.462990286376006,0.0,0.0,8.969105770455544e-05
365.0,610,833.3333333333334,500.0,137.5,7.492417530043517,0.0,0.0,8.968997618807154e-05
365.0,611,944.4444444444445,500.0,137.5,7.5053989164427,0.0,0.0,8.968990218601581e-05
365.0,612,55.55555555555556,611.1111111111111,137.5,7.508196051057086,0.0,0.0,8.968990979285884e-05
365.0,613,166.66666666666669,611.1111111111111,137.5,7.497313810201433,0.0,0.0,8.96898981466572e-05
365.0,614,277.77777777777777,611.1111111111111,137.5,7.474690264322098,0.0,0.0,8.969017232411138e-05
365.0,615,388.8888888888889,611.1111111111111,137.5,7.440817031729819,0.0,0.0,8.96922472659952e-05
365.0,616,500.0,611.1111111111111,137.5,7.41012632088882,0.0,0.0,8.96992406591264e-05
365.0,617,611.1111111111111,611.1111111111111,137.5,7.440817031729798,0.0,0.0,8.969224726599514e-05
365.0,618,722.2222222222223,611.1111111111111,137.5,7.474690264322107,0.0,0.0,8.969017232411143e-05
365.0,619,833.3333333333334,611.1111111111111,137.5,7.497313810201428,0.0,0.0,8.968989814665713e-05
365.0,620,944.4444444444445,611.1111111111111,137.5,7.508196051057072,0.0,0.0,8.968990979285874e-05
365.0,621,55.55555555555556,722.2222222222223,137.5,7.514449337625875,0.0,0.0,8.968995144914744e-05
365.0,622,166.66666666666669,722.2222222222223,137.5,7.506820477818113,0.0,0.0,8.968990828193122e-05
365.0,623,277.77777777777777,722.2222222222223,137.5,7.492498685390005,0.0,0.0,8.968989910984281e-05
365.0,624,388.8888888888889,722.2222222222223,137.5,7.47469026432214,0.0,0.0,8.96901723241114e-05
365.0,625,500.0,722.2222222222223,137.5,7.462990286376066,0.0,0.0,8.969105770455539e-05
365.0,626,611.1111111111111,722.2222222222223,137.5,7.474690264322093,0.0,0.0,8.969017232411139e-05
365.0,627,722.2222222222223,722.2222222222223,137.5,7.492498685389984,0.0,0.0,8.968989910984285e-05
365.0,628,833.3333333333334,722.2222222222223,137.5,7.506820477818007,0.0,0.0,8.96899082819316e-05
365.0,629,944.4444444444445,722.2222222222223,137.5,7.51444933762581,0.0,0.0,8.96899514491474e-05
365.0,630,55.55555555555556,833.3333333333334,137.5,7.520778076480667,0.0,0.0,8.96900065018936e-05
365.0,631,166.66666666666669,833.3333333333334,137.5,7.515685807027105,0.0,0.0,8.968996236258803e-05
365.0,632,277.77777777777777,833.3333333333334,137.5,7.506820477818097,0.0,0.0,8.968990828193153e-05
365.0,633,388.8888888888889,833.3333333333334,137.5,7.497313810201483,0.0,0.0,8.96898981466572e-05
365.0,634,500.0,833.3333333333334,137.5,7.492417530043646,0.0,0.0,8.968997618807176e-05
365.0,635,611.1111111111111,833.3333333333334,137.5,7.497313810201467,0.0,0.0,8.968989814665717e-05
365.0,636,722.2222222222223,833.3333333333334,137.5,7.506820477818076,0.0,0.0,8.968990828193161e-05
365.0,637,833.3333333333334,833.3333333333334,137.5,7.515685807027029,0.0,0.0,8.968996236258842e-05
365.0,638,944.4444444444445,833.3333333333334,137.5,7.520778076480632,0.0,0.0,8.96900065018937e-05
365.0,639,55.55555555555556,944.4444444444445,137.5,7.524576280643485,0.0,0.0,8.969004492500178e-05
365.0,640,166.66666666666669,944.4444444444445,137.5,7.520778076480687,0.0,0.0,8.969000650189386e-05
365.0,641,277.77777777777777,944.4444444444445,137.5,7.514449337625877,0.0,0.0,8.968995144914739e-05
365.0,642,388.8888888888889,944.4444444444445,137.5,7.508196051057095,0.0,0.0,8.968990979285885e-05
365.0,643,500.0,944.4444444444445,137.5,7.505398916442764,0.0,0.0,8.96899021860157e-05
365.0,644,611.1111111111111,944.4444444444445,137.5,7.508196051057082,0.0,0.0,8.968990979285874e-05
365.0,645,722.2222222222223,944.4444444444445,137.5,7.514449337625873,0.0,0.0,8.968995144914771e-05
365.0,646,833.3333333333334,944.4444444444445,137.5,7.520778076480613,0.0,0.0,8.969000650189388e-05
365.0,647,944.4444444444445,944.4444444444445,137.5,7.524576280643356,0.0,0.0,8.96900449250022e-05
365.0,648,55.55555555555556,55.55555555555556,142.5,8.024504791408255,0.0,0.0,9.566097185481464e-05
365.0,649,166.66666666666669,55.55555555555556,142.5,8.020706068321802,0.0,0.0,9.566097157101512e-05
365.0,650,277.77777777777777,55.55555555555556,142.5,8.014378648344032,0.0,0.0,9.566097109237226e-05
365.0,651,388.8888888888889,55.55555555555556,142.5,8.00812778922541,0.0,0.0,9.566097060948157e-05
365.0,652,500.0,55.55555555555556,142.5,8.005331575962705,0.0,0.0,9.566097038817178e-05
365.0,653,611.1111111111111,55.55555555555556,142.5,8.008127789225382,0.0,0.0,9.566097060948148e-05
365.0,654,722.2222222222223,55.55555555555556,142.5,8.014378648344046,0.0,0.0,9.56609710923725e-05
365.0,655,833.3333333333334,55.55555555555556,142.5,8.020706068321699,0.0,0.0,9.566097157101514e-05
365.0,656,944.4444444444445,55.55555555555556,142.5,8.024504791408178,0.0,0.0,9.566097185481467e-05
365.0,657,55.55555555555556,166.66666666666669,142.5,8.020706068321774,0.0,0.0,9.566097157101479e-05
365.0,658,166.66666666666669,166.66666666666669,142.5,8.015615285628485,0.0,0.0,9.566097117831439e-05
365.0,659,277.77777777777777,166.66666666666669,142.5,8.006754038173499,0.0,0.0,9.566097048032433e-05
365.0,660,388.8888888888889,166.66666666666669,142.5,7.997252087929989,0.0,0.0,9.566096970967028e-05
365.0,661,500.0,166.66666666666669,142.5,7.992366612246268,0.0,0.0,9.566096930315706e-05
365.0,662,611.1111111111111,166.66666666666669,142.5,7.997252087929966,0.0,0.0,9.566096970967027e-05
365.0,663,722.2222222222223,166.66666666666669,142.5,8.006754038173451,0.0,0.0,9.566097048032448e-05
365.0,664,833.3333333333334,166.66666666666669,142.5,8.01561528562844,0.0,0.0,9.566097117831439e-05
365.0,665,944.4444444444445,166.66666666666669,142.5,8.020706068321738,0.0,0.0,9.566097157101502e-05
365.0,666,55.55555555555556,277.77777777777777,142.5,8.01437864834412,0.0,0.0,9.566097109237234e-05
365.0,667,166.66666666666669,277.77777777777777,142.5,8.00675403817348,0.0,0.0,9.566097048032433e-05
365.0,668,277.77777777777777,277.77777777777777,142.5,7.992440490928268,0.0,0.0,9.566096930172725e-05
365.0,669,388.8888888888889,277.77777777777777,142.5,7.974673008568268,0.0,0.0,9.56609678001428e-05
365.0,670,500.0,277.77777777777777,142.5,7.9630822249387965,0.0,0.0,9.566096679838893e-05
365.0,671,611.1111111111111,277.77777777777777,142.5,7.9746730085683,0.0,0.0,9.566096780014271e-05
365.0,672,722.2222222222223,277.77777777777777,142.5,7.992440490928242,0.0,0.0,9.566096930172751e-05
365.0,673,833.3333333333334,277.77777777777777,142.5,8.006754038173495,0.0,0.0,9.566097048032444e-05
365.0,674,944.4444444444445,277.77777777777777,142.5,8.014378648344076,0.0,0.0,9.566097109237238e-05
365.0,675,55.55555555555556,388.8888888888889,142.5,8.008127789225398,0.0,0.0,9.56609706094816e-05
365.0,676,166.66666666666669,388.8888888888889,142.5,7.997252087929931,0.0,0.0,9.566096970967039e-05
365.0,677,277.77777777777777,388.8888888888889,142.5,7.974673008568261,0.0,0.0,9.566096780014279e-05
365.0,678,388.8888888888889,388.8888888888889,142.5,7.94104861246744,0.0,0.0,9.566096487986248e-05
365.0,679,500.0,388.8888888888889,142.5,7.9111510332349155,0.0,0.0,9.566096222458956e-05
365.0,680,611.1111111111111,388.8888888888889,142.5,7.941048612467482,0.0,0.0,9.56609648798625e-05
365.0,681,722.2222222222223,388.8888888888889,142.5,7.974673008568312,0.0,0.0,9.56609678001428e-05
365.0,682,833.3333333333334,388.8888888888889,142.5,7.997252087929953,0.0,0.0,9.566096970967023e-05
365.0,683,944.4444444444445,388.8888888888889,142.5,8.00812778922539,0.0,0.0,9.566097060948168e-05
365.0,684,55.55555555555556,500.0,142.5,8.00533157596274,0.0,0.0,9.56609703881718e-05
365.0,685,166.66666666666669,500.0,142.5,7.992366612246271,0.0,0.0,9.56609693031571e-05
365.0,686,277.77777777777777,500.0,142.5,7.9630822249387725,0.0,0.0,9.566096679838879e-05
365.0,687,388.8888888888889,500.0,142.5,7.911151033234904,0.0,0.0,9.566096222458945e-05
365.0,688,500.0,500.0,142.5,7.8460749968238765,0.0,0.0,9.566095640496322e-05
365.0,689,611.1111111111111,500.0,142.5,7.911151033234911,0.0,0.0,9.566096222458936e-05
365.0,690,722.2222222222223,500.0,142.5,7.963082224938798,0.0,0.0,9.566096679838887e-05
365.0,691,833.3333333333334,500.0,142.5,7.9923666122462365,0.0,0.0,9.566096930315719e-05
365.0,692,944.4444444444445,500.0,142.5,8.005331575962767,0.0,0.0,9.566097038817157e-05
365.0,693,55.55555555555556,611.1111111111111,142.5,8.008127789225465,0.0,0.0,9.566097060948143e-05
365.0,694,166.66666666666669,611.1111111111111,142.5,7.9972520879299465,0.0,0.0,9.566096970967027e-05
365.0,695,277.77777777777777,611.1111111111111,142.5,7.974673008568262,0.0,0.0,9.566096780014265e-05
365.0,696,388.8888888888889,611.1111111111111,142.5,7.9410486124674415,0.0,0.0,9.566096487986229e-05
365.0,697,500.0,611.1111111111111,142.5,7.9111510332348445,0.0,0.0,9.566096222458938e-05
365.0,698,611.1111111111111,611.1111111111111,142.5,7.941048612467419,0.0,0.0,9.566096487986257e-05
365.0,699,722.2222222222223,611.1111111111111,142.5,7.974673008568292,0.0,0.0,9.56609678001427e-05
365.0,700,833.3333333333334,611.1111111111111,142.5,7.997252087929933,0.0,0.0,9.566096970967027e-05
365.0,701,944.4444444444445,611.1111111111111,142.5,8.008127789225444,0.0,0.0,9.566097060948143e-05
365.0,702,55.55555555555556,722.2222222222223,142.5,8.014378648344115,0.0,0.0,9.566097109237242e-05
365.0,703,166.66666666666669,722.2222222222223,142.5,8.006754038173554,0.0,0.0,9.566097048032421e-05
365.0,704,277.77777777777777,722.2222222222223,142.5,7.992440490928241,0.0,0.0,9.566096930172743e-05
365.0,705,388.8888888888889,722.2222222222223,142.5,7.974673008568325,0.0,0.0,9.566096780014271e-05
365.0,706,500.0,722.2222222222223,142.5,7.963082224938869,0.0,0.0,9.566096679838888e-05
365.0,707,611.1111111111111,722.2222222222223,142.5,7.974673008568266,0.0,0.0,9.566096780014288e-05
365.0,708,722.2222222222223,722.2222222222223,142.5,7.992440490928224,0.0,0.0,9.56609693017273e-05
365.0,709,833.3333333333334,722.2222222222223,142.5,8.006754038173435,0.0,0.0,9.56609704803241e-05
365.0,710,944.4444444444445,722.2222222222223,142.5,8.01437864834403,0.0,0.0,9.566097109237225e-05
365.0,711,55.55555555555556,833.3333333333334,142.5,8.020706068321815,0.0,0.0,9.566097157101505e-05
365.0,712,166.66666666666669,833.3333333333334,142.5,8.015615285628536,0.0,0.0,9.56609711783144e-05
365.0,713,277.77777777777777,833.3333333333334,142.5,8.006754038173527,0.0,0.0,9.5660970480324e-05
365.0,714,388.8888888888889,833.3333333333334,142.5,7.997252087929997,0.0,0.0,9.566096970967026e-05
365.0,715,500.0,833.3333333333334,142.5,7.9923666122463715,0.0,0.0,9.566096930315708e-05
365.0,716,611.1111111111111,833.3333333333334,142.5,7.997252087929976,0.0,0.0,9.566096970967028e-05
365.0,717,722.2222222222223,833.3333333333334,142.5,8.006754038173508,0.0,0.0,9.566097048032409e-05
365.0,718,833.3333333333334,833.3333333333334,142.5,8.015615285628467,0.0,0.0,9.566097117831443e-05
365.0,719,944.4444444444445,833.3333333333334,142.5,8.020706068321777,0.0,0.0,9.566097157101505e-05
365.0,720,55.55555555555556,944.4444444444445,142.5,8.024504791408384,0.0,0.0,9.56609718548146e-05
365.0,721,166.66666666666669,944.4444444444445,142.5,8.020706068321827,0.0,0.0,9.566097157101486e-05
365.0,722,277.77777777777777,944.4444444444445,142.5,8.01437864834412,0.0,0.0,9.566097109237238e-05
365.0,723,388.8888888888889,944.4444444444445,142.5,8.008127789225464,0.0,0.0,9.566097060948141e-05
365.0,724,500.0,944.4444444444445,142.5,8.005331575962838,0.0,0.0,9.566097038817177e-05
365.0,725,611.1111111111111,944.4444444444445,142.5,8.008127789225457,0.0,0.0,9.566097060948126e-05
365.0,726,722.2222222222223,944.4444444444445,142.5,8.01437864834411,0.0,0.0,9.566097109237259e-05
365.0,727,833.3333333333334,944.4444444444445,142.5,8.020706068321747,0.0,0.0,9.566097157101485e-05
365.0,728,944.4444444444445,944.4444444444445,142.5,8.024504791408237,0.0,0.0,9.566097185481435e-05
